19-05-2026 08:19:05 - log: Load engine in C:\ProgramData\cocos\editors\Creator\3.8.5\resources\resources\3d\engine
19-05-2026 08:19:06 - log: Profile changed: engine (modules.includeModules: 2d,animation,audio,base,custom-pipeline,dragon-bones,gfx-webgl,gfx-webgl2,intersection-2d,particle-2d,physics-2d-box2d,profiler,spine,tiled-map,tween,ui,video,webview)
19-05-2026 08:19:06 - log: Register native engine in C:\ProgramData\cocos\editors\Creator\3.8.5\resources\resources\3d\engine\native
19-05-2026 08:19:06 - log: Request namespace: device-list
19-05-2026 08:19:12 - info: [PreviewInEditor] preview process is ready
19-05-2026 08:19:26 - log: [Scene] meshopt wasm decoder initialized
19-05-2026 08:19:26 - log: [Scene] [bullet]:bullet wasm lib loaded.
19-05-2026 08:19:26 - log: [Scene] [box2d]:box2d wasm lib loaded.
19-05-2026 08:19:26 - log: [Scene] [PHYSICS]: using builtin.
19-05-2026 08:19:26 - log: [Scene] Cocos Creator v3.8.5
19-05-2026 08:19:26 - log: [Scene] Using custom pipeline: Builtin
19-05-2026 08:19:27 - warn: [Scene] The type of "PricePopUpOptions.enableInfinite" must be CCBoolean, not Boolean.Error: [Scene] The type of "PricePopUpOptions.enableInfinite" must be CCBoolean, not Boolean.
    at console.warn (C:\ProgramData\cocos\editors\Creator\3.8.5\resources\app.asar\node_modules\@sentry\src\instrument\console.ts:40:20)
    at warn (C:\ProgramData\cocos\editors\Creator\3.8.5\resources\resources\3d\engine\bin\.cache\dev\editor\bundled\index.js:160148:12)
    at warnID (C:\ProgramData\cocos\editors\Creator\3.8.5\resources\resources\3d\engine\bin\.cache\dev\editor\bundled\index.js:160336:5)
    at parseType (C:\ProgramData\cocos\editors\Creator\3.8.5\resources\resources\3d\engine\bin\.cache\dev\editor\bundled\index.js:273012:11)
    at preprocessAttrs (C:\ProgramData\cocos\editors\Creator\3.8.5\resources\resources\3d\engine\bin\.cache\dev\editor\bundled\index.js:273122:11)
    at declareProperties (C:\ProgramData\cocos\editors\Creator\3.8.5\resources\resources\3d\engine\bin\.cache\dev\editor\bundled\index.js:141456:7)
    at CCClass (C:\ProgramData\cocos\editors\Creator\3.8.5\resources\resources\3d\engine\bin\.cache\dev\editor\bundled\index.js:141485:5)
    at eval (C:\ProgramData\cocos\editors\Creator\3.8.5\resources\resources\3d\engine\bin\.cache\dev\editor\bundled\index.js:270947:21)
    at eval (C:\ProgramData\cocos\editors\Creator\3.8.5\resources\resources\3d\engine\bin\.cache\dev\editor\bundled\index.js:271958:18)
    at Object.execute (file:///D:/Game-Engine%20Projects/Blazing7Test/temp/programming/packer-driver/targets/editor/chunks/ce/cee91858986803de21b8fb0d430d475e16fb194f.js:43:378)
    at doExec (C:\ProgramData\cocos\editors\Creator\3.8.5\resources\app.asar\node_modules\@editor\lib-programming\static\executor\systemjs-bridge\out\index.js:517:30)
    at postOrderExec (C:\ProgramData\cocos\editors\Creator\3.8.5\resources\app.asar\node_modules\@editor\lib-programming\static\executor\systemjs-bridge\out\index.js:508:21)
    at C:\ProgramData\cocos\editors\Creator\3.8.5\resources\app.asar\node_modules\@editor\lib-programming\static\executor\systemjs-bridge\out\index.js:493:28
    at Array.forEach (<anonymous>)
    at postOrderExec (C:\ProgramData\cocos\editors\Creator\3.8.5\resources\app.asar\node_modules\@editor\lib-programming\static\executor\systemjs-bridge\out\index.js:491:10)
    at C:\ProgramData\cocos\editors\Creator\3.8.5\resources\app.asar\node_modules\@editor\lib-programming\static\executor\systemjs-bridge\out\index.js:440:12
    at file:///D:/Game-Engine%20Projects/Blazing7Test/temp/programming/packer-driver/targets/editor/chunks/6d/6d8fd2b0177941b032ddc0733af48a561fb60657.js:13:13
    at Object.execute (file:///D:/Game-Engine%20Projects/Blazing7Test/temp/programming/packer-driver/targets/editor/chunks/6d/6d8fd2b0177941b032ddc0733af48a561fb60657.js:8:7)
    at Executor._importPrerequisiteModules (C:\ProgramData\cocos\editors\Creator\3.8.5\resources\app.asar\node_modules\@editor\lib-programming\src\executor\index.ts:358:13)
    at Executor.reload (C:\ProgramData\cocos\editors\Creator\3.8.5\resources\app.asar\node_modules\@editor\lib-programming\src\executor\index.ts:235:13)
    at C:\ProgramData\cocos\editors\Creator\3.8.5\resources\app.asar\builtin\scene\dist\script\3d\manager\scripts.ccc:1:1787
    at GlobalEnv.processQueue (C:\ProgramData\cocos\editors\Creator\3.8.5\resources\app.asar\builtin\scene\dist\script\3d\manager\scripts.ccc:1:2184)
    at GlobalEnv.record (C:\ProgramData\cocos\editors\Creator\3.8.5\resources\app.asar\builtin\scene\dist\script\3d\manager\scripts.ccc:1:1955)
    at ScriptManager.init (C:\ProgramData\cocos\editors\Creator\3.8.5\resources\app.asar\builtin\scene\dist\script\3d\manager\scripts.ccc:1:3794)
    at EngineStartup.openEngine (C:\ProgramData\cocos\editors\Creator\3.8.5\resources\app.asar\builtin\scene\dist\script\3d\manager\startup\engine\index.ccc:1:4229)
    at StartupManager.configEngine (C:\ProgramData\cocos\editors\Creator\3.8.5\resources\app.asar\builtin\scene\dist\script\3d\manager\startup\index.ccc:1:1668)
    at StartupManager.initEngine (C:\ProgramData\cocos\editors\Creator\3.8.5\resources\app.asar\builtin\scene\dist\script\3d\manager\startup\index.ccc:1:2173)
19-05-2026 08:19:27 - warn: [Scene] The type of "NodeMovement.startOnLoad" must be CCBoolean, not Boolean.Error: [Scene] The type of "NodeMovement.startOnLoad" must be CCBoolean, not Boolean.
    at console.warn (C:\ProgramData\cocos\editors\Creator\3.8.5\resources\app.asar\node_modules\@sentry\src\instrument\console.ts:40:20)
    at warn (C:\ProgramData\cocos\editors\Creator\3.8.5\resources\resources\3d\engine\bin\.cache\dev\editor\bundled\index.js:160148:12)
    at warnID (C:\ProgramData\cocos\editors\Creator\3.8.5\resources\resources\3d\engine\bin\.cache\dev\editor\bundled\index.js:160336:5)
    at parseType (C:\ProgramData\cocos\editors\Creator\3.8.5\resources\resources\3d\engine\bin\.cache\dev\editor\bundled\index.js:273012:11)
    at preprocessAttrs (C:\ProgramData\cocos\editors\Creator\3.8.5\resources\resources\3d\engine\bin\.cache\dev\editor\bundled\index.js:273122:11)
    at declareProperties (C:\ProgramData\cocos\editors\Creator\3.8.5\resources\resources\3d\engine\bin\.cache\dev\editor\bundled\index.js:141456:7)
    at CCClass (C:\ProgramData\cocos\editors\Creator\3.8.5\resources\resources\3d\engine\bin\.cache\dev\editor\bundled\index.js:141485:5)
    at eval (C:\ProgramData\cocos\editors\Creator\3.8.5\resources\resources\3d\engine\bin\.cache\dev\editor\bundled\index.js:270947:21)
    at eval (C:\ProgramData\cocos\editors\Creator\3.8.5\resources\resources\3d\engine\bin\.cache\dev\editor\bundled\index.js:271958:18)
    at Object.execute (file:///D:/Game-Engine%20Projects/Blazing7Test/temp/programming/packer-driver/targets/editor/chunks/92/925467d3572d2b8767cc3499d84c91f370f4ea08.js:37:214)
    at doExec (C:\ProgramData\cocos\editors\Creator\3.8.5\resources\app.asar\node_modules\@editor\lib-programming\static\executor\systemjs-bridge\out\index.js:517:30)
    at postOrderExec (C:\ProgramData\cocos\editors\Creator\3.8.5\resources\app.asar\node_modules\@editor\lib-programming\static\executor\systemjs-bridge\out\index.js:508:21)
    at C:\ProgramData\cocos\editors\Creator\3.8.5\resources\app.asar\node_modules\@editor\lib-programming\static\executor\systemjs-bridge\out\index.js:493:28
    at Array.forEach (<anonymous>)
    at postOrderExec (C:\ProgramData\cocos\editors\Creator\3.8.5\resources\app.asar\node_modules\@editor\lib-programming\static\executor\systemjs-bridge\out\index.js:491:10)
    at C:\ProgramData\cocos\editors\Creator\3.8.5\resources\app.asar\node_modules\@editor\lib-programming\static\executor\systemjs-bridge\out\index.js:440:12
    at file:///D:/Game-Engine%20Projects/Blazing7Test/temp/programming/packer-driver/targets/editor/chunks/6d/6d8fd2b0177941b032ddc0733af48a561fb60657.js:13:13
    at Object.execute (file:///D:/Game-Engine%20Projects/Blazing7Test/temp/programming/packer-driver/targets/editor/chunks/6d/6d8fd2b0177941b032ddc0733af48a561fb60657.js:8:7)
    at Executor._importPrerequisiteModules (C:\ProgramData\cocos\editors\Creator\3.8.5\resources\app.asar\node_modules\@editor\lib-programming\src\executor\index.ts:358:13)
    at Executor.reload (C:\ProgramData\cocos\editors\Creator\3.8.5\resources\app.asar\node_modules\@editor\lib-programming\src\executor\index.ts:235:13)
    at C:\ProgramData\cocos\editors\Creator\3.8.5\resources\app.asar\builtin\scene\dist\script\3d\manager\scripts.ccc:1:1787
    at GlobalEnv.processQueue (C:\ProgramData\cocos\editors\Creator\3.8.5\resources\app.asar\builtin\scene\dist\script\3d\manager\scripts.ccc:1:2184)
    at GlobalEnv.record (C:\ProgramData\cocos\editors\Creator\3.8.5\resources\app.asar\builtin\scene\dist\script\3d\manager\scripts.ccc:1:1955)
    at ScriptManager.init (C:\ProgramData\cocos\editors\Creator\3.8.5\resources\app.asar\builtin\scene\dist\script\3d\manager\scripts.ccc:1:3794)
    at EngineStartup.openEngine (C:\ProgramData\cocos\editors\Creator\3.8.5\resources\app.asar\builtin\scene\dist\script\3d\manager\startup\engine\index.ccc:1:4229)
    at StartupManager.configEngine (C:\ProgramData\cocos\editors\Creator\3.8.5\resources\app.asar\builtin\scene\dist\script\3d\manager\startup\index.ccc:1:1668)
    at StartupManager.initEngine (C:\ProgramData\cocos\editors\Creator\3.8.5\resources\app.asar\builtin\scene\dist\script\3d\manager\startup\index.ccc:1:2173)
19-05-2026 08:19:27 - warn: [Scene] The type of "NodeMovement.disableOnReach" must be CCBoolean, not Boolean.Error: [Scene] The type of "NodeMovement.disableOnReach" must be CCBoolean, not Boolean.
    at console.warn (C:\ProgramData\cocos\editors\Creator\3.8.5\resources\app.asar\node_modules\@sentry\src\instrument\console.ts:40:20)
    at warn (C:\ProgramData\cocos\editors\Creator\3.8.5\resources\resources\3d\engine\bin\.cache\dev\editor\bundled\index.js:160148:12)
    at warnID (C:\ProgramData\cocos\editors\Creator\3.8.5\resources\resources\3d\engine\bin\.cache\dev\editor\bundled\index.js:160336:5)
    at parseType (C:\ProgramData\cocos\editors\Creator\3.8.5\resources\resources\3d\engine\bin\.cache\dev\editor\bundled\index.js:273012:11)
    at preprocessAttrs (C:\ProgramData\cocos\editors\Creator\3.8.5\resources\resources\3d\engine\bin\.cache\dev\editor\bundled\index.js:273122:11)
    at declareProperties (C:\ProgramData\cocos\editors\Creator\3.8.5\resources\resources\3d\engine\bin\.cache\dev\editor\bundled\index.js:141456:7)
    at CCClass (C:\ProgramData\cocos\editors\Creator\3.8.5\resources\resources\3d\engine\bin\.cache\dev\editor\bundled\index.js:141485:5)
    at eval (C:\ProgramData\cocos\editors\Creator\3.8.5\resources\resources\3d\engine\bin\.cache\dev\editor\bundled\index.js:270947:21)
    at eval (C:\ProgramData\cocos\editors\Creator\3.8.5\resources\resources\3d\engine\bin\.cache\dev\editor\bundled\index.js:271958:18)
    at Object.execute (file:///D:/Game-Engine%20Projects/Blazing7Test/temp/programming/packer-driver/targets/editor/chunks/92/925467d3572d2b8767cc3499d84c91f370f4ea08.js:37:214)
    at doExec (C:\ProgramData\cocos\editors\Creator\3.8.5\resources\app.asar\node_modules\@editor\lib-programming\static\executor\systemjs-bridge\out\index.js:517:30)
    at postOrderExec (C:\ProgramData\cocos\editors\Creator\3.8.5\resources\app.asar\node_modules\@editor\lib-programming\static\executor\systemjs-bridge\out\index.js:508:21)
    at C:\ProgramData\cocos\editors\Creator\3.8.5\resources\app.asar\node_modules\@editor\lib-programming\static\executor\systemjs-bridge\out\index.js:493:28
    at Array.forEach (<anonymous>)
    at postOrderExec (C:\ProgramData\cocos\editors\Creator\3.8.5\resources\app.asar\node_modules\@editor\lib-programming\static\executor\systemjs-bridge\out\index.js:491:10)
    at C:\ProgramData\cocos\editors\Creator\3.8.5\resources\app.asar\node_modules\@editor\lib-programming\static\executor\systemjs-bridge\out\index.js:440:12
    at file:///D:/Game-Engine%20Projects/Blazing7Test/temp/programming/packer-driver/targets/editor/chunks/6d/6d8fd2b0177941b032ddc0733af48a561fb60657.js:13:13
    at Object.execute (file:///D:/Game-Engine%20Projects/Blazing7Test/temp/programming/packer-driver/targets/editor/chunks/6d/6d8fd2b0177941b032ddc0733af48a561fb60657.js:8:7)
    at Executor._importPrerequisiteModules (C:\ProgramData\cocos\editors\Creator\3.8.5\resources\app.asar\node_modules\@editor\lib-programming\src\executor\index.ts:358:13)
    at Executor.reload (C:\ProgramData\cocos\editors\Creator\3.8.5\resources\app.asar\node_modules\@editor\lib-programming\src\executor\index.ts:235:13)
    at C:\ProgramData\cocos\editors\Creator\3.8.5\resources\app.asar\builtin\scene\dist\script\3d\manager\scripts.ccc:1:1787
    at GlobalEnv.processQueue (C:\ProgramData\cocos\editors\Creator\3.8.5\resources\app.asar\builtin\scene\dist\script\3d\manager\scripts.ccc:1:2184)
    at GlobalEnv.record (C:\ProgramData\cocos\editors\Creator\3.8.5\resources\app.asar\builtin\scene\dist\script\3d\manager\scripts.ccc:1:1955)
    at ScriptManager.init (C:\ProgramData\cocos\editors\Creator\3.8.5\resources\app.asar\builtin\scene\dist\script\3d\manager\scripts.ccc:1:3794)
    at EngineStartup.openEngine (C:\ProgramData\cocos\editors\Creator\3.8.5\resources\app.asar\builtin\scene\dist\script\3d\manager\startup\engine\index.ccc:1:4229)
    at StartupManager.configEngine (C:\ProgramData\cocos\editors\Creator\3.8.5\resources\app.asar\builtin\scene\dist\script\3d\manager\startup\index.ccc:1:1668)
    at StartupManager.initEngine (C:\ProgramData\cocos\editors\Creator\3.8.5\resources\app.asar\builtin\scene\dist\script\3d\manager\startup\index.ccc:1:2173)
19-05-2026 08:19:29 - log: [Scene] [PHYSICS2D]: switch from box2d-wasm to box2d.
19-05-2026 08:22:47 - warn: [Scene] The type of "PricePopUpOptions.enableInfinite" must be CCBoolean, not Boolean.Error: [Scene] The type of "PricePopUpOptions.enableInfinite" must be CCBoolean, not Boolean.
    at console.warn (C:\ProgramData\cocos\editors\Creator\3.8.5\resources\app.asar\node_modules\@sentry\src\instrument\console.ts:40:20)
    at warn (C:\ProgramData\cocos\editors\Creator\3.8.5\resources\resources\3d\engine\bin\.cache\dev\editor\bundled\index.js:160148:12)
    at warnID (C:\ProgramData\cocos\editors\Creator\3.8.5\resources\resources\3d\engine\bin\.cache\dev\editor\bundled\index.js:160336:5)
    at parseType (C:\ProgramData\cocos\editors\Creator\3.8.5\resources\resources\3d\engine\bin\.cache\dev\editor\bundled\index.js:273012:11)
    at preprocessAttrs (C:\ProgramData\cocos\editors\Creator\3.8.5\resources\resources\3d\engine\bin\.cache\dev\editor\bundled\index.js:273122:11)
    at declareProperties (C:\ProgramData\cocos\editors\Creator\3.8.5\resources\resources\3d\engine\bin\.cache\dev\editor\bundled\index.js:141456:7)
    at CCClass (C:\ProgramData\cocos\editors\Creator\3.8.5\resources\resources\3d\engine\bin\.cache\dev\editor\bundled\index.js:141485:5)
    at eval (C:\ProgramData\cocos\editors\Creator\3.8.5\resources\resources\3d\engine\bin\.cache\dev\editor\bundled\index.js:270947:21)
    at eval (C:\ProgramData\cocos\editors\Creator\3.8.5\resources\resources\3d\engine\bin\.cache\dev\editor\bundled\index.js:271958:18)
    at Object.execute (file:///D:/Game-Engine%20Projects/Blazing7Test/temp/programming/packer-driver/targets/editor/chunks/ce/cee91858986803de21b8fb0d430d475e16fb194f.js:43:378)
    at doExec (C:\ProgramData\cocos\editors\Creator\3.8.5\resources\app.asar\node_modules\@editor\lib-programming\static\executor\systemjs-bridge\out\index.js:517:30)
    at postOrderExec (C:\ProgramData\cocos\editors\Creator\3.8.5\resources\app.asar\node_modules\@editor\lib-programming\static\executor\systemjs-bridge\out\index.js:508:21)
    at C:\ProgramData\cocos\editors\Creator\3.8.5\resources\app.asar\node_modules\@editor\lib-programming\static\executor\systemjs-bridge\out\index.js:493:28
    at Array.forEach (<anonymous>)
    at postOrderExec (C:\ProgramData\cocos\editors\Creator\3.8.5\resources\app.asar\node_modules\@editor\lib-programming\static\executor\systemjs-bridge\out\index.js:491:10)
    at C:\ProgramData\cocos\editors\Creator\3.8.5\resources\app.asar\node_modules\@editor\lib-programming\static\executor\systemjs-bridge\out\index.js:440:12
    at file:///D:/Game-Engine%20Projects/Blazing7Test/temp/programming/packer-driver/targets/editor/chunks/6d/6d8fd2b0177941b032ddc0733af48a561fb60657.js:13:13
    at Object.execute (file:///D:/Game-Engine%20Projects/Blazing7Test/temp/programming/packer-driver/targets/editor/chunks/6d/6d8fd2b0177941b032ddc0733af48a561fb60657.js:8:7)
    at Executor._importPrerequisiteModules (C:\ProgramData\cocos\editors\Creator\3.8.5\resources\app.asar\node_modules\@editor\lib-programming\src\executor\index.ts:358:13)
    at Executor.reload (C:\ProgramData\cocos\editors\Creator\3.8.5\resources\app.asar\node_modules\@editor\lib-programming\src\executor\index.ts:235:13)
    at C:\ProgramData\cocos\editors\Creator\3.8.5\resources\app.asar\builtin\scene\dist\script\3d\manager\scripts.ccc:1:1787
    at GlobalEnv.processQueue (C:\ProgramData\cocos\editors\Creator\3.8.5\resources\app.asar\builtin\scene\dist\script\3d\manager\scripts.ccc:1:2184)
    at GlobalEnv.record (C:\ProgramData\cocos\editors\Creator\3.8.5\resources\app.asar\builtin\scene\dist\script\3d\manager\scripts.ccc:1:1955)
19-05-2026 08:22:47 - warn: [Scene] The type of "NodeMovement.startOnLoad" must be CCBoolean, not Boolean.Error: [Scene] The type of "NodeMovement.startOnLoad" must be CCBoolean, not Boolean.
    at console.warn (C:\ProgramData\cocos\editors\Creator\3.8.5\resources\app.asar\node_modules\@sentry\src\instrument\console.ts:40:20)
    at warn (C:\ProgramData\cocos\editors\Creator\3.8.5\resources\resources\3d\engine\bin\.cache\dev\editor\bundled\index.js:160148:12)
    at warnID (C:\ProgramData\cocos\editors\Creator\3.8.5\resources\resources\3d\engine\bin\.cache\dev\editor\bundled\index.js:160336:5)
    at parseType (C:\ProgramData\cocos\editors\Creator\3.8.5\resources\resources\3d\engine\bin\.cache\dev\editor\bundled\index.js:273012:11)
    at preprocessAttrs (C:\ProgramData\cocos\editors\Creator\3.8.5\resources\resources\3d\engine\bin\.cache\dev\editor\bundled\index.js:273122:11)
    at declareProperties (C:\ProgramData\cocos\editors\Creator\3.8.5\resources\resources\3d\engine\bin\.cache\dev\editor\bundled\index.js:141456:7)
    at CCClass (C:\ProgramData\cocos\editors\Creator\3.8.5\resources\resources\3d\engine\bin\.cache\dev\editor\bundled\index.js:141485:5)
    at eval (C:\ProgramData\cocos\editors\Creator\3.8.5\resources\resources\3d\engine\bin\.cache\dev\editor\bundled\index.js:270947:21)
    at eval (C:\ProgramData\cocos\editors\Creator\3.8.5\resources\resources\3d\engine\bin\.cache\dev\editor\bundled\index.js:271958:18)
    at Object.execute (file:///D:/Game-Engine%20Projects/Blazing7Test/temp/programming/packer-driver/targets/editor/chunks/92/925467d3572d2b8767cc3499d84c91f370f4ea08.js:37:214)
    at doExec (C:\ProgramData\cocos\editors\Creator\3.8.5\resources\app.asar\node_modules\@editor\lib-programming\static\executor\systemjs-bridge\out\index.js:517:30)
    at postOrderExec (C:\ProgramData\cocos\editors\Creator\3.8.5\resources\app.asar\node_modules\@editor\lib-programming\static\executor\systemjs-bridge\out\index.js:508:21)
    at C:\ProgramData\cocos\editors\Creator\3.8.5\resources\app.asar\node_modules\@editor\lib-programming\static\executor\systemjs-bridge\out\index.js:493:28
    at Array.forEach (<anonymous>)
    at postOrderExec (C:\ProgramData\cocos\editors\Creator\3.8.5\resources\app.asar\node_modules\@editor\lib-programming\static\executor\systemjs-bridge\out\index.js:491:10)
    at C:\ProgramData\cocos\editors\Creator\3.8.5\resources\app.asar\node_modules\@editor\lib-programming\static\executor\systemjs-bridge\out\index.js:440:12
    at file:///D:/Game-Engine%20Projects/Blazing7Test/temp/programming/packer-driver/targets/editor/chunks/6d/6d8fd2b0177941b032ddc0733af48a561fb60657.js:13:13
    at Object.execute (file:///D:/Game-Engine%20Projects/Blazing7Test/temp/programming/packer-driver/targets/editor/chunks/6d/6d8fd2b0177941b032ddc0733af48a561fb60657.js:8:7)
    at Executor._importPrerequisiteModules (C:\ProgramData\cocos\editors\Creator\3.8.5\resources\app.asar\node_modules\@editor\lib-programming\src\executor\index.ts:358:13)
    at Executor.reload (C:\ProgramData\cocos\editors\Creator\3.8.5\resources\app.asar\node_modules\@editor\lib-programming\src\executor\index.ts:235:13)
    at C:\ProgramData\cocos\editors\Creator\3.8.5\resources\app.asar\builtin\scene\dist\script\3d\manager\scripts.ccc:1:1787
    at GlobalEnv.processQueue (C:\ProgramData\cocos\editors\Creator\3.8.5\resources\app.asar\builtin\scene\dist\script\3d\manager\scripts.ccc:1:2184)
    at GlobalEnv.record (C:\ProgramData\cocos\editors\Creator\3.8.5\resources\app.asar\builtin\scene\dist\script\3d\manager\scripts.ccc:1:1955)
19-05-2026 08:22:47 - warn: [Scene] The type of "NodeMovement.disableOnReach" must be CCBoolean, not Boolean.Error: [Scene] The type of "NodeMovement.disableOnReach" must be CCBoolean, not Boolean.
    at console.warn (C:\ProgramData\cocos\editors\Creator\3.8.5\resources\app.asar\node_modules\@sentry\src\instrument\console.ts:40:20)
    at warn (C:\ProgramData\cocos\editors\Creator\3.8.5\resources\resources\3d\engine\bin\.cache\dev\editor\bundled\index.js:160148:12)
    at warnID (C:\ProgramData\cocos\editors\Creator\3.8.5\resources\resources\3d\engine\bin\.cache\dev\editor\bundled\index.js:160336:5)
    at parseType (C:\ProgramData\cocos\editors\Creator\3.8.5\resources\resources\3d\engine\bin\.cache\dev\editor\bundled\index.js:273012:11)
    at preprocessAttrs (C:\ProgramData\cocos\editors\Creator\3.8.5\resources\resources\3d\engine\bin\.cache\dev\editor\bundled\index.js:273122:11)
    at declareProperties (C:\ProgramData\cocos\editors\Creator\3.8.5\resources\resources\3d\engine\bin\.cache\dev\editor\bundled\index.js:141456:7)
    at CCClass (C:\ProgramData\cocos\editors\Creator\3.8.5\resources\resources\3d\engine\bin\.cache\dev\editor\bundled\index.js:141485:5)
    at eval (C:\ProgramData\cocos\editors\Creator\3.8.5\resources\resources\3d\engine\bin\.cache\dev\editor\bundled\index.js:270947:21)
    at eval (C:\ProgramData\cocos\editors\Creator\3.8.5\resources\resources\3d\engine\bin\.cache\dev\editor\bundled\index.js:271958:18)
    at Object.execute (file:///D:/Game-Engine%20Projects/Blazing7Test/temp/programming/packer-driver/targets/editor/chunks/92/925467d3572d2b8767cc3499d84c91f370f4ea08.js:37:214)
    at doExec (C:\ProgramData\cocos\editors\Creator\3.8.5\resources\app.asar\node_modules\@editor\lib-programming\static\executor\systemjs-bridge\out\index.js:517:30)
    at postOrderExec (C:\ProgramData\cocos\editors\Creator\3.8.5\resources\app.asar\node_modules\@editor\lib-programming\static\executor\systemjs-bridge\out\index.js:508:21)
    at C:\ProgramData\cocos\editors\Creator\3.8.5\resources\app.asar\node_modules\@editor\lib-programming\static\executor\systemjs-bridge\out\index.js:493:28
    at Array.forEach (<anonymous>)
    at postOrderExec (C:\ProgramData\cocos\editors\Creator\3.8.5\resources\app.asar\node_modules\@editor\lib-programming\static\executor\systemjs-bridge\out\index.js:491:10)
    at C:\ProgramData\cocos\editors\Creator\3.8.5\resources\app.asar\node_modules\@editor\lib-programming\static\executor\systemjs-bridge\out\index.js:440:12
    at file:///D:/Game-Engine%20Projects/Blazing7Test/temp/programming/packer-driver/targets/editor/chunks/6d/6d8fd2b0177941b032ddc0733af48a561fb60657.js:13:13
    at Object.execute (file:///D:/Game-Engine%20Projects/Blazing7Test/temp/programming/packer-driver/targets/editor/chunks/6d/6d8fd2b0177941b032ddc0733af48a561fb60657.js:8:7)
    at Executor._importPrerequisiteModules (C:\ProgramData\cocos\editors\Creator\3.8.5\resources\app.asar\node_modules\@editor\lib-programming\src\executor\index.ts:358:13)
    at Executor.reload (C:\ProgramData\cocos\editors\Creator\3.8.5\resources\app.asar\node_modules\@editor\lib-programming\src\executor\index.ts:235:13)
    at C:\ProgramData\cocos\editors\Creator\3.8.5\resources\app.asar\builtin\scene\dist\script\3d\manager\scripts.ccc:1:1787
    at GlobalEnv.processQueue (C:\ProgramData\cocos\editors\Creator\3.8.5\resources\app.asar\builtin\scene\dist\script\3d\manager\scripts.ccc:1:2184)
    at GlobalEnv.record (C:\ProgramData\cocos\editors\Creator\3.8.5\resources\app.asar\builtin\scene\dist\script\3d\manager\scripts.ccc:1:1955)
19-05-2026 08:34:08 - warn: [Scene] The type of "PricePopUpOptions.enableInfinite" must be CCBoolean, not Boolean.Error: [Scene] The type of "PricePopUpOptions.enableInfinite" must be CCBoolean, not Boolean.
    at console.warn (C:\ProgramData\cocos\editors\Creator\3.8.5\resources\app.asar\node_modules\@sentry\src\instrument\console.ts:40:20)
    at warn (C:\ProgramData\cocos\editors\Creator\3.8.5\resources\resources\3d\engine\bin\.cache\dev\editor\bundled\index.js:160148:12)
    at warnID (C:\ProgramData\cocos\editors\Creator\3.8.5\resources\resources\3d\engine\bin\.cache\dev\editor\bundled\index.js:160336:5)
    at parseType (C:\ProgramData\cocos\editors\Creator\3.8.5\resources\resources\3d\engine\bin\.cache\dev\editor\bundled\index.js:273012:11)
    at preprocessAttrs (C:\ProgramData\cocos\editors\Creator\3.8.5\resources\resources\3d\engine\bin\.cache\dev\editor\bundled\index.js:273122:11)
    at declareProperties (C:\ProgramData\cocos\editors\Creator\3.8.5\resources\resources\3d\engine\bin\.cache\dev\editor\bundled\index.js:141456:7)
    at CCClass (C:\ProgramData\cocos\editors\Creator\3.8.5\resources\resources\3d\engine\bin\.cache\dev\editor\bundled\index.js:141485:5)
    at eval (C:\ProgramData\cocos\editors\Creator\3.8.5\resources\resources\3d\engine\bin\.cache\dev\editor\bundled\index.js:270947:21)
    at eval (C:\ProgramData\cocos\editors\Creator\3.8.5\resources\resources\3d\engine\bin\.cache\dev\editor\bundled\index.js:271958:18)
    at Object.execute (file:///D:/Game-Engine%20Projects/Blazing7Test/temp/programming/packer-driver/targets/editor/chunks/ce/cee91858986803de21b8fb0d430d475e16fb194f.js:43:378)
    at doExec (C:\ProgramData\cocos\editors\Creator\3.8.5\resources\app.asar\node_modules\@editor\lib-programming\static\executor\systemjs-bridge\out\index.js:517:30)
    at postOrderExec (C:\ProgramData\cocos\editors\Creator\3.8.5\resources\app.asar\node_modules\@editor\lib-programming\static\executor\systemjs-bridge\out\index.js:508:21)
    at C:\ProgramData\cocos\editors\Creator\3.8.5\resources\app.asar\node_modules\@editor\lib-programming\static\executor\systemjs-bridge\out\index.js:493:28
    at Array.forEach (<anonymous>)
    at postOrderExec (C:\ProgramData\cocos\editors\Creator\3.8.5\resources\app.asar\node_modules\@editor\lib-programming\static\executor\systemjs-bridge\out\index.js:491:10)
    at C:\ProgramData\cocos\editors\Creator\3.8.5\resources\app.asar\node_modules\@editor\lib-programming\static\executor\systemjs-bridge\out\index.js:440:12
    at file:///D:/Game-Engine%20Projects/Blazing7Test/temp/programming/packer-driver/targets/editor/chunks/6d/6d8fd2b0177941b032ddc0733af48a561fb60657.js:13:13
    at Object.execute (file:///D:/Game-Engine%20Projects/Blazing7Test/temp/programming/packer-driver/targets/editor/chunks/6d/6d8fd2b0177941b032ddc0733af48a561fb60657.js:8:7)
    at Executor._importPrerequisiteModules (C:\ProgramData\cocos\editors\Creator\3.8.5\resources\app.asar\node_modules\@editor\lib-programming\src\executor\index.ts:358:13)
    at Executor.reload (C:\ProgramData\cocos\editors\Creator\3.8.5\resources\app.asar\node_modules\@editor\lib-programming\src\executor\index.ts:235:13)
    at C:\ProgramData\cocos\editors\Creator\3.8.5\resources\app.asar\builtin\scene\dist\script\3d\manager\scripts.ccc:1:1787
    at GlobalEnv.processQueue (C:\ProgramData\cocos\editors\Creator\3.8.5\resources\app.asar\builtin\scene\dist\script\3d\manager\scripts.ccc:1:2184)
    at GlobalEnv.record (C:\ProgramData\cocos\editors\Creator\3.8.5\resources\app.asar\builtin\scene\dist\script\3d\manager\scripts.ccc:1:1955)
19-05-2026 08:34:08 - warn: [Scene] The type of "NodeMovement.startOnLoad" must be CCBoolean, not Boolean.Error: [Scene] The type of "NodeMovement.startOnLoad" must be CCBoolean, not Boolean.
    at console.warn (C:\ProgramData\cocos\editors\Creator\3.8.5\resources\app.asar\node_modules\@sentry\src\instrument\console.ts:40:20)
    at warn (C:\ProgramData\cocos\editors\Creator\3.8.5\resources\resources\3d\engine\bin\.cache\dev\editor\bundled\index.js:160148:12)
    at warnID (C:\ProgramData\cocos\editors\Creator\3.8.5\resources\resources\3d\engine\bin\.cache\dev\editor\bundled\index.js:160336:5)
    at parseType (C:\ProgramData\cocos\editors\Creator\3.8.5\resources\resources\3d\engine\bin\.cache\dev\editor\bundled\index.js:273012:11)
    at preprocessAttrs (C:\ProgramData\cocos\editors\Creator\3.8.5\resources\resources\3d\engine\bin\.cache\dev\editor\bundled\index.js:273122:11)
    at declareProperties (C:\ProgramData\cocos\editors\Creator\3.8.5\resources\resources\3d\engine\bin\.cache\dev\editor\bundled\index.js:141456:7)
    at CCClass (C:\ProgramData\cocos\editors\Creator\3.8.5\resources\resources\3d\engine\bin\.cache\dev\editor\bundled\index.js:141485:5)
    at eval (C:\ProgramData\cocos\editors\Creator\3.8.5\resources\resources\3d\engine\bin\.cache\dev\editor\bundled\index.js:270947:21)
    at eval (C:\ProgramData\cocos\editors\Creator\3.8.5\resources\resources\3d\engine\bin\.cache\dev\editor\bundled\index.js:271958:18)
    at Object.execute (file:///D:/Game-Engine%20Projects/Blazing7Test/temp/programming/packer-driver/targets/editor/chunks/92/925467d3572d2b8767cc3499d84c91f370f4ea08.js:37:214)
    at doExec (C:\ProgramData\cocos\editors\Creator\3.8.5\resources\app.asar\node_modules\@editor\lib-programming\static\executor\systemjs-bridge\out\index.js:517:30)
    at postOrderExec (C:\ProgramData\cocos\editors\Creator\3.8.5\resources\app.asar\node_modules\@editor\lib-programming\static\executor\systemjs-bridge\out\index.js:508:21)
    at C:\ProgramData\cocos\editors\Creator\3.8.5\resources\app.asar\node_modules\@editor\lib-programming\static\executor\systemjs-bridge\out\index.js:493:28
    at Array.forEach (<anonymous>)
    at postOrderExec (C:\ProgramData\cocos\editors\Creator\3.8.5\resources\app.asar\node_modules\@editor\lib-programming\static\executor\systemjs-bridge\out\index.js:491:10)
    at C:\ProgramData\cocos\editors\Creator\3.8.5\resources\app.asar\node_modules\@editor\lib-programming\static\executor\systemjs-bridge\out\index.js:440:12
    at file:///D:/Game-Engine%20Projects/Blazing7Test/temp/programming/packer-driver/targets/editor/chunks/6d/6d8fd2b0177941b032ddc0733af48a561fb60657.js:13:13
    at Object.execute (file:///D:/Game-Engine%20Projects/Blazing7Test/temp/programming/packer-driver/targets/editor/chunks/6d/6d8fd2b0177941b032ddc0733af48a561fb60657.js:8:7)
    at Executor._importPrerequisiteModules (C:\ProgramData\cocos\editors\Creator\3.8.5\resources\app.asar\node_modules\@editor\lib-programming\src\executor\index.ts:358:13)
    at Executor.reload (C:\ProgramData\cocos\editors\Creator\3.8.5\resources\app.asar\node_modules\@editor\lib-programming\src\executor\index.ts:235:13)
    at C:\ProgramData\cocos\editors\Creator\3.8.5\resources\app.asar\builtin\scene\dist\script\3d\manager\scripts.ccc:1:1787
    at GlobalEnv.processQueue (C:\ProgramData\cocos\editors\Creator\3.8.5\resources\app.asar\builtin\scene\dist\script\3d\manager\scripts.ccc:1:2184)
    at GlobalEnv.record (C:\ProgramData\cocos\editors\Creator\3.8.5\resources\app.asar\builtin\scene\dist\script\3d\manager\scripts.ccc:1:1955)
19-05-2026 08:34:08 - warn: [Scene] The type of "NodeMovement.disableOnReach" must be CCBoolean, not Boolean.Error: [Scene] The type of "NodeMovement.disableOnReach" must be CCBoolean, not Boolean.
    at console.warn (C:\ProgramData\cocos\editors\Creator\3.8.5\resources\app.asar\node_modules\@sentry\src\instrument\console.ts:40:20)
    at warn (C:\ProgramData\cocos\editors\Creator\3.8.5\resources\resources\3d\engine\bin\.cache\dev\editor\bundled\index.js:160148:12)
    at warnID (C:\ProgramData\cocos\editors\Creator\3.8.5\resources\resources\3d\engine\bin\.cache\dev\editor\bundled\index.js:160336:5)
    at parseType (C:\ProgramData\cocos\editors\Creator\3.8.5\resources\resources\3d\engine\bin\.cache\dev\editor\bundled\index.js:273012:11)
    at preprocessAttrs (C:\ProgramData\cocos\editors\Creator\3.8.5\resources\resources\3d\engine\bin\.cache\dev\editor\bundled\index.js:273122:11)
    at declareProperties (C:\ProgramData\cocos\editors\Creator\3.8.5\resources\resources\3d\engine\bin\.cache\dev\editor\bundled\index.js:141456:7)
    at CCClass (C:\ProgramData\cocos\editors\Creator\3.8.5\resources\resources\3d\engine\bin\.cache\dev\editor\bundled\index.js:141485:5)
    at eval (C:\ProgramData\cocos\editors\Creator\3.8.5\resources\resources\3d\engine\bin\.cache\dev\editor\bundled\index.js:270947:21)
    at eval (C:\ProgramData\cocos\editors\Creator\3.8.5\resources\resources\3d\engine\bin\.cache\dev\editor\bundled\index.js:271958:18)
    at Object.execute (file:///D:/Game-Engine%20Projects/Blazing7Test/temp/programming/packer-driver/targets/editor/chunks/92/925467d3572d2b8767cc3499d84c91f370f4ea08.js:37:214)
    at doExec (C:\ProgramData\cocos\editors\Creator\3.8.5\resources\app.asar\node_modules\@editor\lib-programming\static\executor\systemjs-bridge\out\index.js:517:30)
    at postOrderExec (C:\ProgramData\cocos\editors\Creator\3.8.5\resources\app.asar\node_modules\@editor\lib-programming\static\executor\systemjs-bridge\out\index.js:508:21)
    at C:\ProgramData\cocos\editors\Creator\3.8.5\resources\app.asar\node_modules\@editor\lib-programming\static\executor\systemjs-bridge\out\index.js:493:28
    at Array.forEach (<anonymous>)
    at postOrderExec (C:\ProgramData\cocos\editors\Creator\3.8.5\resources\app.asar\node_modules\@editor\lib-programming\static\executor\systemjs-bridge\out\index.js:491:10)
    at C:\ProgramData\cocos\editors\Creator\3.8.5\resources\app.asar\node_modules\@editor\lib-programming\static\executor\systemjs-bridge\out\index.js:440:12
    at file:///D:/Game-Engine%20Projects/Blazing7Test/temp/programming/packer-driver/targets/editor/chunks/6d/6d8fd2b0177941b032ddc0733af48a561fb60657.js:13:13
    at Object.execute (file:///D:/Game-Engine%20Projects/Blazing7Test/temp/programming/packer-driver/targets/editor/chunks/6d/6d8fd2b0177941b032ddc0733af48a561fb60657.js:8:7)
    at Executor._importPrerequisiteModules (C:\ProgramData\cocos\editors\Creator\3.8.5\resources\app.asar\node_modules\@editor\lib-programming\src\executor\index.ts:358:13)
    at Executor.reload (C:\ProgramData\cocos\editors\Creator\3.8.5\resources\app.asar\node_modules\@editor\lib-programming\src\executor\index.ts:235:13)
    at C:\ProgramData\cocos\editors\Creator\3.8.5\resources\app.asar\builtin\scene\dist\script\3d\manager\scripts.ccc:1:1787
    at GlobalEnv.processQueue (C:\ProgramData\cocos\editors\Creator\3.8.5\resources\app.asar\builtin\scene\dist\script\3d\manager\scripts.ccc:1:2184)
    at GlobalEnv.record (C:\ProgramData\cocos\editors\Creator\3.8.5\resources\app.asar\builtin\scene\dist\script\3d\manager\scripts.ccc:1:1955)
19-05-2026 08:34:09 - log: [PreviewInEditor] meshopt wasm decoder initialized
19-05-2026 08:34:09 - log: [PreviewInEditor] [bullet]:bullet wasm lib loaded.
19-05-2026 08:34:09 - log: [PreviewInEditor] [box2d]:box2d wasm lib loaded.
19-05-2026 08:34:09 - log: [PreviewInEditor] [PHYSICS]: using builtin.
19-05-2026 08:34:09 - log: [PreviewInEditor] Cocos Creator v3.8.5
19-05-2026 08:34:09 - log: [PreviewInEditor] Using custom pipeline: Builtin
19-05-2026 08:34:10 - warn: [PreviewInEditor] The type of "PricePopUpOptions.enableInfinite" must be CCBoolean, not Boolean.Error: [PreviewInEditor] The type of "PricePopUpOptions.enableInfinite" must be CCBoolean, not Boolean.
    at console.warn (C:\ProgramData\cocos\editors\Creator\3.8.5\resources\app.asar\node_modules\@sentry\src\instrument\console.ts:40:20)
    at warn (C:\ProgramData\cocos\editors\Creator\3.8.5\resources\resources\3d\engine\bin\.cache\dev\editor\bundled\index.js:160148:12)
    at warnID (C:\ProgramData\cocos\editors\Creator\3.8.5\resources\resources\3d\engine\bin\.cache\dev\editor\bundled\index.js:160336:5)
    at parseType (C:\ProgramData\cocos\editors\Creator\3.8.5\resources\resources\3d\engine\bin\.cache\dev\editor\bundled\index.js:273012:11)
    at preprocessAttrs (C:\ProgramData\cocos\editors\Creator\3.8.5\resources\resources\3d\engine\bin\.cache\dev\editor\bundled\index.js:273122:11)
    at declareProperties (C:\ProgramData\cocos\editors\Creator\3.8.5\resources\resources\3d\engine\bin\.cache\dev\editor\bundled\index.js:141456:7)
    at CCClass (C:\ProgramData\cocos\editors\Creator\3.8.5\resources\resources\3d\engine\bin\.cache\dev\editor\bundled\index.js:141485:5)
    at eval (C:\ProgramData\cocos\editors\Creator\3.8.5\resources\resources\3d\engine\bin\.cache\dev\editor\bundled\index.js:270947:21)
    at eval (C:\ProgramData\cocos\editors\Creator\3.8.5\resources\resources\3d\engine\bin\.cache\dev\editor\bundled\index.js:271958:18)
    at Object.execute (file:///D:/Game-Engine%20Projects/Blazing7Test/temp/programming/packer-driver/targets/editor/chunks/ce/cee91858986803de21b8fb0d430d475e16fb194f.js:43:378)
    at doExec (C:\ProgramData\cocos\editors\Creator\3.8.5\resources\app.asar\node_modules\@editor\lib-programming\static\executor\systemjs-bridge\out\index.js:517:30)
    at postOrderExec (C:\ProgramData\cocos\editors\Creator\3.8.5\resources\app.asar\node_modules\@editor\lib-programming\static\executor\systemjs-bridge\out\index.js:508:21)
    at C:\ProgramData\cocos\editors\Creator\3.8.5\resources\app.asar\node_modules\@editor\lib-programming\static\executor\systemjs-bridge\out\index.js:493:28
    at Array.forEach (<anonymous>)
    at postOrderExec (C:\ProgramData\cocos\editors\Creator\3.8.5\resources\app.asar\node_modules\@editor\lib-programming\static\executor\systemjs-bridge\out\index.js:491:10)
    at C:\ProgramData\cocos\editors\Creator\3.8.5\resources\app.asar\node_modules\@editor\lib-programming\static\executor\systemjs-bridge\out\index.js:440:12
    at file:///D:/Game-Engine%20Projects/Blazing7Test/temp/programming/packer-driver/targets/editor/chunks/6d/6d8fd2b0177941b032ddc0733af48a561fb60657.js:13:13
    at Object.execute (file:///D:/Game-Engine%20Projects/Blazing7Test/temp/programming/packer-driver/targets/editor/chunks/6d/6d8fd2b0177941b032ddc0733af48a561fb60657.js:8:7)
    at Executor._importPrerequisiteModules (C:\ProgramData\cocos\editors\Creator\3.8.5\resources\app.asar\node_modules\@editor\lib-programming\src\executor\index.ts:358:13)
    at Executor.reload (C:\ProgramData\cocos\editors\Creator\3.8.5\resources\app.asar\node_modules\@editor\lib-programming\src\executor\index.ts:235:13)
    at C:\ProgramData\cocos\editors\Creator\3.8.5\resources\app.asar\builtin\scene\dist\script\3d\manager\scripts.ccc:1:1787
    at GlobalEnv.processQueue (C:\ProgramData\cocos\editors\Creator\3.8.5\resources\app.asar\builtin\scene\dist\script\3d\manager\scripts.ccc:1:2184)
    at GlobalEnv.record (C:\ProgramData\cocos\editors\Creator\3.8.5\resources\app.asar\builtin\scene\dist\script\3d\manager\scripts.ccc:1:1955)
    at ScriptManager.init (C:\ProgramData\cocos\editors\Creator\3.8.5\resources\app.asar\builtin\scene\dist\script\3d\manager\scripts.ccc:1:3794)
    at EngineStartup.openEngine (C:\ProgramData\cocos\editors\Creator\3.8.5\resources\app.asar\builtin\scene\dist\script\3d\manager\startup\engine\index.ccc:1:4229)
    at StartupManager.configEngine (C:\ProgramData\cocos\editors\Creator\3.8.5\resources\app.asar\builtin\scene\dist\script\3d\manager\startup\index.ccc:1:1668)
    at EditorPreview._startEngine (C:\ProgramData\cocos\editors\Creator\3.8.5\resources\app.asar\builtin\scene\dist\script\3d\preload\editor-preview.js:1:973)
    at EditorPreview.start (C:\ProgramData\cocos\editors\Creator\3.8.5\resources\app.asar\builtin\scene\dist\script\3d\preload\editor-preview.js:1:468)
19-05-2026 08:34:10 - warn: [PreviewInEditor] The type of "NodeMovement.startOnLoad" must be CCBoolean, not Boolean.Error: [PreviewInEditor] The type of "NodeMovement.startOnLoad" must be CCBoolean, not Boolean.
    at console.warn (C:\ProgramData\cocos\editors\Creator\3.8.5\resources\app.asar\node_modules\@sentry\src\instrument\console.ts:40:20)
    at warn (C:\ProgramData\cocos\editors\Creator\3.8.5\resources\resources\3d\engine\bin\.cache\dev\editor\bundled\index.js:160148:12)
    at warnID (C:\ProgramData\cocos\editors\Creator\3.8.5\resources\resources\3d\engine\bin\.cache\dev\editor\bundled\index.js:160336:5)
    at parseType (C:\ProgramData\cocos\editors\Creator\3.8.5\resources\resources\3d\engine\bin\.cache\dev\editor\bundled\index.js:273012:11)
    at preprocessAttrs (C:\ProgramData\cocos\editors\Creator\3.8.5\resources\resources\3d\engine\bin\.cache\dev\editor\bundled\index.js:273122:11)
    at declareProperties (C:\ProgramData\cocos\editors\Creator\3.8.5\resources\resources\3d\engine\bin\.cache\dev\editor\bundled\index.js:141456:7)
    at CCClass (C:\ProgramData\cocos\editors\Creator\3.8.5\resources\resources\3d\engine\bin\.cache\dev\editor\bundled\index.js:141485:5)
    at eval (C:\ProgramData\cocos\editors\Creator\3.8.5\resources\resources\3d\engine\bin\.cache\dev\editor\bundled\index.js:270947:21)
    at eval (C:\ProgramData\cocos\editors\Creator\3.8.5\resources\resources\3d\engine\bin\.cache\dev\editor\bundled\index.js:271958:18)
    at Object.execute (file:///D:/Game-Engine%20Projects/Blazing7Test/temp/programming/packer-driver/targets/editor/chunks/92/925467d3572d2b8767cc3499d84c91f370f4ea08.js:37:214)
    at doExec (C:\ProgramData\cocos\editors\Creator\3.8.5\resources\app.asar\node_modules\@editor\lib-programming\static\executor\systemjs-bridge\out\index.js:517:30)
    at postOrderExec (C:\ProgramData\cocos\editors\Creator\3.8.5\resources\app.asar\node_modules\@editor\lib-programming\static\executor\systemjs-bridge\out\index.js:508:21)
    at C:\ProgramData\cocos\editors\Creator\3.8.5\resources\app.asar\node_modules\@editor\lib-programming\static\executor\systemjs-bridge\out\index.js:493:28
    at Array.forEach (<anonymous>)
    at postOrderExec (C:\ProgramData\cocos\editors\Creator\3.8.5\resources\app.asar\node_modules\@editor\lib-programming\static\executor\systemjs-bridge\out\index.js:491:10)
    at C:\ProgramData\cocos\editors\Creator\3.8.5\resources\app.asar\node_modules\@editor\lib-programming\static\executor\systemjs-bridge\out\index.js:440:12
    at file:///D:/Game-Engine%20Projects/Blazing7Test/temp/programming/packer-driver/targets/editor/chunks/6d/6d8fd2b0177941b032ddc0733af48a561fb60657.js:13:13
    at Object.execute (file:///D:/Game-Engine%20Projects/Blazing7Test/temp/programming/packer-driver/targets/editor/chunks/6d/6d8fd2b0177941b032ddc0733af48a561fb60657.js:8:7)
    at Executor._importPrerequisiteModules (C:\ProgramData\cocos\editors\Creator\3.8.5\resources\app.asar\node_modules\@editor\lib-programming\src\executor\index.ts:358:13)
    at Executor.reload (C:\ProgramData\cocos\editors\Creator\3.8.5\resources\app.asar\node_modules\@editor\lib-programming\src\executor\index.ts:235:13)
    at C:\ProgramData\cocos\editors\Creator\3.8.5\resources\app.asar\builtin\scene\dist\script\3d\manager\scripts.ccc:1:1787
    at GlobalEnv.processQueue (C:\ProgramData\cocos\editors\Creator\3.8.5\resources\app.asar\builtin\scene\dist\script\3d\manager\scripts.ccc:1:2184)
    at GlobalEnv.record (C:\ProgramData\cocos\editors\Creator\3.8.5\resources\app.asar\builtin\scene\dist\script\3d\manager\scripts.ccc:1:1955)
    at ScriptManager.init (C:\ProgramData\cocos\editors\Creator\3.8.5\resources\app.asar\builtin\scene\dist\script\3d\manager\scripts.ccc:1:3794)
    at EngineStartup.openEngine (C:\ProgramData\cocos\editors\Creator\3.8.5\resources\app.asar\builtin\scene\dist\script\3d\manager\startup\engine\index.ccc:1:4229)
    at StartupManager.configEngine (C:\ProgramData\cocos\editors\Creator\3.8.5\resources\app.asar\builtin\scene\dist\script\3d\manager\startup\index.ccc:1:1668)
    at EditorPreview._startEngine (C:\ProgramData\cocos\editors\Creator\3.8.5\resources\app.asar\builtin\scene\dist\script\3d\preload\editor-preview.js:1:973)
    at EditorPreview.start (C:\ProgramData\cocos\editors\Creator\3.8.5\resources\app.asar\builtin\scene\dist\script\3d\preload\editor-preview.js:1:468)
19-05-2026 08:34:10 - warn: [PreviewInEditor] The type of "NodeMovement.disableOnReach" must be CCBoolean, not Boolean.Error: [PreviewInEditor] The type of "NodeMovement.disableOnReach" must be CCBoolean, not Boolean.
    at console.warn (C:\ProgramData\cocos\editors\Creator\3.8.5\resources\app.asar\node_modules\@sentry\src\instrument\console.ts:40:20)
    at warn (C:\ProgramData\cocos\editors\Creator\3.8.5\resources\resources\3d\engine\bin\.cache\dev\editor\bundled\index.js:160148:12)
    at warnID (C:\ProgramData\cocos\editors\Creator\3.8.5\resources\resources\3d\engine\bin\.cache\dev\editor\bundled\index.js:160336:5)
    at parseType (C:\ProgramData\cocos\editors\Creator\3.8.5\resources\resources\3d\engine\bin\.cache\dev\editor\bundled\index.js:273012:11)
    at preprocessAttrs (C:\ProgramData\cocos\editors\Creator\3.8.5\resources\resources\3d\engine\bin\.cache\dev\editor\bundled\index.js:273122:11)
    at declareProperties (C:\ProgramData\cocos\editors\Creator\3.8.5\resources\resources\3d\engine\bin\.cache\dev\editor\bundled\index.js:141456:7)
    at CCClass (C:\ProgramData\cocos\editors\Creator\3.8.5\resources\resources\3d\engine\bin\.cache\dev\editor\bundled\index.js:141485:5)
    at eval (C:\ProgramData\cocos\editors\Creator\3.8.5\resources\resources\3d\engine\bin\.cache\dev\editor\bundled\index.js:270947:21)
    at eval (C:\ProgramData\cocos\editors\Creator\3.8.5\resources\resources\3d\engine\bin\.cache\dev\editor\bundled\index.js:271958:18)
    at Object.execute (file:///D:/Game-Engine%20Projects/Blazing7Test/temp/programming/packer-driver/targets/editor/chunks/92/925467d3572d2b8767cc3499d84c91f370f4ea08.js:37:214)
    at doExec (C:\ProgramData\cocos\editors\Creator\3.8.5\resources\app.asar\node_modules\@editor\lib-programming\static\executor\systemjs-bridge\out\index.js:517:30)
    at postOrderExec (C:\ProgramData\cocos\editors\Creator\3.8.5\resources\app.asar\node_modules\@editor\lib-programming\static\executor\systemjs-bridge\out\index.js:508:21)
    at C:\ProgramData\cocos\editors\Creator\3.8.5\resources\app.asar\node_modules\@editor\lib-programming\static\executor\systemjs-bridge\out\index.js:493:28
    at Array.forEach (<anonymous>)
    at postOrderExec (C:\ProgramData\cocos\editors\Creator\3.8.5\resources\app.asar\node_modules\@editor\lib-programming\static\executor\systemjs-bridge\out\index.js:491:10)
    at C:\ProgramData\cocos\editors\Creator\3.8.5\resources\app.asar\node_modules\@editor\lib-programming\static\executor\systemjs-bridge\out\index.js:440:12
    at file:///D:/Game-Engine%20Projects/Blazing7Test/temp/programming/packer-driver/targets/editor/chunks/6d/6d8fd2b0177941b032ddc0733af48a561fb60657.js:13:13
    at Object.execute (file:///D:/Game-Engine%20Projects/Blazing7Test/temp/programming/packer-driver/targets/editor/chunks/6d/6d8fd2b0177941b032ddc0733af48a561fb60657.js:8:7)
    at Executor._importPrerequisiteModules (C:\ProgramData\cocos\editors\Creator\3.8.5\resources\app.asar\node_modules\@editor\lib-programming\src\executor\index.ts:358:13)
    at Executor.reload (C:\ProgramData\cocos\editors\Creator\3.8.5\resources\app.asar\node_modules\@editor\lib-programming\src\executor\index.ts:235:13)
    at C:\ProgramData\cocos\editors\Creator\3.8.5\resources\app.asar\builtin\scene\dist\script\3d\manager\scripts.ccc:1:1787
    at GlobalEnv.processQueue (C:\ProgramData\cocos\editors\Creator\3.8.5\resources\app.asar\builtin\scene\dist\script\3d\manager\scripts.ccc:1:2184)
    at GlobalEnv.record (C:\ProgramData\cocos\editors\Creator\3.8.5\resources\app.asar\builtin\scene\dist\script\3d\manager\scripts.ccc:1:1955)
    at ScriptManager.init (C:\ProgramData\cocos\editors\Creator\3.8.5\resources\app.asar\builtin\scene\dist\script\3d\manager\scripts.ccc:1:3794)
    at EngineStartup.openEngine (C:\ProgramData\cocos\editors\Creator\3.8.5\resources\app.asar\builtin\scene\dist\script\3d\manager\startup\engine\index.ccc:1:4229)
    at StartupManager.configEngine (C:\ProgramData\cocos\editors\Creator\3.8.5\resources\app.asar\builtin\scene\dist\script\3d\manager\startup\index.ccc:1:1668)
    at EditorPreview._startEngine (C:\ProgramData\cocos\editors\Creator\3.8.5\resources\app.asar\builtin\scene\dist\script\3d\preload\editor-preview.js:1:973)
    at EditorPreview.start (C:\ProgramData\cocos\editors\Creator\3.8.5\resources\app.asar\builtin\scene\dist\script\3d\preload\editor-preview.js:1:468)
19-05-2026 08:34:10 - log: [PreviewInEditor] [PHYSICS2D]: switch from box2d-wasm to box2d.
19-05-2026 08:34:12 - log: [PreviewInEditor] [SceneManager] Initialized
19-05-2026 08:34:12 - log: [PreviewInEditor] [PopUpManager] Initialized
19-05-2026 08:34:12 - log: [PreviewInEditor] [WinBroadcastManager] Adding onSceneCallback: 1
19-05-2026 08:34:12 - log: [PreviewInEditor] [WsManager] 添加协议监听器: ANNOUNCEMENT
19-05-2026 08:34:13 - log: [PreviewInEditor] [GameManager] Loading API Manager..
19-05-2026 08:34:13 - log: [PreviewInEditor] [ApiCore] SDK 初始化完成
19-05-2026 08:34:13 - log: [PreviewInEditor] [WsManager] Start initializing the WebSocket manager...
19-05-2026 08:34:13 - log: [PreviewInEditor] [WsManager] WebSocket 管理器初始化成功
19-05-2026 08:34:14 - log: [PreviewInEditor] [WsManager] WebSocket 连接成功
19-05-2026 08:34:14 - log: [PreviewInEditor] [WinBroadcastManager] AllowAnnouncement Called: false
19-05-2026 08:34:16 - log: [PreviewInEditor] [WsManager] 收到消息: {
  cmd: 'ANNOUNCEMENT',
  data: [
    {
      announcementType: 'BIG',
      bonus: '0.5',
      cardId: '2056533858857254913',
      cardNo: 'GB2-TGaDoVyjgR9I',
      conditionType: 'AMOUNT',
      gameId: '1988427174863962113',
      gameName: 'BANANA CRAZE',
      playType: 'GO_BANANAS2',
      productId: 'GV1',
      settleTime: '2026-05-19 08:34:15.160895119',
      userName: 'qweqwe8H',
      winAmount: 500
    }
  ]
}
19-05-2026 08:34:21 - log: [PreviewInEditor] [WsManager] 收到消息: {
  cmd: 'ANNOUNCEMENT',
  data: [
    {
      announcementType: 'BIG',
      bonus: '25',
      cardId: '2056533882492157954',
      cardNo: 'GB2-u0Xz7LdChgJl',
      conditionType: 'AMOUNT_MULTIPLIER',
      gameId: '1988427174863962113',
      gameName: 'BANANA CRAZE',
      playType: 'GO_BANANAS2',
      productId: 'GV1',
      settleTime: '2026-05-19 08:34:20.796255987',
      userName: 'qweqwe8H',
      winAmount: 25000
    }
  ]
}
19-05-2026 08:34:33 - log: [PreviewInEditor] [WsManager] 收到消息: {
  cmd: 'ANNOUNCEMENT',
  data: [
    {
      announcementType: 'BIG',
      bonus: '3',
      cardId: '2056533917913055233',
      cardNo: 'GM-1HntCghNl8yK',
      conditionType: 'AMOUNT_MULTIPLIER',
      gameId: '1999828427414310913',
      gameName: 'GINTO MATCH',
      playType: 'GINTO_MATCH',
      productId: 'GV1',
      settleTime: '2026-05-19 08:34:32.724554191',
      userName: 'Test 05192026jZ',
      winAmount: 15
    }
  ]
}
19-05-2026 08:34:40 - log: [PreviewInEditor] [WsManager] 收到消息: {
  cmd: 'ANNOUNCEMENT',
  data: [
    {
      announcementType: 'BIG',
      bonus: '25',
      cardId: '2056533962804690945',
      cardNo: 'GB2-F04Kd8kV2BoP',
      conditionType: 'AMOUNT_MULTIPLIER',
      gameId: '1988427174863962113',
      gameName: 'BANANA CRAZE',
      playType: 'GO_BANANAS2',
      productId: 'GV1',
      settleTime: '2026-05-19 08:34:39.944218395',
      userName: 'qweqwe8H',
      winAmount: 25000
    }
  ]
}
19-05-2026 08:34:42 - log: [PreviewInEditor] [WsManager] 收到消息: {
  cmd: 'ANNOUNCEMENT',
  data: [
    {
      announcementType: 'BIG',
      bonus: '3',
      cardId: '2056533963119263745',
      cardNo: 'GM-DbhyKYx5711a',
      conditionType: 'AMOUNT_MULTIPLIER',
      gameId: '1999828427414310913',
      gameName: 'GINTO MATCH',
      playType: 'GINTO_MATCH',
      productId: 'GV1',
      settleTime: '2026-05-19 08:34:41.561807726',
      userName: 'Test 05192026jZ',
      winAmount: 15
    }
  ]
}
19-05-2026 08:34:51 - log: [PreviewInEditor] [WsManager] 收到消息: {
  cmd: 'ANNOUNCEMENT',
  data: [
    {
      announcementType: 'BIG',
      bonus: '9.2',
      cardId: '2056534000649895938',
      cardNo: 'GM-CbOsY5B2FE51',
      conditionType: 'AMOUNT_MULTIPLIER',
      gameId: '1999828427414310913',
      gameName: 'GINTO MATCH',
      playType: 'GINTO_MATCH',
      productId: 'GV1',
      settleTime: '2026-05-19 08:34:50.484341478',
      userName: 'Test 05192026jZ',
      winAmount: 46
    }
  ]
}
19-05-2026 08:34:59 - log: [PreviewInEditor] [WsManager] 收到消息: {
  cmd: 'ANNOUNCEMENT',
  data: [
    {
      announcementType: 'BIG',
      bonus: '0.5',
      cardId: '2056534042903314434',
      cardNo: 'GB2-Rrd79EvnysOI',
      conditionType: 'AMOUNT',
      gameId: '1988427174863962113',
      gameName: 'BANANA CRAZE',
      playType: 'GO_BANANAS2',
      productId: 'GV1',
      settleTime: '2026-05-19 08:34:59.041057392',
      userName: 'qweqwe8H',
      winAmount: 500
    }
  ]
}
19-05-2026 08:35:04 - log: [PreviewInEditor] [WsManager] 收到消息: {
  cmd: 'ANNOUNCEMENT',
  data: [
    {
      announcementType: 'BIG',
      bonus: '15.7',
      cardId: '2056534049131855873',
      cardNo: 'GM-vhycGVdJVcyx',
      conditionType: 'AMOUNT_MULTIPLIER',
      gameId: '1999828427414310913',
      gameName: 'GINTO MATCH',
      playType: 'GINTO_MATCH',
      productId: 'GV1',
      settleTime: '2026-05-19 08:35:04.062016541',
      userName: 'Test 05192026jZ',
      winAmount: 78.5
    }
  ]
}
19-05-2026 08:35:05 - log: [PreviewInEditor] [WsManager] 收到消息: {
  cmd: 'ANNOUNCEMENT',
  data: [
    {
      announcementType: 'BIG',
      bonus: '1',
      cardId: '2056534067150585857',
      cardNo: 'GB2-MvSO1yAlq6Nq',
      conditionType: 'AMOUNT_MULTIPLIER',
      gameId: '1988427174863962113',
      gameName: 'BANANA CRAZE',
      playType: 'GO_BANANAS2',
      productId: 'GV1',
      settleTime: '2026-05-19 08:35:04.821333968',
      userName: 'qweqwe8H',
      winAmount: 1000
    }
  ]
}
19-05-2026 08:35:17 - log: [PreviewInEditor] [WinBroadcastManager] AllowAnnouncement Called: true
19-05-2026 08:35:17 - log: [PreviewInEditor] [DragonEyeIntro][UIROOT] DEVICE TYPE: pc
19-05-2026 08:35:20 - log: [PreviewInEditor] [WsManager] 收到消息: {
  cmd: 'ANNOUNCEMENT',
  data: [
    {
      announcementType: 'BIG',
      bonus: '1',
      cardId: '2056534129247256577',
      cardNo: 'GB2-ViBAcMXREOqP',
      conditionType: 'AMOUNT_MULTIPLIER',
      gameId: '1988427174863962113',
      gameName: 'BANANA CRAZE',
      playType: 'GO_BANANAS2',
      productId: 'GV1',
      settleTime: '2026-05-19 08:35:19.626778995',
      userName: 'qweqwe8H',
      winAmount: 1000
    }
  ]
}
19-05-2026 08:35:24 - log: [PreviewInEditor] [WsManager] 收到消息: {
  cmd: 'ANNOUNCEMENT',
  data: [
    {
      announcementType: 'BIG',
      bonus: '0.7',
      cardId: '2056534131008864257',
      cardNo: 'GM-pxCovU9wmO0k',
      conditionType: 'AMOUNT',
      gameId: '1999828427414310913',
      gameName: 'GINTO MATCH',
      playType: 'GINTO_MATCH',
      productId: 'GV1',
      settleTime: '2026-05-19 08:35:23.550377743',
      userName: 'Test 05192026jZ',
      winAmount: 3.5
    }
  ]
}
19-05-2026 08:35:26 - log: [PreviewInEditor] [Game] CardPlayInComplete, AutoCount: 0
19-05-2026 08:35:27 - log: [PreviewInEditor] [WsManager] 收到消息: {
  cmd: 'ANNOUNCEMENT',
  data: [
    {
      announcementType: 'BIG',
      bonus: '0.5',
      cardId: '2056534160230580226',
      cardNo: 'GB2-ksci6nGUJXi5',
      conditionType: 'AMOUNT',
      gameId: '1988427174863962113',
      gameName: 'BANANA CRAZE',
      playType: 'GO_BANANAS2',
      productId: 'GV1',
      settleTime: '2026-05-19 08:35:27.014019870',
      userName: 'qweqwe8H',
      winAmount: 500
    }
  ]
}
19-05-2026 08:35:28 - log: [PreviewInEditor] [ScratchSystem] All cells scratched.
19-05-2026 08:35:33 - log: [PreviewInEditor] [WsManager] 收到消息: {
  cmd: 'ANNOUNCEMENT',
  data: [
    {
      announcementType: 'BIG',
      bonus: '0.5',
      cardId: '2056534183123091458',
      cardNo: 'GB2-IJ5mj5YyQnAm',
      conditionType: 'AMOUNT',
      gameId: '1988427174863962113',
      gameName: 'BANANA CRAZE',
      playType: 'GO_BANANAS2',
      productId: 'GV1',
      settleTime: '2026-05-19 08:35:32.471339427',
      userName: 'qweqwe8H',
      winAmount: 500
    }
  ]
}
19-05-2026 08:35:36 - log: [PreviewInEditor] [WsManager] 收到消息: {
  cmd: 'ANNOUNCEMENT',
  data: [
    {
      announcementType: 'BIG',
      bonus: '0.5',
      cardId: '2056534196507115522',
      cardNo: 'GB2-XT5Ck05l7w89',
      conditionType: 'AMOUNT',
      gameId: '1988427174863962113',
      gameName: 'BANANA CRAZE',
      playType: 'GO_BANANAS2',
      productId: 'GV1',
      settleTime: '2026-05-19 08:35:35.662766162',
      userName: 'qweqwe8H',
      winAmount: 500
    }
  ]
}
19-05-2026 08:35:49 - log: [PreviewInEditor] [WsManager] 收到消息: {
  cmd: 'ANNOUNCEMENT',
  data: [
    {
      announcementType: 'BIG',
      bonus: '0.5',
      cardId: '2056534251930648577',
      cardNo: 'GB2-3EO2umyU80cH',
      conditionType: 'AMOUNT',
      gameId: '1988427174863962113',
      gameName: 'BANANA CRAZE',
      playType: 'GO_BANANAS2',
      productId: 'GV1',
      settleTime: '2026-05-19 08:35:48.877017291',
      userName: 'qweqwe8H',
      winAmount: 500
    }
  ]
}
19-05-2026 08:35:51 - warn: [PreviewInEditor] IPC message has been lost.Error: [PreviewInEditor] IPC message has been lost.
    at console.warn (C:\ProgramData\cocos\editors\Creator\3.8.5\resources\app.asar\node_modules\@sentry\src\instrument\console.ts:40:20)
    at IpcRenderer.<anonymous> (C:\ProgramData\cocos\editors\Creator\3.8.5\resources\app.asar\builtin\scene\dist\script\3d\manager\ipc\web\webview.ccc:1:1495)
    at IpcRenderer.emit (node:events:519:28)
    at Object.onMessage (node:electron/js2c/renderer_init:2:8837)
19-05-2026 08:35:52 - info: [PreviewInEditor] preview process is ready
19-05-2026 08:38:21 - warn: [Scene] The type of "PricePopUpOptions.enableInfinite" must be CCBoolean, not Boolean.Error: [Scene] The type of "PricePopUpOptions.enableInfinite" must be CCBoolean, not Boolean.
    at console.warn (C:\ProgramData\cocos\editors\Creator\3.8.5\resources\app.asar\node_modules\@sentry\src\instrument\console.ts:40:20)
    at warn (C:\ProgramData\cocos\editors\Creator\3.8.5\resources\resources\3d\engine\bin\.cache\dev\editor\bundled\index.js:160148:12)
    at warnID (C:\ProgramData\cocos\editors\Creator\3.8.5\resources\resources\3d\engine\bin\.cache\dev\editor\bundled\index.js:160336:5)
    at parseType (C:\ProgramData\cocos\editors\Creator\3.8.5\resources\resources\3d\engine\bin\.cache\dev\editor\bundled\index.js:273012:11)
    at preprocessAttrs (C:\ProgramData\cocos\editors\Creator\3.8.5\resources\resources\3d\engine\bin\.cache\dev\editor\bundled\index.js:273122:11)
    at declareProperties (C:\ProgramData\cocos\editors\Creator\3.8.5\resources\resources\3d\engine\bin\.cache\dev\editor\bundled\index.js:141456:7)
    at CCClass (C:\ProgramData\cocos\editors\Creator\3.8.5\resources\resources\3d\engine\bin\.cache\dev\editor\bundled\index.js:141485:5)
    at eval (C:\ProgramData\cocos\editors\Creator\3.8.5\resources\resources\3d\engine\bin\.cache\dev\editor\bundled\index.js:270947:21)
    at eval (C:\ProgramData\cocos\editors\Creator\3.8.5\resources\resources\3d\engine\bin\.cache\dev\editor\bundled\index.js:271958:18)
    at Object.execute (file:///D:/Game-Engine%20Projects/Blazing7Test/temp/programming/packer-driver/targets/editor/chunks/ce/cee91858986803de21b8fb0d430d475e16fb194f.js:45:406)
    at doExec (C:\ProgramData\cocos\editors\Creator\3.8.5\resources\app.asar\node_modules\@editor\lib-programming\static\executor\systemjs-bridge\out\index.js:517:30)
    at postOrderExec (C:\ProgramData\cocos\editors\Creator\3.8.5\resources\app.asar\node_modules\@editor\lib-programming\static\executor\systemjs-bridge\out\index.js:508:21)
    at C:\ProgramData\cocos\editors\Creator\3.8.5\resources\app.asar\node_modules\@editor\lib-programming\static\executor\systemjs-bridge\out\index.js:493:28
    at Array.forEach (<anonymous>)
    at postOrderExec (C:\ProgramData\cocos\editors\Creator\3.8.5\resources\app.asar\node_modules\@editor\lib-programming\static\executor\systemjs-bridge\out\index.js:491:10)
    at C:\ProgramData\cocos\editors\Creator\3.8.5\resources\app.asar\node_modules\@editor\lib-programming\static\executor\systemjs-bridge\out\index.js:440:12
    at file:///D:/Game-Engine%20Projects/Blazing7Test/temp/programming/packer-driver/targets/editor/chunks/6d/6d8fd2b0177941b032ddc0733af48a561fb60657.js:13:13
    at Object.execute (file:///D:/Game-Engine%20Projects/Blazing7Test/temp/programming/packer-driver/targets/editor/chunks/6d/6d8fd2b0177941b032ddc0733af48a561fb60657.js:8:7)
    at Executor._importPrerequisiteModules (C:\ProgramData\cocos\editors\Creator\3.8.5\resources\app.asar\node_modules\@editor\lib-programming\src\executor\index.ts:358:13)
    at Executor.reload (C:\ProgramData\cocos\editors\Creator\3.8.5\resources\app.asar\node_modules\@editor\lib-programming\src\executor\index.ts:235:13)
    at C:\ProgramData\cocos\editors\Creator\3.8.5\resources\app.asar\builtin\scene\dist\script\3d\manager\scripts.ccc:1:1787
    at GlobalEnv.processQueue (C:\ProgramData\cocos\editors\Creator\3.8.5\resources\app.asar\builtin\scene\dist\script\3d\manager\scripts.ccc:1:2184)
    at GlobalEnv.record (C:\ProgramData\cocos\editors\Creator\3.8.5\resources\app.asar\builtin\scene\dist\script\3d\manager\scripts.ccc:1:1955)
19-05-2026 08:38:21 - warn: [Scene] The type of "NodeMovement.startOnLoad" must be CCBoolean, not Boolean.Error: [Scene] The type of "NodeMovement.startOnLoad" must be CCBoolean, not Boolean.
    at console.warn (C:\ProgramData\cocos\editors\Creator\3.8.5\resources\app.asar\node_modules\@sentry\src\instrument\console.ts:40:20)
    at warn (C:\ProgramData\cocos\editors\Creator\3.8.5\resources\resources\3d\engine\bin\.cache\dev\editor\bundled\index.js:160148:12)
    at warnID (C:\ProgramData\cocos\editors\Creator\3.8.5\resources\resources\3d\engine\bin\.cache\dev\editor\bundled\index.js:160336:5)
    at parseType (C:\ProgramData\cocos\editors\Creator\3.8.5\resources\resources\3d\engine\bin\.cache\dev\editor\bundled\index.js:273012:11)
    at preprocessAttrs (C:\ProgramData\cocos\editors\Creator\3.8.5\resources\resources\3d\engine\bin\.cache\dev\editor\bundled\index.js:273122:11)
    at declareProperties (C:\ProgramData\cocos\editors\Creator\3.8.5\resources\resources\3d\engine\bin\.cache\dev\editor\bundled\index.js:141456:7)
    at CCClass (C:\ProgramData\cocos\editors\Creator\3.8.5\resources\resources\3d\engine\bin\.cache\dev\editor\bundled\index.js:141485:5)
    at eval (C:\ProgramData\cocos\editors\Creator\3.8.5\resources\resources\3d\engine\bin\.cache\dev\editor\bundled\index.js:270947:21)
    at eval (C:\ProgramData\cocos\editors\Creator\3.8.5\resources\resources\3d\engine\bin\.cache\dev\editor\bundled\index.js:271958:18)
    at Object.execute (file:///D:/Game-Engine%20Projects/Blazing7Test/temp/programming/packer-driver/targets/editor/chunks/92/925467d3572d2b8767cc3499d84c91f370f4ea08.js:37:214)
    at doExec (C:\ProgramData\cocos\editors\Creator\3.8.5\resources\app.asar\node_modules\@editor\lib-programming\static\executor\systemjs-bridge\out\index.js:517:30)
    at postOrderExec (C:\ProgramData\cocos\editors\Creator\3.8.5\resources\app.asar\node_modules\@editor\lib-programming\static\executor\systemjs-bridge\out\index.js:508:21)
    at C:\ProgramData\cocos\editors\Creator\3.8.5\resources\app.asar\node_modules\@editor\lib-programming\static\executor\systemjs-bridge\out\index.js:493:28
    at Array.forEach (<anonymous>)
    at postOrderExec (C:\ProgramData\cocos\editors\Creator\3.8.5\resources\app.asar\node_modules\@editor\lib-programming\static\executor\systemjs-bridge\out\index.js:491:10)
    at C:\ProgramData\cocos\editors\Creator\3.8.5\resources\app.asar\node_modules\@editor\lib-programming\static\executor\systemjs-bridge\out\index.js:440:12
    at file:///D:/Game-Engine%20Projects/Blazing7Test/temp/programming/packer-driver/targets/editor/chunks/6d/6d8fd2b0177941b032ddc0733af48a561fb60657.js:13:13
    at Object.execute (file:///D:/Game-Engine%20Projects/Blazing7Test/temp/programming/packer-driver/targets/editor/chunks/6d/6d8fd2b0177941b032ddc0733af48a561fb60657.js:8:7)
    at Executor._importPrerequisiteModules (C:\ProgramData\cocos\editors\Creator\3.8.5\resources\app.asar\node_modules\@editor\lib-programming\src\executor\index.ts:358:13)
    at Executor.reload (C:\ProgramData\cocos\editors\Creator\3.8.5\resources\app.asar\node_modules\@editor\lib-programming\src\executor\index.ts:235:13)
    at C:\ProgramData\cocos\editors\Creator\3.8.5\resources\app.asar\builtin\scene\dist\script\3d\manager\scripts.ccc:1:1787
    at GlobalEnv.processQueue (C:\ProgramData\cocos\editors\Creator\3.8.5\resources\app.asar\builtin\scene\dist\script\3d\manager\scripts.ccc:1:2184)
    at GlobalEnv.record (C:\ProgramData\cocos\editors\Creator\3.8.5\resources\app.asar\builtin\scene\dist\script\3d\manager\scripts.ccc:1:1955)
19-05-2026 08:38:21 - warn: [Scene] The type of "NodeMovement.disableOnReach" must be CCBoolean, not Boolean.Error: [Scene] The type of "NodeMovement.disableOnReach" must be CCBoolean, not Boolean.
    at console.warn (C:\ProgramData\cocos\editors\Creator\3.8.5\resources\app.asar\node_modules\@sentry\src\instrument\console.ts:40:20)
    at warn (C:\ProgramData\cocos\editors\Creator\3.8.5\resources\resources\3d\engine\bin\.cache\dev\editor\bundled\index.js:160148:12)
    at warnID (C:\ProgramData\cocos\editors\Creator\3.8.5\resources\resources\3d\engine\bin\.cache\dev\editor\bundled\index.js:160336:5)
    at parseType (C:\ProgramData\cocos\editors\Creator\3.8.5\resources\resources\3d\engine\bin\.cache\dev\editor\bundled\index.js:273012:11)
    at preprocessAttrs (C:\ProgramData\cocos\editors\Creator\3.8.5\resources\resources\3d\engine\bin\.cache\dev\editor\bundled\index.js:273122:11)
    at declareProperties (C:\ProgramData\cocos\editors\Creator\3.8.5\resources\resources\3d\engine\bin\.cache\dev\editor\bundled\index.js:141456:7)
    at CCClass (C:\ProgramData\cocos\editors\Creator\3.8.5\resources\resources\3d\engine\bin\.cache\dev\editor\bundled\index.js:141485:5)
    at eval (C:\ProgramData\cocos\editors\Creator\3.8.5\resources\resources\3d\engine\bin\.cache\dev\editor\bundled\index.js:270947:21)
    at eval (C:\ProgramData\cocos\editors\Creator\3.8.5\resources\resources\3d\engine\bin\.cache\dev\editor\bundled\index.js:271958:18)
    at Object.execute (file:///D:/Game-Engine%20Projects/Blazing7Test/temp/programming/packer-driver/targets/editor/chunks/92/925467d3572d2b8767cc3499d84c91f370f4ea08.js:37:214)
    at doExec (C:\ProgramData\cocos\editors\Creator\3.8.5\resources\app.asar\node_modules\@editor\lib-programming\static\executor\systemjs-bridge\out\index.js:517:30)
    at postOrderExec (C:\ProgramData\cocos\editors\Creator\3.8.5\resources\app.asar\node_modules\@editor\lib-programming\static\executor\systemjs-bridge\out\index.js:508:21)
    at C:\ProgramData\cocos\editors\Creator\3.8.5\resources\app.asar\node_modules\@editor\lib-programming\static\executor\systemjs-bridge\out\index.js:493:28
    at Array.forEach (<anonymous>)
    at postOrderExec (C:\ProgramData\cocos\editors\Creator\3.8.5\resources\app.asar\node_modules\@editor\lib-programming\static\executor\systemjs-bridge\out\index.js:491:10)
    at C:\ProgramData\cocos\editors\Creator\3.8.5\resources\app.asar\node_modules\@editor\lib-programming\static\executor\systemjs-bridge\out\index.js:440:12
    at file:///D:/Game-Engine%20Projects/Blazing7Test/temp/programming/packer-driver/targets/editor/chunks/6d/6d8fd2b0177941b032ddc0733af48a561fb60657.js:13:13
    at Object.execute (file:///D:/Game-Engine%20Projects/Blazing7Test/temp/programming/packer-driver/targets/editor/chunks/6d/6d8fd2b0177941b032ddc0733af48a561fb60657.js:8:7)
    at Executor._importPrerequisiteModules (C:\ProgramData\cocos\editors\Creator\3.8.5\resources\app.asar\node_modules\@editor\lib-programming\src\executor\index.ts:358:13)
    at Executor.reload (C:\ProgramData\cocos\editors\Creator\3.8.5\resources\app.asar\node_modules\@editor\lib-programming\src\executor\index.ts:235:13)
    at C:\ProgramData\cocos\editors\Creator\3.8.5\resources\app.asar\builtin\scene\dist\script\3d\manager\scripts.ccc:1:1787
    at GlobalEnv.processQueue (C:\ProgramData\cocos\editors\Creator\3.8.5\resources\app.asar\builtin\scene\dist\script\3d\manager\scripts.ccc:1:2184)
    at GlobalEnv.record (C:\ProgramData\cocos\editors\Creator\3.8.5\resources\app.asar\builtin\scene\dist\script\3d\manager\scripts.ccc:1:1955)
19-05-2026 08:38:22 - log: [PreviewInEditor] meshopt wasm decoder initialized
19-05-2026 08:38:22 - log: [PreviewInEditor] [box2d]:box2d wasm lib loaded.
19-05-2026 08:38:22 - log: [PreviewInEditor] [bullet]:bullet wasm lib loaded.
19-05-2026 08:38:22 - log: [PreviewInEditor] [PHYSICS]: using builtin.
19-05-2026 08:38:22 - log: [PreviewInEditor] Cocos Creator v3.8.5
19-05-2026 08:38:22 - log: [PreviewInEditor] Using custom pipeline: Builtin
19-05-2026 08:38:22 - warn: [PreviewInEditor] The type of "PricePopUpOptions.enableInfinite" must be CCBoolean, not Boolean.Error: [PreviewInEditor] The type of "PricePopUpOptions.enableInfinite" must be CCBoolean, not Boolean.
    at console.warn (C:\ProgramData\cocos\editors\Creator\3.8.5\resources\app.asar\node_modules\@sentry\src\instrument\console.ts:40:20)
    at warn (C:\ProgramData\cocos\editors\Creator\3.8.5\resources\resources\3d\engine\bin\.cache\dev\editor\bundled\index.js:160148:12)
    at warnID (C:\ProgramData\cocos\editors\Creator\3.8.5\resources\resources\3d\engine\bin\.cache\dev\editor\bundled\index.js:160336:5)
    at parseType (C:\ProgramData\cocos\editors\Creator\3.8.5\resources\resources\3d\engine\bin\.cache\dev\editor\bundled\index.js:273012:11)
    at preprocessAttrs (C:\ProgramData\cocos\editors\Creator\3.8.5\resources\resources\3d\engine\bin\.cache\dev\editor\bundled\index.js:273122:11)
    at declareProperties (C:\ProgramData\cocos\editors\Creator\3.8.5\resources\resources\3d\engine\bin\.cache\dev\editor\bundled\index.js:141456:7)
    at CCClass (C:\ProgramData\cocos\editors\Creator\3.8.5\resources\resources\3d\engine\bin\.cache\dev\editor\bundled\index.js:141485:5)
    at eval (C:\ProgramData\cocos\editors\Creator\3.8.5\resources\resources\3d\engine\bin\.cache\dev\editor\bundled\index.js:270947:21)
    at eval (C:\ProgramData\cocos\editors\Creator\3.8.5\resources\resources\3d\engine\bin\.cache\dev\editor\bundled\index.js:271958:18)
    at Object.execute (file:///D:/Game-Engine%20Projects/Blazing7Test/temp/programming/packer-driver/targets/editor/chunks/ce/cee91858986803de21b8fb0d430d475e16fb194f.js:45:406)
    at doExec (C:\ProgramData\cocos\editors\Creator\3.8.5\resources\app.asar\node_modules\@editor\lib-programming\static\executor\systemjs-bridge\out\index.js:517:30)
    at postOrderExec (C:\ProgramData\cocos\editors\Creator\3.8.5\resources\app.asar\node_modules\@editor\lib-programming\static\executor\systemjs-bridge\out\index.js:508:21)
    at C:\ProgramData\cocos\editors\Creator\3.8.5\resources\app.asar\node_modules\@editor\lib-programming\static\executor\systemjs-bridge\out\index.js:493:28
    at Array.forEach (<anonymous>)
    at postOrderExec (C:\ProgramData\cocos\editors\Creator\3.8.5\resources\app.asar\node_modules\@editor\lib-programming\static\executor\systemjs-bridge\out\index.js:491:10)
    at C:\ProgramData\cocos\editors\Creator\3.8.5\resources\app.asar\node_modules\@editor\lib-programming\static\executor\systemjs-bridge\out\index.js:440:12
    at file:///D:/Game-Engine%20Projects/Blazing7Test/temp/programming/packer-driver/targets/editor/chunks/6d/6d8fd2b0177941b032ddc0733af48a561fb60657.js:13:13
    at Object.execute (file:///D:/Game-Engine%20Projects/Blazing7Test/temp/programming/packer-driver/targets/editor/chunks/6d/6d8fd2b0177941b032ddc0733af48a561fb60657.js:8:7)
    at Executor._importPrerequisiteModules (C:\ProgramData\cocos\editors\Creator\3.8.5\resources\app.asar\node_modules\@editor\lib-programming\src\executor\index.ts:358:13)
    at Executor.reload (C:\ProgramData\cocos\editors\Creator\3.8.5\resources\app.asar\node_modules\@editor\lib-programming\src\executor\index.ts:235:13)
    at C:\ProgramData\cocos\editors\Creator\3.8.5\resources\app.asar\builtin\scene\dist\script\3d\manager\scripts.ccc:1:1787
    at GlobalEnv.processQueue (C:\ProgramData\cocos\editors\Creator\3.8.5\resources\app.asar\builtin\scene\dist\script\3d\manager\scripts.ccc:1:2184)
    at GlobalEnv.record (C:\ProgramData\cocos\editors\Creator\3.8.5\resources\app.asar\builtin\scene\dist\script\3d\manager\scripts.ccc:1:1955)
    at ScriptManager.init (C:\ProgramData\cocos\editors\Creator\3.8.5\resources\app.asar\builtin\scene\dist\script\3d\manager\scripts.ccc:1:3794)
    at EngineStartup.openEngine (C:\ProgramData\cocos\editors\Creator\3.8.5\resources\app.asar\builtin\scene\dist\script\3d\manager\startup\engine\index.ccc:1:4229)
    at StartupManager.configEngine (C:\ProgramData\cocos\editors\Creator\3.8.5\resources\app.asar\builtin\scene\dist\script\3d\manager\startup\index.ccc:1:1668)
    at EditorPreview._startEngine (C:\ProgramData\cocos\editors\Creator\3.8.5\resources\app.asar\builtin\scene\dist\script\3d\preload\editor-preview.js:1:973)
    at EditorPreview.start (C:\ProgramData\cocos\editors\Creator\3.8.5\resources\app.asar\builtin\scene\dist\script\3d\preload\editor-preview.js:1:468)
19-05-2026 08:38:22 - warn: [PreviewInEditor] The type of "NodeMovement.startOnLoad" must be CCBoolean, not Boolean.Error: [PreviewInEditor] The type of "NodeMovement.startOnLoad" must be CCBoolean, not Boolean.
    at console.warn (C:\ProgramData\cocos\editors\Creator\3.8.5\resources\app.asar\node_modules\@sentry\src\instrument\console.ts:40:20)
    at warn (C:\ProgramData\cocos\editors\Creator\3.8.5\resources\resources\3d\engine\bin\.cache\dev\editor\bundled\index.js:160148:12)
    at warnID (C:\ProgramData\cocos\editors\Creator\3.8.5\resources\resources\3d\engine\bin\.cache\dev\editor\bundled\index.js:160336:5)
    at parseType (C:\ProgramData\cocos\editors\Creator\3.8.5\resources\resources\3d\engine\bin\.cache\dev\editor\bundled\index.js:273012:11)
    at preprocessAttrs (C:\ProgramData\cocos\editors\Creator\3.8.5\resources\resources\3d\engine\bin\.cache\dev\editor\bundled\index.js:273122:11)
    at declareProperties (C:\ProgramData\cocos\editors\Creator\3.8.5\resources\resources\3d\engine\bin\.cache\dev\editor\bundled\index.js:141456:7)
    at CCClass (C:\ProgramData\cocos\editors\Creator\3.8.5\resources\resources\3d\engine\bin\.cache\dev\editor\bundled\index.js:141485:5)
    at eval (C:\ProgramData\cocos\editors\Creator\3.8.5\resources\resources\3d\engine\bin\.cache\dev\editor\bundled\index.js:270947:21)
    at eval (C:\ProgramData\cocos\editors\Creator\3.8.5\resources\resources\3d\engine\bin\.cache\dev\editor\bundled\index.js:271958:18)
    at Object.execute (file:///D:/Game-Engine%20Projects/Blazing7Test/temp/programming/packer-driver/targets/editor/chunks/92/925467d3572d2b8767cc3499d84c91f370f4ea08.js:37:214)
    at doExec (C:\ProgramData\cocos\editors\Creator\3.8.5\resources\app.asar\node_modules\@editor\lib-programming\static\executor\systemjs-bridge\out\index.js:517:30)
    at postOrderExec (C:\ProgramData\cocos\editors\Creator\3.8.5\resources\app.asar\node_modules\@editor\lib-programming\static\executor\systemjs-bridge\out\index.js:508:21)
    at C:\ProgramData\cocos\editors\Creator\3.8.5\resources\app.asar\node_modules\@editor\lib-programming\static\executor\systemjs-bridge\out\index.js:493:28
    at Array.forEach (<anonymous>)
    at postOrderExec (C:\ProgramData\cocos\editors\Creator\3.8.5\resources\app.asar\node_modules\@editor\lib-programming\static\executor\systemjs-bridge\out\index.js:491:10)
    at C:\ProgramData\cocos\editors\Creator\3.8.5\resources\app.asar\node_modules\@editor\lib-programming\static\executor\systemjs-bridge\out\index.js:440:12
    at file:///D:/Game-Engine%20Projects/Blazing7Test/temp/programming/packer-driver/targets/editor/chunks/6d/6d8fd2b0177941b032ddc0733af48a561fb60657.js:13:13
    at Object.execute (file:///D:/Game-Engine%20Projects/Blazing7Test/temp/programming/packer-driver/targets/editor/chunks/6d/6d8fd2b0177941b032ddc0733af48a561fb60657.js:8:7)
    at Executor._importPrerequisiteModules (C:\ProgramData\cocos\editors\Creator\3.8.5\resources\app.asar\node_modules\@editor\lib-programming\src\executor\index.ts:358:13)
    at Executor.reload (C:\ProgramData\cocos\editors\Creator\3.8.5\resources\app.asar\node_modules\@editor\lib-programming\src\executor\index.ts:235:13)
    at C:\ProgramData\cocos\editors\Creator\3.8.5\resources\app.asar\builtin\scene\dist\script\3d\manager\scripts.ccc:1:1787
    at GlobalEnv.processQueue (C:\ProgramData\cocos\editors\Creator\3.8.5\resources\app.asar\builtin\scene\dist\script\3d\manager\scripts.ccc:1:2184)
    at GlobalEnv.record (C:\ProgramData\cocos\editors\Creator\3.8.5\resources\app.asar\builtin\scene\dist\script\3d\manager\scripts.ccc:1:1955)
    at ScriptManager.init (C:\ProgramData\cocos\editors\Creator\3.8.5\resources\app.asar\builtin\scene\dist\script\3d\manager\scripts.ccc:1:3794)
    at EngineStartup.openEngine (C:\ProgramData\cocos\editors\Creator\3.8.5\resources\app.asar\builtin\scene\dist\script\3d\manager\startup\engine\index.ccc:1:4229)
    at StartupManager.configEngine (C:\ProgramData\cocos\editors\Creator\3.8.5\resources\app.asar\builtin\scene\dist\script\3d\manager\startup\index.ccc:1:1668)
    at EditorPreview._startEngine (C:\ProgramData\cocos\editors\Creator\3.8.5\resources\app.asar\builtin\scene\dist\script\3d\preload\editor-preview.js:1:973)
    at EditorPreview.start (C:\ProgramData\cocos\editors\Creator\3.8.5\resources\app.asar\builtin\scene\dist\script\3d\preload\editor-preview.js:1:468)
19-05-2026 08:38:22 - warn: [PreviewInEditor] The type of "NodeMovement.disableOnReach" must be CCBoolean, not Boolean.Error: [PreviewInEditor] The type of "NodeMovement.disableOnReach" must be CCBoolean, not Boolean.
    at console.warn (C:\ProgramData\cocos\editors\Creator\3.8.5\resources\app.asar\node_modules\@sentry\src\instrument\console.ts:40:20)
    at warn (C:\ProgramData\cocos\editors\Creator\3.8.5\resources\resources\3d\engine\bin\.cache\dev\editor\bundled\index.js:160148:12)
    at warnID (C:\ProgramData\cocos\editors\Creator\3.8.5\resources\resources\3d\engine\bin\.cache\dev\editor\bundled\index.js:160336:5)
    at parseType (C:\ProgramData\cocos\editors\Creator\3.8.5\resources\resources\3d\engine\bin\.cache\dev\editor\bundled\index.js:273012:11)
    at preprocessAttrs (C:\ProgramData\cocos\editors\Creator\3.8.5\resources\resources\3d\engine\bin\.cache\dev\editor\bundled\index.js:273122:11)
    at declareProperties (C:\ProgramData\cocos\editors\Creator\3.8.5\resources\resources\3d\engine\bin\.cache\dev\editor\bundled\index.js:141456:7)
    at CCClass (C:\ProgramData\cocos\editors\Creator\3.8.5\resources\resources\3d\engine\bin\.cache\dev\editor\bundled\index.js:141485:5)
    at eval (C:\ProgramData\cocos\editors\Creator\3.8.5\resources\resources\3d\engine\bin\.cache\dev\editor\bundled\index.js:270947:21)
    at eval (C:\ProgramData\cocos\editors\Creator\3.8.5\resources\resources\3d\engine\bin\.cache\dev\editor\bundled\index.js:271958:18)
    at Object.execute (file:///D:/Game-Engine%20Projects/Blazing7Test/temp/programming/packer-driver/targets/editor/chunks/92/925467d3572d2b8767cc3499d84c91f370f4ea08.js:37:214)
    at doExec (C:\ProgramData\cocos\editors\Creator\3.8.5\resources\app.asar\node_modules\@editor\lib-programming\static\executor\systemjs-bridge\out\index.js:517:30)
    at postOrderExec (C:\ProgramData\cocos\editors\Creator\3.8.5\resources\app.asar\node_modules\@editor\lib-programming\static\executor\systemjs-bridge\out\index.js:508:21)
    at C:\ProgramData\cocos\editors\Creator\3.8.5\resources\app.asar\node_modules\@editor\lib-programming\static\executor\systemjs-bridge\out\index.js:493:28
    at Array.forEach (<anonymous>)
    at postOrderExec (C:\ProgramData\cocos\editors\Creator\3.8.5\resources\app.asar\node_modules\@editor\lib-programming\static\executor\systemjs-bridge\out\index.js:491:10)
    at C:\ProgramData\cocos\editors\Creator\3.8.5\resources\app.asar\node_modules\@editor\lib-programming\static\executor\systemjs-bridge\out\index.js:440:12
    at file:///D:/Game-Engine%20Projects/Blazing7Test/temp/programming/packer-driver/targets/editor/chunks/6d/6d8fd2b0177941b032ddc0733af48a561fb60657.js:13:13
    at Object.execute (file:///D:/Game-Engine%20Projects/Blazing7Test/temp/programming/packer-driver/targets/editor/chunks/6d/6d8fd2b0177941b032ddc0733af48a561fb60657.js:8:7)
    at Executor._importPrerequisiteModules (C:\ProgramData\cocos\editors\Creator\3.8.5\resources\app.asar\node_modules\@editor\lib-programming\src\executor\index.ts:358:13)
    at Executor.reload (C:\ProgramData\cocos\editors\Creator\3.8.5\resources\app.asar\node_modules\@editor\lib-programming\src\executor\index.ts:235:13)
    at C:\ProgramData\cocos\editors\Creator\3.8.5\resources\app.asar\builtin\scene\dist\script\3d\manager\scripts.ccc:1:1787
    at GlobalEnv.processQueue (C:\ProgramData\cocos\editors\Creator\3.8.5\resources\app.asar\builtin\scene\dist\script\3d\manager\scripts.ccc:1:2184)
    at GlobalEnv.record (C:\ProgramData\cocos\editors\Creator\3.8.5\resources\app.asar\builtin\scene\dist\script\3d\manager\scripts.ccc:1:1955)
    at ScriptManager.init (C:\ProgramData\cocos\editors\Creator\3.8.5\resources\app.asar\builtin\scene\dist\script\3d\manager\scripts.ccc:1:3794)
    at EngineStartup.openEngine (C:\ProgramData\cocos\editors\Creator\3.8.5\resources\app.asar\builtin\scene\dist\script\3d\manager\startup\engine\index.ccc:1:4229)
    at StartupManager.configEngine (C:\ProgramData\cocos\editors\Creator\3.8.5\resources\app.asar\builtin\scene\dist\script\3d\manager\startup\index.ccc:1:1668)
    at EditorPreview._startEngine (C:\ProgramData\cocos\editors\Creator\3.8.5\resources\app.asar\builtin\scene\dist\script\3d\preload\editor-preview.js:1:973)
    at EditorPreview.start (C:\ProgramData\cocos\editors\Creator\3.8.5\resources\app.asar\builtin\scene\dist\script\3d\preload\editor-preview.js:1:468)
19-05-2026 08:38:23 - log: [PreviewInEditor] [PHYSICS2D]: switch from box2d-wasm to box2d.
19-05-2026 08:38:24 - log: [PreviewInEditor] [SceneManager] Initialized
19-05-2026 08:38:24 - log: [PreviewInEditor] [PopUpManager] Initialized
19-05-2026 08:38:24 - log: [PreviewInEditor] [WinBroadcastManager] Adding onSceneCallback: 1
19-05-2026 08:38:25 - log: [PreviewInEditor] [WsManager] 添加协议监听器: ANNOUNCEMENT
19-05-2026 08:38:26 - log: [PreviewInEditor] [GameManager] Loading API Manager..
19-05-2026 08:38:26 - log: [PreviewInEditor] [ApiCore] SDK 初始化完成
19-05-2026 08:38:26 - log: [PreviewInEditor] [WsManager] Start initializing the WebSocket manager...
19-05-2026 08:38:26 - log: [PreviewInEditor] [WsManager] WebSocket 管理器初始化成功
19-05-2026 08:38:26 - log: [PreviewInEditor] [WsManager] WebSocket 连接成功
19-05-2026 08:38:26 - log: [PreviewInEditor] [WinBroadcastManager] AllowAnnouncement Called: false
19-05-2026 08:38:28 - log: [PreviewInEditor] [WinBroadcastManager] AllowAnnouncement Called: true
19-05-2026 08:38:28 - log: [PreviewInEditor] [DragonEyeIntro][UIROOT] DEVICE TYPE: pc
19-05-2026 08:38:45 - log: [PreviewInEditor] [Game] CardPlayInComplete, AutoCount: 99999
19-05-2026 08:38:46 - log: [PreviewInEditor] [ScratchSystem] All cells scratched.
19-05-2026 08:38:47 - log: [PreviewInEditor] [Game] CardPlayInComplete, AutoCount: 99999
19-05-2026 08:38:47 - log: [PreviewInEditor] [ScratchSystem] All cells scratched.
19-05-2026 08:38:48 - log: [PreviewInEditor] [WsManager] 收到消息: {
  cmd: 'ANNOUNCEMENT',
  data: [
    {
      announcementType: 'BIG',
      bonus: '1',
      cardId: '2056534994767052802',
      cardNo: 'B7S-WrVZa30oiJuE',
      conditionType: 'AMOUNT_MULTIPLIER',
      gameId: '2000802906231672834',
      gameName: 'BLAZING 7s',
      playType: 'BLAZING_7S_SCRATCH',
      productId: 'GV1',
      settleTime: '2026-05-19 08:38:47.270090688',
      userName: '12345789798789456123rX',
      winAmount: 80
    }
  ]
}
19-05-2026 08:38:51 - log: [PreviewInEditor] [Game] CardPlayInComplete, AutoCount: 99999
19-05-2026 08:38:52 - warn: [PreviewInEditor] IPC message has been lost.Error: [PreviewInEditor] IPC message has been lost.
    at console.warn (C:\ProgramData\cocos\editors\Creator\3.8.5\resources\app.asar\node_modules\@sentry\src\instrument\console.ts:40:20)
    at IpcRenderer.<anonymous> (C:\ProgramData\cocos\editors\Creator\3.8.5\resources\app.asar\builtin\scene\dist\script\3d\manager\ipc\web\webview.ccc:1:1495)
    at IpcRenderer.emit (node:events:519:28)
    at Object.onMessage (node:electron/js2c/renderer_init:2:8837)
19-05-2026 08:38:53 - info: [PreviewInEditor] preview process is ready
19-05-2026 08:43:52 - log: [PreviewInEditor] meshopt wasm decoder initialized
19-05-2026 08:43:52 - log: [PreviewInEditor] [box2d]:box2d wasm lib loaded.
19-05-2026 08:43:52 - log: [PreviewInEditor] [bullet]:bullet wasm lib loaded.
19-05-2026 08:43:52 - log: [PreviewInEditor] [PHYSICS]: using builtin.
19-05-2026 08:43:52 - log: [PreviewInEditor] Cocos Creator v3.8.5
19-05-2026 08:43:52 - log: [PreviewInEditor] Using custom pipeline: Builtin
19-05-2026 08:43:52 - warn: [PreviewInEditor] The type of "PricePopUpOptions.enableInfinite" must be CCBoolean, not Boolean.Error: [PreviewInEditor] The type of "PricePopUpOptions.enableInfinite" must be CCBoolean, not Boolean.
    at console.warn (C:\ProgramData\cocos\editors\Creator\3.8.5\resources\app.asar\node_modules\@sentry\src\instrument\console.ts:40:20)
    at warn (C:\ProgramData\cocos\editors\Creator\3.8.5\resources\resources\3d\engine\bin\.cache\dev\editor\bundled\index.js:160148:12)
    at warnID (C:\ProgramData\cocos\editors\Creator\3.8.5\resources\resources\3d\engine\bin\.cache\dev\editor\bundled\index.js:160336:5)
    at parseType (C:\ProgramData\cocos\editors\Creator\3.8.5\resources\resources\3d\engine\bin\.cache\dev\editor\bundled\index.js:273012:11)
    at preprocessAttrs (C:\ProgramData\cocos\editors\Creator\3.8.5\resources\resources\3d\engine\bin\.cache\dev\editor\bundled\index.js:273122:11)
    at declareProperties (C:\ProgramData\cocos\editors\Creator\3.8.5\resources\resources\3d\engine\bin\.cache\dev\editor\bundled\index.js:141456:7)
    at CCClass (C:\ProgramData\cocos\editors\Creator\3.8.5\resources\resources\3d\engine\bin\.cache\dev\editor\bundled\index.js:141485:5)
    at eval (C:\ProgramData\cocos\editors\Creator\3.8.5\resources\resources\3d\engine\bin\.cache\dev\editor\bundled\index.js:270947:21)
    at eval (C:\ProgramData\cocos\editors\Creator\3.8.5\resources\resources\3d\engine\bin\.cache\dev\editor\bundled\index.js:271958:18)
    at Object.execute (file:///D:/Game-Engine%20Projects/Blazing7Test/temp/programming/packer-driver/targets/editor/chunks/ce/cee91858986803de21b8fb0d430d475e16fb194f.js:45:406)
    at doExec (C:\ProgramData\cocos\editors\Creator\3.8.5\resources\app.asar\node_modules\@editor\lib-programming\static\executor\systemjs-bridge\out\index.js:517:30)
    at postOrderExec (C:\ProgramData\cocos\editors\Creator\3.8.5\resources\app.asar\node_modules\@editor\lib-programming\static\executor\systemjs-bridge\out\index.js:508:21)
    at C:\ProgramData\cocos\editors\Creator\3.8.5\resources\app.asar\node_modules\@editor\lib-programming\static\executor\systemjs-bridge\out\index.js:493:28
    at Array.forEach (<anonymous>)
    at postOrderExec (C:\ProgramData\cocos\editors\Creator\3.8.5\resources\app.asar\node_modules\@editor\lib-programming\static\executor\systemjs-bridge\out\index.js:491:10)
    at C:\ProgramData\cocos\editors\Creator\3.8.5\resources\app.asar\node_modules\@editor\lib-programming\static\executor\systemjs-bridge\out\index.js:440:12
    at file:///D:/Game-Engine%20Projects/Blazing7Test/temp/programming/packer-driver/targets/editor/chunks/6d/6d8fd2b0177941b032ddc0733af48a561fb60657.js:13:13
    at Object.execute (file:///D:/Game-Engine%20Projects/Blazing7Test/temp/programming/packer-driver/targets/editor/chunks/6d/6d8fd2b0177941b032ddc0733af48a561fb60657.js:8:7)
    at Executor._importPrerequisiteModules (C:\ProgramData\cocos\editors\Creator\3.8.5\resources\app.asar\node_modules\@editor\lib-programming\src\executor\index.ts:358:13)
    at Executor.reload (C:\ProgramData\cocos\editors\Creator\3.8.5\resources\app.asar\node_modules\@editor\lib-programming\src\executor\index.ts:235:13)
    at C:\ProgramData\cocos\editors\Creator\3.8.5\resources\app.asar\builtin\scene\dist\script\3d\manager\scripts.ccc:1:1787
    at GlobalEnv.processQueue (C:\ProgramData\cocos\editors\Creator\3.8.5\resources\app.asar\builtin\scene\dist\script\3d\manager\scripts.ccc:1:2184)
    at GlobalEnv.record (C:\ProgramData\cocos\editors\Creator\3.8.5\resources\app.asar\builtin\scene\dist\script\3d\manager\scripts.ccc:1:1955)
    at ScriptManager.init (C:\ProgramData\cocos\editors\Creator\3.8.5\resources\app.asar\builtin\scene\dist\script\3d\manager\scripts.ccc:1:3794)
    at EngineStartup.openEngine (C:\ProgramData\cocos\editors\Creator\3.8.5\resources\app.asar\builtin\scene\dist\script\3d\manager\startup\engine\index.ccc:1:4229)
    at StartupManager.configEngine (C:\ProgramData\cocos\editors\Creator\3.8.5\resources\app.asar\builtin\scene\dist\script\3d\manager\startup\index.ccc:1:1668)
    at EditorPreview._startEngine (C:\ProgramData\cocos\editors\Creator\3.8.5\resources\app.asar\builtin\scene\dist\script\3d\preload\editor-preview.js:1:973)
    at EditorPreview.start (C:\ProgramData\cocos\editors\Creator\3.8.5\resources\app.asar\builtin\scene\dist\script\3d\preload\editor-preview.js:1:468)
19-05-2026 08:43:52 - warn: [PreviewInEditor] The type of "NodeMovement.startOnLoad" must be CCBoolean, not Boolean.Error: [PreviewInEditor] The type of "NodeMovement.startOnLoad" must be CCBoolean, not Boolean.
    at console.warn (C:\ProgramData\cocos\editors\Creator\3.8.5\resources\app.asar\node_modules\@sentry\src\instrument\console.ts:40:20)
    at warn (C:\ProgramData\cocos\editors\Creator\3.8.5\resources\resources\3d\engine\bin\.cache\dev\editor\bundled\index.js:160148:12)
    at warnID (C:\ProgramData\cocos\editors\Creator\3.8.5\resources\resources\3d\engine\bin\.cache\dev\editor\bundled\index.js:160336:5)
    at parseType (C:\ProgramData\cocos\editors\Creator\3.8.5\resources\resources\3d\engine\bin\.cache\dev\editor\bundled\index.js:273012:11)
    at preprocessAttrs (C:\ProgramData\cocos\editors\Creator\3.8.5\resources\resources\3d\engine\bin\.cache\dev\editor\bundled\index.js:273122:11)
    at declareProperties (C:\ProgramData\cocos\editors\Creator\3.8.5\resources\resources\3d\engine\bin\.cache\dev\editor\bundled\index.js:141456:7)
    at CCClass (C:\ProgramData\cocos\editors\Creator\3.8.5\resources\resources\3d\engine\bin\.cache\dev\editor\bundled\index.js:141485:5)
    at eval (C:\ProgramData\cocos\editors\Creator\3.8.5\resources\resources\3d\engine\bin\.cache\dev\editor\bundled\index.js:270947:21)
    at eval (C:\ProgramData\cocos\editors\Creator\3.8.5\resources\resources\3d\engine\bin\.cache\dev\editor\bundled\index.js:271958:18)
    at Object.execute (file:///D:/Game-Engine%20Projects/Blazing7Test/temp/programming/packer-driver/targets/editor/chunks/92/925467d3572d2b8767cc3499d84c91f370f4ea08.js:37:214)
    at doExec (C:\ProgramData\cocos\editors\Creator\3.8.5\resources\app.asar\node_modules\@editor\lib-programming\static\executor\systemjs-bridge\out\index.js:517:30)
    at postOrderExec (C:\ProgramData\cocos\editors\Creator\3.8.5\resources\app.asar\node_modules\@editor\lib-programming\static\executor\systemjs-bridge\out\index.js:508:21)
    at C:\ProgramData\cocos\editors\Creator\3.8.5\resources\app.asar\node_modules\@editor\lib-programming\static\executor\systemjs-bridge\out\index.js:493:28
    at Array.forEach (<anonymous>)
    at postOrderExec (C:\ProgramData\cocos\editors\Creator\3.8.5\resources\app.asar\node_modules\@editor\lib-programming\static\executor\systemjs-bridge\out\index.js:491:10)
    at C:\ProgramData\cocos\editors\Creator\3.8.5\resources\app.asar\node_modules\@editor\lib-programming\static\executor\systemjs-bridge\out\index.js:440:12
    at file:///D:/Game-Engine%20Projects/Blazing7Test/temp/programming/packer-driver/targets/editor/chunks/6d/6d8fd2b0177941b032ddc0733af48a561fb60657.js:13:13
    at Object.execute (file:///D:/Game-Engine%20Projects/Blazing7Test/temp/programming/packer-driver/targets/editor/chunks/6d/6d8fd2b0177941b032ddc0733af48a561fb60657.js:8:7)
    at Executor._importPrerequisiteModules (C:\ProgramData\cocos\editors\Creator\3.8.5\resources\app.asar\node_modules\@editor\lib-programming\src\executor\index.ts:358:13)
    at Executor.reload (C:\ProgramData\cocos\editors\Creator\3.8.5\resources\app.asar\node_modules\@editor\lib-programming\src\executor\index.ts:235:13)
    at C:\ProgramData\cocos\editors\Creator\3.8.5\resources\app.asar\builtin\scene\dist\script\3d\manager\scripts.ccc:1:1787
    at GlobalEnv.processQueue (C:\ProgramData\cocos\editors\Creator\3.8.5\resources\app.asar\builtin\scene\dist\script\3d\manager\scripts.ccc:1:2184)
    at GlobalEnv.record (C:\ProgramData\cocos\editors\Creator\3.8.5\resources\app.asar\builtin\scene\dist\script\3d\manager\scripts.ccc:1:1955)
    at ScriptManager.init (C:\ProgramData\cocos\editors\Creator\3.8.5\resources\app.asar\builtin\scene\dist\script\3d\manager\scripts.ccc:1:3794)
    at EngineStartup.openEngine (C:\ProgramData\cocos\editors\Creator\3.8.5\resources\app.asar\builtin\scene\dist\script\3d\manager\startup\engine\index.ccc:1:4229)
    at StartupManager.configEngine (C:\ProgramData\cocos\editors\Creator\3.8.5\resources\app.asar\builtin\scene\dist\script\3d\manager\startup\index.ccc:1:1668)
    at EditorPreview._startEngine (C:\ProgramData\cocos\editors\Creator\3.8.5\resources\app.asar\builtin\scene\dist\script\3d\preload\editor-preview.js:1:973)
    at EditorPreview.start (C:\ProgramData\cocos\editors\Creator\3.8.5\resources\app.asar\builtin\scene\dist\script\3d\preload\editor-preview.js:1:468)
19-05-2026 08:43:52 - warn: [PreviewInEditor] The type of "NodeMovement.disableOnReach" must be CCBoolean, not Boolean.Error: [PreviewInEditor] The type of "NodeMovement.disableOnReach" must be CCBoolean, not Boolean.
    at console.warn (C:\ProgramData\cocos\editors\Creator\3.8.5\resources\app.asar\node_modules\@sentry\src\instrument\console.ts:40:20)
    at warn (C:\ProgramData\cocos\editors\Creator\3.8.5\resources\resources\3d\engine\bin\.cache\dev\editor\bundled\index.js:160148:12)
    at warnID (C:\ProgramData\cocos\editors\Creator\3.8.5\resources\resources\3d\engine\bin\.cache\dev\editor\bundled\index.js:160336:5)
    at parseType (C:\ProgramData\cocos\editors\Creator\3.8.5\resources\resources\3d\engine\bin\.cache\dev\editor\bundled\index.js:273012:11)
    at preprocessAttrs (C:\ProgramData\cocos\editors\Creator\3.8.5\resources\resources\3d\engine\bin\.cache\dev\editor\bundled\index.js:273122:11)
    at declareProperties (C:\ProgramData\cocos\editors\Creator\3.8.5\resources\resources\3d\engine\bin\.cache\dev\editor\bundled\index.js:141456:7)
    at CCClass (C:\ProgramData\cocos\editors\Creator\3.8.5\resources\resources\3d\engine\bin\.cache\dev\editor\bundled\index.js:141485:5)
    at eval (C:\ProgramData\cocos\editors\Creator\3.8.5\resources\resources\3d\engine\bin\.cache\dev\editor\bundled\index.js:270947:21)
    at eval (C:\ProgramData\cocos\editors\Creator\3.8.5\resources\resources\3d\engine\bin\.cache\dev\editor\bundled\index.js:271958:18)
    at Object.execute (file:///D:/Game-Engine%20Projects/Blazing7Test/temp/programming/packer-driver/targets/editor/chunks/92/925467d3572d2b8767cc3499d84c91f370f4ea08.js:37:214)
    at doExec (C:\ProgramData\cocos\editors\Creator\3.8.5\resources\app.asar\node_modules\@editor\lib-programming\static\executor\systemjs-bridge\out\index.js:517:30)
    at postOrderExec (C:\ProgramData\cocos\editors\Creator\3.8.5\resources\app.asar\node_modules\@editor\lib-programming\static\executor\systemjs-bridge\out\index.js:508:21)
    at C:\ProgramData\cocos\editors\Creator\3.8.5\resources\app.asar\node_modules\@editor\lib-programming\static\executor\systemjs-bridge\out\index.js:493:28
    at Array.forEach (<anonymous>)
    at postOrderExec (C:\ProgramData\cocos\editors\Creator\3.8.5\resources\app.asar\node_modules\@editor\lib-programming\static\executor\systemjs-bridge\out\index.js:491:10)
    at C:\ProgramData\cocos\editors\Creator\3.8.5\resources\app.asar\node_modules\@editor\lib-programming\static\executor\systemjs-bridge\out\index.js:440:12
    at file:///D:/Game-Engine%20Projects/Blazing7Test/temp/programming/packer-driver/targets/editor/chunks/6d/6d8fd2b0177941b032ddc0733af48a561fb60657.js:13:13
    at Object.execute (file:///D:/Game-Engine%20Projects/Blazing7Test/temp/programming/packer-driver/targets/editor/chunks/6d/6d8fd2b0177941b032ddc0733af48a561fb60657.js:8:7)
    at Executor._importPrerequisiteModules (C:\ProgramData\cocos\editors\Creator\3.8.5\resources\app.asar\node_modules\@editor\lib-programming\src\executor\index.ts:358:13)
    at Executor.reload (C:\ProgramData\cocos\editors\Creator\3.8.5\resources\app.asar\node_modules\@editor\lib-programming\src\executor\index.ts:235:13)
    at C:\ProgramData\cocos\editors\Creator\3.8.5\resources\app.asar\builtin\scene\dist\script\3d\manager\scripts.ccc:1:1787
    at GlobalEnv.processQueue (C:\ProgramData\cocos\editors\Creator\3.8.5\resources\app.asar\builtin\scene\dist\script\3d\manager\scripts.ccc:1:2184)
    at GlobalEnv.record (C:\ProgramData\cocos\editors\Creator\3.8.5\resources\app.asar\builtin\scene\dist\script\3d\manager\scripts.ccc:1:1955)
    at ScriptManager.init (C:\ProgramData\cocos\editors\Creator\3.8.5\resources\app.asar\builtin\scene\dist\script\3d\manager\scripts.ccc:1:3794)
    at EngineStartup.openEngine (C:\ProgramData\cocos\editors\Creator\3.8.5\resources\app.asar\builtin\scene\dist\script\3d\manager\startup\engine\index.ccc:1:4229)
    at StartupManager.configEngine (C:\ProgramData\cocos\editors\Creator\3.8.5\resources\app.asar\builtin\scene\dist\script\3d\manager\startup\index.ccc:1:1668)
    at EditorPreview._startEngine (C:\ProgramData\cocos\editors\Creator\3.8.5\resources\app.asar\builtin\scene\dist\script\3d\preload\editor-preview.js:1:973)
    at EditorPreview.start (C:\ProgramData\cocos\editors\Creator\3.8.5\resources\app.asar\builtin\scene\dist\script\3d\preload\editor-preview.js:1:468)
19-05-2026 08:43:53 - log: [PreviewInEditor] [PHYSICS2D]: switch from box2d-wasm to box2d.
19-05-2026 08:43:54 - log: [PreviewInEditor] [SceneManager] Initialized
19-05-2026 08:43:54 - log: [PreviewInEditor] [PopUpManager] Initialized
19-05-2026 08:43:54 - log: [PreviewInEditor] [WinBroadcastManager] Adding onSceneCallback: 1
19-05-2026 08:43:54 - log: [PreviewInEditor] [WsManager] 添加协议监听器: ANNOUNCEMENT
19-05-2026 08:43:55 - log: [PreviewInEditor] [GameManager] Loading API Manager..
19-05-2026 08:43:55 - log: [PreviewInEditor] [ApiCore] SDK 初始化完成
19-05-2026 08:43:55 - log: [PreviewInEditor] [WsManager] Start initializing the WebSocket manager...
19-05-2026 08:43:55 - log: [PreviewInEditor] [WsManager] WebSocket 管理器初始化成功
19-05-2026 08:43:55 - log: [PreviewInEditor] [WsManager] WebSocket 连接成功
19-05-2026 08:43:56 - log: [PreviewInEditor] [WinBroadcastManager] AllowAnnouncement Called: false
19-05-2026 08:43:58 - log: [PreviewInEditor] [WinBroadcastManager] AllowAnnouncement Called: true
19-05-2026 08:43:58 - log: [PreviewInEditor] [DragonEyeIntro][UIROOT] DEVICE TYPE: pc
19-05-2026 08:43:59 - log: [PreviewInEditor] [Game] CardPlayInComplete, AutoCount: 0
19-05-2026 08:44:02 - log: [PreviewInEditor] [ScratchSystem] All cells scratched.
19-05-2026 08:44:04 - log: [PreviewInEditor] [Game] CardPlayInComplete, AutoCount: 0
19-05-2026 08:44:05 - log: [PreviewInEditor] [WsManager] 收到消息: {
  cmd: 'ANNOUNCEMENT',
  data: [
    {
      announcementType: 'BIG',
      bonus: '2',
      cardId: '2056536330745151490',
      cardNo: 'GB2-i0uWuY8K61IX',
      conditionType: 'AMOUNT_MULTIPLIER',
      gameId: '1988427174863962113',
      gameName: 'BANANA CRAZE',
      playType: 'GO_BANANAS2',
      productId: 'GV1',
      settleTime: '2026-05-19 08:44:04.504505177',
      userName: 'speedtesttk',
      winAmount: 2000
    }
  ]
}
19-05-2026 08:44:08 - log: [PreviewInEditor] [WsManager] 收到消息: {
  cmd: 'ANNOUNCEMENT',
  data: [
    {
      announcementType: 'BIG',
      bonus: '3',
      cardId: '2056536343621664769',
      cardNo: 'GB2-YzkpAQjALnLd',
      conditionType: 'AMOUNT_MULTIPLIER',
      gameId: '1988427174863962113',
      gameName: 'BANANA CRAZE',
      playType: 'GO_BANANAS2',
      productId: 'GV1',
      settleTime: '2026-05-19 08:44:07.574563804',
      userName: 'speedtesttk',
      winAmount: 3000
    }
  ]
}
19-05-2026 08:44:11 - warn: [PreviewInEditor] IPC message has been lost.Error: [PreviewInEditor] IPC message has been lost.
    at console.warn (C:\ProgramData\cocos\editors\Creator\3.8.5\resources\app.asar\node_modules\@sentry\src\instrument\console.ts:40:20)
    at IpcRenderer.<anonymous> (C:\ProgramData\cocos\editors\Creator\3.8.5\resources\app.asar\builtin\scene\dist\script\3d\manager\ipc\web\webview.ccc:1:1495)
    at IpcRenderer.emit (node:events:519:28)
    at Object.onMessage (node:electron/js2c/renderer_init:2:8837)
19-05-2026 08:44:11 - warn: [PreviewInEditor] IPC message has been lost.Error: [PreviewInEditor] IPC message has been lost.
    at console.warn (C:\ProgramData\cocos\editors\Creator\3.8.5\resources\app.asar\node_modules\@sentry\src\instrument\console.ts:40:20)
    at IpcRenderer.<anonymous> (C:\ProgramData\cocos\editors\Creator\3.8.5\resources\app.asar\builtin\scene\dist\script\3d\manager\ipc\web\webview.ccc:1:1495)
    at IpcRenderer.emit (node:events:519:28)
    at Object.onMessage (node:electron/js2c/renderer_init:2:8837)
19-05-2026 08:44:12 - info: [PreviewInEditor] preview process is ready
19-05-2026 08:46:42 - log: [PreviewInEditor] meshopt wasm decoder initialized
19-05-2026 08:46:42 - log: [PreviewInEditor] [bullet]:bullet wasm lib loaded.
19-05-2026 08:46:42 - log: [PreviewInEditor] [box2d]:box2d wasm lib loaded.
19-05-2026 08:46:42 - log: [PreviewInEditor] [PHYSICS]: using builtin.
19-05-2026 08:46:42 - log: [PreviewInEditor] Cocos Creator v3.8.5
19-05-2026 08:46:42 - log: [PreviewInEditor] Using custom pipeline: Builtin
19-05-2026 08:46:42 - warn: [PreviewInEditor] The type of "PricePopUpOptions.enableInfinite" must be CCBoolean, not Boolean.Error: [PreviewInEditor] The type of "PricePopUpOptions.enableInfinite" must be CCBoolean, not Boolean.
    at console.warn (C:\ProgramData\cocos\editors\Creator\3.8.5\resources\app.asar\node_modules\@sentry\src\instrument\console.ts:40:20)
    at warn (C:\ProgramData\cocos\editors\Creator\3.8.5\resources\resources\3d\engine\bin\.cache\dev\editor\bundled\index.js:160148:12)
    at warnID (C:\ProgramData\cocos\editors\Creator\3.8.5\resources\resources\3d\engine\bin\.cache\dev\editor\bundled\index.js:160336:5)
    at parseType (C:\ProgramData\cocos\editors\Creator\3.8.5\resources\resources\3d\engine\bin\.cache\dev\editor\bundled\index.js:273012:11)
    at preprocessAttrs (C:\ProgramData\cocos\editors\Creator\3.8.5\resources\resources\3d\engine\bin\.cache\dev\editor\bundled\index.js:273122:11)
    at declareProperties (C:\ProgramData\cocos\editors\Creator\3.8.5\resources\resources\3d\engine\bin\.cache\dev\editor\bundled\index.js:141456:7)
    at CCClass (C:\ProgramData\cocos\editors\Creator\3.8.5\resources\resources\3d\engine\bin\.cache\dev\editor\bundled\index.js:141485:5)
    at eval (C:\ProgramData\cocos\editors\Creator\3.8.5\resources\resources\3d\engine\bin\.cache\dev\editor\bundled\index.js:270947:21)
    at eval (C:\ProgramData\cocos\editors\Creator\3.8.5\resources\resources\3d\engine\bin\.cache\dev\editor\bundled\index.js:271958:18)
    at Object.execute (file:///D:/Game-Engine%20Projects/Blazing7Test/temp/programming/packer-driver/targets/editor/chunks/ce/cee91858986803de21b8fb0d430d475e16fb194f.js:45:406)
    at doExec (C:\ProgramData\cocos\editors\Creator\3.8.5\resources\app.asar\node_modules\@editor\lib-programming\static\executor\systemjs-bridge\out\index.js:517:30)
    at postOrderExec (C:\ProgramData\cocos\editors\Creator\3.8.5\resources\app.asar\node_modules\@editor\lib-programming\static\executor\systemjs-bridge\out\index.js:508:21)
    at C:\ProgramData\cocos\editors\Creator\3.8.5\resources\app.asar\node_modules\@editor\lib-programming\static\executor\systemjs-bridge\out\index.js:493:28
    at Array.forEach (<anonymous>)
    at postOrderExec (C:\ProgramData\cocos\editors\Creator\3.8.5\resources\app.asar\node_modules\@editor\lib-programming\static\executor\systemjs-bridge\out\index.js:491:10)
    at C:\ProgramData\cocos\editors\Creator\3.8.5\resources\app.asar\node_modules\@editor\lib-programming\static\executor\systemjs-bridge\out\index.js:440:12
    at file:///D:/Game-Engine%20Projects/Blazing7Test/temp/programming/packer-driver/targets/editor/chunks/6d/6d8fd2b0177941b032ddc0733af48a561fb60657.js:13:13
    at Object.execute (file:///D:/Game-Engine%20Projects/Blazing7Test/temp/programming/packer-driver/targets/editor/chunks/6d/6d8fd2b0177941b032ddc0733af48a561fb60657.js:8:7)
    at Executor._importPrerequisiteModules (C:\ProgramData\cocos\editors\Creator\3.8.5\resources\app.asar\node_modules\@editor\lib-programming\src\executor\index.ts:358:13)
    at Executor.reload (C:\ProgramData\cocos\editors\Creator\3.8.5\resources\app.asar\node_modules\@editor\lib-programming\src\executor\index.ts:235:13)
    at C:\ProgramData\cocos\editors\Creator\3.8.5\resources\app.asar\builtin\scene\dist\script\3d\manager\scripts.ccc:1:1787
    at GlobalEnv.processQueue (C:\ProgramData\cocos\editors\Creator\3.8.5\resources\app.asar\builtin\scene\dist\script\3d\manager\scripts.ccc:1:2184)
    at GlobalEnv.record (C:\ProgramData\cocos\editors\Creator\3.8.5\resources\app.asar\builtin\scene\dist\script\3d\manager\scripts.ccc:1:1955)
    at ScriptManager.init (C:\ProgramData\cocos\editors\Creator\3.8.5\resources\app.asar\builtin\scene\dist\script\3d\manager\scripts.ccc:1:3794)
    at EngineStartup.openEngine (C:\ProgramData\cocos\editors\Creator\3.8.5\resources\app.asar\builtin\scene\dist\script\3d\manager\startup\engine\index.ccc:1:4229)
    at StartupManager.configEngine (C:\ProgramData\cocos\editors\Creator\3.8.5\resources\app.asar\builtin\scene\dist\script\3d\manager\startup\index.ccc:1:1668)
    at EditorPreview._startEngine (C:\ProgramData\cocos\editors\Creator\3.8.5\resources\app.asar\builtin\scene\dist\script\3d\preload\editor-preview.js:1:973)
    at EditorPreview.start (C:\ProgramData\cocos\editors\Creator\3.8.5\resources\app.asar\builtin\scene\dist\script\3d\preload\editor-preview.js:1:468)
19-05-2026 08:46:42 - warn: [PreviewInEditor] The type of "NodeMovement.startOnLoad" must be CCBoolean, not Boolean.Error: [PreviewInEditor] The type of "NodeMovement.startOnLoad" must be CCBoolean, not Boolean.
    at console.warn (C:\ProgramData\cocos\editors\Creator\3.8.5\resources\app.asar\node_modules\@sentry\src\instrument\console.ts:40:20)
    at warn (C:\ProgramData\cocos\editors\Creator\3.8.5\resources\resources\3d\engine\bin\.cache\dev\editor\bundled\index.js:160148:12)
    at warnID (C:\ProgramData\cocos\editors\Creator\3.8.5\resources\resources\3d\engine\bin\.cache\dev\editor\bundled\index.js:160336:5)
    at parseType (C:\ProgramData\cocos\editors\Creator\3.8.5\resources\resources\3d\engine\bin\.cache\dev\editor\bundled\index.js:273012:11)
    at preprocessAttrs (C:\ProgramData\cocos\editors\Creator\3.8.5\resources\resources\3d\engine\bin\.cache\dev\editor\bundled\index.js:273122:11)
    at declareProperties (C:\ProgramData\cocos\editors\Creator\3.8.5\resources\resources\3d\engine\bin\.cache\dev\editor\bundled\index.js:141456:7)
    at CCClass (C:\ProgramData\cocos\editors\Creator\3.8.5\resources\resources\3d\engine\bin\.cache\dev\editor\bundled\index.js:141485:5)
    at eval (C:\ProgramData\cocos\editors\Creator\3.8.5\resources\resources\3d\engine\bin\.cache\dev\editor\bundled\index.js:270947:21)
    at eval (C:\ProgramData\cocos\editors\Creator\3.8.5\resources\resources\3d\engine\bin\.cache\dev\editor\bundled\index.js:271958:18)
    at Object.execute (file:///D:/Game-Engine%20Projects/Blazing7Test/temp/programming/packer-driver/targets/editor/chunks/92/925467d3572d2b8767cc3499d84c91f370f4ea08.js:37:214)
    at doExec (C:\ProgramData\cocos\editors\Creator\3.8.5\resources\app.asar\node_modules\@editor\lib-programming\static\executor\systemjs-bridge\out\index.js:517:30)
    at postOrderExec (C:\ProgramData\cocos\editors\Creator\3.8.5\resources\app.asar\node_modules\@editor\lib-programming\static\executor\systemjs-bridge\out\index.js:508:21)
    at C:\ProgramData\cocos\editors\Creator\3.8.5\resources\app.asar\node_modules\@editor\lib-programming\static\executor\systemjs-bridge\out\index.js:493:28
    at Array.forEach (<anonymous>)
    at postOrderExec (C:\ProgramData\cocos\editors\Creator\3.8.5\resources\app.asar\node_modules\@editor\lib-programming\static\executor\systemjs-bridge\out\index.js:491:10)
    at C:\ProgramData\cocos\editors\Creator\3.8.5\resources\app.asar\node_modules\@editor\lib-programming\static\executor\systemjs-bridge\out\index.js:440:12
    at file:///D:/Game-Engine%20Projects/Blazing7Test/temp/programming/packer-driver/targets/editor/chunks/6d/6d8fd2b0177941b032ddc0733af48a561fb60657.js:13:13
    at Object.execute (file:///D:/Game-Engine%20Projects/Blazing7Test/temp/programming/packer-driver/targets/editor/chunks/6d/6d8fd2b0177941b032ddc0733af48a561fb60657.js:8:7)
    at Executor._importPrerequisiteModules (C:\ProgramData\cocos\editors\Creator\3.8.5\resources\app.asar\node_modules\@editor\lib-programming\src\executor\index.ts:358:13)
    at Executor.reload (C:\ProgramData\cocos\editors\Creator\3.8.5\resources\app.asar\node_modules\@editor\lib-programming\src\executor\index.ts:235:13)
    at C:\ProgramData\cocos\editors\Creator\3.8.5\resources\app.asar\builtin\scene\dist\script\3d\manager\scripts.ccc:1:1787
    at GlobalEnv.processQueue (C:\ProgramData\cocos\editors\Creator\3.8.5\resources\app.asar\builtin\scene\dist\script\3d\manager\scripts.ccc:1:2184)
    at GlobalEnv.record (C:\ProgramData\cocos\editors\Creator\3.8.5\resources\app.asar\builtin\scene\dist\script\3d\manager\scripts.ccc:1:1955)
    at ScriptManager.init (C:\ProgramData\cocos\editors\Creator\3.8.5\resources\app.asar\builtin\scene\dist\script\3d\manager\scripts.ccc:1:3794)
    at EngineStartup.openEngine (C:\ProgramData\cocos\editors\Creator\3.8.5\resources\app.asar\builtin\scene\dist\script\3d\manager\startup\engine\index.ccc:1:4229)
    at StartupManager.configEngine (C:\ProgramData\cocos\editors\Creator\3.8.5\resources\app.asar\builtin\scene\dist\script\3d\manager\startup\index.ccc:1:1668)
    at EditorPreview._startEngine (C:\ProgramData\cocos\editors\Creator\3.8.5\resources\app.asar\builtin\scene\dist\script\3d\preload\editor-preview.js:1:973)
    at EditorPreview.start (C:\ProgramData\cocos\editors\Creator\3.8.5\resources\app.asar\builtin\scene\dist\script\3d\preload\editor-preview.js:1:468)
19-05-2026 08:46:42 - warn: [PreviewInEditor] The type of "NodeMovement.disableOnReach" must be CCBoolean, not Boolean.Error: [PreviewInEditor] The type of "NodeMovement.disableOnReach" must be CCBoolean, not Boolean.
    at console.warn (C:\ProgramData\cocos\editors\Creator\3.8.5\resources\app.asar\node_modules\@sentry\src\instrument\console.ts:40:20)
    at warn (C:\ProgramData\cocos\editors\Creator\3.8.5\resources\resources\3d\engine\bin\.cache\dev\editor\bundled\index.js:160148:12)
    at warnID (C:\ProgramData\cocos\editors\Creator\3.8.5\resources\resources\3d\engine\bin\.cache\dev\editor\bundled\index.js:160336:5)
    at parseType (C:\ProgramData\cocos\editors\Creator\3.8.5\resources\resources\3d\engine\bin\.cache\dev\editor\bundled\index.js:273012:11)
    at preprocessAttrs (C:\ProgramData\cocos\editors\Creator\3.8.5\resources\resources\3d\engine\bin\.cache\dev\editor\bundled\index.js:273122:11)
    at declareProperties (C:\ProgramData\cocos\editors\Creator\3.8.5\resources\resources\3d\engine\bin\.cache\dev\editor\bundled\index.js:141456:7)
    at CCClass (C:\ProgramData\cocos\editors\Creator\3.8.5\resources\resources\3d\engine\bin\.cache\dev\editor\bundled\index.js:141485:5)
    at eval (C:\ProgramData\cocos\editors\Creator\3.8.5\resources\resources\3d\engine\bin\.cache\dev\editor\bundled\index.js:270947:21)
    at eval (C:\ProgramData\cocos\editors\Creator\3.8.5\resources\resources\3d\engine\bin\.cache\dev\editor\bundled\index.js:271958:18)
    at Object.execute (file:///D:/Game-Engine%20Projects/Blazing7Test/temp/programming/packer-driver/targets/editor/chunks/92/925467d3572d2b8767cc3499d84c91f370f4ea08.js:37:214)
    at doExec (C:\ProgramData\cocos\editors\Creator\3.8.5\resources\app.asar\node_modules\@editor\lib-programming\static\executor\systemjs-bridge\out\index.js:517:30)
    at postOrderExec (C:\ProgramData\cocos\editors\Creator\3.8.5\resources\app.asar\node_modules\@editor\lib-programming\static\executor\systemjs-bridge\out\index.js:508:21)
    at C:\ProgramData\cocos\editors\Creator\3.8.5\resources\app.asar\node_modules\@editor\lib-programming\static\executor\systemjs-bridge\out\index.js:493:28
    at Array.forEach (<anonymous>)
    at postOrderExec (C:\ProgramData\cocos\editors\Creator\3.8.5\resources\app.asar\node_modules\@editor\lib-programming\static\executor\systemjs-bridge\out\index.js:491:10)
    at C:\ProgramData\cocos\editors\Creator\3.8.5\resources\app.asar\node_modules\@editor\lib-programming\static\executor\systemjs-bridge\out\index.js:440:12
    at file:///D:/Game-Engine%20Projects/Blazing7Test/temp/programming/packer-driver/targets/editor/chunks/6d/6d8fd2b0177941b032ddc0733af48a561fb60657.js:13:13
    at Object.execute (file:///D:/Game-Engine%20Projects/Blazing7Test/temp/programming/packer-driver/targets/editor/chunks/6d/6d8fd2b0177941b032ddc0733af48a561fb60657.js:8:7)
    at Executor._importPrerequisiteModules (C:\ProgramData\cocos\editors\Creator\3.8.5\resources\app.asar\node_modules\@editor\lib-programming\src\executor\index.ts:358:13)
    at Executor.reload (C:\ProgramData\cocos\editors\Creator\3.8.5\resources\app.asar\node_modules\@editor\lib-programming\src\executor\index.ts:235:13)
    at C:\ProgramData\cocos\editors\Creator\3.8.5\resources\app.asar\builtin\scene\dist\script\3d\manager\scripts.ccc:1:1787
    at GlobalEnv.processQueue (C:\ProgramData\cocos\editors\Creator\3.8.5\resources\app.asar\builtin\scene\dist\script\3d\manager\scripts.ccc:1:2184)
    at GlobalEnv.record (C:\ProgramData\cocos\editors\Creator\3.8.5\resources\app.asar\builtin\scene\dist\script\3d\manager\scripts.ccc:1:1955)
    at ScriptManager.init (C:\ProgramData\cocos\editors\Creator\3.8.5\resources\app.asar\builtin\scene\dist\script\3d\manager\scripts.ccc:1:3794)
    at EngineStartup.openEngine (C:\ProgramData\cocos\editors\Creator\3.8.5\resources\app.asar\builtin\scene\dist\script\3d\manager\startup\engine\index.ccc:1:4229)
    at StartupManager.configEngine (C:\ProgramData\cocos\editors\Creator\3.8.5\resources\app.asar\builtin\scene\dist\script\3d\manager\startup\index.ccc:1:1668)
    at EditorPreview._startEngine (C:\ProgramData\cocos\editors\Creator\3.8.5\resources\app.asar\builtin\scene\dist\script\3d\preload\editor-preview.js:1:973)
    at EditorPreview.start (C:\ProgramData\cocos\editors\Creator\3.8.5\resources\app.asar\builtin\scene\dist\script\3d\preload\editor-preview.js:1:468)
19-05-2026 08:46:43 - log: [PreviewInEditor] [PHYSICS2D]: switch from box2d-wasm to box2d.
19-05-2026 08:46:44 - log: [PreviewInEditor] [SceneManager] Initialized
19-05-2026 08:46:44 - log: [PreviewInEditor] [PopUpManager] Initialized
19-05-2026 08:46:44 - log: [PreviewInEditor] [WinBroadcastManager] Adding onSceneCallback: 1
19-05-2026 08:46:44 - log: [PreviewInEditor] [WsManager] 添加协议监听器: ANNOUNCEMENT
19-05-2026 08:46:45 - log: [PreviewInEditor] [GameManager] Loading API Manager..
19-05-2026 08:46:45 - log: [PreviewInEditor] [ApiCore] SDK 初始化完成
19-05-2026 08:46:45 - log: [PreviewInEditor] [WsManager] Start initializing the WebSocket manager...
19-05-2026 08:46:45 - log: [PreviewInEditor] [WsManager] WebSocket 管理器初始化成功
19-05-2026 08:46:45 - log: [PreviewInEditor] [WsManager] WebSocket 连接成功
19-05-2026 08:46:46 - log: [PreviewInEditor] [WinBroadcastManager] AllowAnnouncement Called: false
19-05-2026 08:46:46 - log: [PreviewInEditor] [WsManager] 收到消息: {
  cmd: 'ANNOUNCEMENT',
  data: [
    {
      announcementType: 'BIG',
      bonus: '1',
      cardId: '2056536991905873921',
      cardNo: 'GM-Qp0YgZvnQ5c8',
      conditionType: 'AMOUNT_MULTIPLIER',
      gameId: '1999828427414310913',
      gameName: 'GINTO MATCH',
      playType: 'GINTO_MATCH',
      productId: 'GV1',
      settleTime: '2026-05-19 08:46:45.603517025',
      userName: 'Test 05192026jZ',
      winAmount: 5
    }
  ]
}
19-05-2026 08:46:47 - log: [PreviewInEditor] [WinBroadcastManager] AllowAnnouncement Called: true
19-05-2026 08:46:47 - log: [PreviewInEditor] [DragonEyeIntro][UIROOT] DEVICE TYPE: pc
19-05-2026 08:46:47 - log: [PreviewInEditor] [Game] CardPlayInComplete, AutoCount: 0
19-05-2026 08:46:53 - log: [PreviewInEditor] [ScratchSystem] All cells scratched.
19-05-2026 08:46:54 - log: [PreviewInEditor] [WsManager] 收到消息: {
  cmd: 'ANNOUNCEMENT',
  data: [
    {
      announcementType: 'BIG',
      bonus: '1.2',
      cardId: '2056537033794387970',
      cardNo: 'GM-q8K8tvW4x54G',
      conditionType: 'AMOUNT_MULTIPLIER',
      gameId: '1999828427414310913',
      gameName: 'GINTO MATCH',
      playType: 'GINTO_MATCH',
      productId: 'GV1',
      settleTime: '2026-05-19 08:46:53.698868784',
      userName: 'Test 05192026jZ',
      winAmount: 6
    }
  ]
}
19-05-2026 08:47:00 - warn: [PreviewInEditor] 'LabelShadow.color' is deprecated. (Please use Label.shadowColor instead.)Error: [PreviewInEditor] 'LabelShadow.color' is deprecated. (Please use Label.shadowColor instead.)
    at console.warn (C:\ProgramData\cocos\editors\Creator\3.8.5\resources\app.asar\node_modules\@sentry\src\instrument\console.ts:40:20)
    at warn (C:\ProgramData\cocos\editors\Creator\3.8.5\resources\resources\3d\engine\bin\.cache\dev\editor\bundled\index.js:160148:12)
    at markAsWarningLog (C:\ProgramData\cocos\editors\Creator\3.8.5\resources\resources\3d\engine\bin\.cache\dev\editor\bundled\index.js:243816:11)
    at LabelShadow.d.get (C:\ProgramData\cocos\editors\Creator\3.8.5\resources\resources\3d\engine\bin\.cache\dev\editor\bundled\index.js:243826:15)
    at C:\ProgramData\cocos\editors\Creator\3.8.5\resources\app.asar\builtin\scene\dist\script\export\dump\encode.ccc:1:4734
    at Array.forEach (<anonymous>)
    at encodeComponent (C:\ProgramData\cocos\editors\Creator\3.8.5\resources\app.asar\builtin\scene\dist\script\export\dump\encode.ccc:1:4640)
    at C:\ProgramData\cocos\editors\Creator\3.8.5\resources\app.asar\builtin\scene\dist\script\export\dump\encode.ccc:1:2576
    at Array.map (<anonymous>)
    at encodeNode (C:\ProgramData\cocos\editors\Creator\3.8.5\resources\app.asar\builtin\scene\dist\script\export\dump\encode.ccc:1:2569)
    at DumpUtil.dumpNode (C:\ProgramData\cocos\editors\Creator\3.8.5\resources\app.asar\builtin\scene\dist\script\export\dump\index.ccc:1:685)
    at NodeManager.queryDump (C:\ProgramData\cocos\editors\Creator\3.8.5\resources\app.asar\builtin\scene\dist\script\3d\manager\node\index.ccc:1:5801)
    at PreviewSceneFacade.queryNodeDump (C:\ProgramData\cocos\editors\Creator\3.8.5\resources\app.asar\builtin\scene\dist\script\3d\facade\general-scene-facade.ccc:1:6751)
    at SceneFacadeManager.queryNodeDump (C:\ProgramData\cocos\editors\Creator\3.8.5\resources\app.asar\builtin\scene\dist\script\3d\facade\scene-facade-manager.ccc:1:10190)
    at step (C:\ProgramData\cocos\editors\Creator\3.8.5\resources\app.asar\builtin\scene\dist\script\3d\manager\ipc\web\ipc.ccc:1:732)
    at C:\ProgramData\cocos\editors\Creator\3.8.5\resources\app.asar\builtin\scene\dist\script\3d\manager\ipc\web\ipc.ccc:2:401
    at new Promise (<anonymous>)
    at C:\ProgramData\cocos\editors\Creator\3.8.5\resources\app.asar\builtin\scene\dist\script\3d\manager\ipc\web\ipc.ccc:2:338
    at IpcRenderer.<anonymous> (C:\ProgramData\cocos\editors\Creator\3.8.5\resources\app.asar\builtin\scene\dist\script\3d\manager\ipc\web\webview.ccc:1:1004)
    at IpcRenderer.emit (node:events:519:28)
    at Object.onMessage (node:electron/js2c/renderer_init:2:8837)
19-05-2026 08:47:00 - warn: [PreviewInEditor] 'LabelShadow.color' is deprecated. (Please use Label.shadowColor instead.)Error: [PreviewInEditor] 'LabelShadow.color' is deprecated. (Please use Label.shadowColor instead.)
    at console.warn (C:\ProgramData\cocos\editors\Creator\3.8.5\resources\app.asar\node_modules\@sentry\src\instrument\console.ts:40:20)
    at warn (C:\ProgramData\cocos\editors\Creator\3.8.5\resources\resources\3d\engine\bin\.cache\dev\editor\bundled\index.js:160148:12)
    at markAsWarningLog (C:\ProgramData\cocos\editors\Creator\3.8.5\resources\resources\3d\engine\bin\.cache\dev\editor\bundled\index.js:243816:11)
    at LabelShadow.d.get (C:\ProgramData\cocos\editors\Creator\3.8.5\resources\resources\3d\engine\bin\.cache\dev\editor\bundled\index.js:243826:15)
    at C:\ProgramData\cocos\editors\Creator\3.8.5\resources\app.asar\builtin\scene\dist\script\export\dump\encode.ccc:1:4799
    at Array.forEach (<anonymous>)
    at encodeComponent (C:\ProgramData\cocos\editors\Creator\3.8.5\resources\app.asar\builtin\scene\dist\script\export\dump\encode.ccc:1:4640)
    at C:\ProgramData\cocos\editors\Creator\3.8.5\resources\app.asar\builtin\scene\dist\script\export\dump\encode.ccc:1:2576
    at Array.map (<anonymous>)
    at encodeNode (C:\ProgramData\cocos\editors\Creator\3.8.5\resources\app.asar\builtin\scene\dist\script\export\dump\encode.ccc:1:2569)
    at DumpUtil.dumpNode (C:\ProgramData\cocos\editors\Creator\3.8.5\resources\app.asar\builtin\scene\dist\script\export\dump\index.ccc:1:685)
    at NodeManager.queryDump (C:\ProgramData\cocos\editors\Creator\3.8.5\resources\app.asar\builtin\scene\dist\script\3d\manager\node\index.ccc:1:5801)
    at PreviewSceneFacade.queryNodeDump (C:\ProgramData\cocos\editors\Creator\3.8.5\resources\app.asar\builtin\scene\dist\script\3d\facade\general-scene-facade.ccc:1:6751)
    at SceneFacadeManager.queryNodeDump (C:\ProgramData\cocos\editors\Creator\3.8.5\resources\app.asar\builtin\scene\dist\script\3d\facade\scene-facade-manager.ccc:1:10190)
    at step (C:\ProgramData\cocos\editors\Creator\3.8.5\resources\app.asar\builtin\scene\dist\script\3d\manager\ipc\web\ipc.ccc:1:732)
    at C:\ProgramData\cocos\editors\Creator\3.8.5\resources\app.asar\builtin\scene\dist\script\3d\manager\ipc\web\ipc.ccc:2:401
    at new Promise (<anonymous>)
    at C:\ProgramData\cocos\editors\Creator\3.8.5\resources\app.asar\builtin\scene\dist\script\3d\manager\ipc\web\ipc.ccc:2:338
    at IpcRenderer.<anonymous> (C:\ProgramData\cocos\editors\Creator\3.8.5\resources\app.asar\builtin\scene\dist\script\3d\manager\ipc\web\webview.ccc:1:1004)
    at IpcRenderer.emit (node:events:519:28)
    at Object.onMessage (node:electron/js2c/renderer_init:2:8837)
19-05-2026 08:47:00 - warn: [PreviewInEditor] 'LabelShadow.offset' is deprecated. (Please use Label.shadowOffset instead.)Error: [PreviewInEditor] 'LabelShadow.offset' is deprecated. (Please use Label.shadowOffset instead.)
    at console.warn (C:\ProgramData\cocos\editors\Creator\3.8.5\resources\app.asar\node_modules\@sentry\src\instrument\console.ts:40:20)
    at warn (C:\ProgramData\cocos\editors\Creator\3.8.5\resources\resources\3d\engine\bin\.cache\dev\editor\bundled\index.js:160148:12)
    at markAsWarningLog (C:\ProgramData\cocos\editors\Creator\3.8.5\resources\resources\3d\engine\bin\.cache\dev\editor\bundled\index.js:243816:11)
    at LabelShadow.d.get (C:\ProgramData\cocos\editors\Creator\3.8.5\resources\resources\3d\engine\bin\.cache\dev\editor\bundled\index.js:243826:15)
    at C:\ProgramData\cocos\editors\Creator\3.8.5\resources\app.asar\builtin\scene\dist\script\export\dump\encode.ccc:1:4734
    at Array.forEach (<anonymous>)
    at encodeComponent (C:\ProgramData\cocos\editors\Creator\3.8.5\resources\app.asar\builtin\scene\dist\script\export\dump\encode.ccc:1:4640)
    at C:\ProgramData\cocos\editors\Creator\3.8.5\resources\app.asar\builtin\scene\dist\script\export\dump\encode.ccc:1:2576
    at Array.map (<anonymous>)
    at encodeNode (C:\ProgramData\cocos\editors\Creator\3.8.5\resources\app.asar\builtin\scene\dist\script\export\dump\encode.ccc:1:2569)
    at DumpUtil.dumpNode (C:\ProgramData\cocos\editors\Creator\3.8.5\resources\app.asar\builtin\scene\dist\script\export\dump\index.ccc:1:685)
    at NodeManager.queryDump (C:\ProgramData\cocos\editors\Creator\3.8.5\resources\app.asar\builtin\scene\dist\script\3d\manager\node\index.ccc:1:5801)
    at PreviewSceneFacade.queryNodeDump (C:\ProgramData\cocos\editors\Creator\3.8.5\resources\app.asar\builtin\scene\dist\script\3d\facade\general-scene-facade.ccc:1:6751)
    at SceneFacadeManager.queryNodeDump (C:\ProgramData\cocos\editors\Creator\3.8.5\resources\app.asar\builtin\scene\dist\script\3d\facade\scene-facade-manager.ccc:1:10190)
    at step (C:\ProgramData\cocos\editors\Creator\3.8.5\resources\app.asar\builtin\scene\dist\script\3d\manager\ipc\web\ipc.ccc:1:732)
    at C:\ProgramData\cocos\editors\Creator\3.8.5\resources\app.asar\builtin\scene\dist\script\3d\manager\ipc\web\ipc.ccc:2:401
    at new Promise (<anonymous>)
    at C:\ProgramData\cocos\editors\Creator\3.8.5\resources\app.asar\builtin\scene\dist\script\3d\manager\ipc\web\ipc.ccc:2:338
    at IpcRenderer.<anonymous> (C:\ProgramData\cocos\editors\Creator\3.8.5\resources\app.asar\builtin\scene\dist\script\3d\manager\ipc\web\webview.ccc:1:1004)
    at IpcRenderer.emit (node:events:519:28)
    at Object.onMessage (node:electron/js2c/renderer_init:2:8837)
19-05-2026 08:47:00 - warn: [PreviewInEditor] 'LabelShadow.offset' is deprecated. (Please use Label.shadowOffset instead.)Error: [PreviewInEditor] 'LabelShadow.offset' is deprecated. (Please use Label.shadowOffset instead.)
    at console.warn (C:\ProgramData\cocos\editors\Creator\3.8.5\resources\app.asar\node_modules\@sentry\src\instrument\console.ts:40:20)
    at warn (C:\ProgramData\cocos\editors\Creator\3.8.5\resources\resources\3d\engine\bin\.cache\dev\editor\bundled\index.js:160148:12)
    at markAsWarningLog (C:\ProgramData\cocos\editors\Creator\3.8.5\resources\resources\3d\engine\bin\.cache\dev\editor\bundled\index.js:243816:11)
    at LabelShadow.d.get (C:\ProgramData\cocos\editors\Creator\3.8.5\resources\resources\3d\engine\bin\.cache\dev\editor\bundled\index.js:243826:15)
    at C:\ProgramData\cocos\editors\Creator\3.8.5\resources\app.asar\builtin\scene\dist\script\export\dump\encode.ccc:1:4799
    at Array.forEach (<anonymous>)
    at encodeComponent (C:\ProgramData\cocos\editors\Creator\3.8.5\resources\app.asar\builtin\scene\dist\script\export\dump\encode.ccc:1:4640)
    at C:\ProgramData\cocos\editors\Creator\3.8.5\resources\app.asar\builtin\scene\dist\script\export\dump\encode.ccc:1:2576
    at Array.map (<anonymous>)
    at encodeNode (C:\ProgramData\cocos\editors\Creator\3.8.5\resources\app.asar\builtin\scene\dist\script\export\dump\encode.ccc:1:2569)
    at DumpUtil.dumpNode (C:\ProgramData\cocos\editors\Creator\3.8.5\resources\app.asar\builtin\scene\dist\script\export\dump\index.ccc:1:685)
    at NodeManager.queryDump (C:\ProgramData\cocos\editors\Creator\3.8.5\resources\app.asar\builtin\scene\dist\script\3d\manager\node\index.ccc:1:5801)
    at PreviewSceneFacade.queryNodeDump (C:\ProgramData\cocos\editors\Creator\3.8.5\resources\app.asar\builtin\scene\dist\script\3d\facade\general-scene-facade.ccc:1:6751)
    at SceneFacadeManager.queryNodeDump (C:\ProgramData\cocos\editors\Creator\3.8.5\resources\app.asar\builtin\scene\dist\script\3d\facade\scene-facade-manager.ccc:1:10190)
    at step (C:\ProgramData\cocos\editors\Creator\3.8.5\resources\app.asar\builtin\scene\dist\script\3d\manager\ipc\web\ipc.ccc:1:732)
    at C:\ProgramData\cocos\editors\Creator\3.8.5\resources\app.asar\builtin\scene\dist\script\3d\manager\ipc\web\ipc.ccc:2:401
    at new Promise (<anonymous>)
    at C:\ProgramData\cocos\editors\Creator\3.8.5\resources\app.asar\builtin\scene\dist\script\3d\manager\ipc\web\ipc.ccc:2:338
    at IpcRenderer.<anonymous> (C:\ProgramData\cocos\editors\Creator\3.8.5\resources\app.asar\builtin\scene\dist\script\3d\manager\ipc\web\webview.ccc:1:1004)
    at IpcRenderer.emit (node:events:519:28)
    at Object.onMessage (node:electron/js2c/renderer_init:2:8837)
19-05-2026 08:47:00 - warn: [PreviewInEditor] 'LabelShadow.blur' is deprecated. (Please use Label.shadowBlur instead.)Error: [PreviewInEditor] 'LabelShadow.blur' is deprecated. (Please use Label.shadowBlur instead.)
    at console.warn (C:\ProgramData\cocos\editors\Creator\3.8.5\resources\app.asar\node_modules\@sentry\src\instrument\console.ts:40:20)
    at warn (C:\ProgramData\cocos\editors\Creator\3.8.5\resources\resources\3d\engine\bin\.cache\dev\editor\bundled\index.js:160148:12)
    at markAsWarningLog (C:\ProgramData\cocos\editors\Creator\3.8.5\resources\resources\3d\engine\bin\.cache\dev\editor\bundled\index.js:243816:11)
    at LabelShadow.d.get (C:\ProgramData\cocos\editors\Creator\3.8.5\resources\resources\3d\engine\bin\.cache\dev\editor\bundled\index.js:243826:15)
    at C:\ProgramData\cocos\editors\Creator\3.8.5\resources\app.asar\builtin\scene\dist\script\export\dump\encode.ccc:1:4734
    at Array.forEach (<anonymous>)
    at encodeComponent (C:\ProgramData\cocos\editors\Creator\3.8.5\resources\app.asar\builtin\scene\dist\script\export\dump\encode.ccc:1:4640)
    at C:\ProgramData\cocos\editors\Creator\3.8.5\resources\app.asar\builtin\scene\dist\script\export\dump\encode.ccc:1:2576
    at Array.map (<anonymous>)
    at encodeNode (C:\ProgramData\cocos\editors\Creator\3.8.5\resources\app.asar\builtin\scene\dist\script\export\dump\encode.ccc:1:2569)
    at DumpUtil.dumpNode (C:\ProgramData\cocos\editors\Creator\3.8.5\resources\app.asar\builtin\scene\dist\script\export\dump\index.ccc:1:685)
    at NodeManager.queryDump (C:\ProgramData\cocos\editors\Creator\3.8.5\resources\app.asar\builtin\scene\dist\script\3d\manager\node\index.ccc:1:5801)
    at PreviewSceneFacade.queryNodeDump (C:\ProgramData\cocos\editors\Creator\3.8.5\resources\app.asar\builtin\scene\dist\script\3d\facade\general-scene-facade.ccc:1:6751)
    at SceneFacadeManager.queryNodeDump (C:\ProgramData\cocos\editors\Creator\3.8.5\resources\app.asar\builtin\scene\dist\script\3d\facade\scene-facade-manager.ccc:1:10190)
    at step (C:\ProgramData\cocos\editors\Creator\3.8.5\resources\app.asar\builtin\scene\dist\script\3d\manager\ipc\web\ipc.ccc:1:732)
    at C:\ProgramData\cocos\editors\Creator\3.8.5\resources\app.asar\builtin\scene\dist\script\3d\manager\ipc\web\ipc.ccc:2:401
    at new Promise (<anonymous>)
    at C:\ProgramData\cocos\editors\Creator\3.8.5\resources\app.asar\builtin\scene\dist\script\3d\manager\ipc\web\ipc.ccc:2:338
    at IpcRenderer.<anonymous> (C:\ProgramData\cocos\editors\Creator\3.8.5\resources\app.asar\builtin\scene\dist\script\3d\manager\ipc\web\webview.ccc:1:1004)
    at IpcRenderer.emit (node:events:519:28)
    at Object.onMessage (node:electron/js2c/renderer_init:2:8837)
19-05-2026 08:47:00 - warn: [PreviewInEditor] 'LabelShadow.blur' is deprecated. (Please use Label.shadowBlur instead.)Error: [PreviewInEditor] 'LabelShadow.blur' is deprecated. (Please use Label.shadowBlur instead.)
    at console.warn (C:\ProgramData\cocos\editors\Creator\3.8.5\resources\app.asar\node_modules\@sentry\src\instrument\console.ts:40:20)
    at warn (C:\ProgramData\cocos\editors\Creator\3.8.5\resources\resources\3d\engine\bin\.cache\dev\editor\bundled\index.js:160148:12)
    at markAsWarningLog (C:\ProgramData\cocos\editors\Creator\3.8.5\resources\resources\3d\engine\bin\.cache\dev\editor\bundled\index.js:243816:11)
    at LabelShadow.d.get (C:\ProgramData\cocos\editors\Creator\3.8.5\resources\resources\3d\engine\bin\.cache\dev\editor\bundled\index.js:243826:15)
    at C:\ProgramData\cocos\editors\Creator\3.8.5\resources\app.asar\builtin\scene\dist\script\export\dump\encode.ccc:1:4799
    at Array.forEach (<anonymous>)
    at encodeComponent (C:\ProgramData\cocos\editors\Creator\3.8.5\resources\app.asar\builtin\scene\dist\script\export\dump\encode.ccc:1:4640)
    at C:\ProgramData\cocos\editors\Creator\3.8.5\resources\app.asar\builtin\scene\dist\script\export\dump\encode.ccc:1:2576
    at Array.map (<anonymous>)
    at encodeNode (C:\ProgramData\cocos\editors\Creator\3.8.5\resources\app.asar\builtin\scene\dist\script\export\dump\encode.ccc:1:2569)
    at DumpUtil.dumpNode (C:\ProgramData\cocos\editors\Creator\3.8.5\resources\app.asar\builtin\scene\dist\script\export\dump\index.ccc:1:685)
    at NodeManager.queryDump (C:\ProgramData\cocos\editors\Creator\3.8.5\resources\app.asar\builtin\scene\dist\script\3d\manager\node\index.ccc:1:5801)
    at PreviewSceneFacade.queryNodeDump (C:\ProgramData\cocos\editors\Creator\3.8.5\resources\app.asar\builtin\scene\dist\script\3d\facade\general-scene-facade.ccc:1:6751)
    at SceneFacadeManager.queryNodeDump (C:\ProgramData\cocos\editors\Creator\3.8.5\resources\app.asar\builtin\scene\dist\script\3d\facade\scene-facade-manager.ccc:1:10190)
    at step (C:\ProgramData\cocos\editors\Creator\3.8.5\resources\app.asar\builtin\scene\dist\script\3d\manager\ipc\web\ipc.ccc:1:732)
    at C:\ProgramData\cocos\editors\Creator\3.8.5\resources\app.asar\builtin\scene\dist\script\3d\manager\ipc\web\ipc.ccc:2:401
    at new Promise (<anonymous>)
    at C:\ProgramData\cocos\editors\Creator\3.8.5\resources\app.asar\builtin\scene\dist\script\3d\manager\ipc\web\ipc.ccc:2:338
    at IpcRenderer.<anonymous> (C:\ProgramData\cocos\editors\Creator\3.8.5\resources\app.asar\builtin\scene\dist\script\3d\manager\ipc\web\webview.ccc:1:1004)
    at IpcRenderer.emit (node:events:519:28)
    at Object.onMessage (node:electron/js2c/renderer_init:2:8837)
19-05-2026 08:47:13 - log: [PreviewInEditor] [WsManager] 收到消息: {
  cmd: 'ANNOUNCEMENT',
  data: [
    {
      announcementType: 'BIG',
      bonus: '3',
      cardId: '2056537103671492610',
      cardNo: 'GM-poPNBv53MuHN',
      conditionType: 'AMOUNT_MULTIPLIER',
      gameId: '1999828427414310913',
      gameName: 'GINTO MATCH',
      playType: 'GINTO_MATCH',
      productId: 'GV1',
      settleTime: '2026-05-19 08:47:12.352579848',
      userName: 'Test 05192026jZ',
      winAmount: 15
    }
  ]
}
19-05-2026 08:47:21 - log: [PreviewInEditor] [WsManager] 收到消息: {
  cmd: 'ANNOUNCEMENT',
  data: [
    {
      announcementType: 'BIG',
      bonus: '6.3',
      cardId: '2056537147648770050',
      cardNo: 'GM-9YpOlhTWzEh2',
      conditionType: 'AMOUNT_MULTIPLIER',
      gameId: '1999828427414310913',
      gameName: 'GINTO MATCH',
      playType: 'GINTO_MATCH',
      productId: 'GV1',
      settleTime: '2026-05-19 08:47:20.812611434',
      userName: 'Test 05192026jZ',
      winAmount: 31.5
    }
  ]
}
19-05-2026 08:47:34 - log: [PreviewInEditor] [WsManager] 收到消息: {
  cmd: 'ANNOUNCEMENT',
  data: [
    {
      announcementType: 'BIG',
      bonus: '2',
      cardId: '2056537194943741954',
      cardNo: 'GM-A8ioQv96Uf1J',
      conditionType: 'AMOUNT_MULTIPLIER',
      gameId: '1999828427414310913',
      gameName: 'GINTO MATCH',
      playType: 'GINTO_MATCH',
      productId: 'GV1',
      settleTime: '2026-05-19 08:47:34.104326926',
      userName: 'Test 05192026jZ',
      winAmount: 10
    }
  ]
}
19-05-2026 08:47:43 - log: [PreviewInEditor] [WsManager] 收到消息: {
  cmd: 'ANNOUNCEMENT',
  data: [
    {
      announcementType: 'BIG',
      bonus: '9.9',
      cardId: '2056537237520121857',
      cardNo: 'GM-eC8v9Pr59mvO',
      conditionType: 'AMOUNT_MULTIPLIER',
      gameId: '1999828427414310913',
      gameName: 'GINTO MATCH',
      playType: 'GINTO_MATCH',
      productId: 'GV1',
      settleTime: '2026-05-19 08:47:42.231678599',
      userName: 'Test 05192026jZ',
      winAmount: 49.5
    }
  ]
}
19-05-2026 08:48:06 - log: [PreviewInEditor] [WsManager] 收到消息: {
  cmd: 'ANNOUNCEMENT',
  data: [
    {
      announcementType: 'BIG',
      bonus: '19',
      cardId: '2056537329488625665',
      cardNo: 'GM-RvmBmhKUfZxS',
      conditionType: 'AMOUNT_MULTIPLIER',
      gameId: '1999828427414310913',
      gameName: 'GINTO MATCH',
      playType: 'GINTO_MATCH',
      productId: 'GV1',
      settleTime: '2026-05-19 08:48:06.141732658',
      userName: 'Test 05192026jZ',
      winAmount: 95
    }
  ]
}
19-05-2026 08:48:15 - log: [PreviewInEditor] [WsManager] 收到消息: {
  cmd: 'ANNOUNCEMENT',
  data: [
    {
      announcementType: 'BIG',
      bonus: '4.9',
      cardId: '2056537374820663298',
      cardNo: 'GM-dUmx3Gv3kZLR',
      conditionType: 'AMOUNT_MULTIPLIER',
      gameId: '1999828427414310913',
      gameName: 'GINTO MATCH',
      playType: 'GINTO_MATCH',
      productId: 'GV1',
      settleTime: '2026-05-19 08:48:15.061952384',
      userName: 'Test 05192026jZ',
      winAmount: 24.5
    }
  ]
}
19-05-2026 08:48:19 - log: [PreviewInEditor] [WsManager] 收到消息: {
  cmd: 'ANNOUNCEMENT',
  data: [
    {
      announcementType: 'BIG',
      bonus: '30',
      cardId: '2056537379312762881',
      cardNo: 'DEPS-zMQg8cUEJi6H',
      conditionType: 'AMOUNT_MULTIPLIER',
      gameId: '2039182388269027329',
      gameName: 'Fortune Ocean',
      playType: 'DEEP_SEA',
      productId: 'GV1',
      settleTime: '2026-05-19 08:48:18.503542608',
      userName: 'deepseatestcp',
      winAmount: 30000
    }
  ]
}
19-05-2026 08:48:28 - log: [PreviewInEditor] [WsManager] 收到消息: {
  cmd: 'ANNOUNCEMENT',
  data: [
    {
      announcementType: 'BIG',
      bonus: '7.1',
      cardId: '2056537421826228225',
      cardNo: 'GM-cxRuo2hJVHC0',
      conditionType: 'AMOUNT_MULTIPLIER',
      gameId: '1999828427414310913',
      gameName: 'GINTO MATCH',
      playType: 'GINTO_MATCH',
      productId: 'GV1',
      settleTime: '2026-05-19 08:48:28.161362811',
      userName: 'Test 05192026jZ',
      winAmount: 35.5
    }
  ]
}
19-05-2026 08:49:13 - log: [PreviewInEditor] [WsManager] 收到消息: {
  cmd: 'ANNOUNCEMENT',
  data: [
    {
      announcementType: 'BIG',
      bonus: '9.7',
      cardId: '2056537607449346049',
      cardNo: 'GM-oyJI3RBqV7kW',
      conditionType: 'AMOUNT_MULTIPLIER',
      gameId: '1999828427414310913',
      gameName: 'GINTO MATCH',
      playType: 'GINTO_MATCH',
      productId: 'GV1',
      settleTime: '2026-05-19 08:49:12.458902778',
      userName: 'Test 05192026jZ',
      winAmount: 48.5
    }
  ]
}
19-05-2026 08:49:27 - log: [PreviewInEditor] [WsManager] 收到消息: {
  cmd: 'ANNOUNCEMENT',
  data: [
    {
      announcementType: 'BIG',
      bonus: '0.9',
      cardId: '2056537663569133570',
      cardNo: 'GM-luK4n3RcvTwG',
      conditionType: 'AMOUNT',
      gameId: '1999828427414310913',
      gameName: 'GINTO MATCH',
      playType: 'GINTO_MATCH',
      productId: 'GV1',
      settleTime: '2026-05-19 08:49:26.281571093',
      userName: 'Test 05192026jZ',
      winAmount: 4.5
    }
  ]
}
19-05-2026 08:49:39 - log: [PreviewInEditor] [WsManager] 收到消息: {
  cmd: 'ANNOUNCEMENT',
  data: [
    {
      announcementType: 'BIG',
      bonus: '10.9',
      cardId: '2056537718912974849',
      cardNo: 'GM-mNT8EqVSMnf8',
      conditionType: 'AMOUNT_MULTIPLIER',
      gameId: '1999828427414310913',
      gameName: 'GINTO MATCH',
      playType: 'GINTO_MATCH',
      productId: 'GV1',
      settleTime: '2026-05-19 08:49:39.034113068',
      userName: 'Test 05192026jZ',
      winAmount: 54.5
    }
  ]
}
19-05-2026 08:49:48 - log: [PreviewInEditor] [WsManager] 收到消息: {
  cmd: 'ANNOUNCEMENT',
  data: [
    {
      announcementType: 'BIG',
      bonus: '1',
      cardId: '2056537763850747905',
      cardNo: 'GM-KA1Lh6yvH2TA',
      conditionType: 'AMOUNT_MULTIPLIER',
      gameId: '1999828427414310913',
      gameName: 'GINTO MATCH',
      playType: 'GINTO_MATCH',
      productId: 'GV1',
      settleTime: '2026-05-19 08:49:47.746928918',
      userName: 'Test 05192026jZ',
      winAmount: 5
    }
  ]
}
19-05-2026 08:49:53 - warn: [PreviewInEditor] IPC message has been lost.Error: [PreviewInEditor] IPC message has been lost.
    at console.warn (C:\ProgramData\cocos\editors\Creator\3.8.5\resources\app.asar\node_modules\@sentry\src\instrument\console.ts:40:20)
    at IpcRenderer.<anonymous> (C:\ProgramData\cocos\editors\Creator\3.8.5\resources\app.asar\builtin\scene\dist\script\3d\manager\ipc\web\webview.ccc:1:1495)
    at IpcRenderer.emit (node:events:519:28)
    at Object.onMessage (node:electron/js2c/renderer_init:2:8837)
19-05-2026 08:49:53 - info: [PreviewInEditor] preview process is ready
19-05-2026 09:06:51 - warn: [Scene] The type of "PricePopUpOptions.enableInfinite" must be CCBoolean, not Boolean.Error: [Scene] The type of "PricePopUpOptions.enableInfinite" must be CCBoolean, not Boolean.
    at console.warn (C:\ProgramData\cocos\editors\Creator\3.8.5\resources\app.asar\node_modules\@sentry\src\instrument\console.ts:40:20)
    at warn (C:\ProgramData\cocos\editors\Creator\3.8.5\resources\resources\3d\engine\bin\.cache\dev\editor\bundled\index.js:160148:12)
    at warnID (C:\ProgramData\cocos\editors\Creator\3.8.5\resources\resources\3d\engine\bin\.cache\dev\editor\bundled\index.js:160336:5)
    at parseType (C:\ProgramData\cocos\editors\Creator\3.8.5\resources\resources\3d\engine\bin\.cache\dev\editor\bundled\index.js:273012:11)
    at preprocessAttrs (C:\ProgramData\cocos\editors\Creator\3.8.5\resources\resources\3d\engine\bin\.cache\dev\editor\bundled\index.js:273122:11)
    at declareProperties (C:\ProgramData\cocos\editors\Creator\3.8.5\resources\resources\3d\engine\bin\.cache\dev\editor\bundled\index.js:141456:7)
    at CCClass (C:\ProgramData\cocos\editors\Creator\3.8.5\resources\resources\3d\engine\bin\.cache\dev\editor\bundled\index.js:141485:5)
    at eval (C:\ProgramData\cocos\editors\Creator\3.8.5\resources\resources\3d\engine\bin\.cache\dev\editor\bundled\index.js:270947:21)
    at eval (C:\ProgramData\cocos\editors\Creator\3.8.5\resources\resources\3d\engine\bin\.cache\dev\editor\bundled\index.js:271958:18)
    at Object.execute (file:///D:/Game-Engine%20Projects/Blazing7Test/temp/programming/packer-driver/targets/editor/chunks/ce/cee91858986803de21b8fb0d430d475e16fb194f.js:45:406)
    at doExec (C:\ProgramData\cocos\editors\Creator\3.8.5\resources\app.asar\node_modules\@editor\lib-programming\static\executor\systemjs-bridge\out\index.js:517:30)
    at postOrderExec (C:\ProgramData\cocos\editors\Creator\3.8.5\resources\app.asar\node_modules\@editor\lib-programming\static\executor\systemjs-bridge\out\index.js:508:21)
    at C:\ProgramData\cocos\editors\Creator\3.8.5\resources\app.asar\node_modules\@editor\lib-programming\static\executor\systemjs-bridge\out\index.js:493:28
    at Array.forEach (<anonymous>)
    at postOrderExec (C:\ProgramData\cocos\editors\Creator\3.8.5\resources\app.asar\node_modules\@editor\lib-programming\static\executor\systemjs-bridge\out\index.js:491:10)
    at C:\ProgramData\cocos\editors\Creator\3.8.5\resources\app.asar\node_modules\@editor\lib-programming\static\executor\systemjs-bridge\out\index.js:440:12
    at file:///D:/Game-Engine%20Projects/Blazing7Test/temp/programming/packer-driver/targets/editor/chunks/6d/6d8fd2b0177941b032ddc0733af48a561fb60657.js:13:13
    at Object.execute (file:///D:/Game-Engine%20Projects/Blazing7Test/temp/programming/packer-driver/targets/editor/chunks/6d/6d8fd2b0177941b032ddc0733af48a561fb60657.js:8:7)
    at Executor._importPrerequisiteModules (C:\ProgramData\cocos\editors\Creator\3.8.5\resources\app.asar\node_modules\@editor\lib-programming\src\executor\index.ts:358:13)
    at Executor.reload (C:\ProgramData\cocos\editors\Creator\3.8.5\resources\app.asar\node_modules\@editor\lib-programming\src\executor\index.ts:235:13)
    at C:\ProgramData\cocos\editors\Creator\3.8.5\resources\app.asar\builtin\scene\dist\script\3d\manager\scripts.ccc:1:1787
    at GlobalEnv.processQueue (C:\ProgramData\cocos\editors\Creator\3.8.5\resources\app.asar\builtin\scene\dist\script\3d\manager\scripts.ccc:1:2184)
    at GlobalEnv.record (C:\ProgramData\cocos\editors\Creator\3.8.5\resources\app.asar\builtin\scene\dist\script\3d\manager\scripts.ccc:1:1955)
19-05-2026 09:06:51 - warn: [Scene] The type of "NodeMovement.startOnLoad" must be CCBoolean, not Boolean.Error: [Scene] The type of "NodeMovement.startOnLoad" must be CCBoolean, not Boolean.
    at console.warn (C:\ProgramData\cocos\editors\Creator\3.8.5\resources\app.asar\node_modules\@sentry\src\instrument\console.ts:40:20)
    at warn (C:\ProgramData\cocos\editors\Creator\3.8.5\resources\resources\3d\engine\bin\.cache\dev\editor\bundled\index.js:160148:12)
    at warnID (C:\ProgramData\cocos\editors\Creator\3.8.5\resources\resources\3d\engine\bin\.cache\dev\editor\bundled\index.js:160336:5)
    at parseType (C:\ProgramData\cocos\editors\Creator\3.8.5\resources\resources\3d\engine\bin\.cache\dev\editor\bundled\index.js:273012:11)
    at preprocessAttrs (C:\ProgramData\cocos\editors\Creator\3.8.5\resources\resources\3d\engine\bin\.cache\dev\editor\bundled\index.js:273122:11)
    at declareProperties (C:\ProgramData\cocos\editors\Creator\3.8.5\resources\resources\3d\engine\bin\.cache\dev\editor\bundled\index.js:141456:7)
    at CCClass (C:\ProgramData\cocos\editors\Creator\3.8.5\resources\resources\3d\engine\bin\.cache\dev\editor\bundled\index.js:141485:5)
    at eval (C:\ProgramData\cocos\editors\Creator\3.8.5\resources\resources\3d\engine\bin\.cache\dev\editor\bundled\index.js:270947:21)
    at eval (C:\ProgramData\cocos\editors\Creator\3.8.5\resources\resources\3d\engine\bin\.cache\dev\editor\bundled\index.js:271958:18)
    at Object.execute (file:///D:/Game-Engine%20Projects/Blazing7Test/temp/programming/packer-driver/targets/editor/chunks/92/925467d3572d2b8767cc3499d84c91f370f4ea08.js:37:214)
    at doExec (C:\ProgramData\cocos\editors\Creator\3.8.5\resources\app.asar\node_modules\@editor\lib-programming\static\executor\systemjs-bridge\out\index.js:517:30)
    at postOrderExec (C:\ProgramData\cocos\editors\Creator\3.8.5\resources\app.asar\node_modules\@editor\lib-programming\static\executor\systemjs-bridge\out\index.js:508:21)
    at C:\ProgramData\cocos\editors\Creator\3.8.5\resources\app.asar\node_modules\@editor\lib-programming\static\executor\systemjs-bridge\out\index.js:493:28
    at Array.forEach (<anonymous>)
    at postOrderExec (C:\ProgramData\cocos\editors\Creator\3.8.5\resources\app.asar\node_modules\@editor\lib-programming\static\executor\systemjs-bridge\out\index.js:491:10)
    at C:\ProgramData\cocos\editors\Creator\3.8.5\resources\app.asar\node_modules\@editor\lib-programming\static\executor\systemjs-bridge\out\index.js:440:12
    at file:///D:/Game-Engine%20Projects/Blazing7Test/temp/programming/packer-driver/targets/editor/chunks/6d/6d8fd2b0177941b032ddc0733af48a561fb60657.js:13:13
    at Object.execute (file:///D:/Game-Engine%20Projects/Blazing7Test/temp/programming/packer-driver/targets/editor/chunks/6d/6d8fd2b0177941b032ddc0733af48a561fb60657.js:8:7)
    at Executor._importPrerequisiteModules (C:\ProgramData\cocos\editors\Creator\3.8.5\resources\app.asar\node_modules\@editor\lib-programming\src\executor\index.ts:358:13)
    at Executor.reload (C:\ProgramData\cocos\editors\Creator\3.8.5\resources\app.asar\node_modules\@editor\lib-programming\src\executor\index.ts:235:13)
    at C:\ProgramData\cocos\editors\Creator\3.8.5\resources\app.asar\builtin\scene\dist\script\3d\manager\scripts.ccc:1:1787
    at GlobalEnv.processQueue (C:\ProgramData\cocos\editors\Creator\3.8.5\resources\app.asar\builtin\scene\dist\script\3d\manager\scripts.ccc:1:2184)
    at GlobalEnv.record (C:\ProgramData\cocos\editors\Creator\3.8.5\resources\app.asar\builtin\scene\dist\script\3d\manager\scripts.ccc:1:1955)
19-05-2026 09:06:51 - warn: [Scene] The type of "NodeMovement.disableOnReach" must be CCBoolean, not Boolean.Error: [Scene] The type of "NodeMovement.disableOnReach" must be CCBoolean, not Boolean.
    at console.warn (C:\ProgramData\cocos\editors\Creator\3.8.5\resources\app.asar\node_modules\@sentry\src\instrument\console.ts:40:20)
    at warn (C:\ProgramData\cocos\editors\Creator\3.8.5\resources\resources\3d\engine\bin\.cache\dev\editor\bundled\index.js:160148:12)
    at warnID (C:\ProgramData\cocos\editors\Creator\3.8.5\resources\resources\3d\engine\bin\.cache\dev\editor\bundled\index.js:160336:5)
    at parseType (C:\ProgramData\cocos\editors\Creator\3.8.5\resources\resources\3d\engine\bin\.cache\dev\editor\bundled\index.js:273012:11)
    at preprocessAttrs (C:\ProgramData\cocos\editors\Creator\3.8.5\resources\resources\3d\engine\bin\.cache\dev\editor\bundled\index.js:273122:11)
    at declareProperties (C:\ProgramData\cocos\editors\Creator\3.8.5\resources\resources\3d\engine\bin\.cache\dev\editor\bundled\index.js:141456:7)
    at CCClass (C:\ProgramData\cocos\editors\Creator\3.8.5\resources\resources\3d\engine\bin\.cache\dev\editor\bundled\index.js:141485:5)
    at eval (C:\ProgramData\cocos\editors\Creator\3.8.5\resources\resources\3d\engine\bin\.cache\dev\editor\bundled\index.js:270947:21)
    at eval (C:\ProgramData\cocos\editors\Creator\3.8.5\resources\resources\3d\engine\bin\.cache\dev\editor\bundled\index.js:271958:18)
    at Object.execute (file:///D:/Game-Engine%20Projects/Blazing7Test/temp/programming/packer-driver/targets/editor/chunks/92/925467d3572d2b8767cc3499d84c91f370f4ea08.js:37:214)
    at doExec (C:\ProgramData\cocos\editors\Creator\3.8.5\resources\app.asar\node_modules\@editor\lib-programming\static\executor\systemjs-bridge\out\index.js:517:30)
    at postOrderExec (C:\ProgramData\cocos\editors\Creator\3.8.5\resources\app.asar\node_modules\@editor\lib-programming\static\executor\systemjs-bridge\out\index.js:508:21)
    at C:\ProgramData\cocos\editors\Creator\3.8.5\resources\app.asar\node_modules\@editor\lib-programming\static\executor\systemjs-bridge\out\index.js:493:28
    at Array.forEach (<anonymous>)
    at postOrderExec (C:\ProgramData\cocos\editors\Creator\3.8.5\resources\app.asar\node_modules\@editor\lib-programming\static\executor\systemjs-bridge\out\index.js:491:10)
    at C:\ProgramData\cocos\editors\Creator\3.8.5\resources\app.asar\node_modules\@editor\lib-programming\static\executor\systemjs-bridge\out\index.js:440:12
    at file:///D:/Game-Engine%20Projects/Blazing7Test/temp/programming/packer-driver/targets/editor/chunks/6d/6d8fd2b0177941b032ddc0733af48a561fb60657.js:13:13
    at Object.execute (file:///D:/Game-Engine%20Projects/Blazing7Test/temp/programming/packer-driver/targets/editor/chunks/6d/6d8fd2b0177941b032ddc0733af48a561fb60657.js:8:7)
    at Executor._importPrerequisiteModules (C:\ProgramData\cocos\editors\Creator\3.8.5\resources\app.asar\node_modules\@editor\lib-programming\src\executor\index.ts:358:13)
    at Executor.reload (C:\ProgramData\cocos\editors\Creator\3.8.5\resources\app.asar\node_modules\@editor\lib-programming\src\executor\index.ts:235:13)
    at C:\ProgramData\cocos\editors\Creator\3.8.5\resources\app.asar\builtin\scene\dist\script\3d\manager\scripts.ccc:1:1787
    at GlobalEnv.processQueue (C:\ProgramData\cocos\editors\Creator\3.8.5\resources\app.asar\builtin\scene\dist\script\3d\manager\scripts.ccc:1:2184)
    at GlobalEnv.record (C:\ProgramData\cocos\editors\Creator\3.8.5\resources\app.asar\builtin\scene\dist\script\3d\manager\scripts.ccc:1:1955)
19-05-2026 09:06:54 - log: [PreviewInEditor] meshopt wasm decoder initialized
19-05-2026 09:06:54 - log: [PreviewInEditor] [box2d]:box2d wasm lib loaded.
19-05-2026 09:06:54 - log: [PreviewInEditor] [bullet]:bullet wasm lib loaded.
19-05-2026 09:06:54 - log: [PreviewInEditor] [PHYSICS]: using builtin.
19-05-2026 09:06:54 - log: [PreviewInEditor] Cocos Creator v3.8.5
19-05-2026 09:06:54 - log: [PreviewInEditor] Using custom pipeline: Builtin
19-05-2026 09:06:54 - warn: [PreviewInEditor] The type of "PricePopUpOptions.enableInfinite" must be CCBoolean, not Boolean.Error: [PreviewInEditor] The type of "PricePopUpOptions.enableInfinite" must be CCBoolean, not Boolean.
    at console.warn (C:\ProgramData\cocos\editors\Creator\3.8.5\resources\app.asar\node_modules\@sentry\src\instrument\console.ts:40:20)
    at warn (C:\ProgramData\cocos\editors\Creator\3.8.5\resources\resources\3d\engine\bin\.cache\dev\editor\bundled\index.js:160148:12)
    at warnID (C:\ProgramData\cocos\editors\Creator\3.8.5\resources\resources\3d\engine\bin\.cache\dev\editor\bundled\index.js:160336:5)
    at parseType (C:\ProgramData\cocos\editors\Creator\3.8.5\resources\resources\3d\engine\bin\.cache\dev\editor\bundled\index.js:273012:11)
    at preprocessAttrs (C:\ProgramData\cocos\editors\Creator\3.8.5\resources\resources\3d\engine\bin\.cache\dev\editor\bundled\index.js:273122:11)
    at declareProperties (C:\ProgramData\cocos\editors\Creator\3.8.5\resources\resources\3d\engine\bin\.cache\dev\editor\bundled\index.js:141456:7)
    at CCClass (C:\ProgramData\cocos\editors\Creator\3.8.5\resources\resources\3d\engine\bin\.cache\dev\editor\bundled\index.js:141485:5)
    at eval (C:\ProgramData\cocos\editors\Creator\3.8.5\resources\resources\3d\engine\bin\.cache\dev\editor\bundled\index.js:270947:21)
    at eval (C:\ProgramData\cocos\editors\Creator\3.8.5\resources\resources\3d\engine\bin\.cache\dev\editor\bundled\index.js:271958:18)
    at Object.execute (file:///D:/Game-Engine%20Projects/Blazing7Test/temp/programming/packer-driver/targets/editor/chunks/ce/cee91858986803de21b8fb0d430d475e16fb194f.js:45:406)
    at doExec (C:\ProgramData\cocos\editors\Creator\3.8.5\resources\app.asar\node_modules\@editor\lib-programming\static\executor\systemjs-bridge\out\index.js:517:30)
    at postOrderExec (C:\ProgramData\cocos\editors\Creator\3.8.5\resources\app.asar\node_modules\@editor\lib-programming\static\executor\systemjs-bridge\out\index.js:508:21)
    at C:\ProgramData\cocos\editors\Creator\3.8.5\resources\app.asar\node_modules\@editor\lib-programming\static\executor\systemjs-bridge\out\index.js:493:28
    at Array.forEach (<anonymous>)
    at postOrderExec (C:\ProgramData\cocos\editors\Creator\3.8.5\resources\app.asar\node_modules\@editor\lib-programming\static\executor\systemjs-bridge\out\index.js:491:10)
    at C:\ProgramData\cocos\editors\Creator\3.8.5\resources\app.asar\node_modules\@editor\lib-programming\static\executor\systemjs-bridge\out\index.js:440:12
    at file:///D:/Game-Engine%20Projects/Blazing7Test/temp/programming/packer-driver/targets/editor/chunks/6d/6d8fd2b0177941b032ddc0733af48a561fb60657.js:13:13
    at Object.execute (file:///D:/Game-Engine%20Projects/Blazing7Test/temp/programming/packer-driver/targets/editor/chunks/6d/6d8fd2b0177941b032ddc0733af48a561fb60657.js:8:7)
    at Executor._importPrerequisiteModules (C:\ProgramData\cocos\editors\Creator\3.8.5\resources\app.asar\node_modules\@editor\lib-programming\src\executor\index.ts:358:13)
    at Executor.reload (C:\ProgramData\cocos\editors\Creator\3.8.5\resources\app.asar\node_modules\@editor\lib-programming\src\executor\index.ts:235:13)
    at C:\ProgramData\cocos\editors\Creator\3.8.5\resources\app.asar\builtin\scene\dist\script\3d\manager\scripts.ccc:1:1787
    at GlobalEnv.processQueue (C:\ProgramData\cocos\editors\Creator\3.8.5\resources\app.asar\builtin\scene\dist\script\3d\manager\scripts.ccc:1:2184)
    at GlobalEnv.record (C:\ProgramData\cocos\editors\Creator\3.8.5\resources\app.asar\builtin\scene\dist\script\3d\manager\scripts.ccc:1:1955)
    at ScriptManager.init (C:\ProgramData\cocos\editors\Creator\3.8.5\resources\app.asar\builtin\scene\dist\script\3d\manager\scripts.ccc:1:3794)
    at EngineStartup.openEngine (C:\ProgramData\cocos\editors\Creator\3.8.5\resources\app.asar\builtin\scene\dist\script\3d\manager\startup\engine\index.ccc:1:4229)
    at StartupManager.configEngine (C:\ProgramData\cocos\editors\Creator\3.8.5\resources\app.asar\builtin\scene\dist\script\3d\manager\startup\index.ccc:1:1668)
    at EditorPreview._startEngine (C:\ProgramData\cocos\editors\Creator\3.8.5\resources\app.asar\builtin\scene\dist\script\3d\preload\editor-preview.js:1:973)
    at EditorPreview.start (C:\ProgramData\cocos\editors\Creator\3.8.5\resources\app.asar\builtin\scene\dist\script\3d\preload\editor-preview.js:1:468)
19-05-2026 09:06:54 - warn: [PreviewInEditor] The type of "NodeMovement.startOnLoad" must be CCBoolean, not Boolean.Error: [PreviewInEditor] The type of "NodeMovement.startOnLoad" must be CCBoolean, not Boolean.
    at console.warn (C:\ProgramData\cocos\editors\Creator\3.8.5\resources\app.asar\node_modules\@sentry\src\instrument\console.ts:40:20)
    at warn (C:\ProgramData\cocos\editors\Creator\3.8.5\resources\resources\3d\engine\bin\.cache\dev\editor\bundled\index.js:160148:12)
    at warnID (C:\ProgramData\cocos\editors\Creator\3.8.5\resources\resources\3d\engine\bin\.cache\dev\editor\bundled\index.js:160336:5)
    at parseType (C:\ProgramData\cocos\editors\Creator\3.8.5\resources\resources\3d\engine\bin\.cache\dev\editor\bundled\index.js:273012:11)
    at preprocessAttrs (C:\ProgramData\cocos\editors\Creator\3.8.5\resources\resources\3d\engine\bin\.cache\dev\editor\bundled\index.js:273122:11)
    at declareProperties (C:\ProgramData\cocos\editors\Creator\3.8.5\resources\resources\3d\engine\bin\.cache\dev\editor\bundled\index.js:141456:7)
    at CCClass (C:\ProgramData\cocos\editors\Creator\3.8.5\resources\resources\3d\engine\bin\.cache\dev\editor\bundled\index.js:141485:5)
    at eval (C:\ProgramData\cocos\editors\Creator\3.8.5\resources\resources\3d\engine\bin\.cache\dev\editor\bundled\index.js:270947:21)
    at eval (C:\ProgramData\cocos\editors\Creator\3.8.5\resources\resources\3d\engine\bin\.cache\dev\editor\bundled\index.js:271958:18)
    at Object.execute (file:///D:/Game-Engine%20Projects/Blazing7Test/temp/programming/packer-driver/targets/editor/chunks/92/925467d3572d2b8767cc3499d84c91f370f4ea08.js:37:214)
    at doExec (C:\ProgramData\cocos\editors\Creator\3.8.5\resources\app.asar\node_modules\@editor\lib-programming\static\executor\systemjs-bridge\out\index.js:517:30)
    at postOrderExec (C:\ProgramData\cocos\editors\Creator\3.8.5\resources\app.asar\node_modules\@editor\lib-programming\static\executor\systemjs-bridge\out\index.js:508:21)
    at C:\ProgramData\cocos\editors\Creator\3.8.5\resources\app.asar\node_modules\@editor\lib-programming\static\executor\systemjs-bridge\out\index.js:493:28
    at Array.forEach (<anonymous>)
    at postOrderExec (C:\ProgramData\cocos\editors\Creator\3.8.5\resources\app.asar\node_modules\@editor\lib-programming\static\executor\systemjs-bridge\out\index.js:491:10)
    at C:\ProgramData\cocos\editors\Creator\3.8.5\resources\app.asar\node_modules\@editor\lib-programming\static\executor\systemjs-bridge\out\index.js:440:12
    at file:///D:/Game-Engine%20Projects/Blazing7Test/temp/programming/packer-driver/targets/editor/chunks/6d/6d8fd2b0177941b032ddc0733af48a561fb60657.js:13:13
    at Object.execute (file:///D:/Game-Engine%20Projects/Blazing7Test/temp/programming/packer-driver/targets/editor/chunks/6d/6d8fd2b0177941b032ddc0733af48a561fb60657.js:8:7)
    at Executor._importPrerequisiteModules (C:\ProgramData\cocos\editors\Creator\3.8.5\resources\app.asar\node_modules\@editor\lib-programming\src\executor\index.ts:358:13)
    at Executor.reload (C:\ProgramData\cocos\editors\Creator\3.8.5\resources\app.asar\node_modules\@editor\lib-programming\src\executor\index.ts:235:13)
    at C:\ProgramData\cocos\editors\Creator\3.8.5\resources\app.asar\builtin\scene\dist\script\3d\manager\scripts.ccc:1:1787
    at GlobalEnv.processQueue (C:\ProgramData\cocos\editors\Creator\3.8.5\resources\app.asar\builtin\scene\dist\script\3d\manager\scripts.ccc:1:2184)
    at GlobalEnv.record (C:\ProgramData\cocos\editors\Creator\3.8.5\resources\app.asar\builtin\scene\dist\script\3d\manager\scripts.ccc:1:1955)
    at ScriptManager.init (C:\ProgramData\cocos\editors\Creator\3.8.5\resources\app.asar\builtin\scene\dist\script\3d\manager\scripts.ccc:1:3794)
    at EngineStartup.openEngine (C:\ProgramData\cocos\editors\Creator\3.8.5\resources\app.asar\builtin\scene\dist\script\3d\manager\startup\engine\index.ccc:1:4229)
    at StartupManager.configEngine (C:\ProgramData\cocos\editors\Creator\3.8.5\resources\app.asar\builtin\scene\dist\script\3d\manager\startup\index.ccc:1:1668)
    at EditorPreview._startEngine (C:\ProgramData\cocos\editors\Creator\3.8.5\resources\app.asar\builtin\scene\dist\script\3d\preload\editor-preview.js:1:973)
    at EditorPreview.start (C:\ProgramData\cocos\editors\Creator\3.8.5\resources\app.asar\builtin\scene\dist\script\3d\preload\editor-preview.js:1:468)
19-05-2026 09:06:54 - warn: [PreviewInEditor] The type of "NodeMovement.disableOnReach" must be CCBoolean, not Boolean.Error: [PreviewInEditor] The type of "NodeMovement.disableOnReach" must be CCBoolean, not Boolean.
    at console.warn (C:\ProgramData\cocos\editors\Creator\3.8.5\resources\app.asar\node_modules\@sentry\src\instrument\console.ts:40:20)
    at warn (C:\ProgramData\cocos\editors\Creator\3.8.5\resources\resources\3d\engine\bin\.cache\dev\editor\bundled\index.js:160148:12)
    at warnID (C:\ProgramData\cocos\editors\Creator\3.8.5\resources\resources\3d\engine\bin\.cache\dev\editor\bundled\index.js:160336:5)
    at parseType (C:\ProgramData\cocos\editors\Creator\3.8.5\resources\resources\3d\engine\bin\.cache\dev\editor\bundled\index.js:273012:11)
    at preprocessAttrs (C:\ProgramData\cocos\editors\Creator\3.8.5\resources\resources\3d\engine\bin\.cache\dev\editor\bundled\index.js:273122:11)
    at declareProperties (C:\ProgramData\cocos\editors\Creator\3.8.5\resources\resources\3d\engine\bin\.cache\dev\editor\bundled\index.js:141456:7)
    at CCClass (C:\ProgramData\cocos\editors\Creator\3.8.5\resources\resources\3d\engine\bin\.cache\dev\editor\bundled\index.js:141485:5)
    at eval (C:\ProgramData\cocos\editors\Creator\3.8.5\resources\resources\3d\engine\bin\.cache\dev\editor\bundled\index.js:270947:21)
    at eval (C:\ProgramData\cocos\editors\Creator\3.8.5\resources\resources\3d\engine\bin\.cache\dev\editor\bundled\index.js:271958:18)
    at Object.execute (file:///D:/Game-Engine%20Projects/Blazing7Test/temp/programming/packer-driver/targets/editor/chunks/92/925467d3572d2b8767cc3499d84c91f370f4ea08.js:37:214)
    at doExec (C:\ProgramData\cocos\editors\Creator\3.8.5\resources\app.asar\node_modules\@editor\lib-programming\static\executor\systemjs-bridge\out\index.js:517:30)
    at postOrderExec (C:\ProgramData\cocos\editors\Creator\3.8.5\resources\app.asar\node_modules\@editor\lib-programming\static\executor\systemjs-bridge\out\index.js:508:21)
    at C:\ProgramData\cocos\editors\Creator\3.8.5\resources\app.asar\node_modules\@editor\lib-programming\static\executor\systemjs-bridge\out\index.js:493:28
    at Array.forEach (<anonymous>)
    at postOrderExec (C:\ProgramData\cocos\editors\Creator\3.8.5\resources\app.asar\node_modules\@editor\lib-programming\static\executor\systemjs-bridge\out\index.js:491:10)
    at C:\ProgramData\cocos\editors\Creator\3.8.5\resources\app.asar\node_modules\@editor\lib-programming\static\executor\systemjs-bridge\out\index.js:440:12
    at file:///D:/Game-Engine%20Projects/Blazing7Test/temp/programming/packer-driver/targets/editor/chunks/6d/6d8fd2b0177941b032ddc0733af48a561fb60657.js:13:13
    at Object.execute (file:///D:/Game-Engine%20Projects/Blazing7Test/temp/programming/packer-driver/targets/editor/chunks/6d/6d8fd2b0177941b032ddc0733af48a561fb60657.js:8:7)
    at Executor._importPrerequisiteModules (C:\ProgramData\cocos\editors\Creator\3.8.5\resources\app.asar\node_modules\@editor\lib-programming\src\executor\index.ts:358:13)
    at Executor.reload (C:\ProgramData\cocos\editors\Creator\3.8.5\resources\app.asar\node_modules\@editor\lib-programming\src\executor\index.ts:235:13)
    at C:\ProgramData\cocos\editors\Creator\3.8.5\resources\app.asar\builtin\scene\dist\script\3d\manager\scripts.ccc:1:1787
    at GlobalEnv.processQueue (C:\ProgramData\cocos\editors\Creator\3.8.5\resources\app.asar\builtin\scene\dist\script\3d\manager\scripts.ccc:1:2184)
    at GlobalEnv.record (C:\ProgramData\cocos\editors\Creator\3.8.5\resources\app.asar\builtin\scene\dist\script\3d\manager\scripts.ccc:1:1955)
    at ScriptManager.init (C:\ProgramData\cocos\editors\Creator\3.8.5\resources\app.asar\builtin\scene\dist\script\3d\manager\scripts.ccc:1:3794)
    at EngineStartup.openEngine (C:\ProgramData\cocos\editors\Creator\3.8.5\resources\app.asar\builtin\scene\dist\script\3d\manager\startup\engine\index.ccc:1:4229)
    at StartupManager.configEngine (C:\ProgramData\cocos\editors\Creator\3.8.5\resources\app.asar\builtin\scene\dist\script\3d\manager\startup\index.ccc:1:1668)
    at EditorPreview._startEngine (C:\ProgramData\cocos\editors\Creator\3.8.5\resources\app.asar\builtin\scene\dist\script\3d\preload\editor-preview.js:1:973)
    at EditorPreview.start (C:\ProgramData\cocos\editors\Creator\3.8.5\resources\app.asar\builtin\scene\dist\script\3d\preload\editor-preview.js:1:468)
19-05-2026 09:06:55 - log: [PreviewInEditor] [PHYSICS2D]: switch from box2d-wasm to box2d.
19-05-2026 09:06:56 - log: [PreviewInEditor] [SceneManager] Initialized
19-05-2026 09:06:56 - log: [PreviewInEditor] [PopUpManager] Initialized
19-05-2026 09:06:56 - log: [PreviewInEditor] [WinBroadcastManager] Adding onSceneCallback: 1
19-05-2026 09:06:56 - log: [PreviewInEditor] [WsManager] 添加协议监听器: ANNOUNCEMENT
19-05-2026 09:06:57 - log: [PreviewInEditor] [GameManager] Loading API Manager..
19-05-2026 09:06:57 - log: [PreviewInEditor] [ApiCore] SDK 初始化完成
19-05-2026 09:06:57 - log: [PreviewInEditor] [WsManager] Start initializing the WebSocket manager...
19-05-2026 09:06:57 - log: [PreviewInEditor] [WsManager] WebSocket 管理器初始化成功
19-05-2026 09:06:57 - log: [PreviewInEditor] [WsManager] WebSocket 连接成功
19-05-2026 09:06:58 - log: [PreviewInEditor] [WinBroadcastManager] AllowAnnouncement Called: false
19-05-2026 09:06:59 - log: [PreviewInEditor] [WinBroadcastManager] AllowAnnouncement Called: true
19-05-2026 09:06:59 - error: [PreviewInEditor] this.ShowCenterButton is not a functionTypeError: this.ShowCenterButton is not a function
    at GameOptions.SetAutoModeUI (file:///D:/Game-Engine%20Projects/Blazing7Test/temp/programming/packer-driver/targets/editor/chunks/95/95a72159d86e76129be31d7732343a07b5e2446d.js:197:18)
    at Game.setupGameOptions (file:///D:/Game-Engine%20Projects/Blazing7Test/temp/programming/packer-driver/targets/editor/chunks/19/19fb976c773064c155f3052eadcf4ec1e4854fce.js:300:28)
    at Game.start (file:///D:/Game-Engine%20Projects/Blazing7Test/temp/programming/packer-driver/targets/editor/chunks/19/19fb976c773064c155f3052eadcf4ec1e4854fce.js:256:16)
    at eval (C:\ProgramData\cocos\editors\Creator\3.8.5\resources\resources\3d\engine\bin\.cache\dev\editor\bundled\index.js:42195:16)
    at OneOffInvoker.eval [as _invoke] (C:\ProgramData\cocos\editors\Creator\3.8.5\resources\resources\3d\engine\bin\.cache\dev\editor\bundled\index.js:42027:9)
    at OneOffInvoker.invoke (C:\ProgramData\cocos\editors\Creator\3.8.5\resources\resources\3d\engine\bin\.cache\dev\editor\bundled\index.js:42141:16)
    at ComponentScheduler.startPhase (C:\ProgramData\cocos\editors\Creator\3.8.5\resources\resources\3d\engine\bin\.cache\dev\editor\bundled\index.js:42369:29)
    at Director.tick (C:\ProgramData\cocos\editors\Creator\3.8.5\resources\resources\3d\engine\bin\.cache\dev\editor\bundled\index.js:19488:35)
    at Game._updateCallback (C:\ProgramData\cocos\editors\Creator\3.8.5\resources\resources\3d\engine\bin\.cache\dev\editor\bundled\index.js:20560:22)
    at updateCallback (C:\ProgramData\cocos\editors\Creator\3.8.5\resources\resources\3d\engine\bin\.cache\dev\editor\bundled\index.js:82342:20)
    at sentryWrapped (C:\ProgramData\cocos\editors\Creator\3.8.5\resources\app.asar\node_modules\src\helpers.ts:100:17)
19-05-2026 09:06:59 - log: [PreviewInEditor] [DragonEyeIntro][UIROOT] DEVICE TYPE: pc
19-05-2026 09:07:01 - warn: [PreviewInEditor] IPC message has been lost.Error: [PreviewInEditor] IPC message has been lost.
    at console.warn (C:\ProgramData\cocos\editors\Creator\3.8.5\resources\app.asar\node_modules\@sentry\src\instrument\console.ts:40:20)
    at IpcRenderer.<anonymous> (C:\ProgramData\cocos\editors\Creator\3.8.5\resources\app.asar\builtin\scene\dist\script\3d\manager\ipc\web\webview.ccc:1:1495)
    at IpcRenderer.emit (node:events:519:28)
    at Object.onMessage (node:electron/js2c/renderer_init:2:8837)
19-05-2026 09:07:01 - warn: [PreviewInEditor] IPC message has been lost.Error: [PreviewInEditor] IPC message has been lost.
    at console.warn (C:\ProgramData\cocos\editors\Creator\3.8.5\resources\app.asar\node_modules\@sentry\src\instrument\console.ts:40:20)
    at IpcRenderer.<anonymous> (C:\ProgramData\cocos\editors\Creator\3.8.5\resources\app.asar\builtin\scene\dist\script\3d\manager\ipc\web\webview.ccc:1:1495)
    at IpcRenderer.emit (node:events:519:28)
    at Object.onMessage (node:electron/js2c/renderer_init:2:8837)
19-05-2026 09:07:01 - info: [PreviewInEditor] preview process is ready
19-05-2026 09:07:25 - warn: [Scene] The type of "PricePopUpOptions.enableInfinite" must be CCBoolean, not Boolean.Error: [Scene] The type of "PricePopUpOptions.enableInfinite" must be CCBoolean, not Boolean.
    at console.warn (C:\ProgramData\cocos\editors\Creator\3.8.5\resources\app.asar\node_modules\@sentry\src\instrument\console.ts:40:20)
    at warn (C:\ProgramData\cocos\editors\Creator\3.8.5\resources\resources\3d\engine\bin\.cache\dev\editor\bundled\index.js:160148:12)
    at warnID (C:\ProgramData\cocos\editors\Creator\3.8.5\resources\resources\3d\engine\bin\.cache\dev\editor\bundled\index.js:160336:5)
    at parseType (C:\ProgramData\cocos\editors\Creator\3.8.5\resources\resources\3d\engine\bin\.cache\dev\editor\bundled\index.js:273012:11)
    at preprocessAttrs (C:\ProgramData\cocos\editors\Creator\3.8.5\resources\resources\3d\engine\bin\.cache\dev\editor\bundled\index.js:273122:11)
    at declareProperties (C:\ProgramData\cocos\editors\Creator\3.8.5\resources\resources\3d\engine\bin\.cache\dev\editor\bundled\index.js:141456:7)
    at CCClass (C:\ProgramData\cocos\editors\Creator\3.8.5\resources\resources\3d\engine\bin\.cache\dev\editor\bundled\index.js:141485:5)
    at eval (C:\ProgramData\cocos\editors\Creator\3.8.5\resources\resources\3d\engine\bin\.cache\dev\editor\bundled\index.js:270947:21)
    at eval (C:\ProgramData\cocos\editors\Creator\3.8.5\resources\resources\3d\engine\bin\.cache\dev\editor\bundled\index.js:271958:18)
    at Object.execute (file:///D:/Game-Engine%20Projects/Blazing7Test/temp/programming/packer-driver/targets/editor/chunks/ce/cee91858986803de21b8fb0d430d475e16fb194f.js:45:406)
    at doExec (C:\ProgramData\cocos\editors\Creator\3.8.5\resources\app.asar\node_modules\@editor\lib-programming\static\executor\systemjs-bridge\out\index.js:517:30)
    at postOrderExec (C:\ProgramData\cocos\editors\Creator\3.8.5\resources\app.asar\node_modules\@editor\lib-programming\static\executor\systemjs-bridge\out\index.js:508:21)
    at C:\ProgramData\cocos\editors\Creator\3.8.5\resources\app.asar\node_modules\@editor\lib-programming\static\executor\systemjs-bridge\out\index.js:493:28
    at Array.forEach (<anonymous>)
    at postOrderExec (C:\ProgramData\cocos\editors\Creator\3.8.5\resources\app.asar\node_modules\@editor\lib-programming\static\executor\systemjs-bridge\out\index.js:491:10)
    at C:\ProgramData\cocos\editors\Creator\3.8.5\resources\app.asar\node_modules\@editor\lib-programming\static\executor\systemjs-bridge\out\index.js:440:12
    at file:///D:/Game-Engine%20Projects/Blazing7Test/temp/programming/packer-driver/targets/editor/chunks/6d/6d8fd2b0177941b032ddc0733af48a561fb60657.js:13:13
    at Object.execute (file:///D:/Game-Engine%20Projects/Blazing7Test/temp/programming/packer-driver/targets/editor/chunks/6d/6d8fd2b0177941b032ddc0733af48a561fb60657.js:8:7)
    at Executor._importPrerequisiteModules (C:\ProgramData\cocos\editors\Creator\3.8.5\resources\app.asar\node_modules\@editor\lib-programming\src\executor\index.ts:358:13)
    at Executor.reload (C:\ProgramData\cocos\editors\Creator\3.8.5\resources\app.asar\node_modules\@editor\lib-programming\src\executor\index.ts:235:13)
    at C:\ProgramData\cocos\editors\Creator\3.8.5\resources\app.asar\builtin\scene\dist\script\3d\manager\scripts.ccc:1:1787
    at GlobalEnv.processQueue (C:\ProgramData\cocos\editors\Creator\3.8.5\resources\app.asar\builtin\scene\dist\script\3d\manager\scripts.ccc:1:2184)
    at GlobalEnv.record (C:\ProgramData\cocos\editors\Creator\3.8.5\resources\app.asar\builtin\scene\dist\script\3d\manager\scripts.ccc:1:1955)
19-05-2026 09:07:25 - warn: [Scene] The type of "NodeMovement.startOnLoad" must be CCBoolean, not Boolean.Error: [Scene] The type of "NodeMovement.startOnLoad" must be CCBoolean, not Boolean.
    at console.warn (C:\ProgramData\cocos\editors\Creator\3.8.5\resources\app.asar\node_modules\@sentry\src\instrument\console.ts:40:20)
    at warn (C:\ProgramData\cocos\editors\Creator\3.8.5\resources\resources\3d\engine\bin\.cache\dev\editor\bundled\index.js:160148:12)
    at warnID (C:\ProgramData\cocos\editors\Creator\3.8.5\resources\resources\3d\engine\bin\.cache\dev\editor\bundled\index.js:160336:5)
    at parseType (C:\ProgramData\cocos\editors\Creator\3.8.5\resources\resources\3d\engine\bin\.cache\dev\editor\bundled\index.js:273012:11)
    at preprocessAttrs (C:\ProgramData\cocos\editors\Creator\3.8.5\resources\resources\3d\engine\bin\.cache\dev\editor\bundled\index.js:273122:11)
    at declareProperties (C:\ProgramData\cocos\editors\Creator\3.8.5\resources\resources\3d\engine\bin\.cache\dev\editor\bundled\index.js:141456:7)
    at CCClass (C:\ProgramData\cocos\editors\Creator\3.8.5\resources\resources\3d\engine\bin\.cache\dev\editor\bundled\index.js:141485:5)
    at eval (C:\ProgramData\cocos\editors\Creator\3.8.5\resources\resources\3d\engine\bin\.cache\dev\editor\bundled\index.js:270947:21)
    at eval (C:\ProgramData\cocos\editors\Creator\3.8.5\resources\resources\3d\engine\bin\.cache\dev\editor\bundled\index.js:271958:18)
    at Object.execute (file:///D:/Game-Engine%20Projects/Blazing7Test/temp/programming/packer-driver/targets/editor/chunks/92/925467d3572d2b8767cc3499d84c91f370f4ea08.js:37:214)
    at doExec (C:\ProgramData\cocos\editors\Creator\3.8.5\resources\app.asar\node_modules\@editor\lib-programming\static\executor\systemjs-bridge\out\index.js:517:30)
    at postOrderExec (C:\ProgramData\cocos\editors\Creator\3.8.5\resources\app.asar\node_modules\@editor\lib-programming\static\executor\systemjs-bridge\out\index.js:508:21)
    at C:\ProgramData\cocos\editors\Creator\3.8.5\resources\app.asar\node_modules\@editor\lib-programming\static\executor\systemjs-bridge\out\index.js:493:28
    at Array.forEach (<anonymous>)
    at postOrderExec (C:\ProgramData\cocos\editors\Creator\3.8.5\resources\app.asar\node_modules\@editor\lib-programming\static\executor\systemjs-bridge\out\index.js:491:10)
    at C:\ProgramData\cocos\editors\Creator\3.8.5\resources\app.asar\node_modules\@editor\lib-programming\static\executor\systemjs-bridge\out\index.js:440:12
    at file:///D:/Game-Engine%20Projects/Blazing7Test/temp/programming/packer-driver/targets/editor/chunks/6d/6d8fd2b0177941b032ddc0733af48a561fb60657.js:13:13
    at Object.execute (file:///D:/Game-Engine%20Projects/Blazing7Test/temp/programming/packer-driver/targets/editor/chunks/6d/6d8fd2b0177941b032ddc0733af48a561fb60657.js:8:7)
    at Executor._importPrerequisiteModules (C:\ProgramData\cocos\editors\Creator\3.8.5\resources\app.asar\node_modules\@editor\lib-programming\src\executor\index.ts:358:13)
    at Executor.reload (C:\ProgramData\cocos\editors\Creator\3.8.5\resources\app.asar\node_modules\@editor\lib-programming\src\executor\index.ts:235:13)
    at C:\ProgramData\cocos\editors\Creator\3.8.5\resources\app.asar\builtin\scene\dist\script\3d\manager\scripts.ccc:1:1787
    at GlobalEnv.processQueue (C:\ProgramData\cocos\editors\Creator\3.8.5\resources\app.asar\builtin\scene\dist\script\3d\manager\scripts.ccc:1:2184)
    at GlobalEnv.record (C:\ProgramData\cocos\editors\Creator\3.8.5\resources\app.asar\builtin\scene\dist\script\3d\manager\scripts.ccc:1:1955)
19-05-2026 09:07:25 - warn: [Scene] The type of "NodeMovement.disableOnReach" must be CCBoolean, not Boolean.Error: [Scene] The type of "NodeMovement.disableOnReach" must be CCBoolean, not Boolean.
    at console.warn (C:\ProgramData\cocos\editors\Creator\3.8.5\resources\app.asar\node_modules\@sentry\src\instrument\console.ts:40:20)
    at warn (C:\ProgramData\cocos\editors\Creator\3.8.5\resources\resources\3d\engine\bin\.cache\dev\editor\bundled\index.js:160148:12)
    at warnID (C:\ProgramData\cocos\editors\Creator\3.8.5\resources\resources\3d\engine\bin\.cache\dev\editor\bundled\index.js:160336:5)
    at parseType (C:\ProgramData\cocos\editors\Creator\3.8.5\resources\resources\3d\engine\bin\.cache\dev\editor\bundled\index.js:273012:11)
    at preprocessAttrs (C:\ProgramData\cocos\editors\Creator\3.8.5\resources\resources\3d\engine\bin\.cache\dev\editor\bundled\index.js:273122:11)
    at declareProperties (C:\ProgramData\cocos\editors\Creator\3.8.5\resources\resources\3d\engine\bin\.cache\dev\editor\bundled\index.js:141456:7)
    at CCClass (C:\ProgramData\cocos\editors\Creator\3.8.5\resources\resources\3d\engine\bin\.cache\dev\editor\bundled\index.js:141485:5)
    at eval (C:\ProgramData\cocos\editors\Creator\3.8.5\resources\resources\3d\engine\bin\.cache\dev\editor\bundled\index.js:270947:21)
    at eval (C:\ProgramData\cocos\editors\Creator\3.8.5\resources\resources\3d\engine\bin\.cache\dev\editor\bundled\index.js:271958:18)
    at Object.execute (file:///D:/Game-Engine%20Projects/Blazing7Test/temp/programming/packer-driver/targets/editor/chunks/92/925467d3572d2b8767cc3499d84c91f370f4ea08.js:37:214)
    at doExec (C:\ProgramData\cocos\editors\Creator\3.8.5\resources\app.asar\node_modules\@editor\lib-programming\static\executor\systemjs-bridge\out\index.js:517:30)
    at postOrderExec (C:\ProgramData\cocos\editors\Creator\3.8.5\resources\app.asar\node_modules\@editor\lib-programming\static\executor\systemjs-bridge\out\index.js:508:21)
    at C:\ProgramData\cocos\editors\Creator\3.8.5\resources\app.asar\node_modules\@editor\lib-programming\static\executor\systemjs-bridge\out\index.js:493:28
    at Array.forEach (<anonymous>)
    at postOrderExec (C:\ProgramData\cocos\editors\Creator\3.8.5\resources\app.asar\node_modules\@editor\lib-programming\static\executor\systemjs-bridge\out\index.js:491:10)
    at C:\ProgramData\cocos\editors\Creator\3.8.5\resources\app.asar\node_modules\@editor\lib-programming\static\executor\systemjs-bridge\out\index.js:440:12
    at file:///D:/Game-Engine%20Projects/Blazing7Test/temp/programming/packer-driver/targets/editor/chunks/6d/6d8fd2b0177941b032ddc0733af48a561fb60657.js:13:13
    at Object.execute (file:///D:/Game-Engine%20Projects/Blazing7Test/temp/programming/packer-driver/targets/editor/chunks/6d/6d8fd2b0177941b032ddc0733af48a561fb60657.js:8:7)
    at Executor._importPrerequisiteModules (C:\ProgramData\cocos\editors\Creator\3.8.5\resources\app.asar\node_modules\@editor\lib-programming\src\executor\index.ts:358:13)
    at Executor.reload (C:\ProgramData\cocos\editors\Creator\3.8.5\resources\app.asar\node_modules\@editor\lib-programming\src\executor\index.ts:235:13)
    at C:\ProgramData\cocos\editors\Creator\3.8.5\resources\app.asar\builtin\scene\dist\script\3d\manager\scripts.ccc:1:1787
    at GlobalEnv.processQueue (C:\ProgramData\cocos\editors\Creator\3.8.5\resources\app.asar\builtin\scene\dist\script\3d\manager\scripts.ccc:1:2184)
    at GlobalEnv.record (C:\ProgramData\cocos\editors\Creator\3.8.5\resources\app.asar\builtin\scene\dist\script\3d\manager\scripts.ccc:1:1955)
19-05-2026 09:07:29 - log: [PreviewInEditor] meshopt wasm decoder initialized
19-05-2026 09:07:29 - log: [PreviewInEditor] [box2d]:box2d wasm lib loaded.
19-05-2026 09:07:29 - log: [PreviewInEditor] [bullet]:bullet wasm lib loaded.
19-05-2026 09:07:29 - log: [PreviewInEditor] [PHYSICS]: using builtin.
19-05-2026 09:07:29 - log: [PreviewInEditor] Cocos Creator v3.8.5
19-05-2026 09:07:29 - log: [PreviewInEditor] Using custom pipeline: Builtin
19-05-2026 09:07:29 - warn: [PreviewInEditor] The type of "PricePopUpOptions.enableInfinite" must be CCBoolean, not Boolean.Error: [PreviewInEditor] The type of "PricePopUpOptions.enableInfinite" must be CCBoolean, not Boolean.
    at console.warn (C:\ProgramData\cocos\editors\Creator\3.8.5\resources\app.asar\node_modules\@sentry\src\instrument\console.ts:40:20)
    at warn (C:\ProgramData\cocos\editors\Creator\3.8.5\resources\resources\3d\engine\bin\.cache\dev\editor\bundled\index.js:160148:12)
    at warnID (C:\ProgramData\cocos\editors\Creator\3.8.5\resources\resources\3d\engine\bin\.cache\dev\editor\bundled\index.js:160336:5)
    at parseType (C:\ProgramData\cocos\editors\Creator\3.8.5\resources\resources\3d\engine\bin\.cache\dev\editor\bundled\index.js:273012:11)
    at preprocessAttrs (C:\ProgramData\cocos\editors\Creator\3.8.5\resources\resources\3d\engine\bin\.cache\dev\editor\bundled\index.js:273122:11)
    at declareProperties (C:\ProgramData\cocos\editors\Creator\3.8.5\resources\resources\3d\engine\bin\.cache\dev\editor\bundled\index.js:141456:7)
    at CCClass (C:\ProgramData\cocos\editors\Creator\3.8.5\resources\resources\3d\engine\bin\.cache\dev\editor\bundled\index.js:141485:5)
    at eval (C:\ProgramData\cocos\editors\Creator\3.8.5\resources\resources\3d\engine\bin\.cache\dev\editor\bundled\index.js:270947:21)
    at eval (C:\ProgramData\cocos\editors\Creator\3.8.5\resources\resources\3d\engine\bin\.cache\dev\editor\bundled\index.js:271958:18)
    at Object.execute (file:///D:/Game-Engine%20Projects/Blazing7Test/temp/programming/packer-driver/targets/editor/chunks/ce/cee91858986803de21b8fb0d430d475e16fb194f.js:45:406)
    at doExec (C:\ProgramData\cocos\editors\Creator\3.8.5\resources\app.asar\node_modules\@editor\lib-programming\static\executor\systemjs-bridge\out\index.js:517:30)
    at postOrderExec (C:\ProgramData\cocos\editors\Creator\3.8.5\resources\app.asar\node_modules\@editor\lib-programming\static\executor\systemjs-bridge\out\index.js:508:21)
    at C:\ProgramData\cocos\editors\Creator\3.8.5\resources\app.asar\node_modules\@editor\lib-programming\static\executor\systemjs-bridge\out\index.js:493:28
    at Array.forEach (<anonymous>)
    at postOrderExec (C:\ProgramData\cocos\editors\Creator\3.8.5\resources\app.asar\node_modules\@editor\lib-programming\static\executor\systemjs-bridge\out\index.js:491:10)
    at C:\ProgramData\cocos\editors\Creator\3.8.5\resources\app.asar\node_modules\@editor\lib-programming\static\executor\systemjs-bridge\out\index.js:440:12
    at file:///D:/Game-Engine%20Projects/Blazing7Test/temp/programming/packer-driver/targets/editor/chunks/6d/6d8fd2b0177941b032ddc0733af48a561fb60657.js:13:13
    at Object.execute (file:///D:/Game-Engine%20Projects/Blazing7Test/temp/programming/packer-driver/targets/editor/chunks/6d/6d8fd2b0177941b032ddc0733af48a561fb60657.js:8:7)
    at Executor._importPrerequisiteModules (C:\ProgramData\cocos\editors\Creator\3.8.5\resources\app.asar\node_modules\@editor\lib-programming\src\executor\index.ts:358:13)
    at Executor.reload (C:\ProgramData\cocos\editors\Creator\3.8.5\resources\app.asar\node_modules\@editor\lib-programming\src\executor\index.ts:235:13)
    at C:\ProgramData\cocos\editors\Creator\3.8.5\resources\app.asar\builtin\scene\dist\script\3d\manager\scripts.ccc:1:1787
    at GlobalEnv.processQueue (C:\ProgramData\cocos\editors\Creator\3.8.5\resources\app.asar\builtin\scene\dist\script\3d\manager\scripts.ccc:1:2184)
    at GlobalEnv.record (C:\ProgramData\cocos\editors\Creator\3.8.5\resources\app.asar\builtin\scene\dist\script\3d\manager\scripts.ccc:1:1955)
    at ScriptManager.init (C:\ProgramData\cocos\editors\Creator\3.8.5\resources\app.asar\builtin\scene\dist\script\3d\manager\scripts.ccc:1:3794)
    at EngineStartup.openEngine (C:\ProgramData\cocos\editors\Creator\3.8.5\resources\app.asar\builtin\scene\dist\script\3d\manager\startup\engine\index.ccc:1:4229)
    at StartupManager.configEngine (C:\ProgramData\cocos\editors\Creator\3.8.5\resources\app.asar\builtin\scene\dist\script\3d\manager\startup\index.ccc:1:1668)
    at EditorPreview._startEngine (C:\ProgramData\cocos\editors\Creator\3.8.5\resources\app.asar\builtin\scene\dist\script\3d\preload\editor-preview.js:1:973)
    at EditorPreview.start (C:\ProgramData\cocos\editors\Creator\3.8.5\resources\app.asar\builtin\scene\dist\script\3d\preload\editor-preview.js:1:468)
19-05-2026 09:07:29 - warn: [PreviewInEditor] The type of "NodeMovement.startOnLoad" must be CCBoolean, not Boolean.Error: [PreviewInEditor] The type of "NodeMovement.startOnLoad" must be CCBoolean, not Boolean.
    at console.warn (C:\ProgramData\cocos\editors\Creator\3.8.5\resources\app.asar\node_modules\@sentry\src\instrument\console.ts:40:20)
    at warn (C:\ProgramData\cocos\editors\Creator\3.8.5\resources\resources\3d\engine\bin\.cache\dev\editor\bundled\index.js:160148:12)
    at warnID (C:\ProgramData\cocos\editors\Creator\3.8.5\resources\resources\3d\engine\bin\.cache\dev\editor\bundled\index.js:160336:5)
    at parseType (C:\ProgramData\cocos\editors\Creator\3.8.5\resources\resources\3d\engine\bin\.cache\dev\editor\bundled\index.js:273012:11)
    at preprocessAttrs (C:\ProgramData\cocos\editors\Creator\3.8.5\resources\resources\3d\engine\bin\.cache\dev\editor\bundled\index.js:273122:11)
    at declareProperties (C:\ProgramData\cocos\editors\Creator\3.8.5\resources\resources\3d\engine\bin\.cache\dev\editor\bundled\index.js:141456:7)
    at CCClass (C:\ProgramData\cocos\editors\Creator\3.8.5\resources\resources\3d\engine\bin\.cache\dev\editor\bundled\index.js:141485:5)
    at eval (C:\ProgramData\cocos\editors\Creator\3.8.5\resources\resources\3d\engine\bin\.cache\dev\editor\bundled\index.js:270947:21)
    at eval (C:\ProgramData\cocos\editors\Creator\3.8.5\resources\resources\3d\engine\bin\.cache\dev\editor\bundled\index.js:271958:18)
    at Object.execute (file:///D:/Game-Engine%20Projects/Blazing7Test/temp/programming/packer-driver/targets/editor/chunks/92/925467d3572d2b8767cc3499d84c91f370f4ea08.js:37:214)
    at doExec (C:\ProgramData\cocos\editors\Creator\3.8.5\resources\app.asar\node_modules\@editor\lib-programming\static\executor\systemjs-bridge\out\index.js:517:30)
    at postOrderExec (C:\ProgramData\cocos\editors\Creator\3.8.5\resources\app.asar\node_modules\@editor\lib-programming\static\executor\systemjs-bridge\out\index.js:508:21)
    at C:\ProgramData\cocos\editors\Creator\3.8.5\resources\app.asar\node_modules\@editor\lib-programming\static\executor\systemjs-bridge\out\index.js:493:28
    at Array.forEach (<anonymous>)
    at postOrderExec (C:\ProgramData\cocos\editors\Creator\3.8.5\resources\app.asar\node_modules\@editor\lib-programming\static\executor\systemjs-bridge\out\index.js:491:10)
    at C:\ProgramData\cocos\editors\Creator\3.8.5\resources\app.asar\node_modules\@editor\lib-programming\static\executor\systemjs-bridge\out\index.js:440:12
    at file:///D:/Game-Engine%20Projects/Blazing7Test/temp/programming/packer-driver/targets/editor/chunks/6d/6d8fd2b0177941b032ddc0733af48a561fb60657.js:13:13
    at Object.execute (file:///D:/Game-Engine%20Projects/Blazing7Test/temp/programming/packer-driver/targets/editor/chunks/6d/6d8fd2b0177941b032ddc0733af48a561fb60657.js:8:7)
    at Executor._importPrerequisiteModules (C:\ProgramData\cocos\editors\Creator\3.8.5\resources\app.asar\node_modules\@editor\lib-programming\src\executor\index.ts:358:13)
    at Executor.reload (C:\ProgramData\cocos\editors\Creator\3.8.5\resources\app.asar\node_modules\@editor\lib-programming\src\executor\index.ts:235:13)
    at C:\ProgramData\cocos\editors\Creator\3.8.5\resources\app.asar\builtin\scene\dist\script\3d\manager\scripts.ccc:1:1787
    at GlobalEnv.processQueue (C:\ProgramData\cocos\editors\Creator\3.8.5\resources\app.asar\builtin\scene\dist\script\3d\manager\scripts.ccc:1:2184)
    at GlobalEnv.record (C:\ProgramData\cocos\editors\Creator\3.8.5\resources\app.asar\builtin\scene\dist\script\3d\manager\scripts.ccc:1:1955)
    at ScriptManager.init (C:\ProgramData\cocos\editors\Creator\3.8.5\resources\app.asar\builtin\scene\dist\script\3d\manager\scripts.ccc:1:3794)
    at EngineStartup.openEngine (C:\ProgramData\cocos\editors\Creator\3.8.5\resources\app.asar\builtin\scene\dist\script\3d\manager\startup\engine\index.ccc:1:4229)
    at StartupManager.configEngine (C:\ProgramData\cocos\editors\Creator\3.8.5\resources\app.asar\builtin\scene\dist\script\3d\manager\startup\index.ccc:1:1668)
    at EditorPreview._startEngine (C:\ProgramData\cocos\editors\Creator\3.8.5\resources\app.asar\builtin\scene\dist\script\3d\preload\editor-preview.js:1:973)
    at EditorPreview.start (C:\ProgramData\cocos\editors\Creator\3.8.5\resources\app.asar\builtin\scene\dist\script\3d\preload\editor-preview.js:1:468)
19-05-2026 09:07:29 - warn: [PreviewInEditor] The type of "NodeMovement.disableOnReach" must be CCBoolean, not Boolean.Error: [PreviewInEditor] The type of "NodeMovement.disableOnReach" must be CCBoolean, not Boolean.
    at console.warn (C:\ProgramData\cocos\editors\Creator\3.8.5\resources\app.asar\node_modules\@sentry\src\instrument\console.ts:40:20)
    at warn (C:\ProgramData\cocos\editors\Creator\3.8.5\resources\resources\3d\engine\bin\.cache\dev\editor\bundled\index.js:160148:12)
    at warnID (C:\ProgramData\cocos\editors\Creator\3.8.5\resources\resources\3d\engine\bin\.cache\dev\editor\bundled\index.js:160336:5)
    at parseType (C:\ProgramData\cocos\editors\Creator\3.8.5\resources\resources\3d\engine\bin\.cache\dev\editor\bundled\index.js:273012:11)
    at preprocessAttrs (C:\ProgramData\cocos\editors\Creator\3.8.5\resources\resources\3d\engine\bin\.cache\dev\editor\bundled\index.js:273122:11)
    at declareProperties (C:\ProgramData\cocos\editors\Creator\3.8.5\resources\resources\3d\engine\bin\.cache\dev\editor\bundled\index.js:141456:7)
    at CCClass (C:\ProgramData\cocos\editors\Creator\3.8.5\resources\resources\3d\engine\bin\.cache\dev\editor\bundled\index.js:141485:5)
    at eval (C:\ProgramData\cocos\editors\Creator\3.8.5\resources\resources\3d\engine\bin\.cache\dev\editor\bundled\index.js:270947:21)
    at eval (C:\ProgramData\cocos\editors\Creator\3.8.5\resources\resources\3d\engine\bin\.cache\dev\editor\bundled\index.js:271958:18)
    at Object.execute (file:///D:/Game-Engine%20Projects/Blazing7Test/temp/programming/packer-driver/targets/editor/chunks/92/925467d3572d2b8767cc3499d84c91f370f4ea08.js:37:214)
    at doExec (C:\ProgramData\cocos\editors\Creator\3.8.5\resources\app.asar\node_modules\@editor\lib-programming\static\executor\systemjs-bridge\out\index.js:517:30)
    at postOrderExec (C:\ProgramData\cocos\editors\Creator\3.8.5\resources\app.asar\node_modules\@editor\lib-programming\static\executor\systemjs-bridge\out\index.js:508:21)
    at C:\ProgramData\cocos\editors\Creator\3.8.5\resources\app.asar\node_modules\@editor\lib-programming\static\executor\systemjs-bridge\out\index.js:493:28
    at Array.forEach (<anonymous>)
    at postOrderExec (C:\ProgramData\cocos\editors\Creator\3.8.5\resources\app.asar\node_modules\@editor\lib-programming\static\executor\systemjs-bridge\out\index.js:491:10)
    at C:\ProgramData\cocos\editors\Creator\3.8.5\resources\app.asar\node_modules\@editor\lib-programming\static\executor\systemjs-bridge\out\index.js:440:12
    at file:///D:/Game-Engine%20Projects/Blazing7Test/temp/programming/packer-driver/targets/editor/chunks/6d/6d8fd2b0177941b032ddc0733af48a561fb60657.js:13:13
    at Object.execute (file:///D:/Game-Engine%20Projects/Blazing7Test/temp/programming/packer-driver/targets/editor/chunks/6d/6d8fd2b0177941b032ddc0733af48a561fb60657.js:8:7)
    at Executor._importPrerequisiteModules (C:\ProgramData\cocos\editors\Creator\3.8.5\resources\app.asar\node_modules\@editor\lib-programming\src\executor\index.ts:358:13)
    at Executor.reload (C:\ProgramData\cocos\editors\Creator\3.8.5\resources\app.asar\node_modules\@editor\lib-programming\src\executor\index.ts:235:13)
    at C:\ProgramData\cocos\editors\Creator\3.8.5\resources\app.asar\builtin\scene\dist\script\3d\manager\scripts.ccc:1:1787
    at GlobalEnv.processQueue (C:\ProgramData\cocos\editors\Creator\3.8.5\resources\app.asar\builtin\scene\dist\script\3d\manager\scripts.ccc:1:2184)
    at GlobalEnv.record (C:\ProgramData\cocos\editors\Creator\3.8.5\resources\app.asar\builtin\scene\dist\script\3d\manager\scripts.ccc:1:1955)
    at ScriptManager.init (C:\ProgramData\cocos\editors\Creator\3.8.5\resources\app.asar\builtin\scene\dist\script\3d\manager\scripts.ccc:1:3794)
    at EngineStartup.openEngine (C:\ProgramData\cocos\editors\Creator\3.8.5\resources\app.asar\builtin\scene\dist\script\3d\manager\startup\engine\index.ccc:1:4229)
    at StartupManager.configEngine (C:\ProgramData\cocos\editors\Creator\3.8.5\resources\app.asar\builtin\scene\dist\script\3d\manager\startup\index.ccc:1:1668)
    at EditorPreview._startEngine (C:\ProgramData\cocos\editors\Creator\3.8.5\resources\app.asar\builtin\scene\dist\script\3d\preload\editor-preview.js:1:973)
    at EditorPreview.start (C:\ProgramData\cocos\editors\Creator\3.8.5\resources\app.asar\builtin\scene\dist\script\3d\preload\editor-preview.js:1:468)
19-05-2026 09:07:29 - log: [PreviewInEditor] [PHYSICS2D]: switch from box2d-wasm to box2d.
19-05-2026 09:07:30 - log: [PreviewInEditor] [SceneManager] Initialized
19-05-2026 09:07:30 - log: [PreviewInEditor] [PopUpManager] Initialized
19-05-2026 09:07:31 - log: [PreviewInEditor] [WinBroadcastManager] Adding onSceneCallback: 1
19-05-2026 09:07:31 - log: [PreviewInEditor] [WsManager] 添加协议监听器: ANNOUNCEMENT
19-05-2026 09:07:32 - log: [PreviewInEditor] [GameManager] Loading API Manager..
19-05-2026 09:07:32 - log: [PreviewInEditor] [ApiCore] SDK 初始化完成
19-05-2026 09:07:32 - log: [PreviewInEditor] [WsManager] Start initializing the WebSocket manager...
19-05-2026 09:07:32 - log: [PreviewInEditor] [WsManager] WebSocket 管理器初始化成功
19-05-2026 09:07:32 - log: [PreviewInEditor] [WsManager] WebSocket 连接成功
19-05-2026 09:07:33 - log: [PreviewInEditor] [WinBroadcastManager] AllowAnnouncement Called: false
19-05-2026 09:07:33 - log: [PreviewInEditor] [WinBroadcastManager] AllowAnnouncement Called: true
19-05-2026 09:07:33 - error: [PreviewInEditor] Cannot read properties of undefined (reading 'GameData')TypeError: Cannot read properties of undefined (reading 'GameData')
    at GameOptions.UpdateCenterButton (file:///D:/Game-Engine%20Projects/Blazing7Test/temp/programming/packer-driver/targets/editor/chunks/95/95a72159d86e76129be31d7732343a07b5e2446d.js:121:33)
    at GameOptions.SetAutoModeUI (file:///D:/Game-Engine%20Projects/Blazing7Test/temp/programming/packer-driver/targets/editor/chunks/95/95a72159d86e76129be31d7732343a07b5e2446d.js:197:18)
    at Game.setupGameOptions (file:///D:/Game-Engine%20Projects/Blazing7Test/temp/programming/packer-driver/targets/editor/chunks/19/19fb976c773064c155f3052eadcf4ec1e4854fce.js:300:28)
    at Game.start (file:///D:/Game-Engine%20Projects/Blazing7Test/temp/programming/packer-driver/targets/editor/chunks/19/19fb976c773064c155f3052eadcf4ec1e4854fce.js:256:16)
    at eval (C:\ProgramData\cocos\editors\Creator\3.8.5\resources\resources\3d\engine\bin\.cache\dev\editor\bundled\index.js:42195:16)
    at OneOffInvoker.eval [as _invoke] (C:\ProgramData\cocos\editors\Creator\3.8.5\resources\resources\3d\engine\bin\.cache\dev\editor\bundled\index.js:42027:9)
    at OneOffInvoker.invoke (C:\ProgramData\cocos\editors\Creator\3.8.5\resources\resources\3d\engine\bin\.cache\dev\editor\bundled\index.js:42141:16)
    at ComponentScheduler.startPhase (C:\ProgramData\cocos\editors\Creator\3.8.5\resources\resources\3d\engine\bin\.cache\dev\editor\bundled\index.js:42369:29)
    at Director.tick (C:\ProgramData\cocos\editors\Creator\3.8.5\resources\resources\3d\engine\bin\.cache\dev\editor\bundled\index.js:19488:35)
    at Game._updateCallback (C:\ProgramData\cocos\editors\Creator\3.8.5\resources\resources\3d\engine\bin\.cache\dev\editor\bundled\index.js:20560:22)
    at updateCallback (C:\ProgramData\cocos\editors\Creator\3.8.5\resources\resources\3d\engine\bin\.cache\dev\editor\bundled\index.js:82342:20)
    at sentryWrapped (C:\ProgramData\cocos\editors\Creator\3.8.5\resources\app.asar\node_modules\src\helpers.ts:100:17)
19-05-2026 09:07:33 - log: [PreviewInEditor] [DragonEyeIntro][UIROOT] DEVICE TYPE: pc
19-05-2026 09:07:36 - info: [PreviewInEditor] preview process is ready
19-05-2026 09:08:15 - warn: [Scene] The type of "PricePopUpOptions.enableInfinite" must be CCBoolean, not Boolean.Error: [Scene] The type of "PricePopUpOptions.enableInfinite" must be CCBoolean, not Boolean.
    at console.warn (C:\ProgramData\cocos\editors\Creator\3.8.5\resources\app.asar\node_modules\@sentry\src\instrument\console.ts:40:20)
    at warn (C:\ProgramData\cocos\editors\Creator\3.8.5\resources\resources\3d\engine\bin\.cache\dev\editor\bundled\index.js:160148:12)
    at warnID (C:\ProgramData\cocos\editors\Creator\3.8.5\resources\resources\3d\engine\bin\.cache\dev\editor\bundled\index.js:160336:5)
    at parseType (C:\ProgramData\cocos\editors\Creator\3.8.5\resources\resources\3d\engine\bin\.cache\dev\editor\bundled\index.js:273012:11)
    at preprocessAttrs (C:\ProgramData\cocos\editors\Creator\3.8.5\resources\resources\3d\engine\bin\.cache\dev\editor\bundled\index.js:273122:11)
    at declareProperties (C:\ProgramData\cocos\editors\Creator\3.8.5\resources\resources\3d\engine\bin\.cache\dev\editor\bundled\index.js:141456:7)
    at CCClass (C:\ProgramData\cocos\editors\Creator\3.8.5\resources\resources\3d\engine\bin\.cache\dev\editor\bundled\index.js:141485:5)
    at eval (C:\ProgramData\cocos\editors\Creator\3.8.5\resources\resources\3d\engine\bin\.cache\dev\editor\bundled\index.js:270947:21)
    at eval (C:\ProgramData\cocos\editors\Creator\3.8.5\resources\resources\3d\engine\bin\.cache\dev\editor\bundled\index.js:271958:18)
    at Object.execute (file:///D:/Game-Engine%20Projects/Blazing7Test/temp/programming/packer-driver/targets/editor/chunks/ce/cee91858986803de21b8fb0d430d475e16fb194f.js:45:406)
    at doExec (C:\ProgramData\cocos\editors\Creator\3.8.5\resources\app.asar\node_modules\@editor\lib-programming\static\executor\systemjs-bridge\out\index.js:517:30)
    at postOrderExec (C:\ProgramData\cocos\editors\Creator\3.8.5\resources\app.asar\node_modules\@editor\lib-programming\static\executor\systemjs-bridge\out\index.js:508:21)
    at C:\ProgramData\cocos\editors\Creator\3.8.5\resources\app.asar\node_modules\@editor\lib-programming\static\executor\systemjs-bridge\out\index.js:493:28
    at Array.forEach (<anonymous>)
    at postOrderExec (C:\ProgramData\cocos\editors\Creator\3.8.5\resources\app.asar\node_modules\@editor\lib-programming\static\executor\systemjs-bridge\out\index.js:491:10)
    at C:\ProgramData\cocos\editors\Creator\3.8.5\resources\app.asar\node_modules\@editor\lib-programming\static\executor\systemjs-bridge\out\index.js:440:12
    at file:///D:/Game-Engine%20Projects/Blazing7Test/temp/programming/packer-driver/targets/editor/chunks/6d/6d8fd2b0177941b032ddc0733af48a561fb60657.js:13:13
    at Object.execute (file:///D:/Game-Engine%20Projects/Blazing7Test/temp/programming/packer-driver/targets/editor/chunks/6d/6d8fd2b0177941b032ddc0733af48a561fb60657.js:8:7)
    at Executor._importPrerequisiteModules (C:\ProgramData\cocos\editors\Creator\3.8.5\resources\app.asar\node_modules\@editor\lib-programming\src\executor\index.ts:358:13)
    at Executor.reload (C:\ProgramData\cocos\editors\Creator\3.8.5\resources\app.asar\node_modules\@editor\lib-programming\src\executor\index.ts:235:13)
    at C:\ProgramData\cocos\editors\Creator\3.8.5\resources\app.asar\builtin\scene\dist\script\3d\manager\scripts.ccc:1:1787
    at GlobalEnv.processQueue (C:\ProgramData\cocos\editors\Creator\3.8.5\resources\app.asar\builtin\scene\dist\script\3d\manager\scripts.ccc:1:2184)
    at GlobalEnv.record (C:\ProgramData\cocos\editors\Creator\3.8.5\resources\app.asar\builtin\scene\dist\script\3d\manager\scripts.ccc:1:1955)
19-05-2026 09:08:15 - warn: [Scene] The type of "NodeMovement.startOnLoad" must be CCBoolean, not Boolean.Error: [Scene] The type of "NodeMovement.startOnLoad" must be CCBoolean, not Boolean.
    at console.warn (C:\ProgramData\cocos\editors\Creator\3.8.5\resources\app.asar\node_modules\@sentry\src\instrument\console.ts:40:20)
    at warn (C:\ProgramData\cocos\editors\Creator\3.8.5\resources\resources\3d\engine\bin\.cache\dev\editor\bundled\index.js:160148:12)
    at warnID (C:\ProgramData\cocos\editors\Creator\3.8.5\resources\resources\3d\engine\bin\.cache\dev\editor\bundled\index.js:160336:5)
    at parseType (C:\ProgramData\cocos\editors\Creator\3.8.5\resources\resources\3d\engine\bin\.cache\dev\editor\bundled\index.js:273012:11)
    at preprocessAttrs (C:\ProgramData\cocos\editors\Creator\3.8.5\resources\resources\3d\engine\bin\.cache\dev\editor\bundled\index.js:273122:11)
    at declareProperties (C:\ProgramData\cocos\editors\Creator\3.8.5\resources\resources\3d\engine\bin\.cache\dev\editor\bundled\index.js:141456:7)
    at CCClass (C:\ProgramData\cocos\editors\Creator\3.8.5\resources\resources\3d\engine\bin\.cache\dev\editor\bundled\index.js:141485:5)
    at eval (C:\ProgramData\cocos\editors\Creator\3.8.5\resources\resources\3d\engine\bin\.cache\dev\editor\bundled\index.js:270947:21)
    at eval (C:\ProgramData\cocos\editors\Creator\3.8.5\resources\resources\3d\engine\bin\.cache\dev\editor\bundled\index.js:271958:18)
    at Object.execute (file:///D:/Game-Engine%20Projects/Blazing7Test/temp/programming/packer-driver/targets/editor/chunks/92/925467d3572d2b8767cc3499d84c91f370f4ea08.js:37:214)
    at doExec (C:\ProgramData\cocos\editors\Creator\3.8.5\resources\app.asar\node_modules\@editor\lib-programming\static\executor\systemjs-bridge\out\index.js:517:30)
    at postOrderExec (C:\ProgramData\cocos\editors\Creator\3.8.5\resources\app.asar\node_modules\@editor\lib-programming\static\executor\systemjs-bridge\out\index.js:508:21)
    at C:\ProgramData\cocos\editors\Creator\3.8.5\resources\app.asar\node_modules\@editor\lib-programming\static\executor\systemjs-bridge\out\index.js:493:28
    at Array.forEach (<anonymous>)
    at postOrderExec (C:\ProgramData\cocos\editors\Creator\3.8.5\resources\app.asar\node_modules\@editor\lib-programming\static\executor\systemjs-bridge\out\index.js:491:10)
    at C:\ProgramData\cocos\editors\Creator\3.8.5\resources\app.asar\node_modules\@editor\lib-programming\static\executor\systemjs-bridge\out\index.js:440:12
    at file:///D:/Game-Engine%20Projects/Blazing7Test/temp/programming/packer-driver/targets/editor/chunks/6d/6d8fd2b0177941b032ddc0733af48a561fb60657.js:13:13
    at Object.execute (file:///D:/Game-Engine%20Projects/Blazing7Test/temp/programming/packer-driver/targets/editor/chunks/6d/6d8fd2b0177941b032ddc0733af48a561fb60657.js:8:7)
    at Executor._importPrerequisiteModules (C:\ProgramData\cocos\editors\Creator\3.8.5\resources\app.asar\node_modules\@editor\lib-programming\src\executor\index.ts:358:13)
    at Executor.reload (C:\ProgramData\cocos\editors\Creator\3.8.5\resources\app.asar\node_modules\@editor\lib-programming\src\executor\index.ts:235:13)
    at C:\ProgramData\cocos\editors\Creator\3.8.5\resources\app.asar\builtin\scene\dist\script\3d\manager\scripts.ccc:1:1787
    at GlobalEnv.processQueue (C:\ProgramData\cocos\editors\Creator\3.8.5\resources\app.asar\builtin\scene\dist\script\3d\manager\scripts.ccc:1:2184)
    at GlobalEnv.record (C:\ProgramData\cocos\editors\Creator\3.8.5\resources\app.asar\builtin\scene\dist\script\3d\manager\scripts.ccc:1:1955)
19-05-2026 09:08:15 - warn: [Scene] The type of "NodeMovement.disableOnReach" must be CCBoolean, not Boolean.Error: [Scene] The type of "NodeMovement.disableOnReach" must be CCBoolean, not Boolean.
    at console.warn (C:\ProgramData\cocos\editors\Creator\3.8.5\resources\app.asar\node_modules\@sentry\src\instrument\console.ts:40:20)
    at warn (C:\ProgramData\cocos\editors\Creator\3.8.5\resources\resources\3d\engine\bin\.cache\dev\editor\bundled\index.js:160148:12)
    at warnID (C:\ProgramData\cocos\editors\Creator\3.8.5\resources\resources\3d\engine\bin\.cache\dev\editor\bundled\index.js:160336:5)
    at parseType (C:\ProgramData\cocos\editors\Creator\3.8.5\resources\resources\3d\engine\bin\.cache\dev\editor\bundled\index.js:273012:11)
    at preprocessAttrs (C:\ProgramData\cocos\editors\Creator\3.8.5\resources\resources\3d\engine\bin\.cache\dev\editor\bundled\index.js:273122:11)
    at declareProperties (C:\ProgramData\cocos\editors\Creator\3.8.5\resources\resources\3d\engine\bin\.cache\dev\editor\bundled\index.js:141456:7)
    at CCClass (C:\ProgramData\cocos\editors\Creator\3.8.5\resources\resources\3d\engine\bin\.cache\dev\editor\bundled\index.js:141485:5)
    at eval (C:\ProgramData\cocos\editors\Creator\3.8.5\resources\resources\3d\engine\bin\.cache\dev\editor\bundled\index.js:270947:21)
    at eval (C:\ProgramData\cocos\editors\Creator\3.8.5\resources\resources\3d\engine\bin\.cache\dev\editor\bundled\index.js:271958:18)
    at Object.execute (file:///D:/Game-Engine%20Projects/Blazing7Test/temp/programming/packer-driver/targets/editor/chunks/92/925467d3572d2b8767cc3499d84c91f370f4ea08.js:37:214)
    at doExec (C:\ProgramData\cocos\editors\Creator\3.8.5\resources\app.asar\node_modules\@editor\lib-programming\static\executor\systemjs-bridge\out\index.js:517:30)
    at postOrderExec (C:\ProgramData\cocos\editors\Creator\3.8.5\resources\app.asar\node_modules\@editor\lib-programming\static\executor\systemjs-bridge\out\index.js:508:21)
    at C:\ProgramData\cocos\editors\Creator\3.8.5\resources\app.asar\node_modules\@editor\lib-programming\static\executor\systemjs-bridge\out\index.js:493:28
    at Array.forEach (<anonymous>)
    at postOrderExec (C:\ProgramData\cocos\editors\Creator\3.8.5\resources\app.asar\node_modules\@editor\lib-programming\static\executor\systemjs-bridge\out\index.js:491:10)
    at C:\ProgramData\cocos\editors\Creator\3.8.5\resources\app.asar\node_modules\@editor\lib-programming\static\executor\systemjs-bridge\out\index.js:440:12
    at file:///D:/Game-Engine%20Projects/Blazing7Test/temp/programming/packer-driver/targets/editor/chunks/6d/6d8fd2b0177941b032ddc0733af48a561fb60657.js:13:13
    at Object.execute (file:///D:/Game-Engine%20Projects/Blazing7Test/temp/programming/packer-driver/targets/editor/chunks/6d/6d8fd2b0177941b032ddc0733af48a561fb60657.js:8:7)
    at Executor._importPrerequisiteModules (C:\ProgramData\cocos\editors\Creator\3.8.5\resources\app.asar\node_modules\@editor\lib-programming\src\executor\index.ts:358:13)
    at Executor.reload (C:\ProgramData\cocos\editors\Creator\3.8.5\resources\app.asar\node_modules\@editor\lib-programming\src\executor\index.ts:235:13)
    at C:\ProgramData\cocos\editors\Creator\3.8.5\resources\app.asar\builtin\scene\dist\script\3d\manager\scripts.ccc:1:1787
    at GlobalEnv.processQueue (C:\ProgramData\cocos\editors\Creator\3.8.5\resources\app.asar\builtin\scene\dist\script\3d\manager\scripts.ccc:1:2184)
    at GlobalEnv.record (C:\ProgramData\cocos\editors\Creator\3.8.5\resources\app.asar\builtin\scene\dist\script\3d\manager\scripts.ccc:1:1955)
19-05-2026 09:08:19 - warn: [Scene] The type of "PricePopUpOptions.enableInfinite" must be CCBoolean, not Boolean.Error: [Scene] The type of "PricePopUpOptions.enableInfinite" must be CCBoolean, not Boolean.
    at console.warn (C:\ProgramData\cocos\editors\Creator\3.8.5\resources\app.asar\node_modules\@sentry\src\instrument\console.ts:40:20)
    at warn (C:\ProgramData\cocos\editors\Creator\3.8.5\resources\resources\3d\engine\bin\.cache\dev\editor\bundled\index.js:160148:12)
    at warnID (C:\ProgramData\cocos\editors\Creator\3.8.5\resources\resources\3d\engine\bin\.cache\dev\editor\bundled\index.js:160336:5)
    at parseType (C:\ProgramData\cocos\editors\Creator\3.8.5\resources\resources\3d\engine\bin\.cache\dev\editor\bundled\index.js:273012:11)
    at preprocessAttrs (C:\ProgramData\cocos\editors\Creator\3.8.5\resources\resources\3d\engine\bin\.cache\dev\editor\bundled\index.js:273122:11)
    at declareProperties (C:\ProgramData\cocos\editors\Creator\3.8.5\resources\resources\3d\engine\bin\.cache\dev\editor\bundled\index.js:141456:7)
    at CCClass (C:\ProgramData\cocos\editors\Creator\3.8.5\resources\resources\3d\engine\bin\.cache\dev\editor\bundled\index.js:141485:5)
    at eval (C:\ProgramData\cocos\editors\Creator\3.8.5\resources\resources\3d\engine\bin\.cache\dev\editor\bundled\index.js:270947:21)
    at eval (C:\ProgramData\cocos\editors\Creator\3.8.5\resources\resources\3d\engine\bin\.cache\dev\editor\bundled\index.js:271958:18)
    at Object.execute (file:///D:/Game-Engine%20Projects/Blazing7Test/temp/programming/packer-driver/targets/editor/chunks/ce/cee91858986803de21b8fb0d430d475e16fb194f.js:45:406)
    at doExec (C:\ProgramData\cocos\editors\Creator\3.8.5\resources\app.asar\node_modules\@editor\lib-programming\static\executor\systemjs-bridge\out\index.js:517:30)
    at postOrderExec (C:\ProgramData\cocos\editors\Creator\3.8.5\resources\app.asar\node_modules\@editor\lib-programming\static\executor\systemjs-bridge\out\index.js:508:21)
    at C:\ProgramData\cocos\editors\Creator\3.8.5\resources\app.asar\node_modules\@editor\lib-programming\static\executor\systemjs-bridge\out\index.js:493:28
    at Array.forEach (<anonymous>)
    at postOrderExec (C:\ProgramData\cocos\editors\Creator\3.8.5\resources\app.asar\node_modules\@editor\lib-programming\static\executor\systemjs-bridge\out\index.js:491:10)
    at C:\ProgramData\cocos\editors\Creator\3.8.5\resources\app.asar\node_modules\@editor\lib-programming\static\executor\systemjs-bridge\out\index.js:440:12
    at file:///D:/Game-Engine%20Projects/Blazing7Test/temp/programming/packer-driver/targets/editor/chunks/6d/6d8fd2b0177941b032ddc0733af48a561fb60657.js:13:13
    at Object.execute (file:///D:/Game-Engine%20Projects/Blazing7Test/temp/programming/packer-driver/targets/editor/chunks/6d/6d8fd2b0177941b032ddc0733af48a561fb60657.js:8:7)
    at Executor._importPrerequisiteModules (C:\ProgramData\cocos\editors\Creator\3.8.5\resources\app.asar\node_modules\@editor\lib-programming\src\executor\index.ts:358:13)
    at Executor.reload (C:\ProgramData\cocos\editors\Creator\3.8.5\resources\app.asar\node_modules\@editor\lib-programming\src\executor\index.ts:235:13)
    at C:\ProgramData\cocos\editors\Creator\3.8.5\resources\app.asar\builtin\scene\dist\script\3d\manager\scripts.ccc:1:1787
    at GlobalEnv.processQueue (C:\ProgramData\cocos\editors\Creator\3.8.5\resources\app.asar\builtin\scene\dist\script\3d\manager\scripts.ccc:1:2184)
    at GlobalEnv.record (C:\ProgramData\cocos\editors\Creator\3.8.5\resources\app.asar\builtin\scene\dist\script\3d\manager\scripts.ccc:1:1955)
19-05-2026 09:08:19 - warn: [Scene] The type of "NodeMovement.startOnLoad" must be CCBoolean, not Boolean.Error: [Scene] The type of "NodeMovement.startOnLoad" must be CCBoolean, not Boolean.
    at console.warn (C:\ProgramData\cocos\editors\Creator\3.8.5\resources\app.asar\node_modules\@sentry\src\instrument\console.ts:40:20)
    at warn (C:\ProgramData\cocos\editors\Creator\3.8.5\resources\resources\3d\engine\bin\.cache\dev\editor\bundled\index.js:160148:12)
    at warnID (C:\ProgramData\cocos\editors\Creator\3.8.5\resources\resources\3d\engine\bin\.cache\dev\editor\bundled\index.js:160336:5)
    at parseType (C:\ProgramData\cocos\editors\Creator\3.8.5\resources\resources\3d\engine\bin\.cache\dev\editor\bundled\index.js:273012:11)
    at preprocessAttrs (C:\ProgramData\cocos\editors\Creator\3.8.5\resources\resources\3d\engine\bin\.cache\dev\editor\bundled\index.js:273122:11)
    at declareProperties (C:\ProgramData\cocos\editors\Creator\3.8.5\resources\resources\3d\engine\bin\.cache\dev\editor\bundled\index.js:141456:7)
    at CCClass (C:\ProgramData\cocos\editors\Creator\3.8.5\resources\resources\3d\engine\bin\.cache\dev\editor\bundled\index.js:141485:5)
    at eval (C:\ProgramData\cocos\editors\Creator\3.8.5\resources\resources\3d\engine\bin\.cache\dev\editor\bundled\index.js:270947:21)
    at eval (C:\ProgramData\cocos\editors\Creator\3.8.5\resources\resources\3d\engine\bin\.cache\dev\editor\bundled\index.js:271958:18)
    at Object.execute (file:///D:/Game-Engine%20Projects/Blazing7Test/temp/programming/packer-driver/targets/editor/chunks/92/925467d3572d2b8767cc3499d84c91f370f4ea08.js:37:214)
    at doExec (C:\ProgramData\cocos\editors\Creator\3.8.5\resources\app.asar\node_modules\@editor\lib-programming\static\executor\systemjs-bridge\out\index.js:517:30)
    at postOrderExec (C:\ProgramData\cocos\editors\Creator\3.8.5\resources\app.asar\node_modules\@editor\lib-programming\static\executor\systemjs-bridge\out\index.js:508:21)
    at C:\ProgramData\cocos\editors\Creator\3.8.5\resources\app.asar\node_modules\@editor\lib-programming\static\executor\systemjs-bridge\out\index.js:493:28
    at Array.forEach (<anonymous>)
    at postOrderExec (C:\ProgramData\cocos\editors\Creator\3.8.5\resources\app.asar\node_modules\@editor\lib-programming\static\executor\systemjs-bridge\out\index.js:491:10)
    at C:\ProgramData\cocos\editors\Creator\3.8.5\resources\app.asar\node_modules\@editor\lib-programming\static\executor\systemjs-bridge\out\index.js:440:12
    at file:///D:/Game-Engine%20Projects/Blazing7Test/temp/programming/packer-driver/targets/editor/chunks/6d/6d8fd2b0177941b032ddc0733af48a561fb60657.js:13:13
    at Object.execute (file:///D:/Game-Engine%20Projects/Blazing7Test/temp/programming/packer-driver/targets/editor/chunks/6d/6d8fd2b0177941b032ddc0733af48a561fb60657.js:8:7)
    at Executor._importPrerequisiteModules (C:\ProgramData\cocos\editors\Creator\3.8.5\resources\app.asar\node_modules\@editor\lib-programming\src\executor\index.ts:358:13)
    at Executor.reload (C:\ProgramData\cocos\editors\Creator\3.8.5\resources\app.asar\node_modules\@editor\lib-programming\src\executor\index.ts:235:13)
    at C:\ProgramData\cocos\editors\Creator\3.8.5\resources\app.asar\builtin\scene\dist\script\3d\manager\scripts.ccc:1:1787
    at GlobalEnv.processQueue (C:\ProgramData\cocos\editors\Creator\3.8.5\resources\app.asar\builtin\scene\dist\script\3d\manager\scripts.ccc:1:2184)
    at GlobalEnv.record (C:\ProgramData\cocos\editors\Creator\3.8.5\resources\app.asar\builtin\scene\dist\script\3d\manager\scripts.ccc:1:1955)
19-05-2026 09:08:19 - warn: [Scene] The type of "NodeMovement.disableOnReach" must be CCBoolean, not Boolean.Error: [Scene] The type of "NodeMovement.disableOnReach" must be CCBoolean, not Boolean.
    at console.warn (C:\ProgramData\cocos\editors\Creator\3.8.5\resources\app.asar\node_modules\@sentry\src\instrument\console.ts:40:20)
    at warn (C:\ProgramData\cocos\editors\Creator\3.8.5\resources\resources\3d\engine\bin\.cache\dev\editor\bundled\index.js:160148:12)
    at warnID (C:\ProgramData\cocos\editors\Creator\3.8.5\resources\resources\3d\engine\bin\.cache\dev\editor\bundled\index.js:160336:5)
    at parseType (C:\ProgramData\cocos\editors\Creator\3.8.5\resources\resources\3d\engine\bin\.cache\dev\editor\bundled\index.js:273012:11)
    at preprocessAttrs (C:\ProgramData\cocos\editors\Creator\3.8.5\resources\resources\3d\engine\bin\.cache\dev\editor\bundled\index.js:273122:11)
    at declareProperties (C:\ProgramData\cocos\editors\Creator\3.8.5\resources\resources\3d\engine\bin\.cache\dev\editor\bundled\index.js:141456:7)
    at CCClass (C:\ProgramData\cocos\editors\Creator\3.8.5\resources\resources\3d\engine\bin\.cache\dev\editor\bundled\index.js:141485:5)
    at eval (C:\ProgramData\cocos\editors\Creator\3.8.5\resources\resources\3d\engine\bin\.cache\dev\editor\bundled\index.js:270947:21)
    at eval (C:\ProgramData\cocos\editors\Creator\3.8.5\resources\resources\3d\engine\bin\.cache\dev\editor\bundled\index.js:271958:18)
    at Object.execute (file:///D:/Game-Engine%20Projects/Blazing7Test/temp/programming/packer-driver/targets/editor/chunks/92/925467d3572d2b8767cc3499d84c91f370f4ea08.js:37:214)
    at doExec (C:\ProgramData\cocos\editors\Creator\3.8.5\resources\app.asar\node_modules\@editor\lib-programming\static\executor\systemjs-bridge\out\index.js:517:30)
    at postOrderExec (C:\ProgramData\cocos\editors\Creator\3.8.5\resources\app.asar\node_modules\@editor\lib-programming\static\executor\systemjs-bridge\out\index.js:508:21)
    at C:\ProgramData\cocos\editors\Creator\3.8.5\resources\app.asar\node_modules\@editor\lib-programming\static\executor\systemjs-bridge\out\index.js:493:28
    at Array.forEach (<anonymous>)
    at postOrderExec (C:\ProgramData\cocos\editors\Creator\3.8.5\resources\app.asar\node_modules\@editor\lib-programming\static\executor\systemjs-bridge\out\index.js:491:10)
    at C:\ProgramData\cocos\editors\Creator\3.8.5\resources\app.asar\node_modules\@editor\lib-programming\static\executor\systemjs-bridge\out\index.js:440:12
    at file:///D:/Game-Engine%20Projects/Blazing7Test/temp/programming/packer-driver/targets/editor/chunks/6d/6d8fd2b0177941b032ddc0733af48a561fb60657.js:13:13
    at Object.execute (file:///D:/Game-Engine%20Projects/Blazing7Test/temp/programming/packer-driver/targets/editor/chunks/6d/6d8fd2b0177941b032ddc0733af48a561fb60657.js:8:7)
    at Executor._importPrerequisiteModules (C:\ProgramData\cocos\editors\Creator\3.8.5\resources\app.asar\node_modules\@editor\lib-programming\src\executor\index.ts:358:13)
    at Executor.reload (C:\ProgramData\cocos\editors\Creator\3.8.5\resources\app.asar\node_modules\@editor\lib-programming\src\executor\index.ts:235:13)
    at C:\ProgramData\cocos\editors\Creator\3.8.5\resources\app.asar\builtin\scene\dist\script\3d\manager\scripts.ccc:1:1787
    at GlobalEnv.processQueue (C:\ProgramData\cocos\editors\Creator\3.8.5\resources\app.asar\builtin\scene\dist\script\3d\manager\scripts.ccc:1:2184)
    at GlobalEnv.record (C:\ProgramData\cocos\editors\Creator\3.8.5\resources\app.asar\builtin\scene\dist\script\3d\manager\scripts.ccc:1:1955)
19-05-2026 09:08:21 - log: [PreviewInEditor] meshopt wasm decoder initialized
19-05-2026 09:08:21 - log: [PreviewInEditor] [box2d]:box2d wasm lib loaded.
19-05-2026 09:08:21 - log: [PreviewInEditor] [bullet]:bullet wasm lib loaded.
19-05-2026 09:08:21 - log: [PreviewInEditor] [PHYSICS]: using builtin.
19-05-2026 09:08:22 - log: [PreviewInEditor] Cocos Creator v3.8.5
19-05-2026 09:08:22 - log: [PreviewInEditor] Using custom pipeline: Builtin
19-05-2026 09:08:22 - warn: [PreviewInEditor] The type of "PricePopUpOptions.enableInfinite" must be CCBoolean, not Boolean.Error: [PreviewInEditor] The type of "PricePopUpOptions.enableInfinite" must be CCBoolean, not Boolean.
    at console.warn (C:\ProgramData\cocos\editors\Creator\3.8.5\resources\app.asar\node_modules\@sentry\src\instrument\console.ts:40:20)
    at warn (C:\ProgramData\cocos\editors\Creator\3.8.5\resources\resources\3d\engine\bin\.cache\dev\editor\bundled\index.js:160148:12)
    at warnID (C:\ProgramData\cocos\editors\Creator\3.8.5\resources\resources\3d\engine\bin\.cache\dev\editor\bundled\index.js:160336:5)
    at parseType (C:\ProgramData\cocos\editors\Creator\3.8.5\resources\resources\3d\engine\bin\.cache\dev\editor\bundled\index.js:273012:11)
    at preprocessAttrs (C:\ProgramData\cocos\editors\Creator\3.8.5\resources\resources\3d\engine\bin\.cache\dev\editor\bundled\index.js:273122:11)
    at declareProperties (C:\ProgramData\cocos\editors\Creator\3.8.5\resources\resources\3d\engine\bin\.cache\dev\editor\bundled\index.js:141456:7)
    at CCClass (C:\ProgramData\cocos\editors\Creator\3.8.5\resources\resources\3d\engine\bin\.cache\dev\editor\bundled\index.js:141485:5)
    at eval (C:\ProgramData\cocos\editors\Creator\3.8.5\resources\resources\3d\engine\bin\.cache\dev\editor\bundled\index.js:270947:21)
    at eval (C:\ProgramData\cocos\editors\Creator\3.8.5\resources\resources\3d\engine\bin\.cache\dev\editor\bundled\index.js:271958:18)
    at Object.execute (file:///D:/Game-Engine%20Projects/Blazing7Test/temp/programming/packer-driver/targets/editor/chunks/ce/cee91858986803de21b8fb0d430d475e16fb194f.js:45:406)
    at doExec (C:\ProgramData\cocos\editors\Creator\3.8.5\resources\app.asar\node_modules\@editor\lib-programming\static\executor\systemjs-bridge\out\index.js:517:30)
    at postOrderExec (C:\ProgramData\cocos\editors\Creator\3.8.5\resources\app.asar\node_modules\@editor\lib-programming\static\executor\systemjs-bridge\out\index.js:508:21)
    at C:\ProgramData\cocos\editors\Creator\3.8.5\resources\app.asar\node_modules\@editor\lib-programming\static\executor\systemjs-bridge\out\index.js:493:28
    at Array.forEach (<anonymous>)
    at postOrderExec (C:\ProgramData\cocos\editors\Creator\3.8.5\resources\app.asar\node_modules\@editor\lib-programming\static\executor\systemjs-bridge\out\index.js:491:10)
    at C:\ProgramData\cocos\editors\Creator\3.8.5\resources\app.asar\node_modules\@editor\lib-programming\static\executor\systemjs-bridge\out\index.js:440:12
    at file:///D:/Game-Engine%20Projects/Blazing7Test/temp/programming/packer-driver/targets/editor/chunks/6d/6d8fd2b0177941b032ddc0733af48a561fb60657.js:13:13
    at Object.execute (file:///D:/Game-Engine%20Projects/Blazing7Test/temp/programming/packer-driver/targets/editor/chunks/6d/6d8fd2b0177941b032ddc0733af48a561fb60657.js:8:7)
    at Executor._importPrerequisiteModules (C:\ProgramData\cocos\editors\Creator\3.8.5\resources\app.asar\node_modules\@editor\lib-programming\src\executor\index.ts:358:13)
    at Executor.reload (C:\ProgramData\cocos\editors\Creator\3.8.5\resources\app.asar\node_modules\@editor\lib-programming\src\executor\index.ts:235:13)
    at C:\ProgramData\cocos\editors\Creator\3.8.5\resources\app.asar\builtin\scene\dist\script\3d\manager\scripts.ccc:1:1787
    at GlobalEnv.processQueue (C:\ProgramData\cocos\editors\Creator\3.8.5\resources\app.asar\builtin\scene\dist\script\3d\manager\scripts.ccc:1:2184)
    at GlobalEnv.record (C:\ProgramData\cocos\editors\Creator\3.8.5\resources\app.asar\builtin\scene\dist\script\3d\manager\scripts.ccc:1:1955)
    at ScriptManager.init (C:\ProgramData\cocos\editors\Creator\3.8.5\resources\app.asar\builtin\scene\dist\script\3d\manager\scripts.ccc:1:3794)
    at EngineStartup.openEngine (C:\ProgramData\cocos\editors\Creator\3.8.5\resources\app.asar\builtin\scene\dist\script\3d\manager\startup\engine\index.ccc:1:4229)
    at StartupManager.configEngine (C:\ProgramData\cocos\editors\Creator\3.8.5\resources\app.asar\builtin\scene\dist\script\3d\manager\startup\index.ccc:1:1668)
    at EditorPreview._startEngine (C:\ProgramData\cocos\editors\Creator\3.8.5\resources\app.asar\builtin\scene\dist\script\3d\preload\editor-preview.js:1:973)
    at EditorPreview.start (C:\ProgramData\cocos\editors\Creator\3.8.5\resources\app.asar\builtin\scene\dist\script\3d\preload\editor-preview.js:1:468)
19-05-2026 09:08:22 - warn: [PreviewInEditor] The type of "NodeMovement.startOnLoad" must be CCBoolean, not Boolean.Error: [PreviewInEditor] The type of "NodeMovement.startOnLoad" must be CCBoolean, not Boolean.
    at console.warn (C:\ProgramData\cocos\editors\Creator\3.8.5\resources\app.asar\node_modules\@sentry\src\instrument\console.ts:40:20)
    at warn (C:\ProgramData\cocos\editors\Creator\3.8.5\resources\resources\3d\engine\bin\.cache\dev\editor\bundled\index.js:160148:12)
    at warnID (C:\ProgramData\cocos\editors\Creator\3.8.5\resources\resources\3d\engine\bin\.cache\dev\editor\bundled\index.js:160336:5)
    at parseType (C:\ProgramData\cocos\editors\Creator\3.8.5\resources\resources\3d\engine\bin\.cache\dev\editor\bundled\index.js:273012:11)
    at preprocessAttrs (C:\ProgramData\cocos\editors\Creator\3.8.5\resources\resources\3d\engine\bin\.cache\dev\editor\bundled\index.js:273122:11)
    at declareProperties (C:\ProgramData\cocos\editors\Creator\3.8.5\resources\resources\3d\engine\bin\.cache\dev\editor\bundled\index.js:141456:7)
    at CCClass (C:\ProgramData\cocos\editors\Creator\3.8.5\resources\resources\3d\engine\bin\.cache\dev\editor\bundled\index.js:141485:5)
    at eval (C:\ProgramData\cocos\editors\Creator\3.8.5\resources\resources\3d\engine\bin\.cache\dev\editor\bundled\index.js:270947:21)
    at eval (C:\ProgramData\cocos\editors\Creator\3.8.5\resources\resources\3d\engine\bin\.cache\dev\editor\bundled\index.js:271958:18)
    at Object.execute (file:///D:/Game-Engine%20Projects/Blazing7Test/temp/programming/packer-driver/targets/editor/chunks/92/925467d3572d2b8767cc3499d84c91f370f4ea08.js:37:214)
    at doExec (C:\ProgramData\cocos\editors\Creator\3.8.5\resources\app.asar\node_modules\@editor\lib-programming\static\executor\systemjs-bridge\out\index.js:517:30)
    at postOrderExec (C:\ProgramData\cocos\editors\Creator\3.8.5\resources\app.asar\node_modules\@editor\lib-programming\static\executor\systemjs-bridge\out\index.js:508:21)
    at C:\ProgramData\cocos\editors\Creator\3.8.5\resources\app.asar\node_modules\@editor\lib-programming\static\executor\systemjs-bridge\out\index.js:493:28
    at Array.forEach (<anonymous>)
    at postOrderExec (C:\ProgramData\cocos\editors\Creator\3.8.5\resources\app.asar\node_modules\@editor\lib-programming\static\executor\systemjs-bridge\out\index.js:491:10)
    at C:\ProgramData\cocos\editors\Creator\3.8.5\resources\app.asar\node_modules\@editor\lib-programming\static\executor\systemjs-bridge\out\index.js:440:12
    at file:///D:/Game-Engine%20Projects/Blazing7Test/temp/programming/packer-driver/targets/editor/chunks/6d/6d8fd2b0177941b032ddc0733af48a561fb60657.js:13:13
    at Object.execute (file:///D:/Game-Engine%20Projects/Blazing7Test/temp/programming/packer-driver/targets/editor/chunks/6d/6d8fd2b0177941b032ddc0733af48a561fb60657.js:8:7)
    at Executor._importPrerequisiteModules (C:\ProgramData\cocos\editors\Creator\3.8.5\resources\app.asar\node_modules\@editor\lib-programming\src\executor\index.ts:358:13)
    at Executor.reload (C:\ProgramData\cocos\editors\Creator\3.8.5\resources\app.asar\node_modules\@editor\lib-programming\src\executor\index.ts:235:13)
    at C:\ProgramData\cocos\editors\Creator\3.8.5\resources\app.asar\builtin\scene\dist\script\3d\manager\scripts.ccc:1:1787
    at GlobalEnv.processQueue (C:\ProgramData\cocos\editors\Creator\3.8.5\resources\app.asar\builtin\scene\dist\script\3d\manager\scripts.ccc:1:2184)
    at GlobalEnv.record (C:\ProgramData\cocos\editors\Creator\3.8.5\resources\app.asar\builtin\scene\dist\script\3d\manager\scripts.ccc:1:1955)
    at ScriptManager.init (C:\ProgramData\cocos\editors\Creator\3.8.5\resources\app.asar\builtin\scene\dist\script\3d\manager\scripts.ccc:1:3794)
    at EngineStartup.openEngine (C:\ProgramData\cocos\editors\Creator\3.8.5\resources\app.asar\builtin\scene\dist\script\3d\manager\startup\engine\index.ccc:1:4229)
    at StartupManager.configEngine (C:\ProgramData\cocos\editors\Creator\3.8.5\resources\app.asar\builtin\scene\dist\script\3d\manager\startup\index.ccc:1:1668)
    at EditorPreview._startEngine (C:\ProgramData\cocos\editors\Creator\3.8.5\resources\app.asar\builtin\scene\dist\script\3d\preload\editor-preview.js:1:973)
    at EditorPreview.start (C:\ProgramData\cocos\editors\Creator\3.8.5\resources\app.asar\builtin\scene\dist\script\3d\preload\editor-preview.js:1:468)
19-05-2026 09:08:22 - warn: [PreviewInEditor] The type of "NodeMovement.disableOnReach" must be CCBoolean, not Boolean.Error: [PreviewInEditor] The type of "NodeMovement.disableOnReach" must be CCBoolean, not Boolean.
    at console.warn (C:\ProgramData\cocos\editors\Creator\3.8.5\resources\app.asar\node_modules\@sentry\src\instrument\console.ts:40:20)
    at warn (C:\ProgramData\cocos\editors\Creator\3.8.5\resources\resources\3d\engine\bin\.cache\dev\editor\bundled\index.js:160148:12)
    at warnID (C:\ProgramData\cocos\editors\Creator\3.8.5\resources\resources\3d\engine\bin\.cache\dev\editor\bundled\index.js:160336:5)
    at parseType (C:\ProgramData\cocos\editors\Creator\3.8.5\resources\resources\3d\engine\bin\.cache\dev\editor\bundled\index.js:273012:11)
    at preprocessAttrs (C:\ProgramData\cocos\editors\Creator\3.8.5\resources\resources\3d\engine\bin\.cache\dev\editor\bundled\index.js:273122:11)
    at declareProperties (C:\ProgramData\cocos\editors\Creator\3.8.5\resources\resources\3d\engine\bin\.cache\dev\editor\bundled\index.js:141456:7)
    at CCClass (C:\ProgramData\cocos\editors\Creator\3.8.5\resources\resources\3d\engine\bin\.cache\dev\editor\bundled\index.js:141485:5)
    at eval (C:\ProgramData\cocos\editors\Creator\3.8.5\resources\resources\3d\engine\bin\.cache\dev\editor\bundled\index.js:270947:21)
    at eval (C:\ProgramData\cocos\editors\Creator\3.8.5\resources\resources\3d\engine\bin\.cache\dev\editor\bundled\index.js:271958:18)
    at Object.execute (file:///D:/Game-Engine%20Projects/Blazing7Test/temp/programming/packer-driver/targets/editor/chunks/92/925467d3572d2b8767cc3499d84c91f370f4ea08.js:37:214)
    at doExec (C:\ProgramData\cocos\editors\Creator\3.8.5\resources\app.asar\node_modules\@editor\lib-programming\static\executor\systemjs-bridge\out\index.js:517:30)
    at postOrderExec (C:\ProgramData\cocos\editors\Creator\3.8.5\resources\app.asar\node_modules\@editor\lib-programming\static\executor\systemjs-bridge\out\index.js:508:21)
    at C:\ProgramData\cocos\editors\Creator\3.8.5\resources\app.asar\node_modules\@editor\lib-programming\static\executor\systemjs-bridge\out\index.js:493:28
    at Array.forEach (<anonymous>)
    at postOrderExec (C:\ProgramData\cocos\editors\Creator\3.8.5\resources\app.asar\node_modules\@editor\lib-programming\static\executor\systemjs-bridge\out\index.js:491:10)
    at C:\ProgramData\cocos\editors\Creator\3.8.5\resources\app.asar\node_modules\@editor\lib-programming\static\executor\systemjs-bridge\out\index.js:440:12
    at file:///D:/Game-Engine%20Projects/Blazing7Test/temp/programming/packer-driver/targets/editor/chunks/6d/6d8fd2b0177941b032ddc0733af48a561fb60657.js:13:13
    at Object.execute (file:///D:/Game-Engine%20Projects/Blazing7Test/temp/programming/packer-driver/targets/editor/chunks/6d/6d8fd2b0177941b032ddc0733af48a561fb60657.js:8:7)
    at Executor._importPrerequisiteModules (C:\ProgramData\cocos\editors\Creator\3.8.5\resources\app.asar\node_modules\@editor\lib-programming\src\executor\index.ts:358:13)
    at Executor.reload (C:\ProgramData\cocos\editors\Creator\3.8.5\resources\app.asar\node_modules\@editor\lib-programming\src\executor\index.ts:235:13)
    at C:\ProgramData\cocos\editors\Creator\3.8.5\resources\app.asar\builtin\scene\dist\script\3d\manager\scripts.ccc:1:1787
    at GlobalEnv.processQueue (C:\ProgramData\cocos\editors\Creator\3.8.5\resources\app.asar\builtin\scene\dist\script\3d\manager\scripts.ccc:1:2184)
    at GlobalEnv.record (C:\ProgramData\cocos\editors\Creator\3.8.5\resources\app.asar\builtin\scene\dist\script\3d\manager\scripts.ccc:1:1955)
    at ScriptManager.init (C:\ProgramData\cocos\editors\Creator\3.8.5\resources\app.asar\builtin\scene\dist\script\3d\manager\scripts.ccc:1:3794)
    at EngineStartup.openEngine (C:\ProgramData\cocos\editors\Creator\3.8.5\resources\app.asar\builtin\scene\dist\script\3d\manager\startup\engine\index.ccc:1:4229)
    at StartupManager.configEngine (C:\ProgramData\cocos\editors\Creator\3.8.5\resources\app.asar\builtin\scene\dist\script\3d\manager\startup\index.ccc:1:1668)
    at EditorPreview._startEngine (C:\ProgramData\cocos\editors\Creator\3.8.5\resources\app.asar\builtin\scene\dist\script\3d\preload\editor-preview.js:1:973)
    at EditorPreview.start (C:\ProgramData\cocos\editors\Creator\3.8.5\resources\app.asar\builtin\scene\dist\script\3d\preload\editor-preview.js:1:468)
19-05-2026 09:08:22 - log: [PreviewInEditor] [PHYSICS2D]: switch from box2d-wasm to box2d.
19-05-2026 09:08:23 - log: [PreviewInEditor] [SceneManager] Initialized
19-05-2026 09:08:23 - log: [PreviewInEditor] [PopUpManager] Initialized
19-05-2026 09:08:23 - log: [PreviewInEditor] [WinBroadcastManager] Adding onSceneCallback: 1
19-05-2026 09:08:23 - log: [PreviewInEditor] [WsManager] 添加协议监听器: ANNOUNCEMENT
19-05-2026 09:08:24 - log: [PreviewInEditor] [GameManager] Loading API Manager..
19-05-2026 09:08:24 - log: [PreviewInEditor] [ApiCore] SDK 初始化完成
19-05-2026 09:08:24 - log: [PreviewInEditor] [WsManager] Start initializing the WebSocket manager...
19-05-2026 09:08:24 - log: [PreviewInEditor] [WsManager] WebSocket 管理器初始化成功
19-05-2026 09:08:25 - log: [PreviewInEditor] [WsManager] WebSocket 连接成功
19-05-2026 09:08:25 - log: [PreviewInEditor] [WinBroadcastManager] AllowAnnouncement Called: false
19-05-2026 09:08:26 - log: [PreviewInEditor] [WinBroadcastManager] AllowAnnouncement Called: true
19-05-2026 09:08:26 - error: [PreviewInEditor] Cannot read properties of undefined (reading 'GameData')TypeError: Cannot read properties of undefined (reading 'GameData')
    at GameOptions.UpdateCenterButton (file:///D:/Game-Engine%20Projects/Blazing7Test/temp/programming/packer-driver/targets/editor/chunks/95/95a72159d86e76129be31d7732343a07b5e2446d.js:123:59)
    at GameOptions.SetAutoModeUI (file:///D:/Game-Engine%20Projects/Blazing7Test/temp/programming/packer-driver/targets/editor/chunks/95/95a72159d86e76129be31d7732343a07b5e2446d.js:199:18)
    at Game.setupGameOptions (file:///D:/Game-Engine%20Projects/Blazing7Test/temp/programming/packer-driver/targets/editor/chunks/19/19fb976c773064c155f3052eadcf4ec1e4854fce.js:300:28)
    at Game.start (file:///D:/Game-Engine%20Projects/Blazing7Test/temp/programming/packer-driver/targets/editor/chunks/19/19fb976c773064c155f3052eadcf4ec1e4854fce.js:256:16)
    at eval (C:\ProgramData\cocos\editors\Creator\3.8.5\resources\resources\3d\engine\bin\.cache\dev\editor\bundled\index.js:42195:16)
    at OneOffInvoker.eval [as _invoke] (C:\ProgramData\cocos\editors\Creator\3.8.5\resources\resources\3d\engine\bin\.cache\dev\editor\bundled\index.js:42027:9)
    at OneOffInvoker.invoke (C:\ProgramData\cocos\editors\Creator\3.8.5\resources\resources\3d\engine\bin\.cache\dev\editor\bundled\index.js:42141:16)
    at ComponentScheduler.startPhase (C:\ProgramData\cocos\editors\Creator\3.8.5\resources\resources\3d\engine\bin\.cache\dev\editor\bundled\index.js:42369:29)
    at Director.tick (C:\ProgramData\cocos\editors\Creator\3.8.5\resources\resources\3d\engine\bin\.cache\dev\editor\bundled\index.js:19488:35)
    at Game._updateCallback (C:\ProgramData\cocos\editors\Creator\3.8.5\resources\resources\3d\engine\bin\.cache\dev\editor\bundled\index.js:20560:22)
    at updateCallback (C:\ProgramData\cocos\editors\Creator\3.8.5\resources\resources\3d\engine\bin\.cache\dev\editor\bundled\index.js:82342:20)
    at sentryWrapped (C:\ProgramData\cocos\editors\Creator\3.8.5\resources\app.asar\node_modules\src\helpers.ts:100:17)
19-05-2026 09:08:26 - log: [PreviewInEditor] [DragonEyeIntro][UIROOT] DEVICE TYPE: pc
19-05-2026 09:11:42 - log: [PreviewInEditor] [ScratchSystem] All cells scratched.
19-05-2026 09:11:46 - warn: [PreviewInEditor] IPC message has been lost.Error: [PreviewInEditor] IPC message has been lost.
    at console.warn (C:\ProgramData\cocos\editors\Creator\3.8.5\resources\app.asar\node_modules\@sentry\src\instrument\console.ts:40:20)
    at IpcRenderer.<anonymous> (C:\ProgramData\cocos\editors\Creator\3.8.5\resources\app.asar\builtin\scene\dist\script\3d\manager\ipc\web\webview.ccc:1:1495)
    at IpcRenderer.emit (node:events:519:28)
    at Object.onMessage (node:electron/js2c/renderer_init:2:8837)
19-05-2026 09:11:47 - info: [PreviewInEditor] preview process is ready
19-05-2026 09:16:03 - warn: [Scene] The type of "PricePopUpOptions.enableInfinite" must be CCBoolean, not Boolean.Error: [Scene] The type of "PricePopUpOptions.enableInfinite" must be CCBoolean, not Boolean.
    at console.warn (C:\ProgramData\cocos\editors\Creator\3.8.5\resources\app.asar\node_modules\@sentry\src\instrument\console.ts:40:20)
    at warn (C:\ProgramData\cocos\editors\Creator\3.8.5\resources\resources\3d\engine\bin\.cache\dev\editor\bundled\index.js:160148:12)
    at warnID (C:\ProgramData\cocos\editors\Creator\3.8.5\resources\resources\3d\engine\bin\.cache\dev\editor\bundled\index.js:160336:5)
    at parseType (C:\ProgramData\cocos\editors\Creator\3.8.5\resources\resources\3d\engine\bin\.cache\dev\editor\bundled\index.js:273012:11)
    at preprocessAttrs (C:\ProgramData\cocos\editors\Creator\3.8.5\resources\resources\3d\engine\bin\.cache\dev\editor\bundled\index.js:273122:11)
    at declareProperties (C:\ProgramData\cocos\editors\Creator\3.8.5\resources\resources\3d\engine\bin\.cache\dev\editor\bundled\index.js:141456:7)
    at CCClass (C:\ProgramData\cocos\editors\Creator\3.8.5\resources\resources\3d\engine\bin\.cache\dev\editor\bundled\index.js:141485:5)
    at eval (C:\ProgramData\cocos\editors\Creator\3.8.5\resources\resources\3d\engine\bin\.cache\dev\editor\bundled\index.js:270947:21)
    at eval (C:\ProgramData\cocos\editors\Creator\3.8.5\resources\resources\3d\engine\bin\.cache\dev\editor\bundled\index.js:271958:18)
    at Object.execute (file:///D:/Game-Engine%20Projects/Blazing7Test/temp/programming/packer-driver/targets/editor/chunks/ce/cee91858986803de21b8fb0d430d475e16fb194f.js:45:406)
    at doExec (C:\ProgramData\cocos\editors\Creator\3.8.5\resources\app.asar\node_modules\@editor\lib-programming\static\executor\systemjs-bridge\out\index.js:517:30)
    at postOrderExec (C:\ProgramData\cocos\editors\Creator\3.8.5\resources\app.asar\node_modules\@editor\lib-programming\static\executor\systemjs-bridge\out\index.js:508:21)
    at C:\ProgramData\cocos\editors\Creator\3.8.5\resources\app.asar\node_modules\@editor\lib-programming\static\executor\systemjs-bridge\out\index.js:493:28
    at Array.forEach (<anonymous>)
    at postOrderExec (C:\ProgramData\cocos\editors\Creator\3.8.5\resources\app.asar\node_modules\@editor\lib-programming\static\executor\systemjs-bridge\out\index.js:491:10)
    at C:\ProgramData\cocos\editors\Creator\3.8.5\resources\app.asar\node_modules\@editor\lib-programming\static\executor\systemjs-bridge\out\index.js:440:12
    at file:///D:/Game-Engine%20Projects/Blazing7Test/temp/programming/packer-driver/targets/editor/chunks/6d/6d8fd2b0177941b032ddc0733af48a561fb60657.js:13:13
    at Object.execute (file:///D:/Game-Engine%20Projects/Blazing7Test/temp/programming/packer-driver/targets/editor/chunks/6d/6d8fd2b0177941b032ddc0733af48a561fb60657.js:8:7)
    at Executor._importPrerequisiteModules (C:\ProgramData\cocos\editors\Creator\3.8.5\resources\app.asar\node_modules\@editor\lib-programming\src\executor\index.ts:358:13)
    at Executor.reload (C:\ProgramData\cocos\editors\Creator\3.8.5\resources\app.asar\node_modules\@editor\lib-programming\src\executor\index.ts:235:13)
    at C:\ProgramData\cocos\editors\Creator\3.8.5\resources\app.asar\builtin\scene\dist\script\3d\manager\scripts.ccc:1:1787
    at GlobalEnv.processQueue (C:\ProgramData\cocos\editors\Creator\3.8.5\resources\app.asar\builtin\scene\dist\script\3d\manager\scripts.ccc:1:2184)
    at GlobalEnv.record (C:\ProgramData\cocos\editors\Creator\3.8.5\resources\app.asar\builtin\scene\dist\script\3d\manager\scripts.ccc:1:1955)
19-05-2026 09:16:03 - warn: [Scene] The type of "NodeMovement.startOnLoad" must be CCBoolean, not Boolean.Error: [Scene] The type of "NodeMovement.startOnLoad" must be CCBoolean, not Boolean.
    at console.warn (C:\ProgramData\cocos\editors\Creator\3.8.5\resources\app.asar\node_modules\@sentry\src\instrument\console.ts:40:20)
    at warn (C:\ProgramData\cocos\editors\Creator\3.8.5\resources\resources\3d\engine\bin\.cache\dev\editor\bundled\index.js:160148:12)
    at warnID (C:\ProgramData\cocos\editors\Creator\3.8.5\resources\resources\3d\engine\bin\.cache\dev\editor\bundled\index.js:160336:5)
    at parseType (C:\ProgramData\cocos\editors\Creator\3.8.5\resources\resources\3d\engine\bin\.cache\dev\editor\bundled\index.js:273012:11)
    at preprocessAttrs (C:\ProgramData\cocos\editors\Creator\3.8.5\resources\resources\3d\engine\bin\.cache\dev\editor\bundled\index.js:273122:11)
    at declareProperties (C:\ProgramData\cocos\editors\Creator\3.8.5\resources\resources\3d\engine\bin\.cache\dev\editor\bundled\index.js:141456:7)
    at CCClass (C:\ProgramData\cocos\editors\Creator\3.8.5\resources\resources\3d\engine\bin\.cache\dev\editor\bundled\index.js:141485:5)
    at eval (C:\ProgramData\cocos\editors\Creator\3.8.5\resources\resources\3d\engine\bin\.cache\dev\editor\bundled\index.js:270947:21)
    at eval (C:\ProgramData\cocos\editors\Creator\3.8.5\resources\resources\3d\engine\bin\.cache\dev\editor\bundled\index.js:271958:18)
    at Object.execute (file:///D:/Game-Engine%20Projects/Blazing7Test/temp/programming/packer-driver/targets/editor/chunks/92/925467d3572d2b8767cc3499d84c91f370f4ea08.js:37:214)
    at doExec (C:\ProgramData\cocos\editors\Creator\3.8.5\resources\app.asar\node_modules\@editor\lib-programming\static\executor\systemjs-bridge\out\index.js:517:30)
    at postOrderExec (C:\ProgramData\cocos\editors\Creator\3.8.5\resources\app.asar\node_modules\@editor\lib-programming\static\executor\systemjs-bridge\out\index.js:508:21)
    at C:\ProgramData\cocos\editors\Creator\3.8.5\resources\app.asar\node_modules\@editor\lib-programming\static\executor\systemjs-bridge\out\index.js:493:28
    at Array.forEach (<anonymous>)
    at postOrderExec (C:\ProgramData\cocos\editors\Creator\3.8.5\resources\app.asar\node_modules\@editor\lib-programming\static\executor\systemjs-bridge\out\index.js:491:10)
    at C:\ProgramData\cocos\editors\Creator\3.8.5\resources\app.asar\node_modules\@editor\lib-programming\static\executor\systemjs-bridge\out\index.js:440:12
    at file:///D:/Game-Engine%20Projects/Blazing7Test/temp/programming/packer-driver/targets/editor/chunks/6d/6d8fd2b0177941b032ddc0733af48a561fb60657.js:13:13
    at Object.execute (file:///D:/Game-Engine%20Projects/Blazing7Test/temp/programming/packer-driver/targets/editor/chunks/6d/6d8fd2b0177941b032ddc0733af48a561fb60657.js:8:7)
    at Executor._importPrerequisiteModules (C:\ProgramData\cocos\editors\Creator\3.8.5\resources\app.asar\node_modules\@editor\lib-programming\src\executor\index.ts:358:13)
    at Executor.reload (C:\ProgramData\cocos\editors\Creator\3.8.5\resources\app.asar\node_modules\@editor\lib-programming\src\executor\index.ts:235:13)
    at C:\ProgramData\cocos\editors\Creator\3.8.5\resources\app.asar\builtin\scene\dist\script\3d\manager\scripts.ccc:1:1787
    at GlobalEnv.processQueue (C:\ProgramData\cocos\editors\Creator\3.8.5\resources\app.asar\builtin\scene\dist\script\3d\manager\scripts.ccc:1:2184)
    at GlobalEnv.record (C:\ProgramData\cocos\editors\Creator\3.8.5\resources\app.asar\builtin\scene\dist\script\3d\manager\scripts.ccc:1:1955)
19-05-2026 09:16:03 - warn: [Scene] The type of "NodeMovement.disableOnReach" must be CCBoolean, not Boolean.Error: [Scene] The type of "NodeMovement.disableOnReach" must be CCBoolean, not Boolean.
    at console.warn (C:\ProgramData\cocos\editors\Creator\3.8.5\resources\app.asar\node_modules\@sentry\src\instrument\console.ts:40:20)
    at warn (C:\ProgramData\cocos\editors\Creator\3.8.5\resources\resources\3d\engine\bin\.cache\dev\editor\bundled\index.js:160148:12)
    at warnID (C:\ProgramData\cocos\editors\Creator\3.8.5\resources\resources\3d\engine\bin\.cache\dev\editor\bundled\index.js:160336:5)
    at parseType (C:\ProgramData\cocos\editors\Creator\3.8.5\resources\resources\3d\engine\bin\.cache\dev\editor\bundled\index.js:273012:11)
    at preprocessAttrs (C:\ProgramData\cocos\editors\Creator\3.8.5\resources\resources\3d\engine\bin\.cache\dev\editor\bundled\index.js:273122:11)
    at declareProperties (C:\ProgramData\cocos\editors\Creator\3.8.5\resources\resources\3d\engine\bin\.cache\dev\editor\bundled\index.js:141456:7)
    at CCClass (C:\ProgramData\cocos\editors\Creator\3.8.5\resources\resources\3d\engine\bin\.cache\dev\editor\bundled\index.js:141485:5)
    at eval (C:\ProgramData\cocos\editors\Creator\3.8.5\resources\resources\3d\engine\bin\.cache\dev\editor\bundled\index.js:270947:21)
    at eval (C:\ProgramData\cocos\editors\Creator\3.8.5\resources\resources\3d\engine\bin\.cache\dev\editor\bundled\index.js:271958:18)
    at Object.execute (file:///D:/Game-Engine%20Projects/Blazing7Test/temp/programming/packer-driver/targets/editor/chunks/92/925467d3572d2b8767cc3499d84c91f370f4ea08.js:37:214)
    at doExec (C:\ProgramData\cocos\editors\Creator\3.8.5\resources\app.asar\node_modules\@editor\lib-programming\static\executor\systemjs-bridge\out\index.js:517:30)
    at postOrderExec (C:\ProgramData\cocos\editors\Creator\3.8.5\resources\app.asar\node_modules\@editor\lib-programming\static\executor\systemjs-bridge\out\index.js:508:21)
    at C:\ProgramData\cocos\editors\Creator\3.8.5\resources\app.asar\node_modules\@editor\lib-programming\static\executor\systemjs-bridge\out\index.js:493:28
    at Array.forEach (<anonymous>)
    at postOrderExec (C:\ProgramData\cocos\editors\Creator\3.8.5\resources\app.asar\node_modules\@editor\lib-programming\static\executor\systemjs-bridge\out\index.js:491:10)
    at C:\ProgramData\cocos\editors\Creator\3.8.5\resources\app.asar\node_modules\@editor\lib-programming\static\executor\systemjs-bridge\out\index.js:440:12
    at file:///D:/Game-Engine%20Projects/Blazing7Test/temp/programming/packer-driver/targets/editor/chunks/6d/6d8fd2b0177941b032ddc0733af48a561fb60657.js:13:13
    at Object.execute (file:///D:/Game-Engine%20Projects/Blazing7Test/temp/programming/packer-driver/targets/editor/chunks/6d/6d8fd2b0177941b032ddc0733af48a561fb60657.js:8:7)
    at Executor._importPrerequisiteModules (C:\ProgramData\cocos\editors\Creator\3.8.5\resources\app.asar\node_modules\@editor\lib-programming\src\executor\index.ts:358:13)
    at Executor.reload (C:\ProgramData\cocos\editors\Creator\3.8.5\resources\app.asar\node_modules\@editor\lib-programming\src\executor\index.ts:235:13)
    at C:\ProgramData\cocos\editors\Creator\3.8.5\resources\app.asar\builtin\scene\dist\script\3d\manager\scripts.ccc:1:1787
    at GlobalEnv.processQueue (C:\ProgramData\cocos\editors\Creator\3.8.5\resources\app.asar\builtin\scene\dist\script\3d\manager\scripts.ccc:1:2184)
    at GlobalEnv.record (C:\ProgramData\cocos\editors\Creator\3.8.5\resources\app.asar\builtin\scene\dist\script\3d\manager\scripts.ccc:1:1955)
19-05-2026 09:16:06 - log: [PreviewInEditor] meshopt wasm decoder initialized
19-05-2026 09:16:06 - log: [PreviewInEditor] [bullet]:bullet wasm lib loaded.
19-05-2026 09:16:06 - log: [PreviewInEditor] [box2d]:box2d wasm lib loaded.
19-05-2026 09:16:06 - log: [PreviewInEditor] [PHYSICS]: using builtin.
19-05-2026 09:16:06 - log: [PreviewInEditor] Cocos Creator v3.8.5
19-05-2026 09:16:06 - log: [PreviewInEditor] Using custom pipeline: Builtin
19-05-2026 09:16:06 - warn: [PreviewInEditor] The type of "PricePopUpOptions.enableInfinite" must be CCBoolean, not Boolean.Error: [PreviewInEditor] The type of "PricePopUpOptions.enableInfinite" must be CCBoolean, not Boolean.
    at console.warn (C:\ProgramData\cocos\editors\Creator\3.8.5\resources\app.asar\node_modules\@sentry\src\instrument\console.ts:40:20)
    at warn (C:\ProgramData\cocos\editors\Creator\3.8.5\resources\resources\3d\engine\bin\.cache\dev\editor\bundled\index.js:160148:12)
    at warnID (C:\ProgramData\cocos\editors\Creator\3.8.5\resources\resources\3d\engine\bin\.cache\dev\editor\bundled\index.js:160336:5)
    at parseType (C:\ProgramData\cocos\editors\Creator\3.8.5\resources\resources\3d\engine\bin\.cache\dev\editor\bundled\index.js:273012:11)
    at preprocessAttrs (C:\ProgramData\cocos\editors\Creator\3.8.5\resources\resources\3d\engine\bin\.cache\dev\editor\bundled\index.js:273122:11)
    at declareProperties (C:\ProgramData\cocos\editors\Creator\3.8.5\resources\resources\3d\engine\bin\.cache\dev\editor\bundled\index.js:141456:7)
    at CCClass (C:\ProgramData\cocos\editors\Creator\3.8.5\resources\resources\3d\engine\bin\.cache\dev\editor\bundled\index.js:141485:5)
    at eval (C:\ProgramData\cocos\editors\Creator\3.8.5\resources\resources\3d\engine\bin\.cache\dev\editor\bundled\index.js:270947:21)
    at eval (C:\ProgramData\cocos\editors\Creator\3.8.5\resources\resources\3d\engine\bin\.cache\dev\editor\bundled\index.js:271958:18)
    at Object.execute (file:///D:/Game-Engine%20Projects/Blazing7Test/temp/programming/packer-driver/targets/editor/chunks/ce/cee91858986803de21b8fb0d430d475e16fb194f.js:45:406)
    at doExec (C:\ProgramData\cocos\editors\Creator\3.8.5\resources\app.asar\node_modules\@editor\lib-programming\static\executor\systemjs-bridge\out\index.js:517:30)
    at postOrderExec (C:\ProgramData\cocos\editors\Creator\3.8.5\resources\app.asar\node_modules\@editor\lib-programming\static\executor\systemjs-bridge\out\index.js:508:21)
    at C:\ProgramData\cocos\editors\Creator\3.8.5\resources\app.asar\node_modules\@editor\lib-programming\static\executor\systemjs-bridge\out\index.js:493:28
    at Array.forEach (<anonymous>)
    at postOrderExec (C:\ProgramData\cocos\editors\Creator\3.8.5\resources\app.asar\node_modules\@editor\lib-programming\static\executor\systemjs-bridge\out\index.js:491:10)
    at C:\ProgramData\cocos\editors\Creator\3.8.5\resources\app.asar\node_modules\@editor\lib-programming\static\executor\systemjs-bridge\out\index.js:440:12
    at file:///D:/Game-Engine%20Projects/Blazing7Test/temp/programming/packer-driver/targets/editor/chunks/6d/6d8fd2b0177941b032ddc0733af48a561fb60657.js:13:13
    at Object.execute (file:///D:/Game-Engine%20Projects/Blazing7Test/temp/programming/packer-driver/targets/editor/chunks/6d/6d8fd2b0177941b032ddc0733af48a561fb60657.js:8:7)
    at Executor._importPrerequisiteModules (C:\ProgramData\cocos\editors\Creator\3.8.5\resources\app.asar\node_modules\@editor\lib-programming\src\executor\index.ts:358:13)
    at Executor.reload (C:\ProgramData\cocos\editors\Creator\3.8.5\resources\app.asar\node_modules\@editor\lib-programming\src\executor\index.ts:235:13)
    at C:\ProgramData\cocos\editors\Creator\3.8.5\resources\app.asar\builtin\scene\dist\script\3d\manager\scripts.ccc:1:1787
    at GlobalEnv.processQueue (C:\ProgramData\cocos\editors\Creator\3.8.5\resources\app.asar\builtin\scene\dist\script\3d\manager\scripts.ccc:1:2184)
    at GlobalEnv.record (C:\ProgramData\cocos\editors\Creator\3.8.5\resources\app.asar\builtin\scene\dist\script\3d\manager\scripts.ccc:1:1955)
    at ScriptManager.init (C:\ProgramData\cocos\editors\Creator\3.8.5\resources\app.asar\builtin\scene\dist\script\3d\manager\scripts.ccc:1:3794)
    at EngineStartup.openEngine (C:\ProgramData\cocos\editors\Creator\3.8.5\resources\app.asar\builtin\scene\dist\script\3d\manager\startup\engine\index.ccc:1:4229)
    at StartupManager.configEngine (C:\ProgramData\cocos\editors\Creator\3.8.5\resources\app.asar\builtin\scene\dist\script\3d\manager\startup\index.ccc:1:1668)
    at EditorPreview._startEngine (C:\ProgramData\cocos\editors\Creator\3.8.5\resources\app.asar\builtin\scene\dist\script\3d\preload\editor-preview.js:1:973)
    at EditorPreview.start (C:\ProgramData\cocos\editors\Creator\3.8.5\resources\app.asar\builtin\scene\dist\script\3d\preload\editor-preview.js:1:468)
19-05-2026 09:16:06 - warn: [PreviewInEditor] The type of "NodeMovement.startOnLoad" must be CCBoolean, not Boolean.Error: [PreviewInEditor] The type of "NodeMovement.startOnLoad" must be CCBoolean, not Boolean.
    at console.warn (C:\ProgramData\cocos\editors\Creator\3.8.5\resources\app.asar\node_modules\@sentry\src\instrument\console.ts:40:20)
    at warn (C:\ProgramData\cocos\editors\Creator\3.8.5\resources\resources\3d\engine\bin\.cache\dev\editor\bundled\index.js:160148:12)
    at warnID (C:\ProgramData\cocos\editors\Creator\3.8.5\resources\resources\3d\engine\bin\.cache\dev\editor\bundled\index.js:160336:5)
    at parseType (C:\ProgramData\cocos\editors\Creator\3.8.5\resources\resources\3d\engine\bin\.cache\dev\editor\bundled\index.js:273012:11)
    at preprocessAttrs (C:\ProgramData\cocos\editors\Creator\3.8.5\resources\resources\3d\engine\bin\.cache\dev\editor\bundled\index.js:273122:11)
    at declareProperties (C:\ProgramData\cocos\editors\Creator\3.8.5\resources\resources\3d\engine\bin\.cache\dev\editor\bundled\index.js:141456:7)
    at CCClass (C:\ProgramData\cocos\editors\Creator\3.8.5\resources\resources\3d\engine\bin\.cache\dev\editor\bundled\index.js:141485:5)
    at eval (C:\ProgramData\cocos\editors\Creator\3.8.5\resources\resources\3d\engine\bin\.cache\dev\editor\bundled\index.js:270947:21)
    at eval (C:\ProgramData\cocos\editors\Creator\3.8.5\resources\resources\3d\engine\bin\.cache\dev\editor\bundled\index.js:271958:18)
    at Object.execute (file:///D:/Game-Engine%20Projects/Blazing7Test/temp/programming/packer-driver/targets/editor/chunks/92/925467d3572d2b8767cc3499d84c91f370f4ea08.js:37:214)
    at doExec (C:\ProgramData\cocos\editors\Creator\3.8.5\resources\app.asar\node_modules\@editor\lib-programming\static\executor\systemjs-bridge\out\index.js:517:30)
    at postOrderExec (C:\ProgramData\cocos\editors\Creator\3.8.5\resources\app.asar\node_modules\@editor\lib-programming\static\executor\systemjs-bridge\out\index.js:508:21)
    at C:\ProgramData\cocos\editors\Creator\3.8.5\resources\app.asar\node_modules\@editor\lib-programming\static\executor\systemjs-bridge\out\index.js:493:28
    at Array.forEach (<anonymous>)
    at postOrderExec (C:\ProgramData\cocos\editors\Creator\3.8.5\resources\app.asar\node_modules\@editor\lib-programming\static\executor\systemjs-bridge\out\index.js:491:10)
    at C:\ProgramData\cocos\editors\Creator\3.8.5\resources\app.asar\node_modules\@editor\lib-programming\static\executor\systemjs-bridge\out\index.js:440:12
    at file:///D:/Game-Engine%20Projects/Blazing7Test/temp/programming/packer-driver/targets/editor/chunks/6d/6d8fd2b0177941b032ddc0733af48a561fb60657.js:13:13
    at Object.execute (file:///D:/Game-Engine%20Projects/Blazing7Test/temp/programming/packer-driver/targets/editor/chunks/6d/6d8fd2b0177941b032ddc0733af48a561fb60657.js:8:7)
    at Executor._importPrerequisiteModules (C:\ProgramData\cocos\editors\Creator\3.8.5\resources\app.asar\node_modules\@editor\lib-programming\src\executor\index.ts:358:13)
    at Executor.reload (C:\ProgramData\cocos\editors\Creator\3.8.5\resources\app.asar\node_modules\@editor\lib-programming\src\executor\index.ts:235:13)
    at C:\ProgramData\cocos\editors\Creator\3.8.5\resources\app.asar\builtin\scene\dist\script\3d\manager\scripts.ccc:1:1787
    at GlobalEnv.processQueue (C:\ProgramData\cocos\editors\Creator\3.8.5\resources\app.asar\builtin\scene\dist\script\3d\manager\scripts.ccc:1:2184)
    at GlobalEnv.record (C:\ProgramData\cocos\editors\Creator\3.8.5\resources\app.asar\builtin\scene\dist\script\3d\manager\scripts.ccc:1:1955)
    at ScriptManager.init (C:\ProgramData\cocos\editors\Creator\3.8.5\resources\app.asar\builtin\scene\dist\script\3d\manager\scripts.ccc:1:3794)
    at EngineStartup.openEngine (C:\ProgramData\cocos\editors\Creator\3.8.5\resources\app.asar\builtin\scene\dist\script\3d\manager\startup\engine\index.ccc:1:4229)
    at StartupManager.configEngine (C:\ProgramData\cocos\editors\Creator\3.8.5\resources\app.asar\builtin\scene\dist\script\3d\manager\startup\index.ccc:1:1668)
    at EditorPreview._startEngine (C:\ProgramData\cocos\editors\Creator\3.8.5\resources\app.asar\builtin\scene\dist\script\3d\preload\editor-preview.js:1:973)
    at EditorPreview.start (C:\ProgramData\cocos\editors\Creator\3.8.5\resources\app.asar\builtin\scene\dist\script\3d\preload\editor-preview.js:1:468)
19-05-2026 09:16:06 - warn: [PreviewInEditor] The type of "NodeMovement.disableOnReach" must be CCBoolean, not Boolean.Error: [PreviewInEditor] The type of "NodeMovement.disableOnReach" must be CCBoolean, not Boolean.
    at console.warn (C:\ProgramData\cocos\editors\Creator\3.8.5\resources\app.asar\node_modules\@sentry\src\instrument\console.ts:40:20)
    at warn (C:\ProgramData\cocos\editors\Creator\3.8.5\resources\resources\3d\engine\bin\.cache\dev\editor\bundled\index.js:160148:12)
    at warnID (C:\ProgramData\cocos\editors\Creator\3.8.5\resources\resources\3d\engine\bin\.cache\dev\editor\bundled\index.js:160336:5)
    at parseType (C:\ProgramData\cocos\editors\Creator\3.8.5\resources\resources\3d\engine\bin\.cache\dev\editor\bundled\index.js:273012:11)
    at preprocessAttrs (C:\ProgramData\cocos\editors\Creator\3.8.5\resources\resources\3d\engine\bin\.cache\dev\editor\bundled\index.js:273122:11)
    at declareProperties (C:\ProgramData\cocos\editors\Creator\3.8.5\resources\resources\3d\engine\bin\.cache\dev\editor\bundled\index.js:141456:7)
    at CCClass (C:\ProgramData\cocos\editors\Creator\3.8.5\resources\resources\3d\engine\bin\.cache\dev\editor\bundled\index.js:141485:5)
    at eval (C:\ProgramData\cocos\editors\Creator\3.8.5\resources\resources\3d\engine\bin\.cache\dev\editor\bundled\index.js:270947:21)
    at eval (C:\ProgramData\cocos\editors\Creator\3.8.5\resources\resources\3d\engine\bin\.cache\dev\editor\bundled\index.js:271958:18)
    at Object.execute (file:///D:/Game-Engine%20Projects/Blazing7Test/temp/programming/packer-driver/targets/editor/chunks/92/925467d3572d2b8767cc3499d84c91f370f4ea08.js:37:214)
    at doExec (C:\ProgramData\cocos\editors\Creator\3.8.5\resources\app.asar\node_modules\@editor\lib-programming\static\executor\systemjs-bridge\out\index.js:517:30)
    at postOrderExec (C:\ProgramData\cocos\editors\Creator\3.8.5\resources\app.asar\node_modules\@editor\lib-programming\static\executor\systemjs-bridge\out\index.js:508:21)
    at C:\ProgramData\cocos\editors\Creator\3.8.5\resources\app.asar\node_modules\@editor\lib-programming\static\executor\systemjs-bridge\out\index.js:493:28
    at Array.forEach (<anonymous>)
    at postOrderExec (C:\ProgramData\cocos\editors\Creator\3.8.5\resources\app.asar\node_modules\@editor\lib-programming\static\executor\systemjs-bridge\out\index.js:491:10)
    at C:\ProgramData\cocos\editors\Creator\3.8.5\resources\app.asar\node_modules\@editor\lib-programming\static\executor\systemjs-bridge\out\index.js:440:12
    at file:///D:/Game-Engine%20Projects/Blazing7Test/temp/programming/packer-driver/targets/editor/chunks/6d/6d8fd2b0177941b032ddc0733af48a561fb60657.js:13:13
    at Object.execute (file:///D:/Game-Engine%20Projects/Blazing7Test/temp/programming/packer-driver/targets/editor/chunks/6d/6d8fd2b0177941b032ddc0733af48a561fb60657.js:8:7)
    at Executor._importPrerequisiteModules (C:\ProgramData\cocos\editors\Creator\3.8.5\resources\app.asar\node_modules\@editor\lib-programming\src\executor\index.ts:358:13)
    at Executor.reload (C:\ProgramData\cocos\editors\Creator\3.8.5\resources\app.asar\node_modules\@editor\lib-programming\src\executor\index.ts:235:13)
    at C:\ProgramData\cocos\editors\Creator\3.8.5\resources\app.asar\builtin\scene\dist\script\3d\manager\scripts.ccc:1:1787
    at GlobalEnv.processQueue (C:\ProgramData\cocos\editors\Creator\3.8.5\resources\app.asar\builtin\scene\dist\script\3d\manager\scripts.ccc:1:2184)
    at GlobalEnv.record (C:\ProgramData\cocos\editors\Creator\3.8.5\resources\app.asar\builtin\scene\dist\script\3d\manager\scripts.ccc:1:1955)
    at ScriptManager.init (C:\ProgramData\cocos\editors\Creator\3.8.5\resources\app.asar\builtin\scene\dist\script\3d\manager\scripts.ccc:1:3794)
    at EngineStartup.openEngine (C:\ProgramData\cocos\editors\Creator\3.8.5\resources\app.asar\builtin\scene\dist\script\3d\manager\startup\engine\index.ccc:1:4229)
    at StartupManager.configEngine (C:\ProgramData\cocos\editors\Creator\3.8.5\resources\app.asar\builtin\scene\dist\script\3d\manager\startup\index.ccc:1:1668)
    at EditorPreview._startEngine (C:\ProgramData\cocos\editors\Creator\3.8.5\resources\app.asar\builtin\scene\dist\script\3d\preload\editor-preview.js:1:973)
    at EditorPreview.start (C:\ProgramData\cocos\editors\Creator\3.8.5\resources\app.asar\builtin\scene\dist\script\3d\preload\editor-preview.js:1:468)
19-05-2026 09:16:06 - log: [PreviewInEditor] [PHYSICS2D]: switch from box2d-wasm to box2d.
19-05-2026 09:16:07 - log: [PreviewInEditor] [SceneManager] Initialized
19-05-2026 09:16:07 - log: [PreviewInEditor] [PopUpManager] Initialized
19-05-2026 09:16:07 - log: [PreviewInEditor] [WinBroadcastManager] Adding onSceneCallback: 1
19-05-2026 09:16:07 - log: [PreviewInEditor] [WsManager] 添加协议监听器: ANNOUNCEMENT
19-05-2026 09:16:09 - log: [PreviewInEditor] [GameManager] Loading API Manager..
19-05-2026 09:16:09 - log: [PreviewInEditor] [ApiCore] SDK 初始化完成
19-05-2026 09:16:09 - log: [PreviewInEditor] [WsManager] Start initializing the WebSocket manager...
19-05-2026 09:16:09 - log: [PreviewInEditor] [WsManager] WebSocket 管理器初始化成功
19-05-2026 09:16:09 - log: [PreviewInEditor] [WsManager] WebSocket 连接成功
19-05-2026 09:16:09 - log: [PreviewInEditor] [WinBroadcastManager] AllowAnnouncement Called: false
19-05-2026 09:16:14 - log: [PreviewInEditor] [WinBroadcastManager] AllowAnnouncement Called: true
19-05-2026 09:16:14 - log: [PreviewInEditor] [DragonEyeIntro][UIROOT] DEVICE TYPE: pc
19-05-2026 09:16:14 - log: [PreviewInEditor] [Game] CardPlayInComplete, AutoCount: 0
19-05-2026 09:16:18 - log: [PreviewInEditor] [ScratchSystem] All cells scratched.
19-05-2026 09:16:22 - log: [PreviewInEditor] [Game] CardPlayInComplete, AutoCount: 5
19-05-2026 09:16:23 - log: [PreviewInEditor] [ScratchSystem] All cells scratched.
19-05-2026 09:16:23 - log: [PreviewInEditor] [WsManager] 收到消息: {
  cmd: 'ANNOUNCEMENT',
  data: [
    {
      announcementType: 'BIG',
      bonus: '1',
      cardId: '2056544455258800129',
      cardNo: 'B7S-vOyLoZ3m1Cfh',
      conditionType: 'AMOUNT_MULTIPLIER',
      gameId: '2000802906231672834',
      gameName: 'BLAZING 7s',
      playType: 'BLAZING_7S_SCRATCH',
      productId: 'GV1',
      settleTime: '2026-05-19 09:16:22.853089350',
      userName: '12345789798789456123rX',
      winAmount: 20
    }
  ]
}
19-05-2026 09:16:26 - log: [PreviewInEditor] [Game] CardPlayInComplete, AutoCount: 0
19-05-2026 09:16:28 - log: [PreviewInEditor] [ScratchSystem] All cells scratched.
19-05-2026 09:16:28 - log: [PreviewInEditor] [WsManager] 收到消息: {
  cmd: 'ANNOUNCEMENT',
  data: [
    {
      announcementType: 'BIG',
      bonus: '1',
      cardId: '2056544472593858562',
      cardNo: 'B7S-QHhrp90be6DW',
      conditionType: 'AMOUNT_MULTIPLIER',
      gameId: '2000802906231672834',
      gameName: 'BLAZING 7s',
      playType: 'BLAZING_7S_SCRATCH',
      productId: 'GV1',
      settleTime: '2026-05-19 09:16:27.416472745',
      userName: '12345789798789456123rX',
      winAmount: 20
    }
  ]
}
19-05-2026 09:16:30 - log: [PreviewInEditor] [Game] CardPlayInComplete, AutoCount: 5
19-05-2026 09:16:31 - log: [PreviewInEditor] [ScratchSystem] All cells scratched.
19-05-2026 09:16:31 - log: [PreviewInEditor] [Game] CardPlayInComplete, AutoCount: 5
19-05-2026 09:16:32 - log: [PreviewInEditor] [ScratchSystem] All cells scratched.
19-05-2026 09:16:32 - log: [PreviewInEditor] [WsManager] 收到消息: {
  cmd: 'ANNOUNCEMENT',
  data: [
    {
      announcementType: 'BIG',
      bonus: '3',
      cardId: '2056544493489881090',
      cardNo: 'B7S-umn63WZ1Lp9l',
      conditionType: 'AMOUNT_MULTIPLIER',
      gameId: '2000802906231672834',
      gameName: 'BLAZING 7s',
      playType: 'BLAZING_7S_SCRATCH',
      productId: 'GV1',
      settleTime: '2026-05-19 09:16:31.944897083',
      userName: '12345789798789456123rX',
      winAmount: 60
    }
  ]
}
19-05-2026 09:16:33 - log: [PreviewInEditor] [Game] CardPlayInComplete, AutoCount: 0
19-05-2026 09:16:36 - log: [PreviewInEditor] [ScratchSystem] All cells scratched.
19-05-2026 09:16:37 - log: [PreviewInEditor] [Game] CardPlayInComplete, AutoCount: 5
19-05-2026 09:16:37 - log: [PreviewInEditor] [ScratchSystem] All cells scratched.
19-05-2026 09:16:39 - log: [PreviewInEditor] [Game] CardPlayInComplete, AutoCount: 0
19-05-2026 09:16:41 - log: [PreviewInEditor] [ScratchSystem] All cells scratched.
19-05-2026 09:16:41 - log: [PreviewInEditor] [WsManager] 收到消息: {
  cmd: 'ANNOUNCEMENT',
  data: [
    {
      announcementType: 'BIG',
      bonus: '2',
      cardId: '2056544523999248385',
      cardNo: 'B7S-CeVItLJZnvva',
      conditionType: 'AMOUNT_MULTIPLIER',
      gameId: '2000802906231672834',
      gameName: 'BLAZING 7s',
      playType: 'BLAZING_7S_SCRATCH',
      productId: 'GV1',
      settleTime: '2026-05-19 09:16:40.377267969',
      userName: '12345789798789456123rX',
      winAmount: 40
    }
  ]
}
19-05-2026 09:16:43 - log: [PreviewInEditor] [Game] CardPlayInComplete, AutoCount: 5
19-05-2026 09:16:44 - log: [PreviewInEditor] [ScratchSystem] All cells scratched.
19-05-2026 09:16:45 - log: [PreviewInEditor] [Game] CardPlayInComplete, AutoCount: 4
19-05-2026 09:16:46 - log: [PreviewInEditor] [ScratchSystem] All cells scratched.
19-05-2026 09:16:47 - log: [PreviewInEditor] [Game] CardPlayInComplete, AutoCount: 3
19-05-2026 09:16:48 - log: [PreviewInEditor] [ScratchSystem] All cells scratched.
19-05-2026 09:16:49 - log: [PreviewInEditor] [Game] CardPlayInComplete, AutoCount: 2
19-05-2026 09:16:50 - log: [PreviewInEditor] [ScratchSystem] All cells scratched.
19-05-2026 09:16:50 - log: [PreviewInEditor] [WsManager] 收到消息: {
  cmd: 'ANNOUNCEMENT',
  data: [
    {
      announcementType: 'BIG',
      bonus: '1',
      cardId: '2056544567682924546',
      cardNo: 'B7S-lZkUjfkxdZCi',
      conditionType: 'AMOUNT_MULTIPLIER',
      gameId: '2000802906231672834',
      gameName: 'BLAZING 7s',
      playType: 'BLAZING_7S_SCRATCH',
      productId: 'GV1',
      settleTime: '2026-05-19 09:16:49.615564812',
      userName: '12345789798789456123rX',
      winAmount: 20
    }
  ]
}
19-05-2026 09:16:54 - log: [PreviewInEditor] [Game] CardPlayInComplete, AutoCount: 0
19-05-2026 09:16:55 - log: [PreviewInEditor] [ScratchSystem] All cells scratched.
19-05-2026 09:16:58 - log: [PreviewInEditor] [Game] CardPlayInComplete, AutoCount: 5
19-05-2026 09:16:58 - log: [PreviewInEditor] [ScratchSystem] All cells scratched.
19-05-2026 09:17:02 - log: [PreviewInEditor] [Game] CardPlayInComplete, AutoCount: 5
19-05-2026 09:17:03 - log: [PreviewInEditor] [ScratchSystem] All cells scratched.
19-05-2026 09:17:04 - log: [PreviewInEditor] [Game] CardPlayInComplete, AutoCount: 0
19-05-2026 09:17:05 - log: [PreviewInEditor] [ScratchSystem] All cells scratched.
19-05-2026 09:17:05 - log: [PreviewInEditor] [WsManager] 收到消息: {
  cmd: 'ANNOUNCEMENT',
  data: [
    {
      announcementType: 'BIG',
      bonus: '1',
      cardId: '2056544629918007297',
      cardNo: 'B7S-cL82XX0LaWCo',
      conditionType: 'AMOUNT_MULTIPLIER',
      gameId: '2000802906231672834',
      gameName: 'BLAZING 7s',
      playType: 'BLAZING_7S_SCRATCH',
      productId: 'GV1',
      settleTime: '2026-05-19 09:17:04.913287752',
      userName: '12345789798789456123rX',
      winAmount: 20
    }
  ]
}
19-05-2026 09:17:08 - log: [PreviewInEditor] [Game] CardPlayInComplete, AutoCount: 0
19-05-2026 09:17:08 - log: [PreviewInEditor] [ScratchSystem] All cells scratched.
19-05-2026 09:17:09 - log: [PreviewInEditor] [Game] CardPlayInComplete, AutoCount: 0
19-05-2026 09:17:11 - log: [PreviewInEditor] [ScratchSystem] All cells scratched.
19-05-2026 09:17:12 - log: [PreviewInEditor] [Game] CardPlayInComplete, AutoCount: 0
19-05-2026 09:17:14 - log: [PreviewInEditor] [ScratchSystem] All cells scratched.
19-05-2026 09:17:15 - log: [PreviewInEditor] [Game] CardPlayInComplete, AutoCount: 0
19-05-2026 09:17:16 - log: [PreviewInEditor] [ScratchSystem] All cells scratched.
19-05-2026 09:17:17 - warn: [PreviewInEditor] IPC message has been lost.Error: [PreviewInEditor] IPC message has been lost.
    at console.warn (C:\ProgramData\cocos\editors\Creator\3.8.5\resources\app.asar\node_modules\@sentry\src\instrument\console.ts:40:20)
    at IpcRenderer.<anonymous> (C:\ProgramData\cocos\editors\Creator\3.8.5\resources\app.asar\builtin\scene\dist\script\3d\manager\ipc\web\webview.ccc:1:1495)
    at IpcRenderer.emit (node:events:519:28)
    at Object.onMessage (node:electron/js2c/renderer_init:2:8837)
19-05-2026 09:17:17 - info: [PreviewInEditor] preview process is ready
19-05-2026 09:22:45 - warn: [Scene] The type of "PricePopUpOptions.enableInfinite" must be CCBoolean, not Boolean.Error: [Scene] The type of "PricePopUpOptions.enableInfinite" must be CCBoolean, not Boolean.
    at console.warn (C:\ProgramData\cocos\editors\Creator\3.8.5\resources\app.asar\node_modules\@sentry\src\instrument\console.ts:40:20)
    at warn (C:\ProgramData\cocos\editors\Creator\3.8.5\resources\resources\3d\engine\bin\.cache\dev\editor\bundled\index.js:160148:12)
    at warnID (C:\ProgramData\cocos\editors\Creator\3.8.5\resources\resources\3d\engine\bin\.cache\dev\editor\bundled\index.js:160336:5)
    at parseType (C:\ProgramData\cocos\editors\Creator\3.8.5\resources\resources\3d\engine\bin\.cache\dev\editor\bundled\index.js:273012:11)
    at preprocessAttrs (C:\ProgramData\cocos\editors\Creator\3.8.5\resources\resources\3d\engine\bin\.cache\dev\editor\bundled\index.js:273122:11)
    at declareProperties (C:\ProgramData\cocos\editors\Creator\3.8.5\resources\resources\3d\engine\bin\.cache\dev\editor\bundled\index.js:141456:7)
    at CCClass (C:\ProgramData\cocos\editors\Creator\3.8.5\resources\resources\3d\engine\bin\.cache\dev\editor\bundled\index.js:141485:5)
    at eval (C:\ProgramData\cocos\editors\Creator\3.8.5\resources\resources\3d\engine\bin\.cache\dev\editor\bundled\index.js:270947:21)
    at eval (C:\ProgramData\cocos\editors\Creator\3.8.5\resources\resources\3d\engine\bin\.cache\dev\editor\bundled\index.js:271958:18)
    at Object.execute (file:///D:/Game-Engine%20Projects/Blazing7Test/temp/programming/packer-driver/targets/editor/chunks/ce/cee91858986803de21b8fb0d430d475e16fb194f.js:45:406)
    at doExec (C:\ProgramData\cocos\editors\Creator\3.8.5\resources\app.asar\node_modules\@editor\lib-programming\static\executor\systemjs-bridge\out\index.js:517:30)
    at postOrderExec (C:\ProgramData\cocos\editors\Creator\3.8.5\resources\app.asar\node_modules\@editor\lib-programming\static\executor\systemjs-bridge\out\index.js:508:21)
    at C:\ProgramData\cocos\editors\Creator\3.8.5\resources\app.asar\node_modules\@editor\lib-programming\static\executor\systemjs-bridge\out\index.js:493:28
    at Array.forEach (<anonymous>)
    at postOrderExec (C:\ProgramData\cocos\editors\Creator\3.8.5\resources\app.asar\node_modules\@editor\lib-programming\static\executor\systemjs-bridge\out\index.js:491:10)
    at C:\ProgramData\cocos\editors\Creator\3.8.5\resources\app.asar\node_modules\@editor\lib-programming\static\executor\systemjs-bridge\out\index.js:440:12
    at file:///D:/Game-Engine%20Projects/Blazing7Test/temp/programming/packer-driver/targets/editor/chunks/6d/6d8fd2b0177941b032ddc0733af48a561fb60657.js:13:13
    at Object.execute (file:///D:/Game-Engine%20Projects/Blazing7Test/temp/programming/packer-driver/targets/editor/chunks/6d/6d8fd2b0177941b032ddc0733af48a561fb60657.js:8:7)
    at Executor._importPrerequisiteModules (C:\ProgramData\cocos\editors\Creator\3.8.5\resources\app.asar\node_modules\@editor\lib-programming\src\executor\index.ts:358:13)
    at Executor.reload (C:\ProgramData\cocos\editors\Creator\3.8.5\resources\app.asar\node_modules\@editor\lib-programming\src\executor\index.ts:235:13)
    at C:\ProgramData\cocos\editors\Creator\3.8.5\resources\app.asar\builtin\scene\dist\script\3d\manager\scripts.ccc:1:1787
    at GlobalEnv.processQueue (C:\ProgramData\cocos\editors\Creator\3.8.5\resources\app.asar\builtin\scene\dist\script\3d\manager\scripts.ccc:1:2184)
    at GlobalEnv.record (C:\ProgramData\cocos\editors\Creator\3.8.5\resources\app.asar\builtin\scene\dist\script\3d\manager\scripts.ccc:1:1955)
19-05-2026 09:22:45 - warn: [Scene] The type of "NodeMovement.startOnLoad" must be CCBoolean, not Boolean.Error: [Scene] The type of "NodeMovement.startOnLoad" must be CCBoolean, not Boolean.
    at console.warn (C:\ProgramData\cocos\editors\Creator\3.8.5\resources\app.asar\node_modules\@sentry\src\instrument\console.ts:40:20)
    at warn (C:\ProgramData\cocos\editors\Creator\3.8.5\resources\resources\3d\engine\bin\.cache\dev\editor\bundled\index.js:160148:12)
    at warnID (C:\ProgramData\cocos\editors\Creator\3.8.5\resources\resources\3d\engine\bin\.cache\dev\editor\bundled\index.js:160336:5)
    at parseType (C:\ProgramData\cocos\editors\Creator\3.8.5\resources\resources\3d\engine\bin\.cache\dev\editor\bundled\index.js:273012:11)
    at preprocessAttrs (C:\ProgramData\cocos\editors\Creator\3.8.5\resources\resources\3d\engine\bin\.cache\dev\editor\bundled\index.js:273122:11)
    at declareProperties (C:\ProgramData\cocos\editors\Creator\3.8.5\resources\resources\3d\engine\bin\.cache\dev\editor\bundled\index.js:141456:7)
    at CCClass (C:\ProgramData\cocos\editors\Creator\3.8.5\resources\resources\3d\engine\bin\.cache\dev\editor\bundled\index.js:141485:5)
    at eval (C:\ProgramData\cocos\editors\Creator\3.8.5\resources\resources\3d\engine\bin\.cache\dev\editor\bundled\index.js:270947:21)
    at eval (C:\ProgramData\cocos\editors\Creator\3.8.5\resources\resources\3d\engine\bin\.cache\dev\editor\bundled\index.js:271958:18)
    at Object.execute (file:///D:/Game-Engine%20Projects/Blazing7Test/temp/programming/packer-driver/targets/editor/chunks/92/925467d3572d2b8767cc3499d84c91f370f4ea08.js:37:214)
    at doExec (C:\ProgramData\cocos\editors\Creator\3.8.5\resources\app.asar\node_modules\@editor\lib-programming\static\executor\systemjs-bridge\out\index.js:517:30)
    at postOrderExec (C:\ProgramData\cocos\editors\Creator\3.8.5\resources\app.asar\node_modules\@editor\lib-programming\static\executor\systemjs-bridge\out\index.js:508:21)
    at C:\ProgramData\cocos\editors\Creator\3.8.5\resources\app.asar\node_modules\@editor\lib-programming\static\executor\systemjs-bridge\out\index.js:493:28
    at Array.forEach (<anonymous>)
    at postOrderExec (C:\ProgramData\cocos\editors\Creator\3.8.5\resources\app.asar\node_modules\@editor\lib-programming\static\executor\systemjs-bridge\out\index.js:491:10)
    at C:\ProgramData\cocos\editors\Creator\3.8.5\resources\app.asar\node_modules\@editor\lib-programming\static\executor\systemjs-bridge\out\index.js:440:12
    at file:///D:/Game-Engine%20Projects/Blazing7Test/temp/programming/packer-driver/targets/editor/chunks/6d/6d8fd2b0177941b032ddc0733af48a561fb60657.js:13:13
    at Object.execute (file:///D:/Game-Engine%20Projects/Blazing7Test/temp/programming/packer-driver/targets/editor/chunks/6d/6d8fd2b0177941b032ddc0733af48a561fb60657.js:8:7)
    at Executor._importPrerequisiteModules (C:\ProgramData\cocos\editors\Creator\3.8.5\resources\app.asar\node_modules\@editor\lib-programming\src\executor\index.ts:358:13)
    at Executor.reload (C:\ProgramData\cocos\editors\Creator\3.8.5\resources\app.asar\node_modules\@editor\lib-programming\src\executor\index.ts:235:13)
    at C:\ProgramData\cocos\editors\Creator\3.8.5\resources\app.asar\builtin\scene\dist\script\3d\manager\scripts.ccc:1:1787
    at GlobalEnv.processQueue (C:\ProgramData\cocos\editors\Creator\3.8.5\resources\app.asar\builtin\scene\dist\script\3d\manager\scripts.ccc:1:2184)
    at GlobalEnv.record (C:\ProgramData\cocos\editors\Creator\3.8.5\resources\app.asar\builtin\scene\dist\script\3d\manager\scripts.ccc:1:1955)
19-05-2026 09:22:45 - warn: [Scene] The type of "NodeMovement.disableOnReach" must be CCBoolean, not Boolean.Error: [Scene] The type of "NodeMovement.disableOnReach" must be CCBoolean, not Boolean.
    at console.warn (C:\ProgramData\cocos\editors\Creator\3.8.5\resources\app.asar\node_modules\@sentry\src\instrument\console.ts:40:20)
    at warn (C:\ProgramData\cocos\editors\Creator\3.8.5\resources\resources\3d\engine\bin\.cache\dev\editor\bundled\index.js:160148:12)
    at warnID (C:\ProgramData\cocos\editors\Creator\3.8.5\resources\resources\3d\engine\bin\.cache\dev\editor\bundled\index.js:160336:5)
    at parseType (C:\ProgramData\cocos\editors\Creator\3.8.5\resources\resources\3d\engine\bin\.cache\dev\editor\bundled\index.js:273012:11)
    at preprocessAttrs (C:\ProgramData\cocos\editors\Creator\3.8.5\resources\resources\3d\engine\bin\.cache\dev\editor\bundled\index.js:273122:11)
    at declareProperties (C:\ProgramData\cocos\editors\Creator\3.8.5\resources\resources\3d\engine\bin\.cache\dev\editor\bundled\index.js:141456:7)
    at CCClass (C:\ProgramData\cocos\editors\Creator\3.8.5\resources\resources\3d\engine\bin\.cache\dev\editor\bundled\index.js:141485:5)
    at eval (C:\ProgramData\cocos\editors\Creator\3.8.5\resources\resources\3d\engine\bin\.cache\dev\editor\bundled\index.js:270947:21)
    at eval (C:\ProgramData\cocos\editors\Creator\3.8.5\resources\resources\3d\engine\bin\.cache\dev\editor\bundled\index.js:271958:18)
    at Object.execute (file:///D:/Game-Engine%20Projects/Blazing7Test/temp/programming/packer-driver/targets/editor/chunks/92/925467d3572d2b8767cc3499d84c91f370f4ea08.js:37:214)
    at doExec (C:\ProgramData\cocos\editors\Creator\3.8.5\resources\app.asar\node_modules\@editor\lib-programming\static\executor\systemjs-bridge\out\index.js:517:30)
    at postOrderExec (C:\ProgramData\cocos\editors\Creator\3.8.5\resources\app.asar\node_modules\@editor\lib-programming\static\executor\systemjs-bridge\out\index.js:508:21)
    at C:\ProgramData\cocos\editors\Creator\3.8.5\resources\app.asar\node_modules\@editor\lib-programming\static\executor\systemjs-bridge\out\index.js:493:28
    at Array.forEach (<anonymous>)
    at postOrderExec (C:\ProgramData\cocos\editors\Creator\3.8.5\resources\app.asar\node_modules\@editor\lib-programming\static\executor\systemjs-bridge\out\index.js:491:10)
    at C:\ProgramData\cocos\editors\Creator\3.8.5\resources\app.asar\node_modules\@editor\lib-programming\static\executor\systemjs-bridge\out\index.js:440:12
    at file:///D:/Game-Engine%20Projects/Blazing7Test/temp/programming/packer-driver/targets/editor/chunks/6d/6d8fd2b0177941b032ddc0733af48a561fb60657.js:13:13
    at Object.execute (file:///D:/Game-Engine%20Projects/Blazing7Test/temp/programming/packer-driver/targets/editor/chunks/6d/6d8fd2b0177941b032ddc0733af48a561fb60657.js:8:7)
    at Executor._importPrerequisiteModules (C:\ProgramData\cocos\editors\Creator\3.8.5\resources\app.asar\node_modules\@editor\lib-programming\src\executor\index.ts:358:13)
    at Executor.reload (C:\ProgramData\cocos\editors\Creator\3.8.5\resources\app.asar\node_modules\@editor\lib-programming\src\executor\index.ts:235:13)
    at C:\ProgramData\cocos\editors\Creator\3.8.5\resources\app.asar\builtin\scene\dist\script\3d\manager\scripts.ccc:1:1787
    at GlobalEnv.processQueue (C:\ProgramData\cocos\editors\Creator\3.8.5\resources\app.asar\builtin\scene\dist\script\3d\manager\scripts.ccc:1:2184)
    at GlobalEnv.record (C:\ProgramData\cocos\editors\Creator\3.8.5\resources\app.asar\builtin\scene\dist\script\3d\manager\scripts.ccc:1:1955)
19-05-2026 09:26:47 - warn: [Scene] The type of "PricePopUpOptions.enableInfinite" must be CCBoolean, not Boolean.Error: [Scene] The type of "PricePopUpOptions.enableInfinite" must be CCBoolean, not Boolean.
    at console.warn (C:\ProgramData\cocos\editors\Creator\3.8.5\resources\app.asar\node_modules\@sentry\src\instrument\console.ts:40:20)
    at warn (C:\ProgramData\cocos\editors\Creator\3.8.5\resources\resources\3d\engine\bin\.cache\dev\editor\bundled\index.js:160148:12)
    at warnID (C:\ProgramData\cocos\editors\Creator\3.8.5\resources\resources\3d\engine\bin\.cache\dev\editor\bundled\index.js:160336:5)
    at parseType (C:\ProgramData\cocos\editors\Creator\3.8.5\resources\resources\3d\engine\bin\.cache\dev\editor\bundled\index.js:273012:11)
    at preprocessAttrs (C:\ProgramData\cocos\editors\Creator\3.8.5\resources\resources\3d\engine\bin\.cache\dev\editor\bundled\index.js:273122:11)
    at declareProperties (C:\ProgramData\cocos\editors\Creator\3.8.5\resources\resources\3d\engine\bin\.cache\dev\editor\bundled\index.js:141456:7)
    at CCClass (C:\ProgramData\cocos\editors\Creator\3.8.5\resources\resources\3d\engine\bin\.cache\dev\editor\bundled\index.js:141485:5)
    at eval (C:\ProgramData\cocos\editors\Creator\3.8.5\resources\resources\3d\engine\bin\.cache\dev\editor\bundled\index.js:270947:21)
    at eval (C:\ProgramData\cocos\editors\Creator\3.8.5\resources\resources\3d\engine\bin\.cache\dev\editor\bundled\index.js:271958:18)
    at Object.execute (file:///D:/Game-Engine%20Projects/Blazing7Test/temp/programming/packer-driver/targets/editor/chunks/ce/cee91858986803de21b8fb0d430d475e16fb194f.js:45:406)
    at doExec (C:\ProgramData\cocos\editors\Creator\3.8.5\resources\app.asar\node_modules\@editor\lib-programming\static\executor\systemjs-bridge\out\index.js:517:30)
    at postOrderExec (C:\ProgramData\cocos\editors\Creator\3.8.5\resources\app.asar\node_modules\@editor\lib-programming\static\executor\systemjs-bridge\out\index.js:508:21)
    at C:\ProgramData\cocos\editors\Creator\3.8.5\resources\app.asar\node_modules\@editor\lib-programming\static\executor\systemjs-bridge\out\index.js:493:28
    at Array.forEach (<anonymous>)
    at postOrderExec (C:\ProgramData\cocos\editors\Creator\3.8.5\resources\app.asar\node_modules\@editor\lib-programming\static\executor\systemjs-bridge\out\index.js:491:10)
    at C:\ProgramData\cocos\editors\Creator\3.8.5\resources\app.asar\node_modules\@editor\lib-programming\static\executor\systemjs-bridge\out\index.js:440:12
    at file:///D:/Game-Engine%20Projects/Blazing7Test/temp/programming/packer-driver/targets/editor/chunks/6d/6d8fd2b0177941b032ddc0733af48a561fb60657.js:13:13
    at Object.execute (file:///D:/Game-Engine%20Projects/Blazing7Test/temp/programming/packer-driver/targets/editor/chunks/6d/6d8fd2b0177941b032ddc0733af48a561fb60657.js:8:7)
    at Executor._importPrerequisiteModules (C:\ProgramData\cocos\editors\Creator\3.8.5\resources\app.asar\node_modules\@editor\lib-programming\src\executor\index.ts:358:13)
    at Executor.reload (C:\ProgramData\cocos\editors\Creator\3.8.5\resources\app.asar\node_modules\@editor\lib-programming\src\executor\index.ts:235:13)
    at C:\ProgramData\cocos\editors\Creator\3.8.5\resources\app.asar\builtin\scene\dist\script\3d\manager\scripts.ccc:1:1787
    at GlobalEnv.processQueue (C:\ProgramData\cocos\editors\Creator\3.8.5\resources\app.asar\builtin\scene\dist\script\3d\manager\scripts.ccc:1:2184)
    at GlobalEnv.record (C:\ProgramData\cocos\editors\Creator\3.8.5\resources\app.asar\builtin\scene\dist\script\3d\manager\scripts.ccc:1:1955)
19-05-2026 09:26:47 - warn: [Scene] The type of "NodeMovement.startOnLoad" must be CCBoolean, not Boolean.Error: [Scene] The type of "NodeMovement.startOnLoad" must be CCBoolean, not Boolean.
    at console.warn (C:\ProgramData\cocos\editors\Creator\3.8.5\resources\app.asar\node_modules\@sentry\src\instrument\console.ts:40:20)
    at warn (C:\ProgramData\cocos\editors\Creator\3.8.5\resources\resources\3d\engine\bin\.cache\dev\editor\bundled\index.js:160148:12)
    at warnID (C:\ProgramData\cocos\editors\Creator\3.8.5\resources\resources\3d\engine\bin\.cache\dev\editor\bundled\index.js:160336:5)
    at parseType (C:\ProgramData\cocos\editors\Creator\3.8.5\resources\resources\3d\engine\bin\.cache\dev\editor\bundled\index.js:273012:11)
    at preprocessAttrs (C:\ProgramData\cocos\editors\Creator\3.8.5\resources\resources\3d\engine\bin\.cache\dev\editor\bundled\index.js:273122:11)
    at declareProperties (C:\ProgramData\cocos\editors\Creator\3.8.5\resources\resources\3d\engine\bin\.cache\dev\editor\bundled\index.js:141456:7)
    at CCClass (C:\ProgramData\cocos\editors\Creator\3.8.5\resources\resources\3d\engine\bin\.cache\dev\editor\bundled\index.js:141485:5)
    at eval (C:\ProgramData\cocos\editors\Creator\3.8.5\resources\resources\3d\engine\bin\.cache\dev\editor\bundled\index.js:270947:21)
    at eval (C:\ProgramData\cocos\editors\Creator\3.8.5\resources\resources\3d\engine\bin\.cache\dev\editor\bundled\index.js:271958:18)
    at Object.execute (file:///D:/Game-Engine%20Projects/Blazing7Test/temp/programming/packer-driver/targets/editor/chunks/92/925467d3572d2b8767cc3499d84c91f370f4ea08.js:37:214)
    at doExec (C:\ProgramData\cocos\editors\Creator\3.8.5\resources\app.asar\node_modules\@editor\lib-programming\static\executor\systemjs-bridge\out\index.js:517:30)
    at postOrderExec (C:\ProgramData\cocos\editors\Creator\3.8.5\resources\app.asar\node_modules\@editor\lib-programming\static\executor\systemjs-bridge\out\index.js:508:21)
    at C:\ProgramData\cocos\editors\Creator\3.8.5\resources\app.asar\node_modules\@editor\lib-programming\static\executor\systemjs-bridge\out\index.js:493:28
    at Array.forEach (<anonymous>)
    at postOrderExec (C:\ProgramData\cocos\editors\Creator\3.8.5\resources\app.asar\node_modules\@editor\lib-programming\static\executor\systemjs-bridge\out\index.js:491:10)
    at C:\ProgramData\cocos\editors\Creator\3.8.5\resources\app.asar\node_modules\@editor\lib-programming\static\executor\systemjs-bridge\out\index.js:440:12
    at file:///D:/Game-Engine%20Projects/Blazing7Test/temp/programming/packer-driver/targets/editor/chunks/6d/6d8fd2b0177941b032ddc0733af48a561fb60657.js:13:13
    at Object.execute (file:///D:/Game-Engine%20Projects/Blazing7Test/temp/programming/packer-driver/targets/editor/chunks/6d/6d8fd2b0177941b032ddc0733af48a561fb60657.js:8:7)
    at Executor._importPrerequisiteModules (C:\ProgramData\cocos\editors\Creator\3.8.5\resources\app.asar\node_modules\@editor\lib-programming\src\executor\index.ts:358:13)
    at Executor.reload (C:\ProgramData\cocos\editors\Creator\3.8.5\resources\app.asar\node_modules\@editor\lib-programming\src\executor\index.ts:235:13)
    at C:\ProgramData\cocos\editors\Creator\3.8.5\resources\app.asar\builtin\scene\dist\script\3d\manager\scripts.ccc:1:1787
    at GlobalEnv.processQueue (C:\ProgramData\cocos\editors\Creator\3.8.5\resources\app.asar\builtin\scene\dist\script\3d\manager\scripts.ccc:1:2184)
    at GlobalEnv.record (C:\ProgramData\cocos\editors\Creator\3.8.5\resources\app.asar\builtin\scene\dist\script\3d\manager\scripts.ccc:1:1955)
19-05-2026 09:26:47 - warn: [Scene] The type of "NodeMovement.disableOnReach" must be CCBoolean, not Boolean.Error: [Scene] The type of "NodeMovement.disableOnReach" must be CCBoolean, not Boolean.
    at console.warn (C:\ProgramData\cocos\editors\Creator\3.8.5\resources\app.asar\node_modules\@sentry\src\instrument\console.ts:40:20)
    at warn (C:\ProgramData\cocos\editors\Creator\3.8.5\resources\resources\3d\engine\bin\.cache\dev\editor\bundled\index.js:160148:12)
    at warnID (C:\ProgramData\cocos\editors\Creator\3.8.5\resources\resources\3d\engine\bin\.cache\dev\editor\bundled\index.js:160336:5)
    at parseType (C:\ProgramData\cocos\editors\Creator\3.8.5\resources\resources\3d\engine\bin\.cache\dev\editor\bundled\index.js:273012:11)
    at preprocessAttrs (C:\ProgramData\cocos\editors\Creator\3.8.5\resources\resources\3d\engine\bin\.cache\dev\editor\bundled\index.js:273122:11)
    at declareProperties (C:\ProgramData\cocos\editors\Creator\3.8.5\resources\resources\3d\engine\bin\.cache\dev\editor\bundled\index.js:141456:7)
    at CCClass (C:\ProgramData\cocos\editors\Creator\3.8.5\resources\resources\3d\engine\bin\.cache\dev\editor\bundled\index.js:141485:5)
    at eval (C:\ProgramData\cocos\editors\Creator\3.8.5\resources\resources\3d\engine\bin\.cache\dev\editor\bundled\index.js:270947:21)
    at eval (C:\ProgramData\cocos\editors\Creator\3.8.5\resources\resources\3d\engine\bin\.cache\dev\editor\bundled\index.js:271958:18)
    at Object.execute (file:///D:/Game-Engine%20Projects/Blazing7Test/temp/programming/packer-driver/targets/editor/chunks/92/925467d3572d2b8767cc3499d84c91f370f4ea08.js:37:214)
    at doExec (C:\ProgramData\cocos\editors\Creator\3.8.5\resources\app.asar\node_modules\@editor\lib-programming\static\executor\systemjs-bridge\out\index.js:517:30)
    at postOrderExec (C:\ProgramData\cocos\editors\Creator\3.8.5\resources\app.asar\node_modules\@editor\lib-programming\static\executor\systemjs-bridge\out\index.js:508:21)
    at C:\ProgramData\cocos\editors\Creator\3.8.5\resources\app.asar\node_modules\@editor\lib-programming\static\executor\systemjs-bridge\out\index.js:493:28
    at Array.forEach (<anonymous>)
    at postOrderExec (C:\ProgramData\cocos\editors\Creator\3.8.5\resources\app.asar\node_modules\@editor\lib-programming\static\executor\systemjs-bridge\out\index.js:491:10)
    at C:\ProgramData\cocos\editors\Creator\3.8.5\resources\app.asar\node_modules\@editor\lib-programming\static\executor\systemjs-bridge\out\index.js:440:12
    at file:///D:/Game-Engine%20Projects/Blazing7Test/temp/programming/packer-driver/targets/editor/chunks/6d/6d8fd2b0177941b032ddc0733af48a561fb60657.js:13:13
    at Object.execute (file:///D:/Game-Engine%20Projects/Blazing7Test/temp/programming/packer-driver/targets/editor/chunks/6d/6d8fd2b0177941b032ddc0733af48a561fb60657.js:8:7)
    at Executor._importPrerequisiteModules (C:\ProgramData\cocos\editors\Creator\3.8.5\resources\app.asar\node_modules\@editor\lib-programming\src\executor\index.ts:358:13)
    at Executor.reload (C:\ProgramData\cocos\editors\Creator\3.8.5\resources\app.asar\node_modules\@editor\lib-programming\src\executor\index.ts:235:13)
    at C:\ProgramData\cocos\editors\Creator\3.8.5\resources\app.asar\builtin\scene\dist\script\3d\manager\scripts.ccc:1:1787
    at GlobalEnv.processQueue (C:\ProgramData\cocos\editors\Creator\3.8.5\resources\app.asar\builtin\scene\dist\script\3d\manager\scripts.ccc:1:2184)
    at GlobalEnv.record (C:\ProgramData\cocos\editors\Creator\3.8.5\resources\app.asar\builtin\scene\dist\script\3d\manager\scripts.ccc:1:1955)
19-05-2026 09:26:50 - log: [PreviewInEditor] [box2d]:box2d wasm lib loaded.
19-05-2026 09:26:50 - log: [PreviewInEditor] meshopt wasm decoder initialized
19-05-2026 09:26:50 - log: [PreviewInEditor] [bullet]:bullet wasm lib loaded.
19-05-2026 09:26:50 - log: [PreviewInEditor] [PHYSICS]: using builtin.
19-05-2026 09:26:50 - log: [PreviewInEditor] Cocos Creator v3.8.5
19-05-2026 09:26:50 - log: [PreviewInEditor] Using custom pipeline: Builtin
19-05-2026 09:26:50 - warn: [PreviewInEditor] The type of "PricePopUpOptions.enableInfinite" must be CCBoolean, not Boolean.Error: [PreviewInEditor] The type of "PricePopUpOptions.enableInfinite" must be CCBoolean, not Boolean.
    at console.warn (C:\ProgramData\cocos\editors\Creator\3.8.5\resources\app.asar\node_modules\@sentry\src\instrument\console.ts:40:20)
    at warn (C:\ProgramData\cocos\editors\Creator\3.8.5\resources\resources\3d\engine\bin\.cache\dev\editor\bundled\index.js:160148:12)
    at warnID (C:\ProgramData\cocos\editors\Creator\3.8.5\resources\resources\3d\engine\bin\.cache\dev\editor\bundled\index.js:160336:5)
    at parseType (C:\ProgramData\cocos\editors\Creator\3.8.5\resources\resources\3d\engine\bin\.cache\dev\editor\bundled\index.js:273012:11)
    at preprocessAttrs (C:\ProgramData\cocos\editors\Creator\3.8.5\resources\resources\3d\engine\bin\.cache\dev\editor\bundled\index.js:273122:11)
    at declareProperties (C:\ProgramData\cocos\editors\Creator\3.8.5\resources\resources\3d\engine\bin\.cache\dev\editor\bundled\index.js:141456:7)
    at CCClass (C:\ProgramData\cocos\editors\Creator\3.8.5\resources\resources\3d\engine\bin\.cache\dev\editor\bundled\index.js:141485:5)
    at eval (C:\ProgramData\cocos\editors\Creator\3.8.5\resources\resources\3d\engine\bin\.cache\dev\editor\bundled\index.js:270947:21)
    at eval (C:\ProgramData\cocos\editors\Creator\3.8.5\resources\resources\3d\engine\bin\.cache\dev\editor\bundled\index.js:271958:18)
    at Object.execute (file:///D:/Game-Engine%20Projects/Blazing7Test/temp/programming/packer-driver/targets/editor/chunks/ce/cee91858986803de21b8fb0d430d475e16fb194f.js:45:406)
    at doExec (C:\ProgramData\cocos\editors\Creator\3.8.5\resources\app.asar\node_modules\@editor\lib-programming\static\executor\systemjs-bridge\out\index.js:517:30)
    at postOrderExec (C:\ProgramData\cocos\editors\Creator\3.8.5\resources\app.asar\node_modules\@editor\lib-programming\static\executor\systemjs-bridge\out\index.js:508:21)
    at C:\ProgramData\cocos\editors\Creator\3.8.5\resources\app.asar\node_modules\@editor\lib-programming\static\executor\systemjs-bridge\out\index.js:493:28
    at Array.forEach (<anonymous>)
    at postOrderExec (C:\ProgramData\cocos\editors\Creator\3.8.5\resources\app.asar\node_modules\@editor\lib-programming\static\executor\systemjs-bridge\out\index.js:491:10)
    at C:\ProgramData\cocos\editors\Creator\3.8.5\resources\app.asar\node_modules\@editor\lib-programming\static\executor\systemjs-bridge\out\index.js:440:12
    at file:///D:/Game-Engine%20Projects/Blazing7Test/temp/programming/packer-driver/targets/editor/chunks/6d/6d8fd2b0177941b032ddc0733af48a561fb60657.js:13:13
    at Object.execute (file:///D:/Game-Engine%20Projects/Blazing7Test/temp/programming/packer-driver/targets/editor/chunks/6d/6d8fd2b0177941b032ddc0733af48a561fb60657.js:8:7)
    at Executor._importPrerequisiteModules (C:\ProgramData\cocos\editors\Creator\3.8.5\resources\app.asar\node_modules\@editor\lib-programming\src\executor\index.ts:358:13)
    at Executor.reload (C:\ProgramData\cocos\editors\Creator\3.8.5\resources\app.asar\node_modules\@editor\lib-programming\src\executor\index.ts:235:13)
    at C:\ProgramData\cocos\editors\Creator\3.8.5\resources\app.asar\builtin\scene\dist\script\3d\manager\scripts.ccc:1:1787
    at GlobalEnv.processQueue (C:\ProgramData\cocos\editors\Creator\3.8.5\resources\app.asar\builtin\scene\dist\script\3d\manager\scripts.ccc:1:2184)
    at GlobalEnv.record (C:\ProgramData\cocos\editors\Creator\3.8.5\resources\app.asar\builtin\scene\dist\script\3d\manager\scripts.ccc:1:1955)
    at ScriptManager.init (C:\ProgramData\cocos\editors\Creator\3.8.5\resources\app.asar\builtin\scene\dist\script\3d\manager\scripts.ccc:1:3794)
    at EngineStartup.openEngine (C:\ProgramData\cocos\editors\Creator\3.8.5\resources\app.asar\builtin\scene\dist\script\3d\manager\startup\engine\index.ccc:1:4229)
    at StartupManager.configEngine (C:\ProgramData\cocos\editors\Creator\3.8.5\resources\app.asar\builtin\scene\dist\script\3d\manager\startup\index.ccc:1:1668)
    at EditorPreview._startEngine (C:\ProgramData\cocos\editors\Creator\3.8.5\resources\app.asar\builtin\scene\dist\script\3d\preload\editor-preview.js:1:973)
    at EditorPreview.start (C:\ProgramData\cocos\editors\Creator\3.8.5\resources\app.asar\builtin\scene\dist\script\3d\preload\editor-preview.js:1:468)
19-05-2026 09:26:50 - warn: [PreviewInEditor] The type of "NodeMovement.startOnLoad" must be CCBoolean, not Boolean.Error: [PreviewInEditor] The type of "NodeMovement.startOnLoad" must be CCBoolean, not Boolean.
    at console.warn (C:\ProgramData\cocos\editors\Creator\3.8.5\resources\app.asar\node_modules\@sentry\src\instrument\console.ts:40:20)
    at warn (C:\ProgramData\cocos\editors\Creator\3.8.5\resources\resources\3d\engine\bin\.cache\dev\editor\bundled\index.js:160148:12)
    at warnID (C:\ProgramData\cocos\editors\Creator\3.8.5\resources\resources\3d\engine\bin\.cache\dev\editor\bundled\index.js:160336:5)
    at parseType (C:\ProgramData\cocos\editors\Creator\3.8.5\resources\resources\3d\engine\bin\.cache\dev\editor\bundled\index.js:273012:11)
    at preprocessAttrs (C:\ProgramData\cocos\editors\Creator\3.8.5\resources\resources\3d\engine\bin\.cache\dev\editor\bundled\index.js:273122:11)
    at declareProperties (C:\ProgramData\cocos\editors\Creator\3.8.5\resources\resources\3d\engine\bin\.cache\dev\editor\bundled\index.js:141456:7)
    at CCClass (C:\ProgramData\cocos\editors\Creator\3.8.5\resources\resources\3d\engine\bin\.cache\dev\editor\bundled\index.js:141485:5)
    at eval (C:\ProgramData\cocos\editors\Creator\3.8.5\resources\resources\3d\engine\bin\.cache\dev\editor\bundled\index.js:270947:21)
    at eval (C:\ProgramData\cocos\editors\Creator\3.8.5\resources\resources\3d\engine\bin\.cache\dev\editor\bundled\index.js:271958:18)
    at Object.execute (file:///D:/Game-Engine%20Projects/Blazing7Test/temp/programming/packer-driver/targets/editor/chunks/92/925467d3572d2b8767cc3499d84c91f370f4ea08.js:37:214)
    at doExec (C:\ProgramData\cocos\editors\Creator\3.8.5\resources\app.asar\node_modules\@editor\lib-programming\static\executor\systemjs-bridge\out\index.js:517:30)
    at postOrderExec (C:\ProgramData\cocos\editors\Creator\3.8.5\resources\app.asar\node_modules\@editor\lib-programming\static\executor\systemjs-bridge\out\index.js:508:21)
    at C:\ProgramData\cocos\editors\Creator\3.8.5\resources\app.asar\node_modules\@editor\lib-programming\static\executor\systemjs-bridge\out\index.js:493:28
    at Array.forEach (<anonymous>)
    at postOrderExec (C:\ProgramData\cocos\editors\Creator\3.8.5\resources\app.asar\node_modules\@editor\lib-programming\static\executor\systemjs-bridge\out\index.js:491:10)
    at C:\ProgramData\cocos\editors\Creator\3.8.5\resources\app.asar\node_modules\@editor\lib-programming\static\executor\systemjs-bridge\out\index.js:440:12
    at file:///D:/Game-Engine%20Projects/Blazing7Test/temp/programming/packer-driver/targets/editor/chunks/6d/6d8fd2b0177941b032ddc0733af48a561fb60657.js:13:13
    at Object.execute (file:///D:/Game-Engine%20Projects/Blazing7Test/temp/programming/packer-driver/targets/editor/chunks/6d/6d8fd2b0177941b032ddc0733af48a561fb60657.js:8:7)
    at Executor._importPrerequisiteModules (C:\ProgramData\cocos\editors\Creator\3.8.5\resources\app.asar\node_modules\@editor\lib-programming\src\executor\index.ts:358:13)
    at Executor.reload (C:\ProgramData\cocos\editors\Creator\3.8.5\resources\app.asar\node_modules\@editor\lib-programming\src\executor\index.ts:235:13)
    at C:\ProgramData\cocos\editors\Creator\3.8.5\resources\app.asar\builtin\scene\dist\script\3d\manager\scripts.ccc:1:1787
    at GlobalEnv.processQueue (C:\ProgramData\cocos\editors\Creator\3.8.5\resources\app.asar\builtin\scene\dist\script\3d\manager\scripts.ccc:1:2184)
    at GlobalEnv.record (C:\ProgramData\cocos\editors\Creator\3.8.5\resources\app.asar\builtin\scene\dist\script\3d\manager\scripts.ccc:1:1955)
    at ScriptManager.init (C:\ProgramData\cocos\editors\Creator\3.8.5\resources\app.asar\builtin\scene\dist\script\3d\manager\scripts.ccc:1:3794)
    at EngineStartup.openEngine (C:\ProgramData\cocos\editors\Creator\3.8.5\resources\app.asar\builtin\scene\dist\script\3d\manager\startup\engine\index.ccc:1:4229)
    at StartupManager.configEngine (C:\ProgramData\cocos\editors\Creator\3.8.5\resources\app.asar\builtin\scene\dist\script\3d\manager\startup\index.ccc:1:1668)
    at EditorPreview._startEngine (C:\ProgramData\cocos\editors\Creator\3.8.5\resources\app.asar\builtin\scene\dist\script\3d\preload\editor-preview.js:1:973)
    at EditorPreview.start (C:\ProgramData\cocos\editors\Creator\3.8.5\resources\app.asar\builtin\scene\dist\script\3d\preload\editor-preview.js:1:468)
19-05-2026 09:26:50 - warn: [PreviewInEditor] The type of "NodeMovement.disableOnReach" must be CCBoolean, not Boolean.Error: [PreviewInEditor] The type of "NodeMovement.disableOnReach" must be CCBoolean, not Boolean.
    at console.warn (C:\ProgramData\cocos\editors\Creator\3.8.5\resources\app.asar\node_modules\@sentry\src\instrument\console.ts:40:20)
    at warn (C:\ProgramData\cocos\editors\Creator\3.8.5\resources\resources\3d\engine\bin\.cache\dev\editor\bundled\index.js:160148:12)
    at warnID (C:\ProgramData\cocos\editors\Creator\3.8.5\resources\resources\3d\engine\bin\.cache\dev\editor\bundled\index.js:160336:5)
    at parseType (C:\ProgramData\cocos\editors\Creator\3.8.5\resources\resources\3d\engine\bin\.cache\dev\editor\bundled\index.js:273012:11)
    at preprocessAttrs (C:\ProgramData\cocos\editors\Creator\3.8.5\resources\resources\3d\engine\bin\.cache\dev\editor\bundled\index.js:273122:11)
    at declareProperties (C:\ProgramData\cocos\editors\Creator\3.8.5\resources\resources\3d\engine\bin\.cache\dev\editor\bundled\index.js:141456:7)
    at CCClass (C:\ProgramData\cocos\editors\Creator\3.8.5\resources\resources\3d\engine\bin\.cache\dev\editor\bundled\index.js:141485:5)
    at eval (C:\ProgramData\cocos\editors\Creator\3.8.5\resources\resources\3d\engine\bin\.cache\dev\editor\bundled\index.js:270947:21)
    at eval (C:\ProgramData\cocos\editors\Creator\3.8.5\resources\resources\3d\engine\bin\.cache\dev\editor\bundled\index.js:271958:18)
    at Object.execute (file:///D:/Game-Engine%20Projects/Blazing7Test/temp/programming/packer-driver/targets/editor/chunks/92/925467d3572d2b8767cc3499d84c91f370f4ea08.js:37:214)
    at doExec (C:\ProgramData\cocos\editors\Creator\3.8.5\resources\app.asar\node_modules\@editor\lib-programming\static\executor\systemjs-bridge\out\index.js:517:30)
    at postOrderExec (C:\ProgramData\cocos\editors\Creator\3.8.5\resources\app.asar\node_modules\@editor\lib-programming\static\executor\systemjs-bridge\out\index.js:508:21)
    at C:\ProgramData\cocos\editors\Creator\3.8.5\resources\app.asar\node_modules\@editor\lib-programming\static\executor\systemjs-bridge\out\index.js:493:28
    at Array.forEach (<anonymous>)
    at postOrderExec (C:\ProgramData\cocos\editors\Creator\3.8.5\resources\app.asar\node_modules\@editor\lib-programming\static\executor\systemjs-bridge\out\index.js:491:10)
    at C:\ProgramData\cocos\editors\Creator\3.8.5\resources\app.asar\node_modules\@editor\lib-programming\static\executor\systemjs-bridge\out\index.js:440:12
    at file:///D:/Game-Engine%20Projects/Blazing7Test/temp/programming/packer-driver/targets/editor/chunks/6d/6d8fd2b0177941b032ddc0733af48a561fb60657.js:13:13
    at Object.execute (file:///D:/Game-Engine%20Projects/Blazing7Test/temp/programming/packer-driver/targets/editor/chunks/6d/6d8fd2b0177941b032ddc0733af48a561fb60657.js:8:7)
    at Executor._importPrerequisiteModules (C:\ProgramData\cocos\editors\Creator\3.8.5\resources\app.asar\node_modules\@editor\lib-programming\src\executor\index.ts:358:13)
    at Executor.reload (C:\ProgramData\cocos\editors\Creator\3.8.5\resources\app.asar\node_modules\@editor\lib-programming\src\executor\index.ts:235:13)
    at C:\ProgramData\cocos\editors\Creator\3.8.5\resources\app.asar\builtin\scene\dist\script\3d\manager\scripts.ccc:1:1787
    at GlobalEnv.processQueue (C:\ProgramData\cocos\editors\Creator\3.8.5\resources\app.asar\builtin\scene\dist\script\3d\manager\scripts.ccc:1:2184)
    at GlobalEnv.record (C:\ProgramData\cocos\editors\Creator\3.8.5\resources\app.asar\builtin\scene\dist\script\3d\manager\scripts.ccc:1:1955)
    at ScriptManager.init (C:\ProgramData\cocos\editors\Creator\3.8.5\resources\app.asar\builtin\scene\dist\script\3d\manager\scripts.ccc:1:3794)
    at EngineStartup.openEngine (C:\ProgramData\cocos\editors\Creator\3.8.5\resources\app.asar\builtin\scene\dist\script\3d\manager\startup\engine\index.ccc:1:4229)
    at StartupManager.configEngine (C:\ProgramData\cocos\editors\Creator\3.8.5\resources\app.asar\builtin\scene\dist\script\3d\manager\startup\index.ccc:1:1668)
    at EditorPreview._startEngine (C:\ProgramData\cocos\editors\Creator\3.8.5\resources\app.asar\builtin\scene\dist\script\3d\preload\editor-preview.js:1:973)
    at EditorPreview.start (C:\ProgramData\cocos\editors\Creator\3.8.5\resources\app.asar\builtin\scene\dist\script\3d\preload\editor-preview.js:1:468)
19-05-2026 09:26:50 - log: [PreviewInEditor] [PHYSICS2D]: switch from box2d-wasm to box2d.
19-05-2026 09:26:51 - log: [PreviewInEditor] [SceneManager] Initialized
19-05-2026 09:26:51 - log: [PreviewInEditor] [PopUpManager] Initialized
19-05-2026 09:26:51 - log: [PreviewInEditor] [WinBroadcastManager] Adding onSceneCallback: 1
19-05-2026 09:26:51 - log: [PreviewInEditor] [WsManager] 添加协议监听器: ANNOUNCEMENT
19-05-2026 09:26:53 - log: [PreviewInEditor] [GameManager] Loading API Manager..
19-05-2026 09:26:53 - log: [PreviewInEditor] [ApiCore] SDK 初始化完成
19-05-2026 09:26:53 - log: [PreviewInEditor] [WsManager] Start initializing the WebSocket manager...
19-05-2026 09:26:53 - log: [PreviewInEditor] [WsManager] WebSocket 管理器初始化成功
19-05-2026 09:26:53 - log: [PreviewInEditor] [WsManager] WebSocket 连接成功
19-05-2026 09:26:53 - log: [PreviewInEditor] [WinBroadcastManager] AllowAnnouncement Called: false
19-05-2026 09:27:02 - log: [PreviewInEditor] [WinBroadcastManager] AllowAnnouncement Called: true
19-05-2026 09:27:02 - log: [PreviewInEditor] [DragonEyeIntro][UIROOT] DEVICE TYPE: pc
19-05-2026 09:27:05 - log: [PreviewInEditor] [Game] CardPlayInComplete, AutoCount: 0
19-05-2026 09:27:06 - log: [PreviewInEditor] [ScratchSystem] All cells scratched.
19-05-2026 09:27:08 - log: [PreviewInEditor] [Game] CardPlayInComplete, AutoCount: 0
19-05-2026 09:27:10 - log: [PreviewInEditor] [ScratchSystem] All cells scratched.
19-05-2026 09:27:11 - log: [PreviewInEditor] [Game] CardPlayInComplete, AutoCount: 0
19-05-2026 09:27:12 - log: [PreviewInEditor] [ScratchSystem] All cells scratched.
19-05-2026 09:27:12 - log: [PreviewInEditor] [WsManager] 收到消息: {
  cmd: 'ANNOUNCEMENT',
  data: [
    {
      announcementType: 'BIG',
      bonus: '2',
      cardId: '2056547175810203650',
      cardNo: 'B7S-4dmiPbDwpn9a',
      conditionType: 'AMOUNT_MULTIPLIER',
      gameId: '2000802906231672834',
      gameName: 'BLAZING 7s',
      playType: 'BLAZING_7S_SCRATCH',
      productId: 'GV1',
      settleTime: '2026-05-19 09:27:11.703015890',
      userName: '12345789798789456123rX',
      winAmount: 40
    }
  ]
}
19-05-2026 09:27:15 - log: [PreviewInEditor] [Game] CardPlayInComplete, AutoCount: 5
19-05-2026 09:27:16 - log: [PreviewInEditor] [ScratchSystem] All cells scratched.
19-05-2026 09:27:16 - log: [PreviewInEditor] [WsManager] 收到消息: {
  cmd: 'ANNOUNCEMENT',
  data: [
    {
      announcementType: 'BIG',
      bonus: '11',
      cardId: '2056547194369998849',
      cardNo: 'B7S-FolbWnvuh2hl',
      conditionType: 'AMOUNT_MULTIPLIER',
      gameId: '2000802906231672834',
      gameName: 'BLAZING 7s',
      playType: 'BLAZING_7S_SCRATCH',
      productId: 'GV1',
      settleTime: '2026-05-19 09:27:15.976875886',
      userName: '12345789798789456123rX',
      winAmount: 220
    }
  ]
}
19-05-2026 09:27:18 - log: [PreviewInEditor] [Game] CardPlayInComplete, AutoCount: 0
19-05-2026 09:27:22 - log: [PreviewInEditor] [ScratchSystem] All cells scratched.
19-05-2026 09:27:22 - log: [PreviewInEditor] [WsManager] 收到消息: {
  cmd: 'ANNOUNCEMENT',
  data: [
    {
      announcementType: 'BIG',
      bonus: '1',
      cardId: '2056547206000803841',
      cardNo: 'B7S-shD2o0xOePfB',
      conditionType: 'AMOUNT_MULTIPLIER',
      gameId: '2000802906231672834',
      gameName: 'BLAZING 7s',
      playType: 'BLAZING_7S_SCRATCH',
      productId: 'GV1',
      settleTime: '2026-05-19 09:27:22.108432464',
      userName: '12345789798789456123rX',
      winAmount: 20
    }
  ]
}
19-05-2026 09:27:27 - log: [PreviewInEditor] [Game] CardPlayInComplete, AutoCount: 5
19-05-2026 09:27:28 - log: [PreviewInEditor] [ScratchSystem] All cells scratched.
19-05-2026 09:27:29 - log: [PreviewInEditor] [Game] CardPlayInComplete, AutoCount: 4
19-05-2026 09:27:29 - log: [PreviewInEditor] [ScratchSystem] All cells scratched.
19-05-2026 09:27:29 - log: [PreviewInEditor] [WsManager] 收到消息: {
  cmd: 'ANNOUNCEMENT',
  data: [
    {
      announcementType: 'BIG',
      bonus: '50',
      cardId: '2056547255262904322',
      cardNo: 'GB2-bKJvXUIC0zcF',
      conditionType: 'MULTIPLIER',
      gameId: '2046785302248292354',
      gameName: '香蕉RTPTEST',
      playType: 'GO_BANANAS2',
      productId: 'GV1',
      settleTime: '2026-05-19 09:27:29.112807920',
      userName: 'asukatest111U9',
      winAmount: 250
    }
  ]
}
19-05-2026 09:27:31 - log: [PreviewInEditor] [Game] CardPlayInComplete, AutoCount: 3
19-05-2026 09:27:32 - log: [PreviewInEditor] [ScratchSystem] All cells scratched.
19-05-2026 09:27:33 - log: [PreviewInEditor] [Game] CardPlayInComplete, AutoCount: 2
19-05-2026 09:27:33 - log: [PreviewInEditor] [ScratchSystem] All cells scratched.
19-05-2026 09:27:34 - log: [PreviewInEditor] [WsManager] 收到消息: {
  cmd: 'ANNOUNCEMENT',
  data: [
    {
      announcementType: 'BIG',
      bonus: '4',
      cardId: '2056547267610935298',
      cardNo: 'B7S-EzXNwNkmRsJq',
      conditionType: 'AMOUNT_MULTIPLIER',
      gameId: '2000802906231672834',
      gameName: 'BLAZING 7s',
      playType: 'BLAZING_7S_SCRATCH',
      productId: 'GV1',
      settleTime: '2026-05-19 09:27:33.344152047',
      userName: '12345789798789456123rX',
      winAmount: 80
    }
  ]
}
19-05-2026 09:27:37 - warn: [PreviewInEditor] IPC message has been lost.Error: [PreviewInEditor] IPC message has been lost.
    at console.warn (C:\ProgramData\cocos\editors\Creator\3.8.5\resources\app.asar\node_modules\@sentry\src\instrument\console.ts:40:20)
    at IpcRenderer.<anonymous> (C:\ProgramData\cocos\editors\Creator\3.8.5\resources\app.asar\builtin\scene\dist\script\3d\manager\ipc\web\webview.ccc:1:1495)
    at IpcRenderer.emit (node:events:519:28)
    at Object.onMessage (node:electron/js2c/renderer_init:2:8837)
19-05-2026 09:27:37 - info: [PreviewInEditor] preview process is ready
19-05-2026 09:31:22 - warn: [Scene] The type of "PricePopUpOptions.enableInfinite" must be CCBoolean, not Boolean.Error: [Scene] The type of "PricePopUpOptions.enableInfinite" must be CCBoolean, not Boolean.
    at console.warn (C:\ProgramData\cocos\editors\Creator\3.8.5\resources\app.asar\node_modules\@sentry\src\instrument\console.ts:40:20)
    at warn (C:\ProgramData\cocos\editors\Creator\3.8.5\resources\resources\3d\engine\bin\.cache\dev\editor\bundled\index.js:160148:12)
    at warnID (C:\ProgramData\cocos\editors\Creator\3.8.5\resources\resources\3d\engine\bin\.cache\dev\editor\bundled\index.js:160336:5)
    at parseType (C:\ProgramData\cocos\editors\Creator\3.8.5\resources\resources\3d\engine\bin\.cache\dev\editor\bundled\index.js:273012:11)
    at preprocessAttrs (C:\ProgramData\cocos\editors\Creator\3.8.5\resources\resources\3d\engine\bin\.cache\dev\editor\bundled\index.js:273122:11)
    at declareProperties (C:\ProgramData\cocos\editors\Creator\3.8.5\resources\resources\3d\engine\bin\.cache\dev\editor\bundled\index.js:141456:7)
    at CCClass (C:\ProgramData\cocos\editors\Creator\3.8.5\resources\resources\3d\engine\bin\.cache\dev\editor\bundled\index.js:141485:5)
    at eval (C:\ProgramData\cocos\editors\Creator\3.8.5\resources\resources\3d\engine\bin\.cache\dev\editor\bundled\index.js:270947:21)
    at eval (C:\ProgramData\cocos\editors\Creator\3.8.5\resources\resources\3d\engine\bin\.cache\dev\editor\bundled\index.js:271958:18)
    at Object.execute (file:///D:/Game-Engine%20Projects/Blazing7Test/temp/programming/packer-driver/targets/editor/chunks/ce/cee91858986803de21b8fb0d430d475e16fb194f.js:45:406)
    at doExec (C:\ProgramData\cocos\editors\Creator\3.8.5\resources\app.asar\node_modules\@editor\lib-programming\static\executor\systemjs-bridge\out\index.js:517:30)
    at postOrderExec (C:\ProgramData\cocos\editors\Creator\3.8.5\resources\app.asar\node_modules\@editor\lib-programming\static\executor\systemjs-bridge\out\index.js:508:21)
    at C:\ProgramData\cocos\editors\Creator\3.8.5\resources\app.asar\node_modules\@editor\lib-programming\static\executor\systemjs-bridge\out\index.js:493:28
    at Array.forEach (<anonymous>)
    at postOrderExec (C:\ProgramData\cocos\editors\Creator\3.8.5\resources\app.asar\node_modules\@editor\lib-programming\static\executor\systemjs-bridge\out\index.js:491:10)
    at C:\ProgramData\cocos\editors\Creator\3.8.5\resources\app.asar\node_modules\@editor\lib-programming\static\executor\systemjs-bridge\out\index.js:440:12
    at file:///D:/Game-Engine%20Projects/Blazing7Test/temp/programming/packer-driver/targets/editor/chunks/6d/6d8fd2b0177941b032ddc0733af48a561fb60657.js:13:13
    at Object.execute (file:///D:/Game-Engine%20Projects/Blazing7Test/temp/programming/packer-driver/targets/editor/chunks/6d/6d8fd2b0177941b032ddc0733af48a561fb60657.js:8:7)
    at Executor._importPrerequisiteModules (C:\ProgramData\cocos\editors\Creator\3.8.5\resources\app.asar\node_modules\@editor\lib-programming\src\executor\index.ts:358:13)
    at Executor.reload (C:\ProgramData\cocos\editors\Creator\3.8.5\resources\app.asar\node_modules\@editor\lib-programming\src\executor\index.ts:235:13)
    at C:\ProgramData\cocos\editors\Creator\3.8.5\resources\app.asar\builtin\scene\dist\script\3d\manager\scripts.ccc:1:1787
    at GlobalEnv.processQueue (C:\ProgramData\cocos\editors\Creator\3.8.5\resources\app.asar\builtin\scene\dist\script\3d\manager\scripts.ccc:1:2184)
    at GlobalEnv.record (C:\ProgramData\cocos\editors\Creator\3.8.5\resources\app.asar\builtin\scene\dist\script\3d\manager\scripts.ccc:1:1955)
19-05-2026 09:31:22 - warn: [Scene] The type of "NodeMovement.startOnLoad" must be CCBoolean, not Boolean.Error: [Scene] The type of "NodeMovement.startOnLoad" must be CCBoolean, not Boolean.
    at console.warn (C:\ProgramData\cocos\editors\Creator\3.8.5\resources\app.asar\node_modules\@sentry\src\instrument\console.ts:40:20)
    at warn (C:\ProgramData\cocos\editors\Creator\3.8.5\resources\resources\3d\engine\bin\.cache\dev\editor\bundled\index.js:160148:12)
    at warnID (C:\ProgramData\cocos\editors\Creator\3.8.5\resources\resources\3d\engine\bin\.cache\dev\editor\bundled\index.js:160336:5)
    at parseType (C:\ProgramData\cocos\editors\Creator\3.8.5\resources\resources\3d\engine\bin\.cache\dev\editor\bundled\index.js:273012:11)
    at preprocessAttrs (C:\ProgramData\cocos\editors\Creator\3.8.5\resources\resources\3d\engine\bin\.cache\dev\editor\bundled\index.js:273122:11)
    at declareProperties (C:\ProgramData\cocos\editors\Creator\3.8.5\resources\resources\3d\engine\bin\.cache\dev\editor\bundled\index.js:141456:7)
    at CCClass (C:\ProgramData\cocos\editors\Creator\3.8.5\resources\resources\3d\engine\bin\.cache\dev\editor\bundled\index.js:141485:5)
    at eval (C:\ProgramData\cocos\editors\Creator\3.8.5\resources\resources\3d\engine\bin\.cache\dev\editor\bundled\index.js:270947:21)
    at eval (C:\ProgramData\cocos\editors\Creator\3.8.5\resources\resources\3d\engine\bin\.cache\dev\editor\bundled\index.js:271958:18)
    at Object.execute (file:///D:/Game-Engine%20Projects/Blazing7Test/temp/programming/packer-driver/targets/editor/chunks/92/925467d3572d2b8767cc3499d84c91f370f4ea08.js:37:214)
    at doExec (C:\ProgramData\cocos\editors\Creator\3.8.5\resources\app.asar\node_modules\@editor\lib-programming\static\executor\systemjs-bridge\out\index.js:517:30)
    at postOrderExec (C:\ProgramData\cocos\editors\Creator\3.8.5\resources\app.asar\node_modules\@editor\lib-programming\static\executor\systemjs-bridge\out\index.js:508:21)
    at C:\ProgramData\cocos\editors\Creator\3.8.5\resources\app.asar\node_modules\@editor\lib-programming\static\executor\systemjs-bridge\out\index.js:493:28
    at Array.forEach (<anonymous>)
    at postOrderExec (C:\ProgramData\cocos\editors\Creator\3.8.5\resources\app.asar\node_modules\@editor\lib-programming\static\executor\systemjs-bridge\out\index.js:491:10)
    at C:\ProgramData\cocos\editors\Creator\3.8.5\resources\app.asar\node_modules\@editor\lib-programming\static\executor\systemjs-bridge\out\index.js:440:12
    at file:///D:/Game-Engine%20Projects/Blazing7Test/temp/programming/packer-driver/targets/editor/chunks/6d/6d8fd2b0177941b032ddc0733af48a561fb60657.js:13:13
    at Object.execute (file:///D:/Game-Engine%20Projects/Blazing7Test/temp/programming/packer-driver/targets/editor/chunks/6d/6d8fd2b0177941b032ddc0733af48a561fb60657.js:8:7)
    at Executor._importPrerequisiteModules (C:\ProgramData\cocos\editors\Creator\3.8.5\resources\app.asar\node_modules\@editor\lib-programming\src\executor\index.ts:358:13)
    at Executor.reload (C:\ProgramData\cocos\editors\Creator\3.8.5\resources\app.asar\node_modules\@editor\lib-programming\src\executor\index.ts:235:13)
    at C:\ProgramData\cocos\editors\Creator\3.8.5\resources\app.asar\builtin\scene\dist\script\3d\manager\scripts.ccc:1:1787
    at GlobalEnv.processQueue (C:\ProgramData\cocos\editors\Creator\3.8.5\resources\app.asar\builtin\scene\dist\script\3d\manager\scripts.ccc:1:2184)
    at GlobalEnv.record (C:\ProgramData\cocos\editors\Creator\3.8.5\resources\app.asar\builtin\scene\dist\script\3d\manager\scripts.ccc:1:1955)
19-05-2026 09:31:22 - warn: [Scene] The type of "NodeMovement.disableOnReach" must be CCBoolean, not Boolean.Error: [Scene] The type of "NodeMovement.disableOnReach" must be CCBoolean, not Boolean.
    at console.warn (C:\ProgramData\cocos\editors\Creator\3.8.5\resources\app.asar\node_modules\@sentry\src\instrument\console.ts:40:20)
    at warn (C:\ProgramData\cocos\editors\Creator\3.8.5\resources\resources\3d\engine\bin\.cache\dev\editor\bundled\index.js:160148:12)
    at warnID (C:\ProgramData\cocos\editors\Creator\3.8.5\resources\resources\3d\engine\bin\.cache\dev\editor\bundled\index.js:160336:5)
    at parseType (C:\ProgramData\cocos\editors\Creator\3.8.5\resources\resources\3d\engine\bin\.cache\dev\editor\bundled\index.js:273012:11)
    at preprocessAttrs (C:\ProgramData\cocos\editors\Creator\3.8.5\resources\resources\3d\engine\bin\.cache\dev\editor\bundled\index.js:273122:11)
    at declareProperties (C:\ProgramData\cocos\editors\Creator\3.8.5\resources\resources\3d\engine\bin\.cache\dev\editor\bundled\index.js:141456:7)
    at CCClass (C:\ProgramData\cocos\editors\Creator\3.8.5\resources\resources\3d\engine\bin\.cache\dev\editor\bundled\index.js:141485:5)
    at eval (C:\ProgramData\cocos\editors\Creator\3.8.5\resources\resources\3d\engine\bin\.cache\dev\editor\bundled\index.js:270947:21)
    at eval (C:\ProgramData\cocos\editors\Creator\3.8.5\resources\resources\3d\engine\bin\.cache\dev\editor\bundled\index.js:271958:18)
    at Object.execute (file:///D:/Game-Engine%20Projects/Blazing7Test/temp/programming/packer-driver/targets/editor/chunks/92/925467d3572d2b8767cc3499d84c91f370f4ea08.js:37:214)
    at doExec (C:\ProgramData\cocos\editors\Creator\3.8.5\resources\app.asar\node_modules\@editor\lib-programming\static\executor\systemjs-bridge\out\index.js:517:30)
    at postOrderExec (C:\ProgramData\cocos\editors\Creator\3.8.5\resources\app.asar\node_modules\@editor\lib-programming\static\executor\systemjs-bridge\out\index.js:508:21)
    at C:\ProgramData\cocos\editors\Creator\3.8.5\resources\app.asar\node_modules\@editor\lib-programming\static\executor\systemjs-bridge\out\index.js:493:28
    at Array.forEach (<anonymous>)
    at postOrderExec (C:\ProgramData\cocos\editors\Creator\3.8.5\resources\app.asar\node_modules\@editor\lib-programming\static\executor\systemjs-bridge\out\index.js:491:10)
    at C:\ProgramData\cocos\editors\Creator\3.8.5\resources\app.asar\node_modules\@editor\lib-programming\static\executor\systemjs-bridge\out\index.js:440:12
    at file:///D:/Game-Engine%20Projects/Blazing7Test/temp/programming/packer-driver/targets/editor/chunks/6d/6d8fd2b0177941b032ddc0733af48a561fb60657.js:13:13
    at Object.execute (file:///D:/Game-Engine%20Projects/Blazing7Test/temp/programming/packer-driver/targets/editor/chunks/6d/6d8fd2b0177941b032ddc0733af48a561fb60657.js:8:7)
    at Executor._importPrerequisiteModules (C:\ProgramData\cocos\editors\Creator\3.8.5\resources\app.asar\node_modules\@editor\lib-programming\src\executor\index.ts:358:13)
    at Executor.reload (C:\ProgramData\cocos\editors\Creator\3.8.5\resources\app.asar\node_modules\@editor\lib-programming\src\executor\index.ts:235:13)
    at C:\ProgramData\cocos\editors\Creator\3.8.5\resources\app.asar\builtin\scene\dist\script\3d\manager\scripts.ccc:1:1787
    at GlobalEnv.processQueue (C:\ProgramData\cocos\editors\Creator\3.8.5\resources\app.asar\builtin\scene\dist\script\3d\manager\scripts.ccc:1:2184)
    at GlobalEnv.record (C:\ProgramData\cocos\editors\Creator\3.8.5\resources\app.asar\builtin\scene\dist\script\3d\manager\scripts.ccc:1:1955)
19-05-2026 09:31:23 - log: [PreviewInEditor] meshopt wasm decoder initialized
19-05-2026 09:31:23 - log: [PreviewInEditor] [bullet]:bullet wasm lib loaded.
19-05-2026 09:31:23 - log: [PreviewInEditor] [box2d]:box2d wasm lib loaded.
19-05-2026 09:31:23 - log: [PreviewInEditor] [PHYSICS]: using builtin.
19-05-2026 09:31:23 - log: [PreviewInEditor] Cocos Creator v3.8.5
19-05-2026 09:31:23 - log: [PreviewInEditor] Using custom pipeline: Builtin
19-05-2026 09:31:24 - warn: [PreviewInEditor] The type of "PricePopUpOptions.enableInfinite" must be CCBoolean, not Boolean.Error: [PreviewInEditor] The type of "PricePopUpOptions.enableInfinite" must be CCBoolean, not Boolean.
    at console.warn (C:\ProgramData\cocos\editors\Creator\3.8.5\resources\app.asar\node_modules\@sentry\src\instrument\console.ts:40:20)
    at warn (C:\ProgramData\cocos\editors\Creator\3.8.5\resources\resources\3d\engine\bin\.cache\dev\editor\bundled\index.js:160148:12)
    at warnID (C:\ProgramData\cocos\editors\Creator\3.8.5\resources\resources\3d\engine\bin\.cache\dev\editor\bundled\index.js:160336:5)
    at parseType (C:\ProgramData\cocos\editors\Creator\3.8.5\resources\resources\3d\engine\bin\.cache\dev\editor\bundled\index.js:273012:11)
    at preprocessAttrs (C:\ProgramData\cocos\editors\Creator\3.8.5\resources\resources\3d\engine\bin\.cache\dev\editor\bundled\index.js:273122:11)
    at declareProperties (C:\ProgramData\cocos\editors\Creator\3.8.5\resources\resources\3d\engine\bin\.cache\dev\editor\bundled\index.js:141456:7)
    at CCClass (C:\ProgramData\cocos\editors\Creator\3.8.5\resources\resources\3d\engine\bin\.cache\dev\editor\bundled\index.js:141485:5)
    at eval (C:\ProgramData\cocos\editors\Creator\3.8.5\resources\resources\3d\engine\bin\.cache\dev\editor\bundled\index.js:270947:21)
    at eval (C:\ProgramData\cocos\editors\Creator\3.8.5\resources\resources\3d\engine\bin\.cache\dev\editor\bundled\index.js:271958:18)
    at Object.execute (file:///D:/Game-Engine%20Projects/Blazing7Test/temp/programming/packer-driver/targets/editor/chunks/ce/cee91858986803de21b8fb0d430d475e16fb194f.js:45:406)
    at doExec (C:\ProgramData\cocos\editors\Creator\3.8.5\resources\app.asar\node_modules\@editor\lib-programming\static\executor\systemjs-bridge\out\index.js:517:30)
    at postOrderExec (C:\ProgramData\cocos\editors\Creator\3.8.5\resources\app.asar\node_modules\@editor\lib-programming\static\executor\systemjs-bridge\out\index.js:508:21)
    at C:\ProgramData\cocos\editors\Creator\3.8.5\resources\app.asar\node_modules\@editor\lib-programming\static\executor\systemjs-bridge\out\index.js:493:28
    at Array.forEach (<anonymous>)
    at postOrderExec (C:\ProgramData\cocos\editors\Creator\3.8.5\resources\app.asar\node_modules\@editor\lib-programming\static\executor\systemjs-bridge\out\index.js:491:10)
    at C:\ProgramData\cocos\editors\Creator\3.8.5\resources\app.asar\node_modules\@editor\lib-programming\static\executor\systemjs-bridge\out\index.js:440:12
    at file:///D:/Game-Engine%20Projects/Blazing7Test/temp/programming/packer-driver/targets/editor/chunks/6d/6d8fd2b0177941b032ddc0733af48a561fb60657.js:13:13
    at Object.execute (file:///D:/Game-Engine%20Projects/Blazing7Test/temp/programming/packer-driver/targets/editor/chunks/6d/6d8fd2b0177941b032ddc0733af48a561fb60657.js:8:7)
    at Executor._importPrerequisiteModules (C:\ProgramData\cocos\editors\Creator\3.8.5\resources\app.asar\node_modules\@editor\lib-programming\src\executor\index.ts:358:13)
    at Executor.reload (C:\ProgramData\cocos\editors\Creator\3.8.5\resources\app.asar\node_modules\@editor\lib-programming\src\executor\index.ts:235:13)
    at C:\ProgramData\cocos\editors\Creator\3.8.5\resources\app.asar\builtin\scene\dist\script\3d\manager\scripts.ccc:1:1787
    at GlobalEnv.processQueue (C:\ProgramData\cocos\editors\Creator\3.8.5\resources\app.asar\builtin\scene\dist\script\3d\manager\scripts.ccc:1:2184)
    at GlobalEnv.record (C:\ProgramData\cocos\editors\Creator\3.8.5\resources\app.asar\builtin\scene\dist\script\3d\manager\scripts.ccc:1:1955)
    at ScriptManager.init (C:\ProgramData\cocos\editors\Creator\3.8.5\resources\app.asar\builtin\scene\dist\script\3d\manager\scripts.ccc:1:3794)
    at EngineStartup.openEngine (C:\ProgramData\cocos\editors\Creator\3.8.5\resources\app.asar\builtin\scene\dist\script\3d\manager\startup\engine\index.ccc:1:4229)
    at StartupManager.configEngine (C:\ProgramData\cocos\editors\Creator\3.8.5\resources\app.asar\builtin\scene\dist\script\3d\manager\startup\index.ccc:1:1668)
    at EditorPreview._startEngine (C:\ProgramData\cocos\editors\Creator\3.8.5\resources\app.asar\builtin\scene\dist\script\3d\preload\editor-preview.js:1:973)
    at EditorPreview.start (C:\ProgramData\cocos\editors\Creator\3.8.5\resources\app.asar\builtin\scene\dist\script\3d\preload\editor-preview.js:1:468)
19-05-2026 09:31:24 - warn: [PreviewInEditor] The type of "NodeMovement.startOnLoad" must be CCBoolean, not Boolean.Error: [PreviewInEditor] The type of "NodeMovement.startOnLoad" must be CCBoolean, not Boolean.
    at console.warn (C:\ProgramData\cocos\editors\Creator\3.8.5\resources\app.asar\node_modules\@sentry\src\instrument\console.ts:40:20)
    at warn (C:\ProgramData\cocos\editors\Creator\3.8.5\resources\resources\3d\engine\bin\.cache\dev\editor\bundled\index.js:160148:12)
    at warnID (C:\ProgramData\cocos\editors\Creator\3.8.5\resources\resources\3d\engine\bin\.cache\dev\editor\bundled\index.js:160336:5)
    at parseType (C:\ProgramData\cocos\editors\Creator\3.8.5\resources\resources\3d\engine\bin\.cache\dev\editor\bundled\index.js:273012:11)
    at preprocessAttrs (C:\ProgramData\cocos\editors\Creator\3.8.5\resources\resources\3d\engine\bin\.cache\dev\editor\bundled\index.js:273122:11)
    at declareProperties (C:\ProgramData\cocos\editors\Creator\3.8.5\resources\resources\3d\engine\bin\.cache\dev\editor\bundled\index.js:141456:7)
    at CCClass (C:\ProgramData\cocos\editors\Creator\3.8.5\resources\resources\3d\engine\bin\.cache\dev\editor\bundled\index.js:141485:5)
    at eval (C:\ProgramData\cocos\editors\Creator\3.8.5\resources\resources\3d\engine\bin\.cache\dev\editor\bundled\index.js:270947:21)
    at eval (C:\ProgramData\cocos\editors\Creator\3.8.5\resources\resources\3d\engine\bin\.cache\dev\editor\bundled\index.js:271958:18)
    at Object.execute (file:///D:/Game-Engine%20Projects/Blazing7Test/temp/programming/packer-driver/targets/editor/chunks/92/925467d3572d2b8767cc3499d84c91f370f4ea08.js:37:214)
    at doExec (C:\ProgramData\cocos\editors\Creator\3.8.5\resources\app.asar\node_modules\@editor\lib-programming\static\executor\systemjs-bridge\out\index.js:517:30)
    at postOrderExec (C:\ProgramData\cocos\editors\Creator\3.8.5\resources\app.asar\node_modules\@editor\lib-programming\static\executor\systemjs-bridge\out\index.js:508:21)
    at C:\ProgramData\cocos\editors\Creator\3.8.5\resources\app.asar\node_modules\@editor\lib-programming\static\executor\systemjs-bridge\out\index.js:493:28
    at Array.forEach (<anonymous>)
    at postOrderExec (C:\ProgramData\cocos\editors\Creator\3.8.5\resources\app.asar\node_modules\@editor\lib-programming\static\executor\systemjs-bridge\out\index.js:491:10)
    at C:\ProgramData\cocos\editors\Creator\3.8.5\resources\app.asar\node_modules\@editor\lib-programming\static\executor\systemjs-bridge\out\index.js:440:12
    at file:///D:/Game-Engine%20Projects/Blazing7Test/temp/programming/packer-driver/targets/editor/chunks/6d/6d8fd2b0177941b032ddc0733af48a561fb60657.js:13:13
    at Object.execute (file:///D:/Game-Engine%20Projects/Blazing7Test/temp/programming/packer-driver/targets/editor/chunks/6d/6d8fd2b0177941b032ddc0733af48a561fb60657.js:8:7)
    at Executor._importPrerequisiteModules (C:\ProgramData\cocos\editors\Creator\3.8.5\resources\app.asar\node_modules\@editor\lib-programming\src\executor\index.ts:358:13)
    at Executor.reload (C:\ProgramData\cocos\editors\Creator\3.8.5\resources\app.asar\node_modules\@editor\lib-programming\src\executor\index.ts:235:13)
    at C:\ProgramData\cocos\editors\Creator\3.8.5\resources\app.asar\builtin\scene\dist\script\3d\manager\scripts.ccc:1:1787
    at GlobalEnv.processQueue (C:\ProgramData\cocos\editors\Creator\3.8.5\resources\app.asar\builtin\scene\dist\script\3d\manager\scripts.ccc:1:2184)
    at GlobalEnv.record (C:\ProgramData\cocos\editors\Creator\3.8.5\resources\app.asar\builtin\scene\dist\script\3d\manager\scripts.ccc:1:1955)
    at ScriptManager.init (C:\ProgramData\cocos\editors\Creator\3.8.5\resources\app.asar\builtin\scene\dist\script\3d\manager\scripts.ccc:1:3794)
    at EngineStartup.openEngine (C:\ProgramData\cocos\editors\Creator\3.8.5\resources\app.asar\builtin\scene\dist\script\3d\manager\startup\engine\index.ccc:1:4229)
    at StartupManager.configEngine (C:\ProgramData\cocos\editors\Creator\3.8.5\resources\app.asar\builtin\scene\dist\script\3d\manager\startup\index.ccc:1:1668)
    at EditorPreview._startEngine (C:\ProgramData\cocos\editors\Creator\3.8.5\resources\app.asar\builtin\scene\dist\script\3d\preload\editor-preview.js:1:973)
    at EditorPreview.start (C:\ProgramData\cocos\editors\Creator\3.8.5\resources\app.asar\builtin\scene\dist\script\3d\preload\editor-preview.js:1:468)
19-05-2026 09:31:24 - warn: [PreviewInEditor] The type of "NodeMovement.disableOnReach" must be CCBoolean, not Boolean.Error: [PreviewInEditor] The type of "NodeMovement.disableOnReach" must be CCBoolean, not Boolean.
    at console.warn (C:\ProgramData\cocos\editors\Creator\3.8.5\resources\app.asar\node_modules\@sentry\src\instrument\console.ts:40:20)
    at warn (C:\ProgramData\cocos\editors\Creator\3.8.5\resources\resources\3d\engine\bin\.cache\dev\editor\bundled\index.js:160148:12)
    at warnID (C:\ProgramData\cocos\editors\Creator\3.8.5\resources\resources\3d\engine\bin\.cache\dev\editor\bundled\index.js:160336:5)
    at parseType (C:\ProgramData\cocos\editors\Creator\3.8.5\resources\resources\3d\engine\bin\.cache\dev\editor\bundled\index.js:273012:11)
    at preprocessAttrs (C:\ProgramData\cocos\editors\Creator\3.8.5\resources\resources\3d\engine\bin\.cache\dev\editor\bundled\index.js:273122:11)
    at declareProperties (C:\ProgramData\cocos\editors\Creator\3.8.5\resources\resources\3d\engine\bin\.cache\dev\editor\bundled\index.js:141456:7)
    at CCClass (C:\ProgramData\cocos\editors\Creator\3.8.5\resources\resources\3d\engine\bin\.cache\dev\editor\bundled\index.js:141485:5)
    at eval (C:\ProgramData\cocos\editors\Creator\3.8.5\resources\resources\3d\engine\bin\.cache\dev\editor\bundled\index.js:270947:21)
    at eval (C:\ProgramData\cocos\editors\Creator\3.8.5\resources\resources\3d\engine\bin\.cache\dev\editor\bundled\index.js:271958:18)
    at Object.execute (file:///D:/Game-Engine%20Projects/Blazing7Test/temp/programming/packer-driver/targets/editor/chunks/92/925467d3572d2b8767cc3499d84c91f370f4ea08.js:37:214)
    at doExec (C:\ProgramData\cocos\editors\Creator\3.8.5\resources\app.asar\node_modules\@editor\lib-programming\static\executor\systemjs-bridge\out\index.js:517:30)
    at postOrderExec (C:\ProgramData\cocos\editors\Creator\3.8.5\resources\app.asar\node_modules\@editor\lib-programming\static\executor\systemjs-bridge\out\index.js:508:21)
    at C:\ProgramData\cocos\editors\Creator\3.8.5\resources\app.asar\node_modules\@editor\lib-programming\static\executor\systemjs-bridge\out\index.js:493:28
    at Array.forEach (<anonymous>)
    at postOrderExec (C:\ProgramData\cocos\editors\Creator\3.8.5\resources\app.asar\node_modules\@editor\lib-programming\static\executor\systemjs-bridge\out\index.js:491:10)
    at C:\ProgramData\cocos\editors\Creator\3.8.5\resources\app.asar\node_modules\@editor\lib-programming\static\executor\systemjs-bridge\out\index.js:440:12
    at file:///D:/Game-Engine%20Projects/Blazing7Test/temp/programming/packer-driver/targets/editor/chunks/6d/6d8fd2b0177941b032ddc0733af48a561fb60657.js:13:13
    at Object.execute (file:///D:/Game-Engine%20Projects/Blazing7Test/temp/programming/packer-driver/targets/editor/chunks/6d/6d8fd2b0177941b032ddc0733af48a561fb60657.js:8:7)
    at Executor._importPrerequisiteModules (C:\ProgramData\cocos\editors\Creator\3.8.5\resources\app.asar\node_modules\@editor\lib-programming\src\executor\index.ts:358:13)
    at Executor.reload (C:\ProgramData\cocos\editors\Creator\3.8.5\resources\app.asar\node_modules\@editor\lib-programming\src\executor\index.ts:235:13)
    at C:\ProgramData\cocos\editors\Creator\3.8.5\resources\app.asar\builtin\scene\dist\script\3d\manager\scripts.ccc:1:1787
    at GlobalEnv.processQueue (C:\ProgramData\cocos\editors\Creator\3.8.5\resources\app.asar\builtin\scene\dist\script\3d\manager\scripts.ccc:1:2184)
    at GlobalEnv.record (C:\ProgramData\cocos\editors\Creator\3.8.5\resources\app.asar\builtin\scene\dist\script\3d\manager\scripts.ccc:1:1955)
    at ScriptManager.init (C:\ProgramData\cocos\editors\Creator\3.8.5\resources\app.asar\builtin\scene\dist\script\3d\manager\scripts.ccc:1:3794)
    at EngineStartup.openEngine (C:\ProgramData\cocos\editors\Creator\3.8.5\resources\app.asar\builtin\scene\dist\script\3d\manager\startup\engine\index.ccc:1:4229)
    at StartupManager.configEngine (C:\ProgramData\cocos\editors\Creator\3.8.5\resources\app.asar\builtin\scene\dist\script\3d\manager\startup\index.ccc:1:1668)
    at EditorPreview._startEngine (C:\ProgramData\cocos\editors\Creator\3.8.5\resources\app.asar\builtin\scene\dist\script\3d\preload\editor-preview.js:1:973)
    at EditorPreview.start (C:\ProgramData\cocos\editors\Creator\3.8.5\resources\app.asar\builtin\scene\dist\script\3d\preload\editor-preview.js:1:468)
19-05-2026 09:31:24 - log: [PreviewInEditor] [PHYSICS2D]: switch from box2d-wasm to box2d.
19-05-2026 09:31:25 - log: [PreviewInEditor] [SceneManager] Initialized
19-05-2026 09:31:25 - log: [PreviewInEditor] [PopUpManager] Initialized
19-05-2026 09:31:25 - log: [PreviewInEditor] [WinBroadcastManager] Adding onSceneCallback: 1
19-05-2026 09:31:25 - log: [PreviewInEditor] [WsManager] 添加协议监听器: ANNOUNCEMENT
19-05-2026 09:31:26 - log: [PreviewInEditor] [GameManager] Loading API Manager..
19-05-2026 09:31:26 - log: [PreviewInEditor] [ApiCore] SDK 初始化完成
19-05-2026 09:31:26 - log: [PreviewInEditor] [WsManager] Start initializing the WebSocket manager...
19-05-2026 09:31:26 - log: [PreviewInEditor] [WsManager] WebSocket 管理器初始化成功
19-05-2026 09:31:27 - log: [PreviewInEditor] [WsManager] WebSocket 连接成功
19-05-2026 09:31:27 - log: [PreviewInEditor] [WinBroadcastManager] AllowAnnouncement Called: false
19-05-2026 09:31:28 - log: [PreviewInEditor] [WinBroadcastManager] AllowAnnouncement Called: true
19-05-2026 09:31:28 - log: [PreviewInEditor] [DragonEyeIntro][UIROOT] DEVICE TYPE: pc
19-05-2026 09:31:33 - log: [PreviewInEditor] [Game] CardPlayInComplete, AutoCount: 5
19-05-2026 09:31:33 - log: [PreviewInEditor] [ScratchSystem] All cells scratched.
19-05-2026 09:31:36 - log: [PreviewInEditor] [Game] CardPlayInComplete, AutoCount: 5
19-05-2026 09:31:36 - log: [PreviewInEditor] [ScratchSystem] All cells scratched.
19-05-2026 09:31:38 - log: [PreviewInEditor] [Game] CardPlayInComplete, AutoCount: 5
19-05-2026 09:31:39 - log: [PreviewInEditor] [ScratchSystem] All cells scratched.
19-05-2026 09:31:40 - log: [PreviewInEditor] [Game] CardPlayInComplete, AutoCount: 5
19-05-2026 09:31:41 - log: [PreviewInEditor] [ScratchSystem] All cells scratched.
19-05-2026 09:31:41 - log: [PreviewInEditor] [WsManager] 收到消息: {
  cmd: 'ANNOUNCEMENT',
  data: [
    {
      announcementType: 'BIG',
      bonus: '2',
      cardId: '2056548305386602498',
      cardNo: 'B7S-XN7jA6dMUYPN',
      conditionType: 'AMOUNT_MULTIPLIER',
      gameId: '2000802906231672834',
      gameName: 'BLAZING 7s',
      playType: 'BLAZING_7S_SCRATCH',
      productId: 'GV1',
      settleTime: '2026-05-19 09:31:40.753375488',
      userName: '12345789798789456123rX',
      winAmount: 40
    }
  ]
}
19-05-2026 09:31:45 - log: [PreviewInEditor] [Game] CardPlayInComplete, AutoCount: 4
19-05-2026 09:31:45 - log: [PreviewInEditor] [ScratchSystem] All cells scratched.
19-05-2026 09:31:46 - log: [PreviewInEditor] [Game] CardPlayInComplete, AutoCount: 3
19-05-2026 09:31:47 - log: [PreviewInEditor] [ScratchSystem] All cells scratched.
19-05-2026 09:31:48 - log: [PreviewInEditor] [Game] CardPlayInComplete, AutoCount: 2
19-05-2026 09:31:49 - log: [PreviewInEditor] [ScratchSystem] All cells scratched.
19-05-2026 09:31:49 - log: [PreviewInEditor] [WsManager] 收到消息: {
  cmd: 'ANNOUNCEMENT',
  data: [
    {
      announcementType: 'BIG',
      bonus: '4',
      cardId: '2056548339490488322',
      cardNo: 'B7S-wDWZTOD1Lbgm',
      conditionType: 'AMOUNT_MULTIPLIER',
      gameId: '2000802906231672834',
      gameName: 'BLAZING 7s',
      playType: 'BLAZING_7S_SCRATCH',
      productId: 'GV1',
      settleTime: '2026-05-19 09:31:48.866040481',
      userName: '12345789798789456123rX',
      winAmount: 80
    }
  ]
}
19-05-2026 09:31:51 - log: [PreviewInEditor] [Game] CardPlayInComplete, AutoCount: 1
19-05-2026 09:31:52 - log: [PreviewInEditor] [ScratchSystem] All cells scratched.
19-05-2026 09:32:09 - log: [PreviewInEditor] [Game] CardPlayInComplete, AutoCount: 0
19-05-2026 09:32:10 - log: [PreviewInEditor] [ScratchSystem] All cells scratched.
19-05-2026 09:32:13 - log: [PreviewInEditor] [Game] CardPlayInComplete, AutoCount: 0
19-05-2026 09:32:14 - log: [PreviewInEditor] [ScratchSystem] All cells scratched.
19-05-2026 09:32:15 - log: [PreviewInEditor] [WsManager] 收到消息: {
  cmd: 'ANNOUNCEMENT',
  data: [
    {
      announcementType: 'BIG',
      bonus: '2',
      cardId: '2056548443697971202',
      cardNo: 'B7S-Bnh38Lku50pn',
      conditionType: 'AMOUNT_MULTIPLIER',
      gameId: '2000802906231672834',
      gameName: 'BLAZING 7s',
      playType: 'BLAZING_7S_SCRATCH',
      productId: 'GV1',
      settleTime: '2026-05-19 09:32:14.356019102',
      userName: '12345789798789456123rX',
      winAmount: 40
    }
  ]
}
19-05-2026 09:32:19 - log: [PreviewInEditor] [Game] CardPlayInComplete, AutoCount: 5
19-05-2026 09:32:19 - log: [PreviewInEditor] [ScratchSystem] All cells scratched.
19-05-2026 09:32:21 - log: [PreviewInEditor] [Game] CardPlayInComplete, AutoCount: 4
19-05-2026 09:32:21 - log: [PreviewInEditor] [ScratchSystem] All cells scratched.
19-05-2026 09:32:23 - log: [PreviewInEditor] [Game] CardPlayInComplete, AutoCount: 3
19-05-2026 09:32:23 - log: [PreviewInEditor] [ScratchSystem] All cells scratched.
19-05-2026 09:32:24 - log: [PreviewInEditor] [Game] CardPlayInComplete, AutoCount: 2
19-05-2026 09:32:25 - log: [PreviewInEditor] [ScratchSystem] All cells scratched.
19-05-2026 09:32:25 - log: [PreviewInEditor] [WsManager] 收到消息: {
  cmd: 'ANNOUNCEMENT',
  data: [
    {
      announcementType: 'BIG',
      bonus: '1',
      cardId: '2056548491076829186',
      cardNo: 'B7S-ZDHo9Tbamrj7',
      conditionType: 'AMOUNT_MULTIPLIER',
      gameId: '2000802906231672834',
      gameName: 'BLAZING 7s',
      playType: 'BLAZING_7S_SCRATCH',
      productId: 'GV1',
      settleTime: '2026-05-19 09:32:25.032976406',
      userName: '12345789798789456123rX',
      winAmount: 20
    }
  ]
}
19-05-2026 09:32:30 - log: [PreviewInEditor] [Game] CardPlayInComplete, AutoCount: 1
19-05-2026 09:32:31 - log: [PreviewInEditor] [ScratchSystem] All cells scratched.
19-05-2026 09:32:31 - log: [PreviewInEditor] [WsManager] 收到消息: {
  cmd: 'ANNOUNCEMENT',
  data: [
    {
      announcementType: 'BIG',
      bonus: '7',
      cardId: '2056548514246164482',
      cardNo: 'B7S-JheUMcOg4gag',
      conditionType: 'AMOUNT_MULTIPLIER',
      gameId: '2000802906231672834',
      gameName: 'BLAZING 7s',
      playType: 'BLAZING_7S_SCRATCH',
      productId: 'GV1',
      settleTime: '2026-05-19 09:32:30.572897343',
      userName: '12345789798789456123rX',
      winAmount: 140
    }
  ]
}
19-05-2026 09:32:38 - log: [PreviewInEditor] [Game] CardPlayInComplete, AutoCount: 0
19-05-2026 09:32:40 - error: (node:12812) MaxListenersExceededWarning: Possible EventEmitter memory leak detected. 11 render-view-deleted listeners added to [WebContents]. MaxListeners is 10. Use emitter.setMaxListeners() to increase limit
(Use `CocosCreator --trace-warnings ...` to show where the warning was created)
19-05-2026 09:32:40 - error: (node:12812) MaxListenersExceededWarning: Possible EventEmitter memory leak detected. 11 new-window listeners added to [WebContents]. MaxListeners is 10. Use emitter.setMaxListeners() to increase limit
19-05-2026 09:32:40 - warn: [PreviewInEditor] IPC message has been lost.Error: [PreviewInEditor] IPC message has been lost.
    at console.warn (C:\ProgramData\cocos\editors\Creator\3.8.5\resources\app.asar\node_modules\@sentry\src\instrument\console.ts:40:20)
    at IpcRenderer.<anonymous> (C:\ProgramData\cocos\editors\Creator\3.8.5\resources\app.asar\builtin\scene\dist\script\3d\manager\ipc\web\webview.ccc:1:1495)
    at IpcRenderer.emit (node:events:519:28)
    at Object.onMessage (node:electron/js2c/renderer_init:2:8837)
19-05-2026 09:32:40 - info: [PreviewInEditor] preview process is ready
19-05-2026 09:33:45 - warn: [Scene] 'LabelShadow.color' is deprecated. (Please use Label.shadowColor instead.)Error: [Scene] 'LabelShadow.color' is deprecated. (Please use Label.shadowColor instead.)
    at console.warn (C:\ProgramData\cocos\editors\Creator\3.8.5\resources\app.asar\node_modules\@sentry\src\instrument\console.ts:40:20)
    at warn (C:\ProgramData\cocos\editors\Creator\3.8.5\resources\resources\3d\engine\bin\.cache\dev\editor\bundled\index.js:160148:12)
    at markAsWarningLog (C:\ProgramData\cocos\editors\Creator\3.8.5\resources\resources\3d\engine\bin\.cache\dev\editor\bundled\index.js:243816:11)
    at LabelShadow.d.get (C:\ProgramData\cocos\editors\Creator\3.8.5\resources\resources\3d\engine\bin\.cache\dev\editor\bundled\index.js:243826:15)
    at C:\ProgramData\cocos\editors\Creator\3.8.5\resources\app.asar\builtin\scene\dist\script\export\dump\encode.ccc:1:4734
    at Array.forEach (<anonymous>)
    at encodeComponent (C:\ProgramData\cocos\editors\Creator\3.8.5\resources\app.asar\builtin\scene\dist\script\export\dump\encode.ccc:1:4640)
    at C:\ProgramData\cocos\editors\Creator\3.8.5\resources\app.asar\builtin\scene\dist\script\export\dump\encode.ccc:1:2576
    at Array.map (<anonymous>)
    at encodeNode (C:\ProgramData\cocos\editors\Creator\3.8.5\resources\app.asar\builtin\scene\dist\script\export\dump\encode.ccc:1:2569)
    at DumpUtil.dumpNode (C:\ProgramData\cocos\editors\Creator\3.8.5\resources\app.asar\builtin\scene\dist\script\export\dump\index.ccc:1:685)
    at NodeManager.queryDump (C:\ProgramData\cocos\editors\Creator\3.8.5\resources\app.asar\builtin\scene\dist\script\3d\manager\node\index.ccc:1:5801)
    at PrefabSceneFacade.queryNodeDump (C:\ProgramData\cocos\editors\Creator\3.8.5\resources\app.asar\builtin\scene\dist\script\3d\facade\general-scene-facade.ccc:1:6751)
    at SceneFacadeManager.queryNodeDump (C:\ProgramData\cocos\editors\Creator\3.8.5\resources\app.asar\builtin\scene\dist\script\3d\facade\scene-facade-manager.ccc:1:10190)
    at step (C:\ProgramData\cocos\editors\Creator\3.8.5\resources\app.asar\builtin\scene\dist\script\3d\manager\ipc\web\ipc.ccc:1:732)
    at C:\ProgramData\cocos\editors\Creator\3.8.5\resources\app.asar\builtin\scene\dist\script\3d\manager\ipc\web\ipc.ccc:2:401
    at new Promise (<anonymous>)
    at C:\ProgramData\cocos\editors\Creator\3.8.5\resources\app.asar\builtin\scene\dist\script\3d\manager\ipc\web\ipc.ccc:2:338
    at IpcRenderer.<anonymous> (C:\ProgramData\cocos\editors\Creator\3.8.5\resources\app.asar\builtin\scene\dist\script\3d\manager\ipc\web\webview.ccc:1:1004)
    at IpcRenderer.emit (node:events:519:28)
    at Object.onMessage (node:electron/js2c/renderer_init:2:8837)
19-05-2026 09:33:45 - warn: [Scene] 'LabelShadow.color' is deprecated. (Please use Label.shadowColor instead.)Error: [Scene] 'LabelShadow.color' is deprecated. (Please use Label.shadowColor instead.)
    at console.warn (C:\ProgramData\cocos\editors\Creator\3.8.5\resources\app.asar\node_modules\@sentry\src\instrument\console.ts:40:20)
    at warn (C:\ProgramData\cocos\editors\Creator\3.8.5\resources\resources\3d\engine\bin\.cache\dev\editor\bundled\index.js:160148:12)
    at markAsWarningLog (C:\ProgramData\cocos\editors\Creator\3.8.5\resources\resources\3d\engine\bin\.cache\dev\editor\bundled\index.js:243816:11)
    at LabelShadow.d.get (C:\ProgramData\cocos\editors\Creator\3.8.5\resources\resources\3d\engine\bin\.cache\dev\editor\bundled\index.js:243826:15)
    at C:\ProgramData\cocos\editors\Creator\3.8.5\resources\app.asar\builtin\scene\dist\script\export\dump\encode.ccc:1:4799
    at Array.forEach (<anonymous>)
    at encodeComponent (C:\ProgramData\cocos\editors\Creator\3.8.5\resources\app.asar\builtin\scene\dist\script\export\dump\encode.ccc:1:4640)
    at C:\ProgramData\cocos\editors\Creator\3.8.5\resources\app.asar\builtin\scene\dist\script\export\dump\encode.ccc:1:2576
    at Array.map (<anonymous>)
    at encodeNode (C:\ProgramData\cocos\editors\Creator\3.8.5\resources\app.asar\builtin\scene\dist\script\export\dump\encode.ccc:1:2569)
    at DumpUtil.dumpNode (C:\ProgramData\cocos\editors\Creator\3.8.5\resources\app.asar\builtin\scene\dist\script\export\dump\index.ccc:1:685)
    at NodeManager.queryDump (C:\ProgramData\cocos\editors\Creator\3.8.5\resources\app.asar\builtin\scene\dist\script\3d\manager\node\index.ccc:1:5801)
    at PrefabSceneFacade.queryNodeDump (C:\ProgramData\cocos\editors\Creator\3.8.5\resources\app.asar\builtin\scene\dist\script\3d\facade\general-scene-facade.ccc:1:6751)
    at SceneFacadeManager.queryNodeDump (C:\ProgramData\cocos\editors\Creator\3.8.5\resources\app.asar\builtin\scene\dist\script\3d\facade\scene-facade-manager.ccc:1:10190)
    at step (C:\ProgramData\cocos\editors\Creator\3.8.5\resources\app.asar\builtin\scene\dist\script\3d\manager\ipc\web\ipc.ccc:1:732)
    at C:\ProgramData\cocos\editors\Creator\3.8.5\resources\app.asar\builtin\scene\dist\script\3d\manager\ipc\web\ipc.ccc:2:401
    at new Promise (<anonymous>)
    at C:\ProgramData\cocos\editors\Creator\3.8.5\resources\app.asar\builtin\scene\dist\script\3d\manager\ipc\web\ipc.ccc:2:338
    at IpcRenderer.<anonymous> (C:\ProgramData\cocos\editors\Creator\3.8.5\resources\app.asar\builtin\scene\dist\script\3d\manager\ipc\web\webview.ccc:1:1004)
    at IpcRenderer.emit (node:events:519:28)
    at Object.onMessage (node:electron/js2c/renderer_init:2:8837)
19-05-2026 09:33:45 - warn: [Scene] 'LabelShadow.offset' is deprecated. (Please use Label.shadowOffset instead.)Error: [Scene] 'LabelShadow.offset' is deprecated. (Please use Label.shadowOffset instead.)
    at console.warn (C:\ProgramData\cocos\editors\Creator\3.8.5\resources\app.asar\node_modules\@sentry\src\instrument\console.ts:40:20)
    at warn (C:\ProgramData\cocos\editors\Creator\3.8.5\resources\resources\3d\engine\bin\.cache\dev\editor\bundled\index.js:160148:12)
    at markAsWarningLog (C:\ProgramData\cocos\editors\Creator\3.8.5\resources\resources\3d\engine\bin\.cache\dev\editor\bundled\index.js:243816:11)
    at LabelShadow.d.get (C:\ProgramData\cocos\editors\Creator\3.8.5\resources\resources\3d\engine\bin\.cache\dev\editor\bundled\index.js:243826:15)
    at C:\ProgramData\cocos\editors\Creator\3.8.5\resources\app.asar\builtin\scene\dist\script\export\dump\encode.ccc:1:4734
    at Array.forEach (<anonymous>)
    at encodeComponent (C:\ProgramData\cocos\editors\Creator\3.8.5\resources\app.asar\builtin\scene\dist\script\export\dump\encode.ccc:1:4640)
    at C:\ProgramData\cocos\editors\Creator\3.8.5\resources\app.asar\builtin\scene\dist\script\export\dump\encode.ccc:1:2576
    at Array.map (<anonymous>)
    at encodeNode (C:\ProgramData\cocos\editors\Creator\3.8.5\resources\app.asar\builtin\scene\dist\script\export\dump\encode.ccc:1:2569)
    at DumpUtil.dumpNode (C:\ProgramData\cocos\editors\Creator\3.8.5\resources\app.asar\builtin\scene\dist\script\export\dump\index.ccc:1:685)
    at NodeManager.queryDump (C:\ProgramData\cocos\editors\Creator\3.8.5\resources\app.asar\builtin\scene\dist\script\3d\manager\node\index.ccc:1:5801)
    at PrefabSceneFacade.queryNodeDump (C:\ProgramData\cocos\editors\Creator\3.8.5\resources\app.asar\builtin\scene\dist\script\3d\facade\general-scene-facade.ccc:1:6751)
    at SceneFacadeManager.queryNodeDump (C:\ProgramData\cocos\editors\Creator\3.8.5\resources\app.asar\builtin\scene\dist\script\3d\facade\scene-facade-manager.ccc:1:10190)
    at step (C:\ProgramData\cocos\editors\Creator\3.8.5\resources\app.asar\builtin\scene\dist\script\3d\manager\ipc\web\ipc.ccc:1:732)
    at C:\ProgramData\cocos\editors\Creator\3.8.5\resources\app.asar\builtin\scene\dist\script\3d\manager\ipc\web\ipc.ccc:2:401
    at new Promise (<anonymous>)
    at C:\ProgramData\cocos\editors\Creator\3.8.5\resources\app.asar\builtin\scene\dist\script\3d\manager\ipc\web\ipc.ccc:2:338
    at IpcRenderer.<anonymous> (C:\ProgramData\cocos\editors\Creator\3.8.5\resources\app.asar\builtin\scene\dist\script\3d\manager\ipc\web\webview.ccc:1:1004)
    at IpcRenderer.emit (node:events:519:28)
    at Object.onMessage (node:electron/js2c/renderer_init:2:8837)
19-05-2026 09:33:45 - warn: [Scene] 'LabelShadow.offset' is deprecated. (Please use Label.shadowOffset instead.)Error: [Scene] 'LabelShadow.offset' is deprecated. (Please use Label.shadowOffset instead.)
    at console.warn (C:\ProgramData\cocos\editors\Creator\3.8.5\resources\app.asar\node_modules\@sentry\src\instrument\console.ts:40:20)
    at warn (C:\ProgramData\cocos\editors\Creator\3.8.5\resources\resources\3d\engine\bin\.cache\dev\editor\bundled\index.js:160148:12)
    at markAsWarningLog (C:\ProgramData\cocos\editors\Creator\3.8.5\resources\resources\3d\engine\bin\.cache\dev\editor\bundled\index.js:243816:11)
    at LabelShadow.d.get (C:\ProgramData\cocos\editors\Creator\3.8.5\resources\resources\3d\engine\bin\.cache\dev\editor\bundled\index.js:243826:15)
    at C:\ProgramData\cocos\editors\Creator\3.8.5\resources\app.asar\builtin\scene\dist\script\export\dump\encode.ccc:1:4799
    at Array.forEach (<anonymous>)
    at encodeComponent (C:\ProgramData\cocos\editors\Creator\3.8.5\resources\app.asar\builtin\scene\dist\script\export\dump\encode.ccc:1:4640)
    at C:\ProgramData\cocos\editors\Creator\3.8.5\resources\app.asar\builtin\scene\dist\script\export\dump\encode.ccc:1:2576
    at Array.map (<anonymous>)
    at encodeNode (C:\ProgramData\cocos\editors\Creator\3.8.5\resources\app.asar\builtin\scene\dist\script\export\dump\encode.ccc:1:2569)
    at DumpUtil.dumpNode (C:\ProgramData\cocos\editors\Creator\3.8.5\resources\app.asar\builtin\scene\dist\script\export\dump\index.ccc:1:685)
    at NodeManager.queryDump (C:\ProgramData\cocos\editors\Creator\3.8.5\resources\app.asar\builtin\scene\dist\script\3d\manager\node\index.ccc:1:5801)
    at PrefabSceneFacade.queryNodeDump (C:\ProgramData\cocos\editors\Creator\3.8.5\resources\app.asar\builtin\scene\dist\script\3d\facade\general-scene-facade.ccc:1:6751)
    at SceneFacadeManager.queryNodeDump (C:\ProgramData\cocos\editors\Creator\3.8.5\resources\app.asar\builtin\scene\dist\script\3d\facade\scene-facade-manager.ccc:1:10190)
    at step (C:\ProgramData\cocos\editors\Creator\3.8.5\resources\app.asar\builtin\scene\dist\script\3d\manager\ipc\web\ipc.ccc:1:732)
    at C:\ProgramData\cocos\editors\Creator\3.8.5\resources\app.asar\builtin\scene\dist\script\3d\manager\ipc\web\ipc.ccc:2:401
    at new Promise (<anonymous>)
    at C:\ProgramData\cocos\editors\Creator\3.8.5\resources\app.asar\builtin\scene\dist\script\3d\manager\ipc\web\ipc.ccc:2:338
    at IpcRenderer.<anonymous> (C:\ProgramData\cocos\editors\Creator\3.8.5\resources\app.asar\builtin\scene\dist\script\3d\manager\ipc\web\webview.ccc:1:1004)
    at IpcRenderer.emit (node:events:519:28)
    at Object.onMessage (node:electron/js2c/renderer_init:2:8837)
19-05-2026 09:33:45 - warn: [Scene] 'LabelShadow.blur' is deprecated. (Please use Label.shadowBlur instead.)Error: [Scene] 'LabelShadow.blur' is deprecated. (Please use Label.shadowBlur instead.)
    at console.warn (C:\ProgramData\cocos\editors\Creator\3.8.5\resources\app.asar\node_modules\@sentry\src\instrument\console.ts:40:20)
    at warn (C:\ProgramData\cocos\editors\Creator\3.8.5\resources\resources\3d\engine\bin\.cache\dev\editor\bundled\index.js:160148:12)
    at markAsWarningLog (C:\ProgramData\cocos\editors\Creator\3.8.5\resources\resources\3d\engine\bin\.cache\dev\editor\bundled\index.js:243816:11)
    at LabelShadow.d.get (C:\ProgramData\cocos\editors\Creator\3.8.5\resources\resources\3d\engine\bin\.cache\dev\editor\bundled\index.js:243826:15)
    at C:\ProgramData\cocos\editors\Creator\3.8.5\resources\app.asar\builtin\scene\dist\script\export\dump\encode.ccc:1:4734
    at Array.forEach (<anonymous>)
    at encodeComponent (C:\ProgramData\cocos\editors\Creator\3.8.5\resources\app.asar\builtin\scene\dist\script\export\dump\encode.ccc:1:4640)
    at C:\ProgramData\cocos\editors\Creator\3.8.5\resources\app.asar\builtin\scene\dist\script\export\dump\encode.ccc:1:2576
    at Array.map (<anonymous>)
    at encodeNode (C:\ProgramData\cocos\editors\Creator\3.8.5\resources\app.asar\builtin\scene\dist\script\export\dump\encode.ccc:1:2569)
    at DumpUtil.dumpNode (C:\ProgramData\cocos\editors\Creator\3.8.5\resources\app.asar\builtin\scene\dist\script\export\dump\index.ccc:1:685)
    at NodeManager.queryDump (C:\ProgramData\cocos\editors\Creator\3.8.5\resources\app.asar\builtin\scene\dist\script\3d\manager\node\index.ccc:1:5801)
    at PrefabSceneFacade.queryNodeDump (C:\ProgramData\cocos\editors\Creator\3.8.5\resources\app.asar\builtin\scene\dist\script\3d\facade\general-scene-facade.ccc:1:6751)
    at SceneFacadeManager.queryNodeDump (C:\ProgramData\cocos\editors\Creator\3.8.5\resources\app.asar\builtin\scene\dist\script\3d\facade\scene-facade-manager.ccc:1:10190)
    at step (C:\ProgramData\cocos\editors\Creator\3.8.5\resources\app.asar\builtin\scene\dist\script\3d\manager\ipc\web\ipc.ccc:1:732)
    at C:\ProgramData\cocos\editors\Creator\3.8.5\resources\app.asar\builtin\scene\dist\script\3d\manager\ipc\web\ipc.ccc:2:401
    at new Promise (<anonymous>)
    at C:\ProgramData\cocos\editors\Creator\3.8.5\resources\app.asar\builtin\scene\dist\script\3d\manager\ipc\web\ipc.ccc:2:338
    at IpcRenderer.<anonymous> (C:\ProgramData\cocos\editors\Creator\3.8.5\resources\app.asar\builtin\scene\dist\script\3d\manager\ipc\web\webview.ccc:1:1004)
    at IpcRenderer.emit (node:events:519:28)
    at Object.onMessage (node:electron/js2c/renderer_init:2:8837)
19-05-2026 09:33:45 - warn: [Scene] 'LabelShadow.blur' is deprecated. (Please use Label.shadowBlur instead.)Error: [Scene] 'LabelShadow.blur' is deprecated. (Please use Label.shadowBlur instead.)
    at console.warn (C:\ProgramData\cocos\editors\Creator\3.8.5\resources\app.asar\node_modules\@sentry\src\instrument\console.ts:40:20)
    at warn (C:\ProgramData\cocos\editors\Creator\3.8.5\resources\resources\3d\engine\bin\.cache\dev\editor\bundled\index.js:160148:12)
    at markAsWarningLog (C:\ProgramData\cocos\editors\Creator\3.8.5\resources\resources\3d\engine\bin\.cache\dev\editor\bundled\index.js:243816:11)
    at LabelShadow.d.get (C:\ProgramData\cocos\editors\Creator\3.8.5\resources\resources\3d\engine\bin\.cache\dev\editor\bundled\index.js:243826:15)
    at C:\ProgramData\cocos\editors\Creator\3.8.5\resources\app.asar\builtin\scene\dist\script\export\dump\encode.ccc:1:4799
    at Array.forEach (<anonymous>)
    at encodeComponent (C:\ProgramData\cocos\editors\Creator\3.8.5\resources\app.asar\builtin\scene\dist\script\export\dump\encode.ccc:1:4640)
    at C:\ProgramData\cocos\editors\Creator\3.8.5\resources\app.asar\builtin\scene\dist\script\export\dump\encode.ccc:1:2576
    at Array.map (<anonymous>)
    at encodeNode (C:\ProgramData\cocos\editors\Creator\3.8.5\resources\app.asar\builtin\scene\dist\script\export\dump\encode.ccc:1:2569)
    at DumpUtil.dumpNode (C:\ProgramData\cocos\editors\Creator\3.8.5\resources\app.asar\builtin\scene\dist\script\export\dump\index.ccc:1:685)
    at NodeManager.queryDump (C:\ProgramData\cocos\editors\Creator\3.8.5\resources\app.asar\builtin\scene\dist\script\3d\manager\node\index.ccc:1:5801)
    at PrefabSceneFacade.queryNodeDump (C:\ProgramData\cocos\editors\Creator\3.8.5\resources\app.asar\builtin\scene\dist\script\3d\facade\general-scene-facade.ccc:1:6751)
    at SceneFacadeManager.queryNodeDump (C:\ProgramData\cocos\editors\Creator\3.8.5\resources\app.asar\builtin\scene\dist\script\3d\facade\scene-facade-manager.ccc:1:10190)
    at step (C:\ProgramData\cocos\editors\Creator\3.8.5\resources\app.asar\builtin\scene\dist\script\3d\manager\ipc\web\ipc.ccc:1:732)
    at C:\ProgramData\cocos\editors\Creator\3.8.5\resources\app.asar\builtin\scene\dist\script\3d\manager\ipc\web\ipc.ccc:2:401
    at new Promise (<anonymous>)
    at C:\ProgramData\cocos\editors\Creator\3.8.5\resources\app.asar\builtin\scene\dist\script\3d\manager\ipc\web\ipc.ccc:2:338
    at IpcRenderer.<anonymous> (C:\ProgramData\cocos\editors\Creator\3.8.5\resources\app.asar\builtin\scene\dist\script\3d\manager\ipc\web\webview.ccc:1:1004)
    at IpcRenderer.emit (node:events:519:28)
    at Object.onMessage (node:electron/js2c/renderer_init:2:8837)
19-05-2026 09:36:30 - warn: [Scene] 'LabelShadow.color' is deprecated. (Please use Label.shadowColor instead.)Error: [Scene] 'LabelShadow.color' is deprecated. (Please use Label.shadowColor instead.)
    at console.warn (C:\ProgramData\cocos\editors\Creator\3.8.5\resources\app.asar\node_modules\@sentry\src\instrument\console.ts:40:20)
    at warn (C:\ProgramData\cocos\editors\Creator\3.8.5\resources\resources\3d\engine\bin\.cache\dev\editor\bundled\index.js:160148:12)
    at markAsWarningLog (C:\ProgramData\cocos\editors\Creator\3.8.5\resources\resources\3d\engine\bin\.cache\dev\editor\bundled\index.js:243816:11)
    at LabelShadow.d.get (C:\ProgramData\cocos\editors\Creator\3.8.5\resources\resources\3d\engine\bin\.cache\dev\editor\bundled\index.js:243826:15)
    at C:\ProgramData\cocos\editors\Creator\3.8.5\resources\app.asar\builtin\scene\dist\script\export\dump\encode.ccc:1:4734
    at Array.forEach (<anonymous>)
    at encodeComponent (C:\ProgramData\cocos\editors\Creator\3.8.5\resources\app.asar\builtin\scene\dist\script\export\dump\encode.ccc:1:4640)
    at C:\ProgramData\cocos\editors\Creator\3.8.5\resources\app.asar\builtin\scene\dist\script\export\dump\encode.ccc:1:2576
    at Array.map (<anonymous>)
    at encodeNode (C:\ProgramData\cocos\editors\Creator\3.8.5\resources\app.asar\builtin\scene\dist\script\export\dump\encode.ccc:1:2569)
    at DumpUtil.dumpNode (C:\ProgramData\cocos\editors\Creator\3.8.5\resources\app.asar\builtin\scene\dist\script\export\dump\index.ccc:1:685)
    at NodeManager.queryDump (C:\ProgramData\cocos\editors\Creator\3.8.5\resources\app.asar\builtin\scene\dist\script\3d\manager\node\index.ccc:1:5801)
    at PrefabSceneFacade.queryNodeDump (C:\ProgramData\cocos\editors\Creator\3.8.5\resources\app.asar\builtin\scene\dist\script\3d\facade\general-scene-facade.ccc:1:6751)
    at SceneFacadeManager.queryNodeDump (C:\ProgramData\cocos\editors\Creator\3.8.5\resources\app.asar\builtin\scene\dist\script\3d\facade\scene-facade-manager.ccc:1:10190)
    at step (C:\ProgramData\cocos\editors\Creator\3.8.5\resources\app.asar\builtin\scene\dist\script\3d\manager\ipc\web\ipc.ccc:1:732)
    at C:\ProgramData\cocos\editors\Creator\3.8.5\resources\app.asar\builtin\scene\dist\script\3d\manager\ipc\web\ipc.ccc:2:401
    at new Promise (<anonymous>)
    at C:\ProgramData\cocos\editors\Creator\3.8.5\resources\app.asar\builtin\scene\dist\script\3d\manager\ipc\web\ipc.ccc:2:338
    at IpcRenderer.<anonymous> (C:\ProgramData\cocos\editors\Creator\3.8.5\resources\app.asar\builtin\scene\dist\script\3d\manager\ipc\web\webview.ccc:1:1004)
    at IpcRenderer.emit (node:events:519:28)
    at Object.onMessage (node:electron/js2c/renderer_init:2:8837)
19-05-2026 09:36:30 - warn: [Scene] 'LabelShadow.color' is deprecated. (Please use Label.shadowColor instead.)Error: [Scene] 'LabelShadow.color' is deprecated. (Please use Label.shadowColor instead.)
    at console.warn (C:\ProgramData\cocos\editors\Creator\3.8.5\resources\app.asar\node_modules\@sentry\src\instrument\console.ts:40:20)
    at warn (C:\ProgramData\cocos\editors\Creator\3.8.5\resources\resources\3d\engine\bin\.cache\dev\editor\bundled\index.js:160148:12)
    at markAsWarningLog (C:\ProgramData\cocos\editors\Creator\3.8.5\resources\resources\3d\engine\bin\.cache\dev\editor\bundled\index.js:243816:11)
    at LabelShadow.d.get (C:\ProgramData\cocos\editors\Creator\3.8.5\resources\resources\3d\engine\bin\.cache\dev\editor\bundled\index.js:243826:15)
    at C:\ProgramData\cocos\editors\Creator\3.8.5\resources\app.asar\builtin\scene\dist\script\export\dump\encode.ccc:1:4799
    at Array.forEach (<anonymous>)
    at encodeComponent (C:\ProgramData\cocos\editors\Creator\3.8.5\resources\app.asar\builtin\scene\dist\script\export\dump\encode.ccc:1:4640)
    at C:\ProgramData\cocos\editors\Creator\3.8.5\resources\app.asar\builtin\scene\dist\script\export\dump\encode.ccc:1:2576
    at Array.map (<anonymous>)
    at encodeNode (C:\ProgramData\cocos\editors\Creator\3.8.5\resources\app.asar\builtin\scene\dist\script\export\dump\encode.ccc:1:2569)
    at DumpUtil.dumpNode (C:\ProgramData\cocos\editors\Creator\3.8.5\resources\app.asar\builtin\scene\dist\script\export\dump\index.ccc:1:685)
    at NodeManager.queryDump (C:\ProgramData\cocos\editors\Creator\3.8.5\resources\app.asar\builtin\scene\dist\script\3d\manager\node\index.ccc:1:5801)
    at PrefabSceneFacade.queryNodeDump (C:\ProgramData\cocos\editors\Creator\3.8.5\resources\app.asar\builtin\scene\dist\script\3d\facade\general-scene-facade.ccc:1:6751)
    at SceneFacadeManager.queryNodeDump (C:\ProgramData\cocos\editors\Creator\3.8.5\resources\app.asar\builtin\scene\dist\script\3d\facade\scene-facade-manager.ccc:1:10190)
    at step (C:\ProgramData\cocos\editors\Creator\3.8.5\resources\app.asar\builtin\scene\dist\script\3d\manager\ipc\web\ipc.ccc:1:732)
    at C:\ProgramData\cocos\editors\Creator\3.8.5\resources\app.asar\builtin\scene\dist\script\3d\manager\ipc\web\ipc.ccc:2:401
    at new Promise (<anonymous>)
    at C:\ProgramData\cocos\editors\Creator\3.8.5\resources\app.asar\builtin\scene\dist\script\3d\manager\ipc\web\ipc.ccc:2:338
    at IpcRenderer.<anonymous> (C:\ProgramData\cocos\editors\Creator\3.8.5\resources\app.asar\builtin\scene\dist\script\3d\manager\ipc\web\webview.ccc:1:1004)
    at IpcRenderer.emit (node:events:519:28)
    at Object.onMessage (node:electron/js2c/renderer_init:2:8837)
19-05-2026 09:36:30 - warn: [Scene] 'LabelShadow.offset' is deprecated. (Please use Label.shadowOffset instead.)Error: [Scene] 'LabelShadow.offset' is deprecated. (Please use Label.shadowOffset instead.)
    at console.warn (C:\ProgramData\cocos\editors\Creator\3.8.5\resources\app.asar\node_modules\@sentry\src\instrument\console.ts:40:20)
    at warn (C:\ProgramData\cocos\editors\Creator\3.8.5\resources\resources\3d\engine\bin\.cache\dev\editor\bundled\index.js:160148:12)
    at markAsWarningLog (C:\ProgramData\cocos\editors\Creator\3.8.5\resources\resources\3d\engine\bin\.cache\dev\editor\bundled\index.js:243816:11)
    at LabelShadow.d.get (C:\ProgramData\cocos\editors\Creator\3.8.5\resources\resources\3d\engine\bin\.cache\dev\editor\bundled\index.js:243826:15)
    at C:\ProgramData\cocos\editors\Creator\3.8.5\resources\app.asar\builtin\scene\dist\script\export\dump\encode.ccc:1:4734
    at Array.forEach (<anonymous>)
    at encodeComponent (C:\ProgramData\cocos\editors\Creator\3.8.5\resources\app.asar\builtin\scene\dist\script\export\dump\encode.ccc:1:4640)
    at C:\ProgramData\cocos\editors\Creator\3.8.5\resources\app.asar\builtin\scene\dist\script\export\dump\encode.ccc:1:2576
    at Array.map (<anonymous>)
    at encodeNode (C:\ProgramData\cocos\editors\Creator\3.8.5\resources\app.asar\builtin\scene\dist\script\export\dump\encode.ccc:1:2569)
    at DumpUtil.dumpNode (C:\ProgramData\cocos\editors\Creator\3.8.5\resources\app.asar\builtin\scene\dist\script\export\dump\index.ccc:1:685)
    at NodeManager.queryDump (C:\ProgramData\cocos\editors\Creator\3.8.5\resources\app.asar\builtin\scene\dist\script\3d\manager\node\index.ccc:1:5801)
    at PrefabSceneFacade.queryNodeDump (C:\ProgramData\cocos\editors\Creator\3.8.5\resources\app.asar\builtin\scene\dist\script\3d\facade\general-scene-facade.ccc:1:6751)
    at SceneFacadeManager.queryNodeDump (C:\ProgramData\cocos\editors\Creator\3.8.5\resources\app.asar\builtin\scene\dist\script\3d\facade\scene-facade-manager.ccc:1:10190)
    at step (C:\ProgramData\cocos\editors\Creator\3.8.5\resources\app.asar\builtin\scene\dist\script\3d\manager\ipc\web\ipc.ccc:1:732)
    at C:\ProgramData\cocos\editors\Creator\3.8.5\resources\app.asar\builtin\scene\dist\script\3d\manager\ipc\web\ipc.ccc:2:401
    at new Promise (<anonymous>)
    at C:\ProgramData\cocos\editors\Creator\3.8.5\resources\app.asar\builtin\scene\dist\script\3d\manager\ipc\web\ipc.ccc:2:338
    at IpcRenderer.<anonymous> (C:\ProgramData\cocos\editors\Creator\3.8.5\resources\app.asar\builtin\scene\dist\script\3d\manager\ipc\web\webview.ccc:1:1004)
    at IpcRenderer.emit (node:events:519:28)
    at Object.onMessage (node:electron/js2c/renderer_init:2:8837)
19-05-2026 09:36:30 - warn: [Scene] 'LabelShadow.offset' is deprecated. (Please use Label.shadowOffset instead.)Error: [Scene] 'LabelShadow.offset' is deprecated. (Please use Label.shadowOffset instead.)
    at console.warn (C:\ProgramData\cocos\editors\Creator\3.8.5\resources\app.asar\node_modules\@sentry\src\instrument\console.ts:40:20)
    at warn (C:\ProgramData\cocos\editors\Creator\3.8.5\resources\resources\3d\engine\bin\.cache\dev\editor\bundled\index.js:160148:12)
    at markAsWarningLog (C:\ProgramData\cocos\editors\Creator\3.8.5\resources\resources\3d\engine\bin\.cache\dev\editor\bundled\index.js:243816:11)
    at LabelShadow.d.get (C:\ProgramData\cocos\editors\Creator\3.8.5\resources\resources\3d\engine\bin\.cache\dev\editor\bundled\index.js:243826:15)
    at C:\ProgramData\cocos\editors\Creator\3.8.5\resources\app.asar\builtin\scene\dist\script\export\dump\encode.ccc:1:4799
    at Array.forEach (<anonymous>)
    at encodeComponent (C:\ProgramData\cocos\editors\Creator\3.8.5\resources\app.asar\builtin\scene\dist\script\export\dump\encode.ccc:1:4640)
    at C:\ProgramData\cocos\editors\Creator\3.8.5\resources\app.asar\builtin\scene\dist\script\export\dump\encode.ccc:1:2576
    at Array.map (<anonymous>)
    at encodeNode (C:\ProgramData\cocos\editors\Creator\3.8.5\resources\app.asar\builtin\scene\dist\script\export\dump\encode.ccc:1:2569)
    at DumpUtil.dumpNode (C:\ProgramData\cocos\editors\Creator\3.8.5\resources\app.asar\builtin\scene\dist\script\export\dump\index.ccc:1:685)
    at NodeManager.queryDump (C:\ProgramData\cocos\editors\Creator\3.8.5\resources\app.asar\builtin\scene\dist\script\3d\manager\node\index.ccc:1:5801)
    at PrefabSceneFacade.queryNodeDump (C:\ProgramData\cocos\editors\Creator\3.8.5\resources\app.asar\builtin\scene\dist\script\3d\facade\general-scene-facade.ccc:1:6751)
    at SceneFacadeManager.queryNodeDump (C:\ProgramData\cocos\editors\Creator\3.8.5\resources\app.asar\builtin\scene\dist\script\3d\facade\scene-facade-manager.ccc:1:10190)
    at step (C:\ProgramData\cocos\editors\Creator\3.8.5\resources\app.asar\builtin\scene\dist\script\3d\manager\ipc\web\ipc.ccc:1:732)
    at C:\ProgramData\cocos\editors\Creator\3.8.5\resources\app.asar\builtin\scene\dist\script\3d\manager\ipc\web\ipc.ccc:2:401
    at new Promise (<anonymous>)
    at C:\ProgramData\cocos\editors\Creator\3.8.5\resources\app.asar\builtin\scene\dist\script\3d\manager\ipc\web\ipc.ccc:2:338
    at IpcRenderer.<anonymous> (C:\ProgramData\cocos\editors\Creator\3.8.5\resources\app.asar\builtin\scene\dist\script\3d\manager\ipc\web\webview.ccc:1:1004)
    at IpcRenderer.emit (node:events:519:28)
    at Object.onMessage (node:electron/js2c/renderer_init:2:8837)
19-05-2026 09:36:30 - warn: [Scene] 'LabelShadow.blur' is deprecated. (Please use Label.shadowBlur instead.)Error: [Scene] 'LabelShadow.blur' is deprecated. (Please use Label.shadowBlur instead.)
    at console.warn (C:\ProgramData\cocos\editors\Creator\3.8.5\resources\app.asar\node_modules\@sentry\src\instrument\console.ts:40:20)
    at warn (C:\ProgramData\cocos\editors\Creator\3.8.5\resources\resources\3d\engine\bin\.cache\dev\editor\bundled\index.js:160148:12)
    at markAsWarningLog (C:\ProgramData\cocos\editors\Creator\3.8.5\resources\resources\3d\engine\bin\.cache\dev\editor\bundled\index.js:243816:11)
    at LabelShadow.d.get (C:\ProgramData\cocos\editors\Creator\3.8.5\resources\resources\3d\engine\bin\.cache\dev\editor\bundled\index.js:243826:15)
    at C:\ProgramData\cocos\editors\Creator\3.8.5\resources\app.asar\builtin\scene\dist\script\export\dump\encode.ccc:1:4734
    at Array.forEach (<anonymous>)
    at encodeComponent (C:\ProgramData\cocos\editors\Creator\3.8.5\resources\app.asar\builtin\scene\dist\script\export\dump\encode.ccc:1:4640)
    at C:\ProgramData\cocos\editors\Creator\3.8.5\resources\app.asar\builtin\scene\dist\script\export\dump\encode.ccc:1:2576
    at Array.map (<anonymous>)
    at encodeNode (C:\ProgramData\cocos\editors\Creator\3.8.5\resources\app.asar\builtin\scene\dist\script\export\dump\encode.ccc:1:2569)
    at DumpUtil.dumpNode (C:\ProgramData\cocos\editors\Creator\3.8.5\resources\app.asar\builtin\scene\dist\script\export\dump\index.ccc:1:685)
    at NodeManager.queryDump (C:\ProgramData\cocos\editors\Creator\3.8.5\resources\app.asar\builtin\scene\dist\script\3d\manager\node\index.ccc:1:5801)
    at PrefabSceneFacade.queryNodeDump (C:\ProgramData\cocos\editors\Creator\3.8.5\resources\app.asar\builtin\scene\dist\script\3d\facade\general-scene-facade.ccc:1:6751)
    at SceneFacadeManager.queryNodeDump (C:\ProgramData\cocos\editors\Creator\3.8.5\resources\app.asar\builtin\scene\dist\script\3d\facade\scene-facade-manager.ccc:1:10190)
    at step (C:\ProgramData\cocos\editors\Creator\3.8.5\resources\app.asar\builtin\scene\dist\script\3d\manager\ipc\web\ipc.ccc:1:732)
    at C:\ProgramData\cocos\editors\Creator\3.8.5\resources\app.asar\builtin\scene\dist\script\3d\manager\ipc\web\ipc.ccc:2:401
    at new Promise (<anonymous>)
    at C:\ProgramData\cocos\editors\Creator\3.8.5\resources\app.asar\builtin\scene\dist\script\3d\manager\ipc\web\ipc.ccc:2:338
    at IpcRenderer.<anonymous> (C:\ProgramData\cocos\editors\Creator\3.8.5\resources\app.asar\builtin\scene\dist\script\3d\manager\ipc\web\webview.ccc:1:1004)
    at IpcRenderer.emit (node:events:519:28)
    at Object.onMessage (node:electron/js2c/renderer_init:2:8837)
19-05-2026 09:36:30 - warn: [Scene] 'LabelShadow.blur' is deprecated. (Please use Label.shadowBlur instead.)Error: [Scene] 'LabelShadow.blur' is deprecated. (Please use Label.shadowBlur instead.)
    at console.warn (C:\ProgramData\cocos\editors\Creator\3.8.5\resources\app.asar\node_modules\@sentry\src\instrument\console.ts:40:20)
    at warn (C:\ProgramData\cocos\editors\Creator\3.8.5\resources\resources\3d\engine\bin\.cache\dev\editor\bundled\index.js:160148:12)
    at markAsWarningLog (C:\ProgramData\cocos\editors\Creator\3.8.5\resources\resources\3d\engine\bin\.cache\dev\editor\bundled\index.js:243816:11)
    at LabelShadow.d.get (C:\ProgramData\cocos\editors\Creator\3.8.5\resources\resources\3d\engine\bin\.cache\dev\editor\bundled\index.js:243826:15)
    at C:\ProgramData\cocos\editors\Creator\3.8.5\resources\app.asar\builtin\scene\dist\script\export\dump\encode.ccc:1:4799
    at Array.forEach (<anonymous>)
    at encodeComponent (C:\ProgramData\cocos\editors\Creator\3.8.5\resources\app.asar\builtin\scene\dist\script\export\dump\encode.ccc:1:4640)
    at C:\ProgramData\cocos\editors\Creator\3.8.5\resources\app.asar\builtin\scene\dist\script\export\dump\encode.ccc:1:2576
    at Array.map (<anonymous>)
    at encodeNode (C:\ProgramData\cocos\editors\Creator\3.8.5\resources\app.asar\builtin\scene\dist\script\export\dump\encode.ccc:1:2569)
    at DumpUtil.dumpNode (C:\ProgramData\cocos\editors\Creator\3.8.5\resources\app.asar\builtin\scene\dist\script\export\dump\index.ccc:1:685)
    at NodeManager.queryDump (C:\ProgramData\cocos\editors\Creator\3.8.5\resources\app.asar\builtin\scene\dist\script\3d\manager\node\index.ccc:1:5801)
    at PrefabSceneFacade.queryNodeDump (C:\ProgramData\cocos\editors\Creator\3.8.5\resources\app.asar\builtin\scene\dist\script\3d\facade\general-scene-facade.ccc:1:6751)
    at SceneFacadeManager.queryNodeDump (C:\ProgramData\cocos\editors\Creator\3.8.5\resources\app.asar\builtin\scene\dist\script\3d\facade\scene-facade-manager.ccc:1:10190)
    at step (C:\ProgramData\cocos\editors\Creator\3.8.5\resources\app.asar\builtin\scene\dist\script\3d\manager\ipc\web\ipc.ccc:1:732)
    at C:\ProgramData\cocos\editors\Creator\3.8.5\resources\app.asar\builtin\scene\dist\script\3d\manager\ipc\web\ipc.ccc:2:401
    at new Promise (<anonymous>)
    at C:\ProgramData\cocos\editors\Creator\3.8.5\resources\app.asar\builtin\scene\dist\script\3d\manager\ipc\web\ipc.ccc:2:338
    at IpcRenderer.<anonymous> (C:\ProgramData\cocos\editors\Creator\3.8.5\resources\app.asar\builtin\scene\dist\script\3d\manager\ipc\web\webview.ccc:1:1004)
    at IpcRenderer.emit (node:events:519:28)
    at Object.onMessage (node:electron/js2c/renderer_init:2:8837)
19-05-2026 09:41:36 - warn: [Scene] The type of "PricePopUpOptions.enableInfinite" must be CCBoolean, not Boolean.Error: [Scene] The type of "PricePopUpOptions.enableInfinite" must be CCBoolean, not Boolean.
    at console.warn (C:\ProgramData\cocos\editors\Creator\3.8.5\resources\app.asar\node_modules\@sentry\src\instrument\console.ts:40:20)
    at warn (C:\ProgramData\cocos\editors\Creator\3.8.5\resources\resources\3d\engine\bin\.cache\dev\editor\bundled\index.js:160148:12)
    at warnID (C:\ProgramData\cocos\editors\Creator\3.8.5\resources\resources\3d\engine\bin\.cache\dev\editor\bundled\index.js:160336:5)
    at parseType (C:\ProgramData\cocos\editors\Creator\3.8.5\resources\resources\3d\engine\bin\.cache\dev\editor\bundled\index.js:273012:11)
    at preprocessAttrs (C:\ProgramData\cocos\editors\Creator\3.8.5\resources\resources\3d\engine\bin\.cache\dev\editor\bundled\index.js:273122:11)
    at declareProperties (C:\ProgramData\cocos\editors\Creator\3.8.5\resources\resources\3d\engine\bin\.cache\dev\editor\bundled\index.js:141456:7)
    at CCClass (C:\ProgramData\cocos\editors\Creator\3.8.5\resources\resources\3d\engine\bin\.cache\dev\editor\bundled\index.js:141485:5)
    at eval (C:\ProgramData\cocos\editors\Creator\3.8.5\resources\resources\3d\engine\bin\.cache\dev\editor\bundled\index.js:270947:21)
    at eval (C:\ProgramData\cocos\editors\Creator\3.8.5\resources\resources\3d\engine\bin\.cache\dev\editor\bundled\index.js:271958:18)
    at Object.execute (file:///D:/Game-Engine%20Projects/Blazing7Test/temp/programming/packer-driver/targets/editor/chunks/ce/cee91858986803de21b8fb0d430d475e16fb194f.js:45:406)
    at doExec (C:\ProgramData\cocos\editors\Creator\3.8.5\resources\app.asar\node_modules\@editor\lib-programming\static\executor\systemjs-bridge\out\index.js:517:30)
    at postOrderExec (C:\ProgramData\cocos\editors\Creator\3.8.5\resources\app.asar\node_modules\@editor\lib-programming\static\executor\systemjs-bridge\out\index.js:508:21)
    at C:\ProgramData\cocos\editors\Creator\3.8.5\resources\app.asar\node_modules\@editor\lib-programming\static\executor\systemjs-bridge\out\index.js:493:28
    at Array.forEach (<anonymous>)
    at postOrderExec (C:\ProgramData\cocos\editors\Creator\3.8.5\resources\app.asar\node_modules\@editor\lib-programming\static\executor\systemjs-bridge\out\index.js:491:10)
    at C:\ProgramData\cocos\editors\Creator\3.8.5\resources\app.asar\node_modules\@editor\lib-programming\static\executor\systemjs-bridge\out\index.js:440:12
    at file:///D:/Game-Engine%20Projects/Blazing7Test/temp/programming/packer-driver/targets/editor/chunks/6d/6d8fd2b0177941b032ddc0733af48a561fb60657.js:13:13
    at Object.execute (file:///D:/Game-Engine%20Projects/Blazing7Test/temp/programming/packer-driver/targets/editor/chunks/6d/6d8fd2b0177941b032ddc0733af48a561fb60657.js:8:7)
    at Executor._importPrerequisiteModules (C:\ProgramData\cocos\editors\Creator\3.8.5\resources\app.asar\node_modules\@editor\lib-programming\src\executor\index.ts:358:13)
    at Executor.reload (C:\ProgramData\cocos\editors\Creator\3.8.5\resources\app.asar\node_modules\@editor\lib-programming\src\executor\index.ts:235:13)
    at C:\ProgramData\cocos\editors\Creator\3.8.5\resources\app.asar\builtin\scene\dist\script\3d\manager\scripts.ccc:1:1787
    at GlobalEnv.processQueue (C:\ProgramData\cocos\editors\Creator\3.8.5\resources\app.asar\builtin\scene\dist\script\3d\manager\scripts.ccc:1:2184)
    at GlobalEnv.record (C:\ProgramData\cocos\editors\Creator\3.8.5\resources\app.asar\builtin\scene\dist\script\3d\manager\scripts.ccc:1:1955)
19-05-2026 09:41:36 - warn: [Scene] The type of "NodeMovement.startOnLoad" must be CCBoolean, not Boolean.Error: [Scene] The type of "NodeMovement.startOnLoad" must be CCBoolean, not Boolean.
    at console.warn (C:\ProgramData\cocos\editors\Creator\3.8.5\resources\app.asar\node_modules\@sentry\src\instrument\console.ts:40:20)
    at warn (C:\ProgramData\cocos\editors\Creator\3.8.5\resources\resources\3d\engine\bin\.cache\dev\editor\bundled\index.js:160148:12)
    at warnID (C:\ProgramData\cocos\editors\Creator\3.8.5\resources\resources\3d\engine\bin\.cache\dev\editor\bundled\index.js:160336:5)
    at parseType (C:\ProgramData\cocos\editors\Creator\3.8.5\resources\resources\3d\engine\bin\.cache\dev\editor\bundled\index.js:273012:11)
    at preprocessAttrs (C:\ProgramData\cocos\editors\Creator\3.8.5\resources\resources\3d\engine\bin\.cache\dev\editor\bundled\index.js:273122:11)
    at declareProperties (C:\ProgramData\cocos\editors\Creator\3.8.5\resources\resources\3d\engine\bin\.cache\dev\editor\bundled\index.js:141456:7)
    at CCClass (C:\ProgramData\cocos\editors\Creator\3.8.5\resources\resources\3d\engine\bin\.cache\dev\editor\bundled\index.js:141485:5)
    at eval (C:\ProgramData\cocos\editors\Creator\3.8.5\resources\resources\3d\engine\bin\.cache\dev\editor\bundled\index.js:270947:21)
    at eval (C:\ProgramData\cocos\editors\Creator\3.8.5\resources\resources\3d\engine\bin\.cache\dev\editor\bundled\index.js:271958:18)
    at Object.execute (file:///D:/Game-Engine%20Projects/Blazing7Test/temp/programming/packer-driver/targets/editor/chunks/92/925467d3572d2b8767cc3499d84c91f370f4ea08.js:37:214)
    at doExec (C:\ProgramData\cocos\editors\Creator\3.8.5\resources\app.asar\node_modules\@editor\lib-programming\static\executor\systemjs-bridge\out\index.js:517:30)
    at postOrderExec (C:\ProgramData\cocos\editors\Creator\3.8.5\resources\app.asar\node_modules\@editor\lib-programming\static\executor\systemjs-bridge\out\index.js:508:21)
    at C:\ProgramData\cocos\editors\Creator\3.8.5\resources\app.asar\node_modules\@editor\lib-programming\static\executor\systemjs-bridge\out\index.js:493:28
    at Array.forEach (<anonymous>)
    at postOrderExec (C:\ProgramData\cocos\editors\Creator\3.8.5\resources\app.asar\node_modules\@editor\lib-programming\static\executor\systemjs-bridge\out\index.js:491:10)
    at C:\ProgramData\cocos\editors\Creator\3.8.5\resources\app.asar\node_modules\@editor\lib-programming\static\executor\systemjs-bridge\out\index.js:440:12
    at file:///D:/Game-Engine%20Projects/Blazing7Test/temp/programming/packer-driver/targets/editor/chunks/6d/6d8fd2b0177941b032ddc0733af48a561fb60657.js:13:13
    at Object.execute (file:///D:/Game-Engine%20Projects/Blazing7Test/temp/programming/packer-driver/targets/editor/chunks/6d/6d8fd2b0177941b032ddc0733af48a561fb60657.js:8:7)
    at Executor._importPrerequisiteModules (C:\ProgramData\cocos\editors\Creator\3.8.5\resources\app.asar\node_modules\@editor\lib-programming\src\executor\index.ts:358:13)
    at Executor.reload (C:\ProgramData\cocos\editors\Creator\3.8.5\resources\app.asar\node_modules\@editor\lib-programming\src\executor\index.ts:235:13)
    at C:\ProgramData\cocos\editors\Creator\3.8.5\resources\app.asar\builtin\scene\dist\script\3d\manager\scripts.ccc:1:1787
    at GlobalEnv.processQueue (C:\ProgramData\cocos\editors\Creator\3.8.5\resources\app.asar\builtin\scene\dist\script\3d\manager\scripts.ccc:1:2184)
    at GlobalEnv.record (C:\ProgramData\cocos\editors\Creator\3.8.5\resources\app.asar\builtin\scene\dist\script\3d\manager\scripts.ccc:1:1955)
19-05-2026 09:41:36 - warn: [Scene] The type of "NodeMovement.disableOnReach" must be CCBoolean, not Boolean.Error: [Scene] The type of "NodeMovement.disableOnReach" must be CCBoolean, not Boolean.
    at console.warn (C:\ProgramData\cocos\editors\Creator\3.8.5\resources\app.asar\node_modules\@sentry\src\instrument\console.ts:40:20)
    at warn (C:\ProgramData\cocos\editors\Creator\3.8.5\resources\resources\3d\engine\bin\.cache\dev\editor\bundled\index.js:160148:12)
    at warnID (C:\ProgramData\cocos\editors\Creator\3.8.5\resources\resources\3d\engine\bin\.cache\dev\editor\bundled\index.js:160336:5)
    at parseType (C:\ProgramData\cocos\editors\Creator\3.8.5\resources\resources\3d\engine\bin\.cache\dev\editor\bundled\index.js:273012:11)
    at preprocessAttrs (C:\ProgramData\cocos\editors\Creator\3.8.5\resources\resources\3d\engine\bin\.cache\dev\editor\bundled\index.js:273122:11)
    at declareProperties (C:\ProgramData\cocos\editors\Creator\3.8.5\resources\resources\3d\engine\bin\.cache\dev\editor\bundled\index.js:141456:7)
    at CCClass (C:\ProgramData\cocos\editors\Creator\3.8.5\resources\resources\3d\engine\bin\.cache\dev\editor\bundled\index.js:141485:5)
    at eval (C:\ProgramData\cocos\editors\Creator\3.8.5\resources\resources\3d\engine\bin\.cache\dev\editor\bundled\index.js:270947:21)
    at eval (C:\ProgramData\cocos\editors\Creator\3.8.5\resources\resources\3d\engine\bin\.cache\dev\editor\bundled\index.js:271958:18)
    at Object.execute (file:///D:/Game-Engine%20Projects/Blazing7Test/temp/programming/packer-driver/targets/editor/chunks/92/925467d3572d2b8767cc3499d84c91f370f4ea08.js:37:214)
    at doExec (C:\ProgramData\cocos\editors\Creator\3.8.5\resources\app.asar\node_modules\@editor\lib-programming\static\executor\systemjs-bridge\out\index.js:517:30)
    at postOrderExec (C:\ProgramData\cocos\editors\Creator\3.8.5\resources\app.asar\node_modules\@editor\lib-programming\static\executor\systemjs-bridge\out\index.js:508:21)
    at C:\ProgramData\cocos\editors\Creator\3.8.5\resources\app.asar\node_modules\@editor\lib-programming\static\executor\systemjs-bridge\out\index.js:493:28
    at Array.forEach (<anonymous>)
    at postOrderExec (C:\ProgramData\cocos\editors\Creator\3.8.5\resources\app.asar\node_modules\@editor\lib-programming\static\executor\systemjs-bridge\out\index.js:491:10)
    at C:\ProgramData\cocos\editors\Creator\3.8.5\resources\app.asar\node_modules\@editor\lib-programming\static\executor\systemjs-bridge\out\index.js:440:12
    at file:///D:/Game-Engine%20Projects/Blazing7Test/temp/programming/packer-driver/targets/editor/chunks/6d/6d8fd2b0177941b032ddc0733af48a561fb60657.js:13:13
    at Object.execute (file:///D:/Game-Engine%20Projects/Blazing7Test/temp/programming/packer-driver/targets/editor/chunks/6d/6d8fd2b0177941b032ddc0733af48a561fb60657.js:8:7)
    at Executor._importPrerequisiteModules (C:\ProgramData\cocos\editors\Creator\3.8.5\resources\app.asar\node_modules\@editor\lib-programming\src\executor\index.ts:358:13)
    at Executor.reload (C:\ProgramData\cocos\editors\Creator\3.8.5\resources\app.asar\node_modules\@editor\lib-programming\src\executor\index.ts:235:13)
    at C:\ProgramData\cocos\editors\Creator\3.8.5\resources\app.asar\builtin\scene\dist\script\3d\manager\scripts.ccc:1:1787
    at GlobalEnv.processQueue (C:\ProgramData\cocos\editors\Creator\3.8.5\resources\app.asar\builtin\scene\dist\script\3d\manager\scripts.ccc:1:2184)
    at GlobalEnv.record (C:\ProgramData\cocos\editors\Creator\3.8.5\resources\app.asar\builtin\scene\dist\script\3d\manager\scripts.ccc:1:1955)
19-05-2026 09:41:38 - log: [PreviewInEditor] meshopt wasm decoder initialized
19-05-2026 09:41:38 - log: [PreviewInEditor] [bullet]:bullet wasm lib loaded.
19-05-2026 09:41:38 - log: [PreviewInEditor] [box2d]:box2d wasm lib loaded.
19-05-2026 09:41:38 - log: [PreviewInEditor] [PHYSICS]: using builtin.
19-05-2026 09:41:38 - log: [PreviewInEditor] Cocos Creator v3.8.5
19-05-2026 09:41:38 - log: [PreviewInEditor] Using custom pipeline: Builtin
19-05-2026 09:41:38 - warn: [PreviewInEditor] The type of "PricePopUpOptions.enableInfinite" must be CCBoolean, not Boolean.Error: [PreviewInEditor] The type of "PricePopUpOptions.enableInfinite" must be CCBoolean, not Boolean.
    at console.warn (C:\ProgramData\cocos\editors\Creator\3.8.5\resources\app.asar\node_modules\@sentry\src\instrument\console.ts:40:20)
    at warn (C:\ProgramData\cocos\editors\Creator\3.8.5\resources\resources\3d\engine\bin\.cache\dev\editor\bundled\index.js:160148:12)
    at warnID (C:\ProgramData\cocos\editors\Creator\3.8.5\resources\resources\3d\engine\bin\.cache\dev\editor\bundled\index.js:160336:5)
    at parseType (C:\ProgramData\cocos\editors\Creator\3.8.5\resources\resources\3d\engine\bin\.cache\dev\editor\bundled\index.js:273012:11)
    at preprocessAttrs (C:\ProgramData\cocos\editors\Creator\3.8.5\resources\resources\3d\engine\bin\.cache\dev\editor\bundled\index.js:273122:11)
    at declareProperties (C:\ProgramData\cocos\editors\Creator\3.8.5\resources\resources\3d\engine\bin\.cache\dev\editor\bundled\index.js:141456:7)
    at CCClass (C:\ProgramData\cocos\editors\Creator\3.8.5\resources\resources\3d\engine\bin\.cache\dev\editor\bundled\index.js:141485:5)
    at eval (C:\ProgramData\cocos\editors\Creator\3.8.5\resources\resources\3d\engine\bin\.cache\dev\editor\bundled\index.js:270947:21)
    at eval (C:\ProgramData\cocos\editors\Creator\3.8.5\resources\resources\3d\engine\bin\.cache\dev\editor\bundled\index.js:271958:18)
    at Object.execute (file:///D:/Game-Engine%20Projects/Blazing7Test/temp/programming/packer-driver/targets/editor/chunks/ce/cee91858986803de21b8fb0d430d475e16fb194f.js:45:406)
    at doExec (C:\ProgramData\cocos\editors\Creator\3.8.5\resources\app.asar\node_modules\@editor\lib-programming\static\executor\systemjs-bridge\out\index.js:517:30)
    at postOrderExec (C:\ProgramData\cocos\editors\Creator\3.8.5\resources\app.asar\node_modules\@editor\lib-programming\static\executor\systemjs-bridge\out\index.js:508:21)
    at C:\ProgramData\cocos\editors\Creator\3.8.5\resources\app.asar\node_modules\@editor\lib-programming\static\executor\systemjs-bridge\out\index.js:493:28
    at Array.forEach (<anonymous>)
    at postOrderExec (C:\ProgramData\cocos\editors\Creator\3.8.5\resources\app.asar\node_modules\@editor\lib-programming\static\executor\systemjs-bridge\out\index.js:491:10)
    at C:\ProgramData\cocos\editors\Creator\3.8.5\resources\app.asar\node_modules\@editor\lib-programming\static\executor\systemjs-bridge\out\index.js:440:12
    at file:///D:/Game-Engine%20Projects/Blazing7Test/temp/programming/packer-driver/targets/editor/chunks/6d/6d8fd2b0177941b032ddc0733af48a561fb60657.js:13:13
    at Object.execute (file:///D:/Game-Engine%20Projects/Blazing7Test/temp/programming/packer-driver/targets/editor/chunks/6d/6d8fd2b0177941b032ddc0733af48a561fb60657.js:8:7)
    at Executor._importPrerequisiteModules (C:\ProgramData\cocos\editors\Creator\3.8.5\resources\app.asar\node_modules\@editor\lib-programming\src\executor\index.ts:358:13)
    at Executor.reload (C:\ProgramData\cocos\editors\Creator\3.8.5\resources\app.asar\node_modules\@editor\lib-programming\src\executor\index.ts:235:13)
    at C:\ProgramData\cocos\editors\Creator\3.8.5\resources\app.asar\builtin\scene\dist\script\3d\manager\scripts.ccc:1:1787
    at GlobalEnv.processQueue (C:\ProgramData\cocos\editors\Creator\3.8.5\resources\app.asar\builtin\scene\dist\script\3d\manager\scripts.ccc:1:2184)
    at GlobalEnv.record (C:\ProgramData\cocos\editors\Creator\3.8.5\resources\app.asar\builtin\scene\dist\script\3d\manager\scripts.ccc:1:1955)
    at ScriptManager.init (C:\ProgramData\cocos\editors\Creator\3.8.5\resources\app.asar\builtin\scene\dist\script\3d\manager\scripts.ccc:1:3794)
    at EngineStartup.openEngine (C:\ProgramData\cocos\editors\Creator\3.8.5\resources\app.asar\builtin\scene\dist\script\3d\manager\startup\engine\index.ccc:1:4229)
    at StartupManager.configEngine (C:\ProgramData\cocos\editors\Creator\3.8.5\resources\app.asar\builtin\scene\dist\script\3d\manager\startup\index.ccc:1:1668)
    at EditorPreview._startEngine (C:\ProgramData\cocos\editors\Creator\3.8.5\resources\app.asar\builtin\scene\dist\script\3d\preload\editor-preview.js:1:973)
    at EditorPreview.start (C:\ProgramData\cocos\editors\Creator\3.8.5\resources\app.asar\builtin\scene\dist\script\3d\preload\editor-preview.js:1:468)
19-05-2026 09:41:38 - warn: [PreviewInEditor] The type of "NodeMovement.startOnLoad" must be CCBoolean, not Boolean.Error: [PreviewInEditor] The type of "NodeMovement.startOnLoad" must be CCBoolean, not Boolean.
    at console.warn (C:\ProgramData\cocos\editors\Creator\3.8.5\resources\app.asar\node_modules\@sentry\src\instrument\console.ts:40:20)
    at warn (C:\ProgramData\cocos\editors\Creator\3.8.5\resources\resources\3d\engine\bin\.cache\dev\editor\bundled\index.js:160148:12)
    at warnID (C:\ProgramData\cocos\editors\Creator\3.8.5\resources\resources\3d\engine\bin\.cache\dev\editor\bundled\index.js:160336:5)
    at parseType (C:\ProgramData\cocos\editors\Creator\3.8.5\resources\resources\3d\engine\bin\.cache\dev\editor\bundled\index.js:273012:11)
    at preprocessAttrs (C:\ProgramData\cocos\editors\Creator\3.8.5\resources\resources\3d\engine\bin\.cache\dev\editor\bundled\index.js:273122:11)
    at declareProperties (C:\ProgramData\cocos\editors\Creator\3.8.5\resources\resources\3d\engine\bin\.cache\dev\editor\bundled\index.js:141456:7)
    at CCClass (C:\ProgramData\cocos\editors\Creator\3.8.5\resources\resources\3d\engine\bin\.cache\dev\editor\bundled\index.js:141485:5)
    at eval (C:\ProgramData\cocos\editors\Creator\3.8.5\resources\resources\3d\engine\bin\.cache\dev\editor\bundled\index.js:270947:21)
    at eval (C:\ProgramData\cocos\editors\Creator\3.8.5\resources\resources\3d\engine\bin\.cache\dev\editor\bundled\index.js:271958:18)
    at Object.execute (file:///D:/Game-Engine%20Projects/Blazing7Test/temp/programming/packer-driver/targets/editor/chunks/92/925467d3572d2b8767cc3499d84c91f370f4ea08.js:37:214)
    at doExec (C:\ProgramData\cocos\editors\Creator\3.8.5\resources\app.asar\node_modules\@editor\lib-programming\static\executor\systemjs-bridge\out\index.js:517:30)
    at postOrderExec (C:\ProgramData\cocos\editors\Creator\3.8.5\resources\app.asar\node_modules\@editor\lib-programming\static\executor\systemjs-bridge\out\index.js:508:21)
    at C:\ProgramData\cocos\editors\Creator\3.8.5\resources\app.asar\node_modules\@editor\lib-programming\static\executor\systemjs-bridge\out\index.js:493:28
    at Array.forEach (<anonymous>)
    at postOrderExec (C:\ProgramData\cocos\editors\Creator\3.8.5\resources\app.asar\node_modules\@editor\lib-programming\static\executor\systemjs-bridge\out\index.js:491:10)
    at C:\ProgramData\cocos\editors\Creator\3.8.5\resources\app.asar\node_modules\@editor\lib-programming\static\executor\systemjs-bridge\out\index.js:440:12
    at file:///D:/Game-Engine%20Projects/Blazing7Test/temp/programming/packer-driver/targets/editor/chunks/6d/6d8fd2b0177941b032ddc0733af48a561fb60657.js:13:13
    at Object.execute (file:///D:/Game-Engine%20Projects/Blazing7Test/temp/programming/packer-driver/targets/editor/chunks/6d/6d8fd2b0177941b032ddc0733af48a561fb60657.js:8:7)
    at Executor._importPrerequisiteModules (C:\ProgramData\cocos\editors\Creator\3.8.5\resources\app.asar\node_modules\@editor\lib-programming\src\executor\index.ts:358:13)
    at Executor.reload (C:\ProgramData\cocos\editors\Creator\3.8.5\resources\app.asar\node_modules\@editor\lib-programming\src\executor\index.ts:235:13)
    at C:\ProgramData\cocos\editors\Creator\3.8.5\resources\app.asar\builtin\scene\dist\script\3d\manager\scripts.ccc:1:1787
    at GlobalEnv.processQueue (C:\ProgramData\cocos\editors\Creator\3.8.5\resources\app.asar\builtin\scene\dist\script\3d\manager\scripts.ccc:1:2184)
    at GlobalEnv.record (C:\ProgramData\cocos\editors\Creator\3.8.5\resources\app.asar\builtin\scene\dist\script\3d\manager\scripts.ccc:1:1955)
    at ScriptManager.init (C:\ProgramData\cocos\editors\Creator\3.8.5\resources\app.asar\builtin\scene\dist\script\3d\manager\scripts.ccc:1:3794)
    at EngineStartup.openEngine (C:\ProgramData\cocos\editors\Creator\3.8.5\resources\app.asar\builtin\scene\dist\script\3d\manager\startup\engine\index.ccc:1:4229)
    at StartupManager.configEngine (C:\ProgramData\cocos\editors\Creator\3.8.5\resources\app.asar\builtin\scene\dist\script\3d\manager\startup\index.ccc:1:1668)
    at EditorPreview._startEngine (C:\ProgramData\cocos\editors\Creator\3.8.5\resources\app.asar\builtin\scene\dist\script\3d\preload\editor-preview.js:1:973)
    at EditorPreview.start (C:\ProgramData\cocos\editors\Creator\3.8.5\resources\app.asar\builtin\scene\dist\script\3d\preload\editor-preview.js:1:468)
19-05-2026 09:41:38 - warn: [PreviewInEditor] The type of "NodeMovement.disableOnReach" must be CCBoolean, not Boolean.Error: [PreviewInEditor] The type of "NodeMovement.disableOnReach" must be CCBoolean, not Boolean.
    at console.warn (C:\ProgramData\cocos\editors\Creator\3.8.5\resources\app.asar\node_modules\@sentry\src\instrument\console.ts:40:20)
    at warn (C:\ProgramData\cocos\editors\Creator\3.8.5\resources\resources\3d\engine\bin\.cache\dev\editor\bundled\index.js:160148:12)
    at warnID (C:\ProgramData\cocos\editors\Creator\3.8.5\resources\resources\3d\engine\bin\.cache\dev\editor\bundled\index.js:160336:5)
    at parseType (C:\ProgramData\cocos\editors\Creator\3.8.5\resources\resources\3d\engine\bin\.cache\dev\editor\bundled\index.js:273012:11)
    at preprocessAttrs (C:\ProgramData\cocos\editors\Creator\3.8.5\resources\resources\3d\engine\bin\.cache\dev\editor\bundled\index.js:273122:11)
    at declareProperties (C:\ProgramData\cocos\editors\Creator\3.8.5\resources\resources\3d\engine\bin\.cache\dev\editor\bundled\index.js:141456:7)
    at CCClass (C:\ProgramData\cocos\editors\Creator\3.8.5\resources\resources\3d\engine\bin\.cache\dev\editor\bundled\index.js:141485:5)
    at eval (C:\ProgramData\cocos\editors\Creator\3.8.5\resources\resources\3d\engine\bin\.cache\dev\editor\bundled\index.js:270947:21)
    at eval (C:\ProgramData\cocos\editors\Creator\3.8.5\resources\resources\3d\engine\bin\.cache\dev\editor\bundled\index.js:271958:18)
    at Object.execute (file:///D:/Game-Engine%20Projects/Blazing7Test/temp/programming/packer-driver/targets/editor/chunks/92/925467d3572d2b8767cc3499d84c91f370f4ea08.js:37:214)
    at doExec (C:\ProgramData\cocos\editors\Creator\3.8.5\resources\app.asar\node_modules\@editor\lib-programming\static\executor\systemjs-bridge\out\index.js:517:30)
    at postOrderExec (C:\ProgramData\cocos\editors\Creator\3.8.5\resources\app.asar\node_modules\@editor\lib-programming\static\executor\systemjs-bridge\out\index.js:508:21)
    at C:\ProgramData\cocos\editors\Creator\3.8.5\resources\app.asar\node_modules\@editor\lib-programming\static\executor\systemjs-bridge\out\index.js:493:28
    at Array.forEach (<anonymous>)
    at postOrderExec (C:\ProgramData\cocos\editors\Creator\3.8.5\resources\app.asar\node_modules\@editor\lib-programming\static\executor\systemjs-bridge\out\index.js:491:10)
    at C:\ProgramData\cocos\editors\Creator\3.8.5\resources\app.asar\node_modules\@editor\lib-programming\static\executor\systemjs-bridge\out\index.js:440:12
    at file:///D:/Game-Engine%20Projects/Blazing7Test/temp/programming/packer-driver/targets/editor/chunks/6d/6d8fd2b0177941b032ddc0733af48a561fb60657.js:13:13
    at Object.execute (file:///D:/Game-Engine%20Projects/Blazing7Test/temp/programming/packer-driver/targets/editor/chunks/6d/6d8fd2b0177941b032ddc0733af48a561fb60657.js:8:7)
    at Executor._importPrerequisiteModules (C:\ProgramData\cocos\editors\Creator\3.8.5\resources\app.asar\node_modules\@editor\lib-programming\src\executor\index.ts:358:13)
    at Executor.reload (C:\ProgramData\cocos\editors\Creator\3.8.5\resources\app.asar\node_modules\@editor\lib-programming\src\executor\index.ts:235:13)
    at C:\ProgramData\cocos\editors\Creator\3.8.5\resources\app.asar\builtin\scene\dist\script\3d\manager\scripts.ccc:1:1787
    at GlobalEnv.processQueue (C:\ProgramData\cocos\editors\Creator\3.8.5\resources\app.asar\builtin\scene\dist\script\3d\manager\scripts.ccc:1:2184)
    at GlobalEnv.record (C:\ProgramData\cocos\editors\Creator\3.8.5\resources\app.asar\builtin\scene\dist\script\3d\manager\scripts.ccc:1:1955)
    at ScriptManager.init (C:\ProgramData\cocos\editors\Creator\3.8.5\resources\app.asar\builtin\scene\dist\script\3d\manager\scripts.ccc:1:3794)
    at EngineStartup.openEngine (C:\ProgramData\cocos\editors\Creator\3.8.5\resources\app.asar\builtin\scene\dist\script\3d\manager\startup\engine\index.ccc:1:4229)
    at StartupManager.configEngine (C:\ProgramData\cocos\editors\Creator\3.8.5\resources\app.asar\builtin\scene\dist\script\3d\manager\startup\index.ccc:1:1668)
    at EditorPreview._startEngine (C:\ProgramData\cocos\editors\Creator\3.8.5\resources\app.asar\builtin\scene\dist\script\3d\preload\editor-preview.js:1:973)
    at EditorPreview.start (C:\ProgramData\cocos\editors\Creator\3.8.5\resources\app.asar\builtin\scene\dist\script\3d\preload\editor-preview.js:1:468)
19-05-2026 09:41:38 - log: [PreviewInEditor] [PHYSICS2D]: switch from box2d-wasm to box2d.
19-05-2026 09:41:39 - log: [PreviewInEditor] [SceneManager] Initialized
19-05-2026 09:41:39 - log: [PreviewInEditor] [PopUpManager] Initialized
19-05-2026 09:41:39 - log: [PreviewInEditor] [WinBroadcastManager] Adding onSceneCallback: 1
19-05-2026 09:41:39 - log: [PreviewInEditor] [WsManager] 添加协议监听器: ANNOUNCEMENT
19-05-2026 09:41:41 - log: [PreviewInEditor] [GameManager] Loading API Manager..
19-05-2026 09:41:41 - log: [PreviewInEditor] [ApiCore] SDK 初始化完成
19-05-2026 09:41:41 - log: [PreviewInEditor] [WsManager] Start initializing the WebSocket manager...
19-05-2026 09:41:41 - log: [PreviewInEditor] [WsManager] WebSocket 管理器初始化成功
19-05-2026 09:41:41 - log: [PreviewInEditor] [WsManager] WebSocket 连接成功
19-05-2026 09:41:41 - log: [PreviewInEditor] [WinBroadcastManager] AllowAnnouncement Called: false
19-05-2026 09:42:03 - log: [PreviewInEditor] [WinBroadcastManager] AllowAnnouncement Called: true
19-05-2026 09:42:03 - log: [PreviewInEditor] [DragonEyeIntro][UIROOT] DEVICE TYPE: pc
19-05-2026 09:42:04 - log: [PreviewInEditor] [Game] CardPlayInComplete, AutoCount: 0
19-05-2026 09:42:07 - log: [PreviewInEditor] [ScratchSystem] All cells scratched.
19-05-2026 09:42:07 - log: [PreviewInEditor] [WsManager] 收到消息: {
  cmd: 'ANNOUNCEMENT',
  data: [
    {
      announcementType: 'BIG',
      bonus: '2',
      cardId: '2056548546131263489',
      cardNo: 'B7S-f2EfmK3ofQyB',
      conditionType: 'AMOUNT_MULTIPLIER',
      gameId: '2000802906231672834',
      gameName: 'BLAZING 7s',
      playType: 'BLAZING_7S_SCRATCH',
      productId: 'GV1',
      settleTime: '2026-05-19 09:42:06.455744807',
      userName: '12345789798789456123rX',
      winAmount: 40
    }
  ]
}
19-05-2026 09:42:13 - log: [PreviewInEditor] [Game] CardPlayInComplete, AutoCount: 0
19-05-2026 09:42:14 - log: [PreviewInEditor] [ScratchSystem] All cells scratched.
19-05-2026 09:42:16 - log: [PreviewInEditor] [Game] CardPlayInComplete, AutoCount: 0
19-05-2026 09:42:17 - log: [PreviewInEditor] [ScratchSystem] All cells scratched.
19-05-2026 09:42:17 - log: [PreviewInEditor] [WsManager] 收到消息: {
  cmd: 'ANNOUNCEMENT',
  data: [
    {
      announcementType: 'BIG',
      bonus: '3',
      cardId: '2056550972053782530',
      cardNo: 'B7S-vQF17fyqUooS',
      conditionType: 'AMOUNT_MULTIPLIER',
      gameId: '2000802906231672834',
      gameName: 'BLAZING 7s',
      playType: 'BLAZING_7S_SCRATCH',
      productId: 'GV1',
      settleTime: '2026-05-19 09:42:16.907032115',
      userName: '12345789798789456123rX',
      winAmount: 60
    }
  ]
}
19-05-2026 09:42:23 - info: [PreviewInEditor] preview process is ready
19-05-2026 09:45:39 - warn: [Scene] The type of "PricePopUpOptions.enableInfinite" must be CCBoolean, not Boolean.Error: [Scene] The type of "PricePopUpOptions.enableInfinite" must be CCBoolean, not Boolean.
    at console.warn (C:\ProgramData\cocos\editors\Creator\3.8.5\resources\app.asar\node_modules\@sentry\src\instrument\console.ts:40:20)
    at warn (C:\ProgramData\cocos\editors\Creator\3.8.5\resources\resources\3d\engine\bin\.cache\dev\editor\bundled\index.js:160148:12)
    at warnID (C:\ProgramData\cocos\editors\Creator\3.8.5\resources\resources\3d\engine\bin\.cache\dev\editor\bundled\index.js:160336:5)
    at parseType (C:\ProgramData\cocos\editors\Creator\3.8.5\resources\resources\3d\engine\bin\.cache\dev\editor\bundled\index.js:273012:11)
    at preprocessAttrs (C:\ProgramData\cocos\editors\Creator\3.8.5\resources\resources\3d\engine\bin\.cache\dev\editor\bundled\index.js:273122:11)
    at declareProperties (C:\ProgramData\cocos\editors\Creator\3.8.5\resources\resources\3d\engine\bin\.cache\dev\editor\bundled\index.js:141456:7)
    at CCClass (C:\ProgramData\cocos\editors\Creator\3.8.5\resources\resources\3d\engine\bin\.cache\dev\editor\bundled\index.js:141485:5)
    at eval (C:\ProgramData\cocos\editors\Creator\3.8.5\resources\resources\3d\engine\bin\.cache\dev\editor\bundled\index.js:270947:21)
    at eval (C:\ProgramData\cocos\editors\Creator\3.8.5\resources\resources\3d\engine\bin\.cache\dev\editor\bundled\index.js:271958:18)
    at Object.execute (file:///D:/Game-Engine%20Projects/Blazing7Test/temp/programming/packer-driver/targets/editor/chunks/ce/cee91858986803de21b8fb0d430d475e16fb194f.js:45:406)
    at doExec (C:\ProgramData\cocos\editors\Creator\3.8.5\resources\app.asar\node_modules\@editor\lib-programming\static\executor\systemjs-bridge\out\index.js:517:30)
    at postOrderExec (C:\ProgramData\cocos\editors\Creator\3.8.5\resources\app.asar\node_modules\@editor\lib-programming\static\executor\systemjs-bridge\out\index.js:508:21)
    at C:\ProgramData\cocos\editors\Creator\3.8.5\resources\app.asar\node_modules\@editor\lib-programming\static\executor\systemjs-bridge\out\index.js:493:28
    at Array.forEach (<anonymous>)
    at postOrderExec (C:\ProgramData\cocos\editors\Creator\3.8.5\resources\app.asar\node_modules\@editor\lib-programming\static\executor\systemjs-bridge\out\index.js:491:10)
    at C:\ProgramData\cocos\editors\Creator\3.8.5\resources\app.asar\node_modules\@editor\lib-programming\static\executor\systemjs-bridge\out\index.js:440:12
    at file:///D:/Game-Engine%20Projects/Blazing7Test/temp/programming/packer-driver/targets/editor/chunks/6d/6d8fd2b0177941b032ddc0733af48a561fb60657.js:13:13
    at Object.execute (file:///D:/Game-Engine%20Projects/Blazing7Test/temp/programming/packer-driver/targets/editor/chunks/6d/6d8fd2b0177941b032ddc0733af48a561fb60657.js:8:7)
    at Executor._importPrerequisiteModules (C:\ProgramData\cocos\editors\Creator\3.8.5\resources\app.asar\node_modules\@editor\lib-programming\src\executor\index.ts:358:13)
    at Executor.reload (C:\ProgramData\cocos\editors\Creator\3.8.5\resources\app.asar\node_modules\@editor\lib-programming\src\executor\index.ts:235:13)
    at C:\ProgramData\cocos\editors\Creator\3.8.5\resources\app.asar\builtin\scene\dist\script\3d\manager\scripts.ccc:1:1787
    at GlobalEnv.processQueue (C:\ProgramData\cocos\editors\Creator\3.8.5\resources\app.asar\builtin\scene\dist\script\3d\manager\scripts.ccc:1:2184)
    at GlobalEnv.record (C:\ProgramData\cocos\editors\Creator\3.8.5\resources\app.asar\builtin\scene\dist\script\3d\manager\scripts.ccc:1:1955)
19-05-2026 09:45:39 - warn: [Scene] The type of "NodeMovement.startOnLoad" must be CCBoolean, not Boolean.Error: [Scene] The type of "NodeMovement.startOnLoad" must be CCBoolean, not Boolean.
    at console.warn (C:\ProgramData\cocos\editors\Creator\3.8.5\resources\app.asar\node_modules\@sentry\src\instrument\console.ts:40:20)
    at warn (C:\ProgramData\cocos\editors\Creator\3.8.5\resources\resources\3d\engine\bin\.cache\dev\editor\bundled\index.js:160148:12)
    at warnID (C:\ProgramData\cocos\editors\Creator\3.8.5\resources\resources\3d\engine\bin\.cache\dev\editor\bundled\index.js:160336:5)
    at parseType (C:\ProgramData\cocos\editors\Creator\3.8.5\resources\resources\3d\engine\bin\.cache\dev\editor\bundled\index.js:273012:11)
    at preprocessAttrs (C:\ProgramData\cocos\editors\Creator\3.8.5\resources\resources\3d\engine\bin\.cache\dev\editor\bundled\index.js:273122:11)
    at declareProperties (C:\ProgramData\cocos\editors\Creator\3.8.5\resources\resources\3d\engine\bin\.cache\dev\editor\bundled\index.js:141456:7)
    at CCClass (C:\ProgramData\cocos\editors\Creator\3.8.5\resources\resources\3d\engine\bin\.cache\dev\editor\bundled\index.js:141485:5)
    at eval (C:\ProgramData\cocos\editors\Creator\3.8.5\resources\resources\3d\engine\bin\.cache\dev\editor\bundled\index.js:270947:21)
    at eval (C:\ProgramData\cocos\editors\Creator\3.8.5\resources\resources\3d\engine\bin\.cache\dev\editor\bundled\index.js:271958:18)
    at Object.execute (file:///D:/Game-Engine%20Projects/Blazing7Test/temp/programming/packer-driver/targets/editor/chunks/92/925467d3572d2b8767cc3499d84c91f370f4ea08.js:37:214)
    at doExec (C:\ProgramData\cocos\editors\Creator\3.8.5\resources\app.asar\node_modules\@editor\lib-programming\static\executor\systemjs-bridge\out\index.js:517:30)
    at postOrderExec (C:\ProgramData\cocos\editors\Creator\3.8.5\resources\app.asar\node_modules\@editor\lib-programming\static\executor\systemjs-bridge\out\index.js:508:21)
    at C:\ProgramData\cocos\editors\Creator\3.8.5\resources\app.asar\node_modules\@editor\lib-programming\static\executor\systemjs-bridge\out\index.js:493:28
    at Array.forEach (<anonymous>)
    at postOrderExec (C:\ProgramData\cocos\editors\Creator\3.8.5\resources\app.asar\node_modules\@editor\lib-programming\static\executor\systemjs-bridge\out\index.js:491:10)
    at C:\ProgramData\cocos\editors\Creator\3.8.5\resources\app.asar\node_modules\@editor\lib-programming\static\executor\systemjs-bridge\out\index.js:440:12
    at file:///D:/Game-Engine%20Projects/Blazing7Test/temp/programming/packer-driver/targets/editor/chunks/6d/6d8fd2b0177941b032ddc0733af48a561fb60657.js:13:13
    at Object.execute (file:///D:/Game-Engine%20Projects/Blazing7Test/temp/programming/packer-driver/targets/editor/chunks/6d/6d8fd2b0177941b032ddc0733af48a561fb60657.js:8:7)
    at Executor._importPrerequisiteModules (C:\ProgramData\cocos\editors\Creator\3.8.5\resources\app.asar\node_modules\@editor\lib-programming\src\executor\index.ts:358:13)
    at Executor.reload (C:\ProgramData\cocos\editors\Creator\3.8.5\resources\app.asar\node_modules\@editor\lib-programming\src\executor\index.ts:235:13)
    at C:\ProgramData\cocos\editors\Creator\3.8.5\resources\app.asar\builtin\scene\dist\script\3d\manager\scripts.ccc:1:1787
    at GlobalEnv.processQueue (C:\ProgramData\cocos\editors\Creator\3.8.5\resources\app.asar\builtin\scene\dist\script\3d\manager\scripts.ccc:1:2184)
    at GlobalEnv.record (C:\ProgramData\cocos\editors\Creator\3.8.5\resources\app.asar\builtin\scene\dist\script\3d\manager\scripts.ccc:1:1955)
19-05-2026 09:45:39 - warn: [Scene] The type of "NodeMovement.disableOnReach" must be CCBoolean, not Boolean.Error: [Scene] The type of "NodeMovement.disableOnReach" must be CCBoolean, not Boolean.
    at console.warn (C:\ProgramData\cocos\editors\Creator\3.8.5\resources\app.asar\node_modules\@sentry\src\instrument\console.ts:40:20)
    at warn (C:\ProgramData\cocos\editors\Creator\3.8.5\resources\resources\3d\engine\bin\.cache\dev\editor\bundled\index.js:160148:12)
    at warnID (C:\ProgramData\cocos\editors\Creator\3.8.5\resources\resources\3d\engine\bin\.cache\dev\editor\bundled\index.js:160336:5)
    at parseType (C:\ProgramData\cocos\editors\Creator\3.8.5\resources\resources\3d\engine\bin\.cache\dev\editor\bundled\index.js:273012:11)
    at preprocessAttrs (C:\ProgramData\cocos\editors\Creator\3.8.5\resources\resources\3d\engine\bin\.cache\dev\editor\bundled\index.js:273122:11)
    at declareProperties (C:\ProgramData\cocos\editors\Creator\3.8.5\resources\resources\3d\engine\bin\.cache\dev\editor\bundled\index.js:141456:7)
    at CCClass (C:\ProgramData\cocos\editors\Creator\3.8.5\resources\resources\3d\engine\bin\.cache\dev\editor\bundled\index.js:141485:5)
    at eval (C:\ProgramData\cocos\editors\Creator\3.8.5\resources\resources\3d\engine\bin\.cache\dev\editor\bundled\index.js:270947:21)
    at eval (C:\ProgramData\cocos\editors\Creator\3.8.5\resources\resources\3d\engine\bin\.cache\dev\editor\bundled\index.js:271958:18)
    at Object.execute (file:///D:/Game-Engine%20Projects/Blazing7Test/temp/programming/packer-driver/targets/editor/chunks/92/925467d3572d2b8767cc3499d84c91f370f4ea08.js:37:214)
    at doExec (C:\ProgramData\cocos\editors\Creator\3.8.5\resources\app.asar\node_modules\@editor\lib-programming\static\executor\systemjs-bridge\out\index.js:517:30)
    at postOrderExec (C:\ProgramData\cocos\editors\Creator\3.8.5\resources\app.asar\node_modules\@editor\lib-programming\static\executor\systemjs-bridge\out\index.js:508:21)
    at C:\ProgramData\cocos\editors\Creator\3.8.5\resources\app.asar\node_modules\@editor\lib-programming\static\executor\systemjs-bridge\out\index.js:493:28
    at Array.forEach (<anonymous>)
    at postOrderExec (C:\ProgramData\cocos\editors\Creator\3.8.5\resources\app.asar\node_modules\@editor\lib-programming\static\executor\systemjs-bridge\out\index.js:491:10)
    at C:\ProgramData\cocos\editors\Creator\3.8.5\resources\app.asar\node_modules\@editor\lib-programming\static\executor\systemjs-bridge\out\index.js:440:12
    at file:///D:/Game-Engine%20Projects/Blazing7Test/temp/programming/packer-driver/targets/editor/chunks/6d/6d8fd2b0177941b032ddc0733af48a561fb60657.js:13:13
    at Object.execute (file:///D:/Game-Engine%20Projects/Blazing7Test/temp/programming/packer-driver/targets/editor/chunks/6d/6d8fd2b0177941b032ddc0733af48a561fb60657.js:8:7)
    at Executor._importPrerequisiteModules (C:\ProgramData\cocos\editors\Creator\3.8.5\resources\app.asar\node_modules\@editor\lib-programming\src\executor\index.ts:358:13)
    at Executor.reload (C:\ProgramData\cocos\editors\Creator\3.8.5\resources\app.asar\node_modules\@editor\lib-programming\src\executor\index.ts:235:13)
    at C:\ProgramData\cocos\editors\Creator\3.8.5\resources\app.asar\builtin\scene\dist\script\3d\manager\scripts.ccc:1:1787
    at GlobalEnv.processQueue (C:\ProgramData\cocos\editors\Creator\3.8.5\resources\app.asar\builtin\scene\dist\script\3d\manager\scripts.ccc:1:2184)
    at GlobalEnv.record (C:\ProgramData\cocos\editors\Creator\3.8.5\resources\app.asar\builtin\scene\dist\script\3d\manager\scripts.ccc:1:1955)
19-05-2026 09:45:40 - log: [PreviewInEditor] meshopt wasm decoder initialized
19-05-2026 09:45:40 - log: [PreviewInEditor] [box2d]:box2d wasm lib loaded.
19-05-2026 09:45:40 - log: [PreviewInEditor] [bullet]:bullet wasm lib loaded.
19-05-2026 09:45:40 - log: [PreviewInEditor] [PHYSICS]: using builtin.
19-05-2026 09:45:40 - log: [PreviewInEditor] Cocos Creator v3.8.5
19-05-2026 09:45:40 - log: [PreviewInEditor] Using custom pipeline: Builtin
19-05-2026 09:45:41 - warn: [PreviewInEditor] The type of "PricePopUpOptions.enableInfinite" must be CCBoolean, not Boolean.Error: [PreviewInEditor] The type of "PricePopUpOptions.enableInfinite" must be CCBoolean, not Boolean.
    at console.warn (C:\ProgramData\cocos\editors\Creator\3.8.5\resources\app.asar\node_modules\@sentry\src\instrument\console.ts:40:20)
    at warn (C:\ProgramData\cocos\editors\Creator\3.8.5\resources\resources\3d\engine\bin\.cache\dev\editor\bundled\index.js:160148:12)
    at warnID (C:\ProgramData\cocos\editors\Creator\3.8.5\resources\resources\3d\engine\bin\.cache\dev\editor\bundled\index.js:160336:5)
    at parseType (C:\ProgramData\cocos\editors\Creator\3.8.5\resources\resources\3d\engine\bin\.cache\dev\editor\bundled\index.js:273012:11)
    at preprocessAttrs (C:\ProgramData\cocos\editors\Creator\3.8.5\resources\resources\3d\engine\bin\.cache\dev\editor\bundled\index.js:273122:11)
    at declareProperties (C:\ProgramData\cocos\editors\Creator\3.8.5\resources\resources\3d\engine\bin\.cache\dev\editor\bundled\index.js:141456:7)
    at CCClass (C:\ProgramData\cocos\editors\Creator\3.8.5\resources\resources\3d\engine\bin\.cache\dev\editor\bundled\index.js:141485:5)
    at eval (C:\ProgramData\cocos\editors\Creator\3.8.5\resources\resources\3d\engine\bin\.cache\dev\editor\bundled\index.js:270947:21)
    at eval (C:\ProgramData\cocos\editors\Creator\3.8.5\resources\resources\3d\engine\bin\.cache\dev\editor\bundled\index.js:271958:18)
    at Object.execute (file:///D:/Game-Engine%20Projects/Blazing7Test/temp/programming/packer-driver/targets/editor/chunks/ce/cee91858986803de21b8fb0d430d475e16fb194f.js:45:406)
    at doExec (C:\ProgramData\cocos\editors\Creator\3.8.5\resources\app.asar\node_modules\@editor\lib-programming\static\executor\systemjs-bridge\out\index.js:517:30)
    at postOrderExec (C:\ProgramData\cocos\editors\Creator\3.8.5\resources\app.asar\node_modules\@editor\lib-programming\static\executor\systemjs-bridge\out\index.js:508:21)
    at C:\ProgramData\cocos\editors\Creator\3.8.5\resources\app.asar\node_modules\@editor\lib-programming\static\executor\systemjs-bridge\out\index.js:493:28
    at Array.forEach (<anonymous>)
    at postOrderExec (C:\ProgramData\cocos\editors\Creator\3.8.5\resources\app.asar\node_modules\@editor\lib-programming\static\executor\systemjs-bridge\out\index.js:491:10)
    at C:\ProgramData\cocos\editors\Creator\3.8.5\resources\app.asar\node_modules\@editor\lib-programming\static\executor\systemjs-bridge\out\index.js:440:12
    at file:///D:/Game-Engine%20Projects/Blazing7Test/temp/programming/packer-driver/targets/editor/chunks/6d/6d8fd2b0177941b032ddc0733af48a561fb60657.js:13:13
    at Object.execute (file:///D:/Game-Engine%20Projects/Blazing7Test/temp/programming/packer-driver/targets/editor/chunks/6d/6d8fd2b0177941b032ddc0733af48a561fb60657.js:8:7)
    at Executor._importPrerequisiteModules (C:\ProgramData\cocos\editors\Creator\3.8.5\resources\app.asar\node_modules\@editor\lib-programming\src\executor\index.ts:358:13)
    at Executor.reload (C:\ProgramData\cocos\editors\Creator\3.8.5\resources\app.asar\node_modules\@editor\lib-programming\src\executor\index.ts:235:13)
    at C:\ProgramData\cocos\editors\Creator\3.8.5\resources\app.asar\builtin\scene\dist\script\3d\manager\scripts.ccc:1:1787
    at GlobalEnv.processQueue (C:\ProgramData\cocos\editors\Creator\3.8.5\resources\app.asar\builtin\scene\dist\script\3d\manager\scripts.ccc:1:2184)
    at GlobalEnv.record (C:\ProgramData\cocos\editors\Creator\3.8.5\resources\app.asar\builtin\scene\dist\script\3d\manager\scripts.ccc:1:1955)
    at ScriptManager.init (C:\ProgramData\cocos\editors\Creator\3.8.5\resources\app.asar\builtin\scene\dist\script\3d\manager\scripts.ccc:1:3794)
    at EngineStartup.openEngine (C:\ProgramData\cocos\editors\Creator\3.8.5\resources\app.asar\builtin\scene\dist\script\3d\manager\startup\engine\index.ccc:1:4229)
    at StartupManager.configEngine (C:\ProgramData\cocos\editors\Creator\3.8.5\resources\app.asar\builtin\scene\dist\script\3d\manager\startup\index.ccc:1:1668)
    at EditorPreview._startEngine (C:\ProgramData\cocos\editors\Creator\3.8.5\resources\app.asar\builtin\scene\dist\script\3d\preload\editor-preview.js:1:973)
    at EditorPreview.start (C:\ProgramData\cocos\editors\Creator\3.8.5\resources\app.asar\builtin\scene\dist\script\3d\preload\editor-preview.js:1:468)
19-05-2026 09:45:41 - warn: [PreviewInEditor] The type of "NodeMovement.startOnLoad" must be CCBoolean, not Boolean.Error: [PreviewInEditor] The type of "NodeMovement.startOnLoad" must be CCBoolean, not Boolean.
    at console.warn (C:\ProgramData\cocos\editors\Creator\3.8.5\resources\app.asar\node_modules\@sentry\src\instrument\console.ts:40:20)
    at warn (C:\ProgramData\cocos\editors\Creator\3.8.5\resources\resources\3d\engine\bin\.cache\dev\editor\bundled\index.js:160148:12)
    at warnID (C:\ProgramData\cocos\editors\Creator\3.8.5\resources\resources\3d\engine\bin\.cache\dev\editor\bundled\index.js:160336:5)
    at parseType (C:\ProgramData\cocos\editors\Creator\3.8.5\resources\resources\3d\engine\bin\.cache\dev\editor\bundled\index.js:273012:11)
    at preprocessAttrs (C:\ProgramData\cocos\editors\Creator\3.8.5\resources\resources\3d\engine\bin\.cache\dev\editor\bundled\index.js:273122:11)
    at declareProperties (C:\ProgramData\cocos\editors\Creator\3.8.5\resources\resources\3d\engine\bin\.cache\dev\editor\bundled\index.js:141456:7)
    at CCClass (C:\ProgramData\cocos\editors\Creator\3.8.5\resources\resources\3d\engine\bin\.cache\dev\editor\bundled\index.js:141485:5)
    at eval (C:\ProgramData\cocos\editors\Creator\3.8.5\resources\resources\3d\engine\bin\.cache\dev\editor\bundled\index.js:270947:21)
    at eval (C:\ProgramData\cocos\editors\Creator\3.8.5\resources\resources\3d\engine\bin\.cache\dev\editor\bundled\index.js:271958:18)
    at Object.execute (file:///D:/Game-Engine%20Projects/Blazing7Test/temp/programming/packer-driver/targets/editor/chunks/92/925467d3572d2b8767cc3499d84c91f370f4ea08.js:37:214)
    at doExec (C:\ProgramData\cocos\editors\Creator\3.8.5\resources\app.asar\node_modules\@editor\lib-programming\static\executor\systemjs-bridge\out\index.js:517:30)
    at postOrderExec (C:\ProgramData\cocos\editors\Creator\3.8.5\resources\app.asar\node_modules\@editor\lib-programming\static\executor\systemjs-bridge\out\index.js:508:21)
    at C:\ProgramData\cocos\editors\Creator\3.8.5\resources\app.asar\node_modules\@editor\lib-programming\static\executor\systemjs-bridge\out\index.js:493:28
    at Array.forEach (<anonymous>)
    at postOrderExec (C:\ProgramData\cocos\editors\Creator\3.8.5\resources\app.asar\node_modules\@editor\lib-programming\static\executor\systemjs-bridge\out\index.js:491:10)
    at C:\ProgramData\cocos\editors\Creator\3.8.5\resources\app.asar\node_modules\@editor\lib-programming\static\executor\systemjs-bridge\out\index.js:440:12
    at file:///D:/Game-Engine%20Projects/Blazing7Test/temp/programming/packer-driver/targets/editor/chunks/6d/6d8fd2b0177941b032ddc0733af48a561fb60657.js:13:13
    at Object.execute (file:///D:/Game-Engine%20Projects/Blazing7Test/temp/programming/packer-driver/targets/editor/chunks/6d/6d8fd2b0177941b032ddc0733af48a561fb60657.js:8:7)
    at Executor._importPrerequisiteModules (C:\ProgramData\cocos\editors\Creator\3.8.5\resources\app.asar\node_modules\@editor\lib-programming\src\executor\index.ts:358:13)
    at Executor.reload (C:\ProgramData\cocos\editors\Creator\3.8.5\resources\app.asar\node_modules\@editor\lib-programming\src\executor\index.ts:235:13)
    at C:\ProgramData\cocos\editors\Creator\3.8.5\resources\app.asar\builtin\scene\dist\script\3d\manager\scripts.ccc:1:1787
    at GlobalEnv.processQueue (C:\ProgramData\cocos\editors\Creator\3.8.5\resources\app.asar\builtin\scene\dist\script\3d\manager\scripts.ccc:1:2184)
    at GlobalEnv.record (C:\ProgramData\cocos\editors\Creator\3.8.5\resources\app.asar\builtin\scene\dist\script\3d\manager\scripts.ccc:1:1955)
    at ScriptManager.init (C:\ProgramData\cocos\editors\Creator\3.8.5\resources\app.asar\builtin\scene\dist\script\3d\manager\scripts.ccc:1:3794)
    at EngineStartup.openEngine (C:\ProgramData\cocos\editors\Creator\3.8.5\resources\app.asar\builtin\scene\dist\script\3d\manager\startup\engine\index.ccc:1:4229)
    at StartupManager.configEngine (C:\ProgramData\cocos\editors\Creator\3.8.5\resources\app.asar\builtin\scene\dist\script\3d\manager\startup\index.ccc:1:1668)
    at EditorPreview._startEngine (C:\ProgramData\cocos\editors\Creator\3.8.5\resources\app.asar\builtin\scene\dist\script\3d\preload\editor-preview.js:1:973)
    at EditorPreview.start (C:\ProgramData\cocos\editors\Creator\3.8.5\resources\app.asar\builtin\scene\dist\script\3d\preload\editor-preview.js:1:468)
19-05-2026 09:45:41 - warn: [PreviewInEditor] The type of "NodeMovement.disableOnReach" must be CCBoolean, not Boolean.Error: [PreviewInEditor] The type of "NodeMovement.disableOnReach" must be CCBoolean, not Boolean.
    at console.warn (C:\ProgramData\cocos\editors\Creator\3.8.5\resources\app.asar\node_modules\@sentry\src\instrument\console.ts:40:20)
    at warn (C:\ProgramData\cocos\editors\Creator\3.8.5\resources\resources\3d\engine\bin\.cache\dev\editor\bundled\index.js:160148:12)
    at warnID (C:\ProgramData\cocos\editors\Creator\3.8.5\resources\resources\3d\engine\bin\.cache\dev\editor\bundled\index.js:160336:5)
    at parseType (C:\ProgramData\cocos\editors\Creator\3.8.5\resources\resources\3d\engine\bin\.cache\dev\editor\bundled\index.js:273012:11)
    at preprocessAttrs (C:\ProgramData\cocos\editors\Creator\3.8.5\resources\resources\3d\engine\bin\.cache\dev\editor\bundled\index.js:273122:11)
    at declareProperties (C:\ProgramData\cocos\editors\Creator\3.8.5\resources\resources\3d\engine\bin\.cache\dev\editor\bundled\index.js:141456:7)
    at CCClass (C:\ProgramData\cocos\editors\Creator\3.8.5\resources\resources\3d\engine\bin\.cache\dev\editor\bundled\index.js:141485:5)
    at eval (C:\ProgramData\cocos\editors\Creator\3.8.5\resources\resources\3d\engine\bin\.cache\dev\editor\bundled\index.js:270947:21)
    at eval (C:\ProgramData\cocos\editors\Creator\3.8.5\resources\resources\3d\engine\bin\.cache\dev\editor\bundled\index.js:271958:18)
    at Object.execute (file:///D:/Game-Engine%20Projects/Blazing7Test/temp/programming/packer-driver/targets/editor/chunks/92/925467d3572d2b8767cc3499d84c91f370f4ea08.js:37:214)
    at doExec (C:\ProgramData\cocos\editors\Creator\3.8.5\resources\app.asar\node_modules\@editor\lib-programming\static\executor\systemjs-bridge\out\index.js:517:30)
    at postOrderExec (C:\ProgramData\cocos\editors\Creator\3.8.5\resources\app.asar\node_modules\@editor\lib-programming\static\executor\systemjs-bridge\out\index.js:508:21)
    at C:\ProgramData\cocos\editors\Creator\3.8.5\resources\app.asar\node_modules\@editor\lib-programming\static\executor\systemjs-bridge\out\index.js:493:28
    at Array.forEach (<anonymous>)
    at postOrderExec (C:\ProgramData\cocos\editors\Creator\3.8.5\resources\app.asar\node_modules\@editor\lib-programming\static\executor\systemjs-bridge\out\index.js:491:10)
    at C:\ProgramData\cocos\editors\Creator\3.8.5\resources\app.asar\node_modules\@editor\lib-programming\static\executor\systemjs-bridge\out\index.js:440:12
    at file:///D:/Game-Engine%20Projects/Blazing7Test/temp/programming/packer-driver/targets/editor/chunks/6d/6d8fd2b0177941b032ddc0733af48a561fb60657.js:13:13
    at Object.execute (file:///D:/Game-Engine%20Projects/Blazing7Test/temp/programming/packer-driver/targets/editor/chunks/6d/6d8fd2b0177941b032ddc0733af48a561fb60657.js:8:7)
    at Executor._importPrerequisiteModules (C:\ProgramData\cocos\editors\Creator\3.8.5\resources\app.asar\node_modules\@editor\lib-programming\src\executor\index.ts:358:13)
    at Executor.reload (C:\ProgramData\cocos\editors\Creator\3.8.5\resources\app.asar\node_modules\@editor\lib-programming\src\executor\index.ts:235:13)
    at C:\ProgramData\cocos\editors\Creator\3.8.5\resources\app.asar\builtin\scene\dist\script\3d\manager\scripts.ccc:1:1787
    at GlobalEnv.processQueue (C:\ProgramData\cocos\editors\Creator\3.8.5\resources\app.asar\builtin\scene\dist\script\3d\manager\scripts.ccc:1:2184)
    at GlobalEnv.record (C:\ProgramData\cocos\editors\Creator\3.8.5\resources\app.asar\builtin\scene\dist\script\3d\manager\scripts.ccc:1:1955)
    at ScriptManager.init (C:\ProgramData\cocos\editors\Creator\3.8.5\resources\app.asar\builtin\scene\dist\script\3d\manager\scripts.ccc:1:3794)
    at EngineStartup.openEngine (C:\ProgramData\cocos\editors\Creator\3.8.5\resources\app.asar\builtin\scene\dist\script\3d\manager\startup\engine\index.ccc:1:4229)
    at StartupManager.configEngine (C:\ProgramData\cocos\editors\Creator\3.8.5\resources\app.asar\builtin\scene\dist\script\3d\manager\startup\index.ccc:1:1668)
    at EditorPreview._startEngine (C:\ProgramData\cocos\editors\Creator\3.8.5\resources\app.asar\builtin\scene\dist\script\3d\preload\editor-preview.js:1:973)
    at EditorPreview.start (C:\ProgramData\cocos\editors\Creator\3.8.5\resources\app.asar\builtin\scene\dist\script\3d\preload\editor-preview.js:1:468)
19-05-2026 09:45:41 - log: [PreviewInEditor] [PHYSICS2D]: switch from box2d-wasm to box2d.
19-05-2026 09:45:42 - log: [PreviewInEditor] [SceneManager] Initialized
19-05-2026 09:45:42 - log: [PreviewInEditor] [PopUpManager] Initialized
19-05-2026 09:45:42 - log: [PreviewInEditor] [WinBroadcastManager] Adding onSceneCallback: 1
19-05-2026 09:45:42 - log: [PreviewInEditor] [WsManager] 添加协议监听器: ANNOUNCEMENT
19-05-2026 09:45:43 - log: [PreviewInEditor] [GameManager] Loading API Manager..
19-05-2026 09:45:43 - log: [PreviewInEditor] [ApiCore] SDK 初始化完成
19-05-2026 09:45:43 - log: [PreviewInEditor] [WsManager] Start initializing the WebSocket manager...
19-05-2026 09:45:43 - log: [PreviewInEditor] [WsManager] WebSocket 管理器初始化成功
19-05-2026 09:45:44 - log: [PreviewInEditor] [WsManager] WebSocket 连接成功
19-05-2026 09:45:44 - log: [PreviewInEditor] [WinBroadcastManager] AllowAnnouncement Called: false
19-05-2026 09:45:45 - log: [PreviewInEditor] [WinBroadcastManager] AllowAnnouncement Called: true
19-05-2026 09:45:45 - log: [PreviewInEditor] [DragonEyeIntro][UIROOT] DEVICE TYPE: pc
19-05-2026 09:45:48 - log: [PreviewInEditor] [Game] CardPlayInComplete, AutoCount: 0
19-05-2026 09:45:49 - log: [PreviewInEditor] [ScratchSystem] All cells scratched.
19-05-2026 09:45:52 - log: [PreviewInEditor] [Game] CardPlayInComplete, AutoCount: 0
19-05-2026 09:45:52 - log: [PreviewInEditor] [ScratchSystem] All cells scratched.
19-05-2026 09:45:53 - log: [PreviewInEditor] [WsManager] 收到消息: {
  cmd: 'ANNOUNCEMENT',
  data: [
    {
      announcementType: 'BIG',
      bonus: '1',
      cardId: '2056551875729162241',
      cardNo: 'B7S-spxoJo88qz7W',
      conditionType: 'AMOUNT_MULTIPLIER',
      gameId: '2000802906231672834',
      gameName: 'BLAZING 7s',
      playType: 'BLAZING_7S_SCRATCH',
      productId: 'GV1',
      settleTime: '2026-05-19 09:45:52.343226953',
      userName: '12345789798789456123rX',
      winAmount: 20
    }
  ]
}
19-05-2026 09:45:58 - info: [PreviewInEditor] preview process is ready
