{
  "__type__": "cc.SpriteFrame",
  "content": {
    "name": "GE Logo",
    "atlas": "",
    "rect": {
      "x": 0,
      "y": 0,
      "width": 191,
      "height": 78
    },
    "offset": {
      "x": -1,
      "y": 1
    },
    "originalSize": {
      "width": 193,
      "height": 80
    },
    "rotated": false,
    "capInsets": [
      0,
      0,
      0,
      0
    ],
    "vertices": {
      "rawPosition": [
        -95.5,
        -39,
        0,
        95.5,
        -39,
        0,
        -95.5,
        39,
        0,
        95.5,
        39,
        0
      ],
      "indexes": [
        0,
        1,
        2,
        2,
        1,
        3
      ],
      "uv": [
        0,
        80,
        191,
        80,
        0,
        2,
        191,
        2
      ],
      "nuv": [
        0,
        0.025,
        0.9896373056994818,
        0.025,
        0,
        1,
        0.9896373056994818,
        1
      ],
      "minPos": {
        "x": -95.5,
        "y": -39,
        "z": 0
      },
      "maxPos": {
        "x": 95.5,
        "y": 39,
        "z": 0
      }
    },
    "texture": "a0cd894c-437f-42a9-bd36-49e0e421130a@6c48a",
    "packable": true,
    "pixelsToUnit": 100,
    "pivot": {
      "x": 0.5,
      "y": 0.5
    },
    "meshType": 0
  }
}