{
  "__type__": "cc.SpriteFrame",
  "content": {
    "name": "winup-font",
    "atlas": "",
    "rect": {
      "x": 3,
      "y": 8,
      "width": 346,
      "height": 204
    },
    "offset": {
      "x": -0.5,
      "y": -0.5
    },
    "originalSize": {
      "width": 353,
      "height": 219
    },
    "rotated": false,
    "capInsets": [
      0,
      0,
      0,
      0
    ],
    "vertices": {
      "rawPosition": [
        -173,
        -102,
        0,
        173,
        -102,
        0,
        -173,
        102,
        0,
        173,
        102,
        0
      ],
      "indexes": [
        0,
        1,
        2,
        2,
        1,
        3
      ],
      "uv": [
        3,
        211,
        349,
        211,
        3,
        7,
        349,
        7
      ],
      "nuv": [
        0.0084985835694051,
        0.0319634703196347,
        0.9886685552407932,
        0.0319634703196347,
        0.0084985835694051,
        0.9634703196347032,
        0.9886685552407932,
        0.9634703196347032
      ],
      "minPos": {
        "x": -173,
        "y": -102,
        "z": 0
      },
      "maxPos": {
        "x": 173,
        "y": 102,
        "z": 0
      }
    },
    "texture": "42a5eac2-1bd1-4d02-89a9-8882ebc82c87@6c48a",
    "packable": true,
    "pixelsToUnit": 100,
    "pivot": {
      "x": 0.5,
      "y": 0.5
    },
    "meshType": 0
  }
}