{
  "__type__": "cc.SpriteFrame",
  "content": {
    "name": "WinUpToNoValue_Logo",
    "atlas": "",
    "rect": {
      "x": 21,
      "y": 14,
      "width": 576,
      "height": 185
    },
    "offset": {
      "x": 3.5,
      "y": -1
    },
    "originalSize": {
      "width": 611,
      "height": 211
    },
    "rotated": false,
    "capInsets": [
      0,
      0,
      0,
      0
    ],
    "vertices": {
      "rawPosition": [
        -288,
        -92.5,
        0,
        288,
        -92.5,
        0,
        -288,
        92.5,
        0,
        288,
        92.5,
        0
      ],
      "indexes": [
        0,
        1,
        2,
        2,
        1,
        3
      ],
      "uv": [
        21,
        197,
        597,
        197,
        21,
        12,
        597,
        12
      ],
      "nuv": [
        0.03436988543371522,
        0.05687203791469194,
        0.9770867430441899,
        0.05687203791469194,
        0.03436988543371522,
        0.933649289099526,
        0.9770867430441899,
        0.933649289099526
      ],
      "minPos": {
        "x": -288,
        "y": -92.5,
        "z": 0
      },
      "maxPos": {
        "x": 288,
        "y": 92.5,
        "z": 0
      }
    },
    "texture": "3ec58257-540b-45b4-8d2a-87d73396ca8b@6c48a",
    "packable": true,
    "pixelsToUnit": 100,
    "pivot": {
      "x": 0.5,
      "y": 0.5
    },
    "meshType": 0
  }
}