16:41:10.139 debug: 5/14/2026, 4:41:10 PM
16:41:10.140 debug: Project: D:\Game-Engine Projects\Blazing7Test
16:41:10.140 debug: Targets: editor,preview
16:41:10.144 debug: Incremental file seems great.
16:41:10.144 debug: Engine path: C:\ProgramData\cocos\editors\Creator\3.8.5\resources\resources\3d\engine
16:41:10.151 debug: Initializing target [Editor]
16:41:10.152 debug: Loading cache
16:41:10.157 debug: Loading cache costs 4.556599999999889ms.
16:41:10.157 debug: Engine features shipped in editor: base,gfx-webgl,gfx-webgl2,gfx-empty,gfx-webgpu,3d,animation,skeletal-animation,2d,ui,particle,particle-2d,physics-framework,physics-2d-framework,physics-2d-box2d-wasm,intersection-2d,primitive,profiler,occlusion-query,geometry-renderer,debug-renderer,audio,video,xr,light-probe,terrain,webview,tween,tiled-map,vendor-google,spine,dragon-bones,marionette,procedural-animation,custom-pipeline,custom-pipeline-builtin-scripts,custom-pipeline-post-process,legacy-pipeline,websocket,websocket-server,meshopt
16:41:10.157 debug: Our import map(foo:/bar): {
  "imports": {
    "cc": "cce:/internal/x/cc"
  }
}
16:41:10.158 debug: Initializing target [Preview]
16:41:10.158 debug: Loading cache
16:41:10.162 debug: Loading cache costs 4.175199999999677ms.
16:41:10.163 debug: Our import map(foo:/bar): {
  "imports": {
    "cc": "cce:/internal/x/cc"
  }
}
16:41:10.220 debug: Sync engine features: 2d,animation,audio,base,custom-pipeline,dragon-bones,gfx-webgl,gfx-webgl2,intersection-2d,particle-2d,physics-2d-box2d,profiler,spine,tiled-map,tween,ui,video,webview
16:41:10.224 debug: Reset databases. Enumerated domains: [
  {
    "root": "db://internal/",
    "physical": "C:\\ProgramData\\cocos\\editors\\Creator\\3.8.5\\resources\\resources\\3d\\engine\\editor\\assets"
  },
  {
    "root": "db://assets/",
    "physical": "D:\\Game-Engine Projects\\Blazing7Test\\assets"
  }
]
16:41:10.224 debug: Our import map(foo:/bar): {
  "imports": {
    "cc": "cce:/internal/x/cc",
    "db://internal/": "file:///C:/ProgramData/cocos/editors/Creator/3.8.5/resources/resources/3d/engine/editor/assets/",
    "db://assets/": "file:///D:/Game-Engine%20Projects/Blazing7Test/assets/"
  }
}
16:41:10.226 debug: Our import map(foo:/bar): {
  "imports": {
    "cc": "cce:/internal/x/cc",
    "db://internal/": "file:///C:/ProgramData/cocos/editors/Creator/3.8.5/resources/resources/3d/engine/editor/assets/",
    "db://assets/": "file:///D:/Game-Engine%20Projects/Blazing7Test/assets/"
  }
}
16:41:10.226 debug: Pulling asset-db.
16:41:10.265 debug: Fetch asset-db cost: 39.25510000000031ms.
16:41:10.270 debug: Build iteration starts.
Number of accumulated asset changes: 189
Feature changed: false
16:41:10.271 debug: Target(editor) build started.
16:41:10.283 debug: Detected change: cce:/internal/x/cc. Last mtime: Thu Jan 01 1970 08:00:05 GMT+0800 (Philippine Standard Time), Current mtime: Thu Jan 01 1970 08:00:04 GMT+0800 (Philippine Standard Time)
16:41:10.284 debug: Inspect cce:/internal/x/cc
16:41:10.360 debug: transform url: 'cce:/internal/x/cc' costs: 76.50 ms
16:41:10.361 debug: Resolve cce:/internal/x/cc-fu/base from cce:/internal/x/cc as external dependency cce:/internal/x/cc-fu/base.
16:41:10.361 debug: Resolve cce:/internal/x/cc-fu/gfx-webgl from cce:/internal/x/cc as external dependency cce:/internal/x/cc-fu/gfx-webgl.
16:41:10.361 debug: Resolve cce:/internal/x/cc-fu/gfx-webgl2 from cce:/internal/x/cc as external dependency cce:/internal/x/cc-fu/gfx-webgl2.
16:41:10.361 debug: Resolve cce:/internal/x/cc-fu/gfx-empty from cce:/internal/x/cc as external dependency cce:/internal/x/cc-fu/gfx-empty.
16:41:10.361 debug: Resolve cce:/internal/x/cc-fu/gfx-webgpu from cce:/internal/x/cc as external dependency cce:/internal/x/cc-fu/gfx-webgpu.
16:41:10.361 debug: Resolve cce:/internal/x/cc-fu/3d from cce:/internal/x/cc as external dependency cce:/internal/x/cc-fu/3d.
16:41:10.361 debug: Resolve cce:/internal/x/cc-fu/animation from cce:/internal/x/cc as external dependency cce:/internal/x/cc-fu/animation.
16:41:10.362 debug: Resolve cce:/internal/x/cc-fu/skeletal-animation from cce:/internal/x/cc as external dependency cce:/internal/x/cc-fu/skeletal-animation.
16:41:10.362 debug: Resolve cce:/internal/x/cc-fu/2d from cce:/internal/x/cc as external dependency cce:/internal/x/cc-fu/2d.
16:41:10.362 debug: Resolve cce:/internal/x/cc-fu/sorting from cce:/internal/x/cc as external dependency cce:/internal/x/cc-fu/sorting.
16:41:10.362 debug: Resolve cce:/internal/x/cc-fu/ui from cce:/internal/x/cc as external dependency cce:/internal/x/cc-fu/ui.
16:41:10.362 debug: Resolve cce:/internal/x/cc-fu/particle from cce:/internal/x/cc as external dependency cce:/internal/x/cc-fu/particle.
16:41:10.362 debug: Resolve cce:/internal/x/cc-fu/particle-2d from cce:/internal/x/cc as external dependency cce:/internal/x/cc-fu/particle-2d.
16:41:10.362 debug: Resolve cce:/internal/x/cc-fu/physics-framework from cce:/internal/x/cc as external dependency cce:/internal/x/cc-fu/physics-framework.
16:41:10.362 debug: Resolve cce:/internal/x/cc-fu/physics-2d-framework from cce:/internal/x/cc as external dependency cce:/internal/x/cc-fu/physics-2d-framework.
16:41:10.362 debug: Resolve cce:/internal/x/cc-fu/physics-2d-box2d-wasm from cce:/internal/x/cc as external dependency cce:/internal/x/cc-fu/physics-2d-box2d-wasm.
16:41:10.362 debug: Resolve cce:/internal/x/cc-fu/intersection-2d from cce:/internal/x/cc as external dependency cce:/internal/x/cc-fu/intersection-2d.
16:41:10.362 debug: Resolve cce:/internal/x/cc-fu/primitive from cce:/internal/x/cc as external dependency cce:/internal/x/cc-fu/primitive.
16:41:10.362 debug: Resolve cce:/internal/x/cc-fu/profiler from cce:/internal/x/cc as external dependency cce:/internal/x/cc-fu/profiler.
16:41:10.362 debug: Resolve cce:/internal/x/cc-fu/geometry-renderer from cce:/internal/x/cc as external dependency cce:/internal/x/cc-fu/geometry-renderer.
16:41:10.362 debug: Resolve cce:/internal/x/cc-fu/audio from cce:/internal/x/cc as external dependency cce:/internal/x/cc-fu/audio.
16:41:10.362 debug: Resolve cce:/internal/x/cc-fu/video from cce:/internal/x/cc as external dependency cce:/internal/x/cc-fu/video.
16:41:10.362 debug: Resolve cce:/internal/x/cc-fu/xr from cce:/internal/x/cc as external dependency cce:/internal/x/cc-fu/xr.
16:41:10.362 debug: Resolve cce:/internal/x/cc-fu/light-probe from cce:/internal/x/cc as external dependency cce:/internal/x/cc-fu/light-probe.
16:41:10.362 debug: Resolve cce:/internal/x/cc-fu/terrain from cce:/internal/x/cc as external dependency cce:/internal/x/cc-fu/terrain.
16:41:10.362 debug: Resolve cce:/internal/x/cc-fu/webview from cce:/internal/x/cc as external dependency cce:/internal/x/cc-fu/webview.
16:41:10.362 debug: Resolve cce:/internal/x/cc-fu/tween from cce:/internal/x/cc as external dependency cce:/internal/x/cc-fu/tween.
16:41:10.362 debug: Resolve cce:/internal/x/cc-fu/tiled-map from cce:/internal/x/cc as external dependency cce:/internal/x/cc-fu/tiled-map.
16:41:10.362 debug: Resolve cce:/internal/x/cc-fu/vendor-google from cce:/internal/x/cc as external dependency cce:/internal/x/cc-fu/vendor-google.
16:41:10.362 debug: Resolve cce:/internal/x/cc-fu/spine from cce:/internal/x/cc as external dependency cce:/internal/x/cc-fu/spine.
16:41:10.362 debug: Resolve cce:/internal/x/cc-fu/dragon-bones from cce:/internal/x/cc as external dependency cce:/internal/x/cc-fu/dragon-bones.
16:41:10.362 debug: Resolve cce:/internal/x/cc-fu/custom-pipeline from cce:/internal/x/cc as external dependency cce:/internal/x/cc-fu/custom-pipeline.
16:41:10.362 debug: Resolve cce:/internal/x/cc-fu/custom-pipeline-post-process from cce:/internal/x/cc as external dependency cce:/internal/x/cc-fu/custom-pipeline-post-process.
16:41:10.362 debug: Resolve cce:/internal/x/cc-fu/legacy-pipeline from cce:/internal/x/cc as external dependency cce:/internal/x/cc-fu/legacy-pipeline.
16:41:10.362 debug: Detected change: cce:/internal/x/prerequisite-imports. Last mtime: Thu Jan 01 1970 09:32:24 GMT+0800 (Philippine Standard Time), Current mtime: Thu Jan 01 1970 08:00:04 GMT+0800 (Philippine Standard Time)
16:41:10.362 debug: Inspect cce:/internal/x/prerequisite-imports
16:41:10.404 debug: transform url: 'cce:/internal/x/prerequisite-imports' costs: 41.70 ms
16:41:10.407 debug: Resolve file:///C:/ProgramData/cocos/editors/Creator/3.8.5/resources/resources/3d/engine/editor/assets/default_renderpipeline/builtin-dof-pass.ts from cce:/internal/x/prerequisite-imports as file:///C:/ProgramData/cocos/editors/Creator/3.8.5/resources/resources/3d/engine/editor/assets/default_renderpipeline/builtin-dof-pass.ts.
16:41:10.408 debug: Resolve file:///C:/ProgramData/cocos/editors/Creator/3.8.5/resources/resources/3d/engine/editor/assets/default_renderpipeline/builtin-pipeline-pass.ts from cce:/internal/x/prerequisite-imports as file:///C:/ProgramData/cocos/editors/Creator/3.8.5/resources/resources/3d/engine/editor/assets/default_renderpipeline/builtin-pipeline-pass.ts.
16:41:10.409 debug: Resolve file:///C:/ProgramData/cocos/editors/Creator/3.8.5/resources/resources/3d/engine/editor/assets/default_renderpipeline/builtin-pipeline-settings.ts from cce:/internal/x/prerequisite-imports as file:///C:/ProgramData/cocos/editors/Creator/3.8.5/resources/resources/3d/engine/editor/assets/default_renderpipeline/builtin-pipeline-settings.ts.
16:41:10.411 debug: Resolve file:///C:/ProgramData/cocos/editors/Creator/3.8.5/resources/resources/3d/engine/editor/assets/default_renderpipeline/builtin-pipeline-types.ts from cce:/internal/x/prerequisite-imports as file:///C:/ProgramData/cocos/editors/Creator/3.8.5/resources/resources/3d/engine/editor/assets/default_renderpipeline/builtin-pipeline-types.ts.
16:41:10.411 debug: Resolve file:///C:/ProgramData/cocos/editors/Creator/3.8.5/resources/resources/3d/engine/editor/assets/default_renderpipeline/builtin-pipeline.ts from cce:/internal/x/prerequisite-imports as file:///C:/ProgramData/cocos/editors/Creator/3.8.5/resources/resources/3d/engine/editor/assets/default_renderpipeline/builtin-pipeline.ts.
16:41:10.412 debug: Resolve file:///C:/ProgramData/cocos/editors/Creator/3.8.5/resources/resources/3d/engine/editor/assets/tools/debug-view-runtime-control.ts from cce:/internal/x/prerequisite-imports as file:///C:/ProgramData/cocos/editors/Creator/3.8.5/resources/resources/3d/engine/editor/assets/tools/debug-view-runtime-control.ts.
16:41:10.412 debug: Resolve file:///D:/Game-Engine%20Projects/Blazing7Test/assets/Scripts/Api/ApiCore.ts from cce:/internal/x/prerequisite-imports as file:///D:/Game-Engine%20Projects/Blazing7Test/assets/Scripts/Api/ApiCore.ts.
16:41:10.412 debug: Resolve file:///D:/Game-Engine%20Projects/Blazing7Test/assets/Scripts/Api/ApiError.ts from cce:/internal/x/prerequisite-imports as file:///D:/Game-Engine%20Projects/Blazing7Test/assets/Scripts/Api/ApiError.ts.
16:41:10.412 debug: Resolve file:///D:/Game-Engine%20Projects/Blazing7Test/assets/Scripts/Api/ApiManager.ts from cce:/internal/x/prerequisite-imports as file:///D:/Game-Engine%20Projects/Blazing7Test/assets/Scripts/Api/ApiManager.ts.
16:41:10.413 debug: Resolve file:///D:/Game-Engine%20Projects/Blazing7Test/assets/Scripts/Api/GameApi.ts from cce:/internal/x/prerequisite-imports as file:///D:/Game-Engine%20Projects/Blazing7Test/assets/Scripts/Api/GameApi.ts.
16:41:10.413 debug: Resolve file:///D:/Game-Engine%20Projects/Blazing7Test/assets/Scripts/Card/NumberCardView.ts from cce:/internal/x/prerequisite-imports as file:///D:/Game-Engine%20Projects/Blazing7Test/assets/Scripts/Card/NumberCardView.ts.
16:41:10.413 debug: Resolve file:///D:/Game-Engine%20Projects/Blazing7Test/assets/Scripts/Card/ScratchCard.ts from cce:/internal/x/prerequisite-imports as file:///D:/Game-Engine%20Projects/Blazing7Test/assets/Scripts/Card/ScratchCard.ts.
16:41:10.413 debug: Resolve file:///D:/Game-Engine%20Projects/Blazing7Test/assets/Scripts/Card/ScratchCardView.ts from cce:/internal/x/prerequisite-imports as file:///D:/Game-Engine%20Projects/Blazing7Test/assets/Scripts/Card/ScratchCardView.ts.
16:41:10.413 debug: Resolve file:///D:/Game-Engine%20Projects/Blazing7Test/assets/Scripts/Data/GameData.ts from cce:/internal/x/prerequisite-imports as file:///D:/Game-Engine%20Projects/Blazing7Test/assets/Scripts/Data/GameData.ts.
16:41:10.414 debug: Resolve file:///D:/Game-Engine%20Projects/Blazing7Test/assets/Scripts/Data/GameUserInfo.ts from cce:/internal/x/prerequisite-imports as file:///D:/Game-Engine%20Projects/Blazing7Test/assets/Scripts/Data/GameUserInfo.ts.
16:41:10.414 debug: Resolve file:///D:/Game-Engine%20Projects/Blazing7Test/assets/Scripts/Data/TicketData.ts from cce:/internal/x/prerequisite-imports as file:///D:/Game-Engine%20Projects/Blazing7Test/assets/Scripts/Data/TicketData.ts.
16:41:10.414 debug: Resolve file:///D:/Game-Engine%20Projects/Blazing7Test/assets/Scripts/Data/TicketItem.ts from cce:/internal/x/prerequisite-imports as file:///D:/Game-Engine%20Projects/Blazing7Test/assets/Scripts/Data/TicketItem.ts.
16:41:10.414 debug: Resolve file:///D:/Game-Engine%20Projects/Blazing7Test/assets/Scripts/EventListener/BaseEventListener.ts from cce:/internal/x/prerequisite-imports as file:///D:/Game-Engine%20Projects/Blazing7Test/assets/Scripts/EventListener/BaseEventListener.ts.
16:41:10.414 debug: Resolve file:///D:/Game-Engine%20Projects/Blazing7Test/assets/Scripts/Game/DragonsEyeIntro.ts from cce:/internal/x/prerequisite-imports as file:///D:/Game-Engine%20Projects/Blazing7Test/assets/Scripts/Game/DragonsEyeIntro.ts.
16:41:10.414 debug: Resolve file:///D:/Game-Engine%20Projects/Blazing7Test/assets/Scripts/Game/Game.ts from cce:/internal/x/prerequisite-imports as file:///D:/Game-Engine%20Projects/Blazing7Test/assets/Scripts/Game/Game.ts.
16:41:10.414 debug: Resolve file:///D:/Game-Engine%20Projects/Blazing7Test/assets/Scripts/Game/GameOptions.ts from cce:/internal/x/prerequisite-imports as file:///D:/Game-Engine%20Projects/Blazing7Test/assets/Scripts/Game/GameOptions.ts.
16:41:10.415 debug: Resolve file:///D:/Game-Engine%20Projects/Blazing7Test/assets/Scripts/Game/PricePopUpOptions.ts from cce:/internal/x/prerequisite-imports as file:///D:/Game-Engine%20Projects/Blazing7Test/assets/Scripts/Game/PricePopUpOptions.ts.
16:41:10.415 debug: Resolve file:///D:/Game-Engine%20Projects/Blazing7Test/assets/Scripts/Managers/AudioManager.ts from cce:/internal/x/prerequisite-imports as file:///D:/Game-Engine%20Projects/Blazing7Test/assets/Scripts/Managers/AudioManager.ts.
16:41:10.415 debug: Resolve file:///D:/Game-Engine%20Projects/Blazing7Test/assets/Scripts/Managers/GameManager.ts from cce:/internal/x/prerequisite-imports as file:///D:/Game-Engine%20Projects/Blazing7Test/assets/Scripts/Managers/GameManager.ts.
16:41:10.415 debug: Resolve file:///D:/Game-Engine%20Projects/Blazing7Test/assets/Scripts/Managers/PopUpManager.ts from cce:/internal/x/prerequisite-imports as file:///D:/Game-Engine%20Projects/Blazing7Test/assets/Scripts/Managers/PopUpManager.ts.
16:41:10.415 debug: Resolve file:///D:/Game-Engine%20Projects/Blazing7Test/assets/Scripts/Managers/ResourceManager.ts from cce:/internal/x/prerequisite-imports as file:///D:/Game-Engine%20Projects/Blazing7Test/assets/Scripts/Managers/ResourceManager.ts.
16:41:10.415 debug: Resolve file:///D:/Game-Engine%20Projects/Blazing7Test/assets/Scripts/Managers/SceneManager.ts from cce:/internal/x/prerequisite-imports as file:///D:/Game-Engine%20Projects/Blazing7Test/assets/Scripts/Managers/SceneManager.ts.
16:41:10.416 debug: Resolve file:///D:/Game-Engine%20Projects/Blazing7Test/assets/Scripts/Managers/Services.ts from cce:/internal/x/prerequisite-imports as file:///D:/Game-Engine%20Projects/Blazing7Test/assets/Scripts/Managers/Services.ts.
16:41:10.416 debug: Resolve file:///D:/Game-Engine%20Projects/Blazing7Test/assets/Scripts/Managers/WebsocketManager.ts from cce:/internal/x/prerequisite-imports as file:///D:/Game-Engine%20Projects/Blazing7Test/assets/Scripts/Managers/WebsocketManager.ts.
16:41:10.416 debug: Resolve file:///D:/Game-Engine%20Projects/Blazing7Test/assets/Scripts/Managers/WinBroadcastManager.ts from cce:/internal/x/prerequisite-imports as file:///D:/Game-Engine%20Projects/Blazing7Test/assets/Scripts/Managers/WinBroadcastManager.ts.
16:41:10.416 debug: Resolve file:///D:/Game-Engine%20Projects/Blazing7Test/assets/Scripts/Managers/WsConfig.ts from cce:/internal/x/prerequisite-imports as file:///D:/Game-Engine%20Projects/Blazing7Test/assets/Scripts/Managers/WsConfig.ts.
16:41:10.416 debug: Resolve file:///D:/Game-Engine%20Projects/Blazing7Test/assets/Scripts/Scratch/FragmentView.ts from cce:/internal/x/prerequisite-imports as file:///D:/Game-Engine%20Projects/Blazing7Test/assets/Scripts/Scratch/FragmentView.ts.
16:41:10.416 debug: Resolve file:///D:/Game-Engine%20Projects/Blazing7Test/assets/Scripts/Scratch/ScratchMask.ts from cce:/internal/x/prerequisite-imports as file:///D:/Game-Engine%20Projects/Blazing7Test/assets/Scripts/Scratch/ScratchMask.ts.
16:41:10.416 debug: Resolve file:///D:/Game-Engine%20Projects/Blazing7Test/assets/Scripts/Scratch/ScratchRenderer.ts from cce:/internal/x/prerequisite-imports as file:///D:/Game-Engine%20Projects/Blazing7Test/assets/Scripts/Scratch/ScratchRenderer.ts.
16:41:10.417 debug: Resolve file:///D:/Game-Engine%20Projects/Blazing7Test/assets/Scripts/Scratch/ScratchSystem.ts from cce:/internal/x/prerequisite-imports as file:///D:/Game-Engine%20Projects/Blazing7Test/assets/Scripts/Scratch/ScratchSystem.ts.
16:41:10.417 debug: Resolve file:///D:/Game-Engine%20Projects/Blazing7Test/assets/Scripts/Scratch/ScratchTrajectory.ts from cce:/internal/x/prerequisite-imports as file:///D:/Game-Engine%20Projects/Blazing7Test/assets/Scripts/Scratch/ScratchTrajectory.ts.
16:41:10.417 debug: Resolve file:///D:/Game-Engine%20Projects/Blazing7Test/assets/Scripts/Scratch/ScratchTypes.ts from cce:/internal/x/prerequisite-imports as file:///D:/Game-Engine%20Projects/Blazing7Test/assets/Scripts/Scratch/ScratchTypes.ts.
16:41:10.418 debug: Resolve file:///D:/Game-Engine%20Projects/Blazing7Test/assets/Scripts/Types/announcement.types.ts from cce:/internal/x/prerequisite-imports as file:///D:/Game-Engine%20Projects/Blazing7Test/assets/Scripts/Types/announcement.types.ts.
16:41:10.418 debug: Resolve file:///D:/Game-Engine%20Projects/Blazing7Test/assets/Scripts/Types/api.types.ts from cce:/internal/x/prerequisite-imports as file:///D:/Game-Engine%20Projects/Blazing7Test/assets/Scripts/Types/api.types.ts.
16:41:10.419 debug: Resolve file:///D:/Game-Engine%20Projects/Blazing7Test/assets/Scripts/Types/card.types.ts from cce:/internal/x/prerequisite-imports as file:///D:/Game-Engine%20Projects/Blazing7Test/assets/Scripts/Types/card.types.ts.
16:41:10.419 debug: Resolve file:///D:/Game-Engine%20Projects/Blazing7Test/assets/Scripts/Types/game.types.ts from cce:/internal/x/prerequisite-imports as file:///D:/Game-Engine%20Projects/Blazing7Test/assets/Scripts/Types/game.types.ts.
16:41:10.419 debug: Resolve file:///D:/Game-Engine%20Projects/Blazing7Test/assets/Scripts/Types/index.ts from cce:/internal/x/prerequisite-imports as file:///D:/Game-Engine%20Projects/Blazing7Test/assets/Scripts/Types/index.ts.
16:41:10.420 debug: Resolve file:///D:/Game-Engine%20Projects/Blazing7Test/assets/Scripts/Types/ranking.types.ts from cce:/internal/x/prerequisite-imports as file:///D:/Game-Engine%20Projects/Blazing7Test/assets/Scripts/Types/ranking.types.ts.
16:41:10.420 debug: Resolve file:///D:/Game-Engine%20Projects/Blazing7Test/assets/Scripts/Types/ticket.types.ts from cce:/internal/x/prerequisite-imports as file:///D:/Game-Engine%20Projects/Blazing7Test/assets/Scripts/Types/ticket.types.ts.
16:41:10.420 debug: Resolve file:///D:/Game-Engine%20Projects/Blazing7Test/assets/Scripts/Types/ui.types.ts from cce:/internal/x/prerequisite-imports as file:///D:/Game-Engine%20Projects/Blazing7Test/assets/Scripts/Types/ui.types.ts.
16:41:10.421 debug: Resolve file:///D:/Game-Engine%20Projects/Blazing7Test/assets/Scripts/Types/user.types.ts from cce:/internal/x/prerequisite-imports as file:///D:/Game-Engine%20Projects/Blazing7Test/assets/Scripts/Types/user.types.ts.
16:41:10.421 debug: Resolve file:///D:/Game-Engine%20Projects/Blazing7Test/assets/Scripts/UI/InteractableUIs/SingleButton.ts from cce:/internal/x/prerequisite-imports as file:///D:/Game-Engine%20Projects/Blazing7Test/assets/Scripts/UI/InteractableUIs/SingleButton.ts.
16:41:10.421 debug: Resolve file:///D:/Game-Engine%20Projects/Blazing7Test/assets/Scripts/UI/LastWin.ts from cce:/internal/x/prerequisite-imports as file:///D:/Game-Engine%20Projects/Blazing7Test/assets/Scripts/UI/LastWin.ts.
16:41:10.422 debug: Resolve file:///D:/Game-Engine%20Projects/Blazing7Test/assets/Scripts/UI/PopUp/MaxWinToasterPopUp.ts from cce:/internal/x/prerequisite-imports as file:///D:/Game-Engine%20Projects/Blazing7Test/assets/Scripts/UI/PopUp/MaxWinToasterPopUp.ts.
16:41:10.422 debug: Resolve file:///D:/Game-Engine%20Projects/Blazing7Test/assets/Scripts/UI/PopUp/WinPopUp.ts from cce:/internal/x/prerequisite-imports as file:///D:/Game-Engine%20Projects/Blazing7Test/assets/Scripts/UI/PopUp/WinPopUp.ts.
16:41:10.423 debug: Resolve file:///D:/Game-Engine%20Projects/Blazing7Test/assets/Scripts/UI/PopUp/WinnerBroadcastPopUp.ts from cce:/internal/x/prerequisite-imports as file:///D:/Game-Engine%20Projects/Blazing7Test/assets/Scripts/UI/PopUp/WinnerBroadcastPopUp.ts.
16:41:10.423 debug: Resolve file:///D:/Game-Engine%20Projects/Blazing7Test/assets/Scripts/UI/Scenes/Game/ScrollingBackground.ts from cce:/internal/x/prerequisite-imports as file:///D:/Game-Engine%20Projects/Blazing7Test/assets/Scripts/UI/Scenes/Game/ScrollingBackground.ts.
16:41:10.424 debug: Resolve file:///D:/Game-Engine%20Projects/Blazing7Test/assets/Scripts/UI/Scenes/Loading/LoadingBar.ts from cce:/internal/x/prerequisite-imports as file:///D:/Game-Engine%20Projects/Blazing7Test/assets/Scripts/UI/Scenes/Loading/LoadingBar.ts.
16:41:10.424 debug: Resolve file:///D:/Game-Engine%20Projects/Blazing7Test/assets/Scripts/UI/Scenes/Loading/LoadingScene.ts from cce:/internal/x/prerequisite-imports as file:///D:/Game-Engine%20Projects/Blazing7Test/assets/Scripts/UI/Scenes/Loading/LoadingScene.ts.
16:41:10.424 debug: Resolve file:///D:/Game-Engine%20Projects/Blazing7Test/assets/Scripts/UI/Scenes/NewPlayerGuide.ts from cce:/internal/x/prerequisite-imports as file:///D:/Game-Engine%20Projects/Blazing7Test/assets/Scripts/UI/Scenes/NewPlayerGuide.ts.
16:41:10.424 debug: Resolve file:///D:/Game-Engine%20Projects/Blazing7Test/assets/Scripts/UI/UIRoot.ts from cce:/internal/x/prerequisite-imports as file:///D:/Game-Engine%20Projects/Blazing7Test/assets/Scripts/UI/UIRoot.ts.
16:41:10.425 debug: Resolve file:///D:/Game-Engine%20Projects/Blazing7Test/assets/Scripts/UI/VisualFx/DragonBreathing.ts from cce:/internal/x/prerequisite-imports as file:///D:/Game-Engine%20Projects/Blazing7Test/assets/Scripts/UI/VisualFx/DragonBreathing.ts.
16:41:10.425 debug: Resolve file:///D:/Game-Engine%20Projects/Blazing7Test/assets/Scripts/UI/VisualFx/HelpView.ts from cce:/internal/x/prerequisite-imports as file:///D:/Game-Engine%20Projects/Blazing7Test/assets/Scripts/UI/VisualFx/HelpView.ts.
16:41:10.425 debug: Resolve file:///D:/Game-Engine%20Projects/Blazing7Test/assets/Scripts/UI/VisualFx/NodeMovement.ts from cce:/internal/x/prerequisite-imports as file:///D:/Game-Engine%20Projects/Blazing7Test/assets/Scripts/UI/VisualFx/NodeMovement.ts.
16:41:10.425 debug: Resolve file:///D:/Game-Engine%20Projects/Blazing7Test/assets/Scripts/utils/NumberFormatter.ts from cce:/internal/x/prerequisite-imports as file:///D:/Game-Engine%20Projects/Blazing7Test/assets/Scripts/utils/NumberFormatter.ts.
16:41:10.425 debug: Resolve file:///D:/Game-Engine%20Projects/Blazing7Test/assets/Scripts/utils/logger.ts from cce:/internal/x/prerequisite-imports as file:///D:/Game-Engine%20Projects/Blazing7Test/assets/Scripts/utils/logger.ts.
16:41:10.426 debug: Resolve file:///D:/Game-Engine%20Projects/Blazing7Test/assets/menu-bundle/BANANACRAZE/script/BundleBonusItem.ts from cce:/internal/x/prerequisite-imports as file:///D:/Game-Engine%20Projects/Blazing7Test/assets/menu-bundle/BANANACRAZE/script/BundleBonusItem.ts.
16:41:10.426 debug: Resolve file:///D:/Game-Engine%20Projects/Blazing7Test/assets/menu-bundle/BANANACRAZE/script/BundleBonusTrajectory.ts from cce:/internal/x/prerequisite-imports as file:///D:/Game-Engine%20Projects/Blazing7Test/assets/menu-bundle/BANANACRAZE/script/BundleBonusTrajectory.ts.
16:41:10.427 debug: Resolve file:///D:/Game-Engine%20Projects/Blazing7Test/assets/menu-bundle/BANANACRAZE/script/BundleCardTrajectory.ts from cce:/internal/x/prerequisite-imports as file:///D:/Game-Engine%20Projects/Blazing7Test/assets/menu-bundle/BANANACRAZE/script/BundleCardTrajectory.ts.
16:41:10.427 debug: Resolve file:///D:/Game-Engine%20Projects/Blazing7Test/assets/menu-bundle/BANANACRAZE/script/BundleLeafItem.ts from cce:/internal/x/prerequisite-imports as file:///D:/Game-Engine%20Projects/Blazing7Test/assets/menu-bundle/BANANACRAZE/script/BundleLeafItem.ts.
16:41:10.427 debug: Resolve file:///D:/Game-Engine%20Projects/Blazing7Test/assets/menu-bundle/BANANACRAZE/script/BundleLeafManagerTrajectory.ts from cce:/internal/x/prerequisite-imports as file:///D:/Game-Engine%20Projects/Blazing7Test/assets/menu-bundle/BANANACRAZE/script/BundleLeafManagerTrajectory.ts.
16:41:10.428 debug: Resolve file:///D:/Game-Engine%20Projects/Blazing7Test/assets/menu-bundle/BANANACRAZE/script/BundleTrajectory.ts from cce:/internal/x/prerequisite-imports as file:///D:/Game-Engine%20Projects/Blazing7Test/assets/menu-bundle/BANANACRAZE/script/BundleTrajectory.ts.
16:41:10.428 debug: Resolve file:///D:/Game-Engine%20Projects/Blazing7Test/assets/menu-bundle/BANANACRAZE/script/BundleYourNumberItem.ts from cce:/internal/x/prerequisite-imports as file:///D:/Game-Engine%20Projects/Blazing7Test/assets/menu-bundle/BANANACRAZE/script/BundleYourNumberItem.ts.
16:41:10.428 debug: Resolve file:///D:/Game-Engine%20Projects/Blazing7Test/assets/menu-bundle/BANANACRAZE/script/BundleYourNumbersTrajectory.ts from cce:/internal/x/prerequisite-imports as file:///D:/Game-Engine%20Projects/Blazing7Test/assets/menu-bundle/BANANACRAZE/script/BundleYourNumbersTrajectory.ts.
16:41:10.428 debug: Resolve file:///D:/Game-Engine%20Projects/Blazing7Test/assets/menu-bundle/BINGO2/script/BingoAudio.ts from cce:/internal/x/prerequisite-imports as file:///D:/Game-Engine%20Projects/Blazing7Test/assets/menu-bundle/BINGO2/script/BingoAudio.ts.
16:41:10.429 debug: Resolve file:///D:/Game-Engine%20Projects/Blazing7Test/assets/menu-bundle/BINGO2/script/BingoBalls.ts from cce:/internal/x/prerequisite-imports as file:///D:/Game-Engine%20Projects/Blazing7Test/assets/menu-bundle/BINGO2/script/BingoBalls.ts.
16:41:10.429 debug: Resolve file:///D:/Game-Engine%20Projects/Blazing7Test/assets/menu-bundle/BINGO2/script/BingoBallsScratch.ts from cce:/internal/x/prerequisite-imports as file:///D:/Game-Engine%20Projects/Blazing7Test/assets/menu-bundle/BINGO2/script/BingoBallsScratch.ts.
16:41:10.429 debug: Resolve file:///D:/Game-Engine%20Projects/Blazing7Test/assets/menu-bundle/BINGO2/script/BingoCard.ts from cce:/internal/x/prerequisite-imports as file:///D:/Game-Engine%20Projects/Blazing7Test/assets/menu-bundle/BINGO2/script/BingoCard.ts.
16:41:10.429 debug: Resolve file:///D:/Game-Engine%20Projects/Blazing7Test/assets/menu-bundle/BINGO2/script/BingoCardDetails.ts from cce:/internal/x/prerequisite-imports as file:///D:/Game-Engine%20Projects/Blazing7Test/assets/menu-bundle/BINGO2/script/BingoCardDetails.ts.
16:41:10.429 debug: Resolve file:///D:/Game-Engine%20Projects/Blazing7Test/assets/menu-bundle/BINGO2/script/BingoConfig.ts from cce:/internal/x/prerequisite-imports as file:///D:/Game-Engine%20Projects/Blazing7Test/assets/menu-bundle/BINGO2/script/BingoConfig.ts.
16:41:10.429 debug: Resolve file:///D:/Game-Engine%20Projects/Blazing7Test/assets/menu-bundle/BINGO2/script/BingoExtraball.ts from cce:/internal/x/prerequisite-imports as file:///D:/Game-Engine%20Projects/Blazing7Test/assets/menu-bundle/BINGO2/script/BingoExtraball.ts.
16:41:10.429 debug: Resolve file:///D:/Game-Engine%20Projects/Blazing7Test/assets/menu-bundle/BINGO2/script/BingoNumber.ts from cce:/internal/x/prerequisite-imports as file:///D:/Game-Engine%20Projects/Blazing7Test/assets/menu-bundle/BINGO2/script/BingoNumber.ts.
16:41:10.430 debug: Resolve file:///D:/Game-Engine%20Projects/Blazing7Test/assets/menu-bundle/BINGO2/script/BingoRuleItem.ts from cce:/internal/x/prerequisite-imports as file:///D:/Game-Engine%20Projects/Blazing7Test/assets/menu-bundle/BINGO2/script/BingoRuleItem.ts.
16:41:10.430 debug: Resolve file:///D:/Game-Engine%20Projects/Blazing7Test/assets/menu-bundle/BINGO2/script/BingoRuleSlider.ts from cce:/internal/x/prerequisite-imports as file:///D:/Game-Engine%20Projects/Blazing7Test/assets/menu-bundle/BINGO2/script/BingoRuleSlider.ts.
16:41:10.430 debug: Resolve file:///D:/Game-Engine%20Projects/Blazing7Test/assets/menu-bundle/BINGO2/script/BingoWinAlert.ts from cce:/internal/x/prerequisite-imports as file:///D:/Game-Engine%20Projects/Blazing7Test/assets/menu-bundle/BINGO2/script/BingoWinAlert.ts.
16:41:10.430 debug: Resolve file:///D:/Game-Engine%20Projects/Blazing7Test/assets/menu-bundle/BINGO2/script/BingoWinLine.ts from cce:/internal/x/prerequisite-imports as file:///D:/Game-Engine%20Projects/Blazing7Test/assets/menu-bundle/BINGO2/script/BingoWinLine.ts.
16:41:10.430 debug: Resolve file:///D:/Game-Engine%20Projects/Blazing7Test/assets/menu-bundle/BINGO2/script/BingoWinRule.ts from cce:/internal/x/prerequisite-imports as file:///D:/Game-Engine%20Projects/Blazing7Test/assets/menu-bundle/BINGO2/script/BingoWinRule.ts.
16:41:10.431 debug: Resolve file:///D:/Game-Engine%20Projects/Blazing7Test/assets/menu-bundle/BLAZING_7S_SCRATCH/script/BundleTrajectory7s.ts from cce:/internal/x/prerequisite-imports as file:///D:/Game-Engine%20Projects/Blazing7Test/assets/menu-bundle/BLAZING_7S_SCRATCH/script/BundleTrajectory7s.ts.
16:41:10.431 debug: Resolve file:///D:/Game-Engine%20Projects/Blazing7Test/assets/menu-bundle/BLAZING_7S_SCRATCH/script/CardFragmentView.ts from cce:/internal/x/prerequisite-imports as file:///D:/Game-Engine%20Projects/Blazing7Test/assets/menu-bundle/BLAZING_7S_SCRATCH/script/CardFragmentView.ts.
16:41:10.431 debug: Resolve file:///D:/Game-Engine%20Projects/Blazing7Test/assets/menu-bundle/BLAZING_7S_SCRATCH/script/CardReview7s.ts from cce:/internal/x/prerequisite-imports as file:///D:/Game-Engine%20Projects/Blazing7Test/assets/menu-bundle/BLAZING_7S_SCRATCH/script/CardReview7s.ts.
16:41:10.431 debug: Resolve file:///D:/Game-Engine%20Projects/Blazing7Test/assets/menu-bundle/BLAZING_7S_SCRATCH/script/CardReviewMask.ts from cce:/internal/x/prerequisite-imports as file:///D:/Game-Engine%20Projects/Blazing7Test/assets/menu-bundle/BLAZING_7S_SCRATCH/script/CardReviewMask.ts.
16:41:10.432 debug: Resolve file:///D:/Game-Engine%20Projects/Blazing7Test/assets/menu-bundle/BLAZING_7S_SCRATCH/script/CardReviewRenderer.ts from cce:/internal/x/prerequisite-imports as file:///D:/Game-Engine%20Projects/Blazing7Test/assets/menu-bundle/BLAZING_7S_SCRATCH/script/CardReviewRenderer.ts.
16:41:10.432 debug: Resolve file:///D:/Game-Engine%20Projects/Blazing7Test/assets/menu-bundle/BLAZING_7S_SCRATCH/script/CardReviewSystemBlazing.ts from cce:/internal/x/prerequisite-imports as file:///D:/Game-Engine%20Projects/Blazing7Test/assets/menu-bundle/BLAZING_7S_SCRATCH/script/CardReviewSystemBlazing.ts.
16:41:10.432 debug: Resolve file:///D:/Game-Engine%20Projects/Blazing7Test/assets/menu-bundle/BLAZING_7S_SCRATCH/script/CardTypes.ts from cce:/internal/x/prerequisite-imports as file:///D:/Game-Engine%20Projects/Blazing7Test/assets/menu-bundle/BLAZING_7S_SCRATCH/script/CardTypes.ts.
16:41:10.432 debug: Resolve file:///D:/Game-Engine%20Projects/Blazing7Test/assets/menu-bundle/BLAZING_7S_SCRATCH/script/FragmentView.ts from cce:/internal/x/prerequisite-imports as file:///D:/Game-Engine%20Projects/Blazing7Test/assets/menu-bundle/BLAZING_7S_SCRATCH/script/FragmentView.ts.
16:41:10.432 debug: Resolve file:///D:/Game-Engine%20Projects/Blazing7Test/assets/menu-bundle/BLAZING_7S_SCRATCH/script/ScratchAutoPlayer.ts from cce:/internal/x/prerequisite-imports as file:///D:/Game-Engine%20Projects/Blazing7Test/assets/menu-bundle/BLAZING_7S_SCRATCH/script/ScratchAutoPlayer.ts.
16:41:10.432 debug: Resolve file:///D:/Game-Engine%20Projects/Blazing7Test/assets/menu-bundle/BLAZING_7S_SCRATCH/script/ScratchMask.ts from cce:/internal/x/prerequisite-imports as file:///D:/Game-Engine%20Projects/Blazing7Test/assets/menu-bundle/BLAZING_7S_SCRATCH/script/ScratchMask.ts.
16:41:10.432 debug: Resolve file:///D:/Game-Engine%20Projects/Blazing7Test/assets/menu-bundle/BLAZING_7S_SCRATCH/script/ScratchNumber.ts from cce:/internal/x/prerequisite-imports as file:///D:/Game-Engine%20Projects/Blazing7Test/assets/menu-bundle/BLAZING_7S_SCRATCH/script/ScratchNumber.ts.
16:41:10.433 debug: Resolve file:///D:/Game-Engine%20Projects/Blazing7Test/assets/menu-bundle/BLAZING_7S_SCRATCH/script/ScratchRenderer.ts from cce:/internal/x/prerequisite-imports as file:///D:/Game-Engine%20Projects/Blazing7Test/assets/menu-bundle/BLAZING_7S_SCRATCH/script/ScratchRenderer.ts.
16:41:10.433 debug: Resolve file:///D:/Game-Engine%20Projects/Blazing7Test/assets/menu-bundle/BLAZING_7S_SCRATCH/script/ScratchSound.ts from cce:/internal/x/prerequisite-imports as file:///D:/Game-Engine%20Projects/Blazing7Test/assets/menu-bundle/BLAZING_7S_SCRATCH/script/ScratchSound.ts.
16:41:10.433 debug: Resolve file:///D:/Game-Engine%20Projects/Blazing7Test/assets/menu-bundle/BLAZING_7S_SCRATCH/script/ScratchSystem.ts from cce:/internal/x/prerequisite-imports as file:///D:/Game-Engine%20Projects/Blazing7Test/assets/menu-bundle/BLAZING_7S_SCRATCH/script/ScratchSystem.ts.
16:41:10.434 debug: Resolve file:///D:/Game-Engine%20Projects/Blazing7Test/assets/menu-bundle/BLAZING_7S_SCRATCH/script/ScratchTrajectory.ts from cce:/internal/x/prerequisite-imports as file:///D:/Game-Engine%20Projects/Blazing7Test/assets/menu-bundle/BLAZING_7S_SCRATCH/script/ScratchTrajectory.ts.
16:41:10.434 debug: Resolve file:///D:/Game-Engine%20Projects/Blazing7Test/assets/menu-bundle/BLAZING_7S_SCRATCH/script/ScratchTypes.ts from cce:/internal/x/prerequisite-imports as file:///D:/Game-Engine%20Projects/Blazing7Test/assets/menu-bundle/BLAZING_7S_SCRATCH/script/ScratchTypes.ts.
16:41:10.434 debug: Resolve file:///D:/Game-Engine%20Projects/Blazing7Test/assets/menu-bundle/BLAZING_7S_SCRATCH/script/Trajectory.ts from cce:/internal/x/prerequisite-imports as file:///D:/Game-Engine%20Projects/Blazing7Test/assets/menu-bundle/BLAZING_7S_SCRATCH/script/Trajectory.ts.
16:41:10.435 debug: Resolve file:///D:/Game-Engine%20Projects/Blazing7Test/assets/menu-bundle/DEEP_SEA/script/DeepBonusShells.ts from cce:/internal/x/prerequisite-imports as file:///D:/Game-Engine%20Projects/Blazing7Test/assets/menu-bundle/DEEP_SEA/script/DeepBonusShells.ts.
16:41:10.435 debug: Resolve file:///D:/Game-Engine%20Projects/Blazing7Test/assets/menu-bundle/DEEP_SEA/script/DeepSeaBG.ts from cce:/internal/x/prerequisite-imports as file:///D:/Game-Engine%20Projects/Blazing7Test/assets/menu-bundle/DEEP_SEA/script/DeepSeaBG.ts.
16:41:10.435 debug: Resolve file:///D:/Game-Engine%20Projects/Blazing7Test/assets/menu-bundle/DEEP_SEA/script/DeepSeaBaseUI.ts from cce:/internal/x/prerequisite-imports as file:///D:/Game-Engine%20Projects/Blazing7Test/assets/menu-bundle/DEEP_SEA/script/DeepSeaBaseUI.ts.
16:41:10.436 debug: Resolve file:///D:/Game-Engine%20Projects/Blazing7Test/assets/menu-bundle/DEEP_SEA/script/DeepSeaBonus.ts from cce:/internal/x/prerequisite-imports as file:///D:/Game-Engine%20Projects/Blazing7Test/assets/menu-bundle/DEEP_SEA/script/DeepSeaBonus.ts.
16:41:10.436 debug: Resolve file:///D:/Game-Engine%20Projects/Blazing7Test/assets/menu-bundle/DEEP_SEA/script/DeepSeaBonusGame.ts from cce:/internal/x/prerequisite-imports as file:///D:/Game-Engine%20Projects/Blazing7Test/assets/menu-bundle/DEEP_SEA/script/DeepSeaBonusGame.ts.
16:41:10.436 debug: Resolve file:///D:/Game-Engine%20Projects/Blazing7Test/assets/menu-bundle/DEEP_SEA/script/DeepSeaBonusInfo.ts from cce:/internal/x/prerequisite-imports as file:///D:/Game-Engine%20Projects/Blazing7Test/assets/menu-bundle/DEEP_SEA/script/DeepSeaBonusInfo.ts.
16:41:10.436 debug: Resolve file:///D:/Game-Engine%20Projects/Blazing7Test/assets/menu-bundle/DEEP_SEA/script/DeepSeaBonusJackpot.ts from cce:/internal/x/prerequisite-imports as file:///D:/Game-Engine%20Projects/Blazing7Test/assets/menu-bundle/DEEP_SEA/script/DeepSeaBonusJackpot.ts.
16:41:10.437 debug: Resolve file:///D:/Game-Engine%20Projects/Blazing7Test/assets/menu-bundle/DEEP_SEA/script/DeepSeaBonusShellItem.ts from cce:/internal/x/prerequisite-imports as file:///D:/Game-Engine%20Projects/Blazing7Test/assets/menu-bundle/DEEP_SEA/script/DeepSeaBonusShellItem.ts.
16:41:10.437 debug: Resolve file:///D:/Game-Engine%20Projects/Blazing7Test/assets/menu-bundle/DEEP_SEA/script/DeepSeaBonusStone.ts from cce:/internal/x/prerequisite-imports as file:///D:/Game-Engine%20Projects/Blazing7Test/assets/menu-bundle/DEEP_SEA/script/DeepSeaBonusStone.ts.
16:41:10.437 debug: Resolve file:///D:/Game-Engine%20Projects/Blazing7Test/assets/menu-bundle/DEEP_SEA/script/DeepSeaBonusWin.ts from cce:/internal/x/prerequisite-imports as file:///D:/Game-Engine%20Projects/Blazing7Test/assets/menu-bundle/DEEP_SEA/script/DeepSeaBonusWin.ts.
16:41:10.438 debug: Resolve file:///D:/Game-Engine%20Projects/Blazing7Test/assets/menu-bundle/DEEP_SEA/script/DeepSeaBonusWinItem.ts from cce:/internal/x/prerequisite-imports as file:///D:/Game-Engine%20Projects/Blazing7Test/assets/menu-bundle/DEEP_SEA/script/DeepSeaBonusWinItem.ts.
16:41:10.438 debug: Resolve file:///D:/Game-Engine%20Projects/Blazing7Test/assets/menu-bundle/DEEP_SEA/script/DeepSeaBubbleNumItem.ts from cce:/internal/x/prerequisite-imports as file:///D:/Game-Engine%20Projects/Blazing7Test/assets/menu-bundle/DEEP_SEA/script/DeepSeaBubbleNumItem.ts.
16:41:10.438 debug: Resolve file:///D:/Game-Engine%20Projects/Blazing7Test/assets/menu-bundle/DEEP_SEA/script/DeepSeaBubbleScene.ts from cce:/internal/x/prerequisite-imports as file:///D:/Game-Engine%20Projects/Blazing7Test/assets/menu-bundle/DEEP_SEA/script/DeepSeaBubbleScene.ts.
16:41:10.438 debug: Resolve file:///D:/Game-Engine%20Projects/Blazing7Test/assets/menu-bundle/DEEP_SEA/script/DeepSeaBubbles.ts from cce:/internal/x/prerequisite-imports as file:///D:/Game-Engine%20Projects/Blazing7Test/assets/menu-bundle/DEEP_SEA/script/DeepSeaBubbles.ts.
16:41:10.439 debug: Resolve file:///D:/Game-Engine%20Projects/Blazing7Test/assets/menu-bundle/DEEP_SEA/script/DeepSeaCard.ts from cce:/internal/x/prerequisite-imports as file:///D:/Game-Engine%20Projects/Blazing7Test/assets/menu-bundle/DEEP_SEA/script/DeepSeaCard.ts.
16:41:10.439 debug: Resolve file:///D:/Game-Engine%20Projects/Blazing7Test/assets/menu-bundle/DEEP_SEA/script/DeepSeaCardDetails.ts from cce:/internal/x/prerequisite-imports as file:///D:/Game-Engine%20Projects/Blazing7Test/assets/menu-bundle/DEEP_SEA/script/DeepSeaCardDetails.ts.
16:41:10.439 debug: Resolve file:///D:/Game-Engine%20Projects/Blazing7Test/assets/menu-bundle/DEEP_SEA/script/DeepSeaCloudFloat.ts from cce:/internal/x/prerequisite-imports as file:///D:/Game-Engine%20Projects/Blazing7Test/assets/menu-bundle/DEEP_SEA/script/DeepSeaCloudFloat.ts.
16:41:10.440 debug: Resolve file:///D:/Game-Engine%20Projects/Blazing7Test/assets/menu-bundle/DEEP_SEA/script/DeepSeaFish.ts from cce:/internal/x/prerequisite-imports as file:///D:/Game-Engine%20Projects/Blazing7Test/assets/menu-bundle/DEEP_SEA/script/DeepSeaFish.ts.
16:41:10.440 debug: Resolve file:///D:/Game-Engine%20Projects/Blazing7Test/assets/menu-bundle/DEEP_SEA/script/DeepSeaGameRecord.ts from cce:/internal/x/prerequisite-imports as file:///D:/Game-Engine%20Projects/Blazing7Test/assets/menu-bundle/DEEP_SEA/script/DeepSeaGameRecord.ts.
16:41:10.440 debug: Resolve file:///D:/Game-Engine%20Projects/Blazing7Test/assets/menu-bundle/DEEP_SEA/script/DeepSeaMainGame.ts from cce:/internal/x/prerequisite-imports as file:///D:/Game-Engine%20Projects/Blazing7Test/assets/menu-bundle/DEEP_SEA/script/DeepSeaMainGame.ts.
16:41:10.440 debug: Resolve file:///D:/Game-Engine%20Projects/Blazing7Test/assets/menu-bundle/DEEP_SEA/script/DeepSeaMyNumber.ts from cce:/internal/x/prerequisite-imports as file:///D:/Game-Engine%20Projects/Blazing7Test/assets/menu-bundle/DEEP_SEA/script/DeepSeaMyNumber.ts.
16:41:10.440 debug: Resolve file:///D:/Game-Engine%20Projects/Blazing7Test/assets/menu-bundle/DEEP_SEA/script/DeepSeaReview.ts from cce:/internal/x/prerequisite-imports as file:///D:/Game-Engine%20Projects/Blazing7Test/assets/menu-bundle/DEEP_SEA/script/DeepSeaReview.ts.
16:41:10.440 debug: Resolve file:///D:/Game-Engine%20Projects/Blazing7Test/assets/menu-bundle/DEEP_SEA/script/DeepSeaSceneTranstion.ts from cce:/internal/x/prerequisite-imports as file:///D:/Game-Engine%20Projects/Blazing7Test/assets/menu-bundle/DEEP_SEA/script/DeepSeaSceneTranstion.ts.
16:41:10.441 debug: Resolve file:///D:/Game-Engine%20Projects/Blazing7Test/assets/menu-bundle/DEEP_SEA/script/DeepSeaSuperBonus.ts from cce:/internal/x/prerequisite-imports as file:///D:/Game-Engine%20Projects/Blazing7Test/assets/menu-bundle/DEEP_SEA/script/DeepSeaSuperBonus.ts.
16:41:10.441 debug: Resolve file:///D:/Game-Engine%20Projects/Blazing7Test/assets/menu-bundle/DEEP_SEA/script/DeepSeaSuperBonusGame.ts from cce:/internal/x/prerequisite-imports as file:///D:/Game-Engine%20Projects/Blazing7Test/assets/menu-bundle/DEEP_SEA/script/DeepSeaSuperBonusGame.ts.
16:41:10.441 debug: Resolve file:///D:/Game-Engine%20Projects/Blazing7Test/assets/menu-bundle/DEEP_SEA/script/DeepSeaWater.ts from cce:/internal/x/prerequisite-imports as file:///D:/Game-Engine%20Projects/Blazing7Test/assets/menu-bundle/DEEP_SEA/script/DeepSeaWater.ts.
16:41:10.441 debug: Resolve file:///D:/Game-Engine%20Projects/Blazing7Test/assets/menu-bundle/DEEP_SEA/script/DeepSeaWinNum.ts from cce:/internal/x/prerequisite-imports as file:///D:/Game-Engine%20Projects/Blazing7Test/assets/menu-bundle/DEEP_SEA/script/DeepSeaWinNum.ts.
16:41:10.442 debug: Resolve file:///D:/Game-Engine%20Projects/Blazing7Test/assets/menu-bundle/DEEP_SEA/script/data/DeepSeaAudio.ts from cce:/internal/x/prerequisite-imports as file:///D:/Game-Engine%20Projects/Blazing7Test/assets/menu-bundle/DEEP_SEA/script/data/DeepSeaAudio.ts.
16:41:10.442 debug: Resolve file:///D:/Game-Engine%20Projects/Blazing7Test/assets/menu-bundle/DEEP_SEA/script/data/DeepSeaCardData.ts from cce:/internal/x/prerequisite-imports as file:///D:/Game-Engine%20Projects/Blazing7Test/assets/menu-bundle/DEEP_SEA/script/data/DeepSeaCardData.ts.
16:41:10.442 debug: Resolve file:///D:/Game-Engine%20Projects/Blazing7Test/assets/menu-bundle/DEEP_SEA/script/data/DeepSeaEvent.ts from cce:/internal/x/prerequisite-imports as file:///D:/Game-Engine%20Projects/Blazing7Test/assets/menu-bundle/DEEP_SEA/script/data/DeepSeaEvent.ts.
16:41:10.442 debug: Resolve file:///D:/Game-Engine%20Projects/Blazing7Test/assets/menu-bundle/DEEP_SEA/script/data/DeepSeaRes.ts from cce:/internal/x/prerequisite-imports as file:///D:/Game-Engine%20Projects/Blazing7Test/assets/menu-bundle/DEEP_SEA/script/data/DeepSeaRes.ts.
16:41:10.443 debug: Resolve file:///D:/Game-Engine%20Projects/Blazing7Test/assets/menu-bundle/GINTO_MATCH/script/BundleTrajectoryGinto.ts from cce:/internal/x/prerequisite-imports as file:///D:/Game-Engine%20Projects/Blazing7Test/assets/menu-bundle/GINTO_MATCH/script/BundleTrajectoryGinto.ts.
16:41:10.444 debug: Resolve file:///D:/Game-Engine%20Projects/Blazing7Test/assets/menu-bundle/GINTO_MATCH/script/CardFragmentView.ts from cce:/internal/x/prerequisite-imports as file:///D:/Game-Engine%20Projects/Blazing7Test/assets/menu-bundle/GINTO_MATCH/script/CardFragmentView.ts.
16:41:10.444 debug: Resolve file:///D:/Game-Engine%20Projects/Blazing7Test/assets/menu-bundle/GINTO_MATCH/script/CardReviewGinto.ts from cce:/internal/x/prerequisite-imports as file:///D:/Game-Engine%20Projects/Blazing7Test/assets/menu-bundle/GINTO_MATCH/script/CardReviewGinto.ts.
16:41:10.444 debug: Resolve file:///D:/Game-Engine%20Projects/Blazing7Test/assets/menu-bundle/GINTO_MATCH/script/CardReviewMask.ts from cce:/internal/x/prerequisite-imports as file:///D:/Game-Engine%20Projects/Blazing7Test/assets/menu-bundle/GINTO_MATCH/script/CardReviewMask.ts.
16:41:10.444 debug: Resolve file:///D:/Game-Engine%20Projects/Blazing7Test/assets/menu-bundle/GINTO_MATCH/script/CardReviewRenderer.ts from cce:/internal/x/prerequisite-imports as file:///D:/Game-Engine%20Projects/Blazing7Test/assets/menu-bundle/GINTO_MATCH/script/CardReviewRenderer.ts.
16:41:10.444 debug: Resolve file:///D:/Game-Engine%20Projects/Blazing7Test/assets/menu-bundle/GINTO_MATCH/script/CardReviewSystem.ts from cce:/internal/x/prerequisite-imports as file:///D:/Game-Engine%20Projects/Blazing7Test/assets/menu-bundle/GINTO_MATCH/script/CardReviewSystem.ts.
16:41:10.444 debug: Resolve file:///D:/Game-Engine%20Projects/Blazing7Test/assets/menu-bundle/GINTO_MATCH/script/CardTypes.ts from cce:/internal/x/prerequisite-imports as file:///D:/Game-Engine%20Projects/Blazing7Test/assets/menu-bundle/GINTO_MATCH/script/CardTypes.ts.
16:41:10.445 debug: Resolve file:///D:/Game-Engine%20Projects/Blazing7Test/assets/menu-bundle/GINTO_MATCH/script/FragmentView.ts from cce:/internal/x/prerequisite-imports as file:///D:/Game-Engine%20Projects/Blazing7Test/assets/menu-bundle/GINTO_MATCH/script/FragmentView.ts.
16:41:10.445 debug: Resolve file:///D:/Game-Engine%20Projects/Blazing7Test/assets/menu-bundle/GINTO_MATCH/script/ScratchAutoPlayer.ts from cce:/internal/x/prerequisite-imports as file:///D:/Game-Engine%20Projects/Blazing7Test/assets/menu-bundle/GINTO_MATCH/script/ScratchAutoPlayer.ts.
16:41:10.445 debug: Resolve file:///D:/Game-Engine%20Projects/Blazing7Test/assets/menu-bundle/GINTO_MATCH/script/ScratchMask.ts from cce:/internal/x/prerequisite-imports as file:///D:/Game-Engine%20Projects/Blazing7Test/assets/menu-bundle/GINTO_MATCH/script/ScratchMask.ts.
16:41:10.445 debug: Resolve file:///D:/Game-Engine%20Projects/Blazing7Test/assets/menu-bundle/GINTO_MATCH/script/ScratchRenderer.ts from cce:/internal/x/prerequisite-imports as file:///D:/Game-Engine%20Projects/Blazing7Test/assets/menu-bundle/GINTO_MATCH/script/ScratchRenderer.ts.
16:41:10.445 debug: Resolve file:///D:/Game-Engine%20Projects/Blazing7Test/assets/menu-bundle/GINTO_MATCH/script/ScratchSound.ts from cce:/internal/x/prerequisite-imports as file:///D:/Game-Engine%20Projects/Blazing7Test/assets/menu-bundle/GINTO_MATCH/script/ScratchSound.ts.
16:41:10.445 debug: Resolve file:///D:/Game-Engine%20Projects/Blazing7Test/assets/menu-bundle/GINTO_MATCH/script/ScratchSystem.ts from cce:/internal/x/prerequisite-imports as file:///D:/Game-Engine%20Projects/Blazing7Test/assets/menu-bundle/GINTO_MATCH/script/ScratchSystem.ts.
16:41:10.445 debug: Resolve file:///D:/Game-Engine%20Projects/Blazing7Test/assets/menu-bundle/GINTO_MATCH/script/ScratchTrajectory.ts from cce:/internal/x/prerequisite-imports as file:///D:/Game-Engine%20Projects/Blazing7Test/assets/menu-bundle/GINTO_MATCH/script/ScratchTrajectory.ts.
16:41:10.446 debug: Resolve file:///D:/Game-Engine%20Projects/Blazing7Test/assets/menu-bundle/GINTO_MATCH/script/ScratchTypes.ts from cce:/internal/x/prerequisite-imports as file:///D:/Game-Engine%20Projects/Blazing7Test/assets/menu-bundle/GINTO_MATCH/script/ScratchTypes.ts.
16:41:10.446 debug: Resolve file:///D:/Game-Engine%20Projects/Blazing7Test/assets/menu-bundle/LUCKY_COLORS2/script/LuckyColor_CCFlopCard.ts from cce:/internal/x/prerequisite-imports as file:///D:/Game-Engine%20Projects/Blazing7Test/assets/menu-bundle/LUCKY_COLORS2/script/LuckyColor_CCFlopCard.ts.
16:41:10.446 debug: Resolve file:///D:/Game-Engine%20Projects/Blazing7Test/assets/menu-bundle/LUCKY_COLORS2/script/LuckyColor_Card.ts from cce:/internal/x/prerequisite-imports as file:///D:/Game-Engine%20Projects/Blazing7Test/assets/menu-bundle/LUCKY_COLORS2/script/LuckyColor_Card.ts.
16:41:10.446 debug: Resolve file:///D:/Game-Engine%20Projects/Blazing7Test/assets/menu-bundle/LUCKY_COLORS2/script/LuckyColor_CardItemColor.ts from cce:/internal/x/prerequisite-imports as file:///D:/Game-Engine%20Projects/Blazing7Test/assets/menu-bundle/LUCKY_COLORS2/script/LuckyColor_CardItemColor.ts.
16:41:10.446 debug: Resolve file:///D:/Game-Engine%20Projects/Blazing7Test/assets/menu-bundle/LUCKY_COLORS2/script/LuckyColor_CardReview.ts from cce:/internal/x/prerequisite-imports as file:///D:/Game-Engine%20Projects/Blazing7Test/assets/menu-bundle/LUCKY_COLORS2/script/LuckyColor_CardReview.ts.
16:41:10.447 debug: Resolve file:///D:/Game-Engine%20Projects/Blazing7Test/assets/menu-bundle/LUCKY_COLORS2/script/LuckyColor_Color_Win.ts from cce:/internal/x/prerequisite-imports as file:///D:/Game-Engine%20Projects/Blazing7Test/assets/menu-bundle/LUCKY_COLORS2/script/LuckyColor_Color_Win.ts.
16:41:10.447 debug: Resolve file:///D:/Game-Engine%20Projects/Blazing7Test/assets/menu-bundle/LUCKY_COLORS2/script/LuckyColor_Default_Card.ts from cce:/internal/x/prerequisite-imports as file:///D:/Game-Engine%20Projects/Blazing7Test/assets/menu-bundle/LUCKY_COLORS2/script/LuckyColor_Default_Card.ts.
16:41:10.447 debug: Resolve file:///D:/Game-Engine%20Projects/Blazing7Test/assets/menu-bundle/LUCKY_COLORS2/script/LuckyColor_HelpView.ts from cce:/internal/x/prerequisite-imports as file:///D:/Game-Engine%20Projects/Blazing7Test/assets/menu-bundle/LUCKY_COLORS2/script/LuckyColor_HelpView.ts.
16:41:10.447 debug: Resolve file:///D:/Game-Engine%20Projects/Blazing7Test/assets/menu-bundle/LUCKY_COLORS2/script/LuckyColor_ScratchBonus.ts from cce:/internal/x/prerequisite-imports as file:///D:/Game-Engine%20Projects/Blazing7Test/assets/menu-bundle/LUCKY_COLORS2/script/LuckyColor_ScratchBonus.ts.
16:41:10.447 debug: Resolve file:///D:/Game-Engine%20Projects/Blazing7Test/assets/menu-bundle/PIKA2/script/BundleCardDetailFoodItem.ts from cce:/internal/x/prerequisite-imports as file:///D:/Game-Engine%20Projects/Blazing7Test/assets/menu-bundle/PIKA2/script/BundleCardDetailFoodItem.ts.
16:41:10.447 debug: Resolve file:///D:/Game-Engine%20Projects/Blazing7Test/assets/menu-bundle/PIKA2/script/BundleLeafItem.ts from cce:/internal/x/prerequisite-imports as file:///D:/Game-Engine%20Projects/Blazing7Test/assets/menu-bundle/PIKA2/script/BundleLeafItem.ts.
16:41:10.448 debug: Resolve file:///D:/Game-Engine%20Projects/Blazing7Test/assets/menu-bundle/PIKA2/script/BundleLeafManager.ts from cce:/internal/x/prerequisite-imports as file:///D:/Game-Engine%20Projects/Blazing7Test/assets/menu-bundle/PIKA2/script/BundleLeafManager.ts.
16:41:10.448 debug: Resolve file:///D:/Game-Engine%20Projects/Blazing7Test/assets/menu-bundle/PIKA2/script/BundlePikaCardTrajectoryComponent.ts from cce:/internal/x/prerequisite-imports as file:///D:/Game-Engine%20Projects/Blazing7Test/assets/menu-bundle/PIKA2/script/BundlePikaCardTrajectoryComponent.ts.
16:41:10.448 debug: Resolve file:///D:/Game-Engine%20Projects/Blazing7Test/assets/menu-bundle/PIKA2/script/BundleTrajectory.ts from cce:/internal/x/prerequisite-imports as file:///D:/Game-Engine%20Projects/Blazing7Test/assets/menu-bundle/PIKA2/script/BundleTrajectory.ts.
16:41:10.448 debug: Resolve file:///D:/Game-Engine%20Projects/Blazing7Test/assets/menu-bundle/script/api/GameApi.ts from cce:/internal/x/prerequisite-imports as file:///D:/Game-Engine%20Projects/Blazing7Test/assets/menu-bundle/script/api/GameApi.ts.
16:41:10.449 debug: Resolve file:///D:/Game-Engine%20Projects/Blazing7Test/assets/menu-bundle/script/base/BundleBasePanel.ts from cce:/internal/x/prerequisite-imports as file:///D:/Game-Engine%20Projects/Blazing7Test/assets/menu-bundle/script/base/BundleBasePanel.ts.
16:41:10.449 debug: Resolve file:///D:/Game-Engine%20Projects/Blazing7Test/assets/menu-bundle/script/base/BundleBaseUI.ts from cce:/internal/x/prerequisite-imports as file:///D:/Game-Engine%20Projects/Blazing7Test/assets/menu-bundle/script/base/BundleBaseUI.ts.
16:41:10.606 debug: Resolve file:///D:/Game-Engine%20Projects/Blazing7Test/assets/menu-bundle/script/base/BundleSingleButton.ts from cce:/internal/x/prerequisite-imports as file:///D:/Game-Engine%20Projects/Blazing7Test/assets/menu-bundle/script/base/BundleSingleButton.ts.
16:41:10.607 debug: Resolve file:///D:/Game-Engine%20Projects/Blazing7Test/assets/menu-bundle/script/eui/BundleUIKeys.ts from cce:/internal/x/prerequisite-imports as file:///D:/Game-Engine%20Projects/Blazing7Test/assets/menu-bundle/script/eui/BundleUIKeys.ts.
16:41:10.607 debug: Resolve file:///D:/Game-Engine%20Projects/Blazing7Test/assets/menu-bundle/script/interfaces/IMenuDependencies.ts from cce:/internal/x/prerequisite-imports as file:///D:/Game-Engine%20Projects/Blazing7Test/assets/menu-bundle/script/interfaces/IMenuDependencies.ts.
16:41:10.607 debug: Resolve file:///D:/Game-Engine%20Projects/Blazing7Test/assets/menu-bundle/script/manager/MessageFlag.ts from cce:/internal/x/prerequisite-imports as file:///D:/Game-Engine%20Projects/Blazing7Test/assets/menu-bundle/script/manager/MessageFlag.ts.
16:41:10.607 debug: Resolve file:///D:/Game-Engine%20Projects/Blazing7Test/assets/menu-bundle/script/types/AniType.ts from cce:/internal/x/prerequisite-imports as file:///D:/Game-Engine%20Projects/Blazing7Test/assets/menu-bundle/script/types/AniType.ts.
16:41:10.607 debug: Resolve file:///D:/Game-Engine%20Projects/Blazing7Test/assets/menu-bundle/script/utils/BundleGameUtils.ts from cce:/internal/x/prerequisite-imports as file:///D:/Game-Engine%20Projects/Blazing7Test/assets/menu-bundle/script/utils/BundleGameUtils.ts.
16:41:10.607 debug: Resolve file:///D:/Game-Engine%20Projects/Blazing7Test/assets/menu-bundle/script/utils/analytics_bridge.ts from cce:/internal/x/prerequisite-imports as file:///D:/Game-Engine%20Projects/Blazing7Test/assets/menu-bundle/script/utils/analytics_bridge.ts.
16:41:10.607 debug: Resolve file:///D:/Game-Engine%20Projects/Blazing7Test/assets/menu-bundle/script/utils/logger.ts from cce:/internal/x/prerequisite-imports as file:///D:/Game-Engine%20Projects/Blazing7Test/assets/menu-bundle/script/utils/logger.ts.
16:41:10.607 debug: Resolve file:///D:/Game-Engine%20Projects/Blazing7Test/assets/menu-bundle/script/view/BundleBigWin.ts from cce:/internal/x/prerequisite-imports as file:///D:/Game-Engine%20Projects/Blazing7Test/assets/menu-bundle/script/view/BundleBigWin.ts.
16:41:10.607 debug: Resolve file:///D:/Game-Engine%20Projects/Blazing7Test/assets/menu-bundle/script/view/BundleBigWinItem.ts from cce:/internal/x/prerequisite-imports as file:///D:/Game-Engine%20Projects/Blazing7Test/assets/menu-bundle/script/view/BundleBigWinItem.ts.
16:41:10.607 debug: Resolve file:///D:/Game-Engine%20Projects/Blazing7Test/assets/menu-bundle/script/view/BundleCardDetail.ts from cce:/internal/x/prerequisite-imports as file:///D:/Game-Engine%20Projects/Blazing7Test/assets/menu-bundle/script/view/BundleCardDetail.ts.
16:41:10.607 debug: Resolve file:///D:/Game-Engine%20Projects/Blazing7Test/assets/menu-bundle/script/view/BundleCardInfoItem.ts from cce:/internal/x/prerequisite-imports as file:///D:/Game-Engine%20Projects/Blazing7Test/assets/menu-bundle/script/view/BundleCardInfoItem.ts.
16:41:10.607 debug: Resolve file:///D:/Game-Engine%20Projects/Blazing7Test/assets/menu-bundle/script/view/BundleCardSale.ts from cce:/internal/x/prerequisite-imports as file:///D:/Game-Engine%20Projects/Blazing7Test/assets/menu-bundle/script/view/BundleCardSale.ts.
16:41:10.607 debug: Resolve file:///D:/Game-Engine%20Projects/Blazing7Test/assets/menu-bundle/script/view/BundleCardSaleItem.ts from cce:/internal/x/prerequisite-imports as file:///D:/Game-Engine%20Projects/Blazing7Test/assets/menu-bundle/script/view/BundleCardSaleItem.ts.
16:41:10.607 debug: Resolve file:///D:/Game-Engine%20Projects/Blazing7Test/assets/menu-bundle/script/view/BundleFiltter.ts from cce:/internal/x/prerequisite-imports as file:///D:/Game-Engine%20Projects/Blazing7Test/assets/menu-bundle/script/view/BundleFiltter.ts.
16:41:10.607 debug: Resolve file:///D:/Game-Engine%20Projects/Blazing7Test/assets/menu-bundle/script/view/BundleGameItem.ts from cce:/internal/x/prerequisite-imports as file:///D:/Game-Engine%20Projects/Blazing7Test/assets/menu-bundle/script/view/BundleGameItem.ts.
16:41:10.607 debug: Resolve file:///D:/Game-Engine%20Projects/Blazing7Test/assets/menu-bundle/script/view/BundleGameRecords.ts from cce:/internal/x/prerequisite-imports as file:///D:/Game-Engine%20Projects/Blazing7Test/assets/menu-bundle/script/view/BundleGameRecords.ts.
16:41:10.607 debug: Resolve file:///D:/Game-Engine%20Projects/Blazing7Test/assets/menu-bundle/script/view/BundleGameRules.ts from cce:/internal/x/prerequisite-imports as file:///D:/Game-Engine%20Projects/Blazing7Test/assets/menu-bundle/script/view/BundleGameRules.ts.
16:41:10.607 debug: Resolve file:///D:/Game-Engine%20Projects/Blazing7Test/assets/menu-bundle/script/view/BundleGrandPirzeItem.ts from cce:/internal/x/prerequisite-imports as file:///D:/Game-Engine%20Projects/Blazing7Test/assets/menu-bundle/script/view/BundleGrandPirzeItem.ts.
16:41:10.607 debug: Resolve file:///D:/Game-Engine%20Projects/Blazing7Test/assets/menu-bundle/script/view/BundleGrandPrize.ts from cce:/internal/x/prerequisite-imports as file:///D:/Game-Engine%20Projects/Blazing7Test/assets/menu-bundle/script/view/BundleGrandPrize.ts.
16:41:10.607 debug: Resolve file:///D:/Game-Engine%20Projects/Blazing7Test/assets/menu-bundle/script/view/BundleHonorBoard.ts from cce:/internal/x/prerequisite-imports as file:///D:/Game-Engine%20Projects/Blazing7Test/assets/menu-bundle/script/view/BundleHonorBoard.ts.
16:41:10.607 debug: Resolve file:///D:/Game-Engine%20Projects/Blazing7Test/assets/menu-bundle/script/view/BundleMenu.ts from cce:/internal/x/prerequisite-imports as file:///D:/Game-Engine%20Projects/Blazing7Test/assets/menu-bundle/script/view/BundleMenu.ts.
16:41:10.607 debug: Resolve file:///D:/Game-Engine%20Projects/Blazing7Test/assets/menu-bundle/script/view/BundleOtherGames.ts from cce:/internal/x/prerequisite-imports as file:///D:/Game-Engine%20Projects/Blazing7Test/assets/menu-bundle/script/view/BundleOtherGames.ts.
16:41:10.607 debug: Resolve file:///D:/Game-Engine%20Projects/Blazing7Test/assets/menu-bundle/script/view/BundleRecordItem.ts from cce:/internal/x/prerequisite-imports as file:///D:/Game-Engine%20Projects/Blazing7Test/assets/menu-bundle/script/view/BundleRecordItem.ts.
16:41:10.607 debug: Resolve file:///D:/Game-Engine%20Projects/Blazing7Test/assets/menu-bundle/script/view/BundleTopItem.ts from cce:/internal/x/prerequisite-imports as file:///D:/Game-Engine%20Projects/Blazing7Test/assets/menu-bundle/script/view/BundleTopItem.ts.
16:41:10.607 debug: Resolve file:///D:/Game-Engine%20Projects/Blazing7Test/assets/menu-bundle/script/view/BundleTopItemCardSale.ts from cce:/internal/x/prerequisite-imports as file:///D:/Game-Engine%20Projects/Blazing7Test/assets/menu-bundle/script/view/BundleTopItemCardSale.ts.
16:41:10.607 debug: Resolve file:///D:/Game-Engine%20Projects/Blazing7Test/assets/menu-bundle/script/view/PopupCardDetail.ts from cce:/internal/x/prerequisite-imports as file:///D:/Game-Engine%20Projects/Blazing7Test/assets/menu-bundle/script/view/PopupCardDetail.ts.
16:41:10.607 debug: Resolve cce:/internal/code-quality/cr.mjs from file:///C:/ProgramData/cocos/editors/Creator/3.8.5/resources/resources/3d/engine/editor/assets/default_renderpipeline/builtin-dof-pass.ts as cce:/internal/code-quality/cr.mjs.
16:41:10.607 debug: Detected change: cce:/internal/code-quality/cr.mjs. Last mtime: Thu May 14 2026 15:08:13 GMT+0800 (Philippine Standard Time), Current mtime: Thu May 14 2026 16:41:05 GMT+0800 (Philippine Standard Time)
16:41:10.607 debug: Inspect cce:/internal/code-quality/cr.mjs
16:41:10.607 debug: transform url: 'cce:/internal/code-quality/cr.mjs' costs: 13.30 ms
16:41:10.607 debug: Resolve cc from file:///C:/ProgramData/cocos/editors/Creator/3.8.5/resources/resources/3d/engine/editor/assets/default_renderpipeline/builtin-dof-pass.ts as cce:/internal/x/cc.
16:41:10.607 debug: Resolve cc from file:///C:/ProgramData/cocos/editors/Creator/3.8.5/resources/resources/3d/engine/editor/assets/default_renderpipeline/builtin-dof-pass.ts as cce:/internal/x/cc.
16:41:10.607 debug: Resolve cc from file:///C:/ProgramData/cocos/editors/Creator/3.8.5/resources/resources/3d/engine/editor/assets/default_renderpipeline/builtin-dof-pass.ts as cce:/internal/x/cc.
16:41:10.607 debug: Resolve cc/env from file:///C:/ProgramData/cocos/editors/Creator/3.8.5/resources/resources/3d/engine/editor/assets/default_renderpipeline/builtin-dof-pass.ts as external dependency cc/env.
16:41:10.607 debug: Resolve ./builtin-pipeline-settings from file:///C:/ProgramData/cocos/editors/Creator/3.8.5/resources/resources/3d/engine/editor/assets/default_renderpipeline/builtin-dof-pass.ts as file:///C:/ProgramData/cocos/editors/Creator/3.8.5/resources/resources/3d/engine/editor/assets/default_renderpipeline/builtin-pipeline-settings.ts.
16:41:10.607 debug: Resolve ./builtin-pipeline-pass from file:///C:/ProgramData/cocos/editors/Creator/3.8.5/resources/resources/3d/engine/editor/assets/default_renderpipeline/builtin-dof-pass.ts as file:///C:/ProgramData/cocos/editors/Creator/3.8.5/resources/resources/3d/engine/editor/assets/default_renderpipeline/builtin-pipeline-pass.ts.
16:41:10.607 debug: Resolve ./builtin-pipeline from file:///C:/ProgramData/cocos/editors/Creator/3.8.5/resources/resources/3d/engine/editor/assets/default_renderpipeline/builtin-dof-pass.ts as file:///C:/ProgramData/cocos/editors/Creator/3.8.5/resources/resources/3d/engine/editor/assets/default_renderpipeline/builtin-pipeline.ts.
16:41:10.607 debug: Resolve cce:/internal/code-quality/cr.mjs from file:///C:/ProgramData/cocos/editors/Creator/3.8.5/resources/resources/3d/engine/editor/assets/default_renderpipeline/builtin-pipeline-settings.ts as cce:/internal/code-quality/cr.mjs.
16:41:10.607 debug: Resolve cc from file:///C:/ProgramData/cocos/editors/Creator/3.8.5/resources/resources/3d/engine/editor/assets/default_renderpipeline/builtin-pipeline-settings.ts as cce:/internal/x/cc.
16:41:10.607 debug: Resolve cc from file:///C:/ProgramData/cocos/editors/Creator/3.8.5/resources/resources/3d/engine/editor/assets/default_renderpipeline/builtin-pipeline-settings.ts as cce:/internal/x/cc.
16:41:10.607 debug: Resolve cc from file:///C:/ProgramData/cocos/editors/Creator/3.8.5/resources/resources/3d/engine/editor/assets/default_renderpipeline/builtin-pipeline-settings.ts as cce:/internal/x/cc.
16:41:10.607 debug: Resolve cc/env from file:///C:/ProgramData/cocos/editors/Creator/3.8.5/resources/resources/3d/engine/editor/assets/default_renderpipeline/builtin-pipeline-settings.ts as external dependency cc/env.
16:41:10.607 debug: Resolve ./builtin-pipeline-types from file:///C:/ProgramData/cocos/editors/Creator/3.8.5/resources/resources/3d/engine/editor/assets/default_renderpipeline/builtin-pipeline-settings.ts as file:///C:/ProgramData/cocos/editors/Creator/3.8.5/resources/resources/3d/engine/editor/assets/default_renderpipeline/builtin-pipeline-types.ts.
16:41:10.607 debug: Resolve cc from file:///C:/ProgramData/cocos/editors/Creator/3.8.5/resources/resources/3d/engine/editor/assets/default_renderpipeline/builtin-pipeline-types.ts as cce:/internal/x/cc.
16:41:10.607 debug: Resolve cc from file:///C:/ProgramData/cocos/editors/Creator/3.8.5/resources/resources/3d/engine/editor/assets/default_renderpipeline/builtin-pipeline-types.ts as cce:/internal/x/cc.
16:41:10.607 debug: Resolve cc from file:///C:/ProgramData/cocos/editors/Creator/3.8.5/resources/resources/3d/engine/editor/assets/default_renderpipeline/builtin-pipeline-types.ts as cce:/internal/x/cc.
16:41:10.608 debug: Resolve cce:/internal/code-quality/cr.mjs from file:///C:/ProgramData/cocos/editors/Creator/3.8.5/resources/resources/3d/engine/editor/assets/default_renderpipeline/builtin-pipeline-pass.ts as cce:/internal/code-quality/cr.mjs.
16:41:10.608 debug: Resolve cc from file:///C:/ProgramData/cocos/editors/Creator/3.8.5/resources/resources/3d/engine/editor/assets/default_renderpipeline/builtin-pipeline-pass.ts as cce:/internal/x/cc.
16:41:10.609 debug: Resolve cc from file:///C:/ProgramData/cocos/editors/Creator/3.8.5/resources/resources/3d/engine/editor/assets/default_renderpipeline/builtin-pipeline-pass.ts as cce:/internal/x/cc.
16:41:10.609 debug: Resolve cc from file:///C:/ProgramData/cocos/editors/Creator/3.8.5/resources/resources/3d/engine/editor/assets/default_renderpipeline/builtin-pipeline-pass.ts as cce:/internal/x/cc.
16:41:10.609 debug: Resolve ./builtin-pipeline-settings from file:///C:/ProgramData/cocos/editors/Creator/3.8.5/resources/resources/3d/engine/editor/assets/default_renderpipeline/builtin-pipeline-pass.ts as file:///C:/ProgramData/cocos/editors/Creator/3.8.5/resources/resources/3d/engine/editor/assets/default_renderpipeline/builtin-pipeline-settings.ts.
16:41:10.609 debug: Resolve cc/env from file:///C:/ProgramData/cocos/editors/Creator/3.8.5/resources/resources/3d/engine/editor/assets/default_renderpipeline/builtin-pipeline-pass.ts as external dependency cc/env.
16:41:10.609 debug: Resolve cce:/internal/code-quality/cr.mjs from file:///C:/ProgramData/cocos/editors/Creator/3.8.5/resources/resources/3d/engine/editor/assets/default_renderpipeline/builtin-pipeline.ts as cce:/internal/code-quality/cr.mjs.
16:41:10.609 debug: Resolve cc from file:///C:/ProgramData/cocos/editors/Creator/3.8.5/resources/resources/3d/engine/editor/assets/default_renderpipeline/builtin-pipeline.ts as cce:/internal/x/cc.
16:41:10.609 debug: Resolve cc from file:///C:/ProgramData/cocos/editors/Creator/3.8.5/resources/resources/3d/engine/editor/assets/default_renderpipeline/builtin-pipeline.ts as cce:/internal/x/cc.
16:41:10.609 debug: Resolve cc from file:///C:/ProgramData/cocos/editors/Creator/3.8.5/resources/resources/3d/engine/editor/assets/default_renderpipeline/builtin-pipeline.ts as cce:/internal/x/cc.
16:41:10.609 debug: Resolve cc/env from file:///C:/ProgramData/cocos/editors/Creator/3.8.5/resources/resources/3d/engine/editor/assets/default_renderpipeline/builtin-pipeline.ts as external dependency cc/env.
16:41:10.609 debug: Resolve ./builtin-pipeline-types from file:///C:/ProgramData/cocos/editors/Creator/3.8.5/resources/resources/3d/engine/editor/assets/default_renderpipeline/builtin-pipeline.ts as file:///C:/ProgramData/cocos/editors/Creator/3.8.5/resources/resources/3d/engine/editor/assets/default_renderpipeline/builtin-pipeline-types.ts.
16:41:10.609 debug: Resolve cc from file:///C:/ProgramData/cocos/editors/Creator/3.8.5/resources/resources/3d/engine/editor/assets/tools/debug-view-runtime-control.ts as cce:/internal/x/cc.
16:41:10.609 debug: Resolve cc from file:///C:/ProgramData/cocos/editors/Creator/3.8.5/resources/resources/3d/engine/editor/assets/tools/debug-view-runtime-control.ts as cce:/internal/x/cc.
16:41:10.609 debug: Resolve cc from file:///C:/ProgramData/cocos/editors/Creator/3.8.5/resources/resources/3d/engine/editor/assets/tools/debug-view-runtime-control.ts as cce:/internal/x/cc.
16:41:10.609 debug: Resolve cce:/internal/code-quality/cr.mjs from file:///D:/Game-Engine%20Projects/Blazing7Test/assets/Scripts/Api/ApiCore.ts as cce:/internal/code-quality/cr.mjs.
16:41:10.609 debug: Resolve cc from file:///D:/Game-Engine%20Projects/Blazing7Test/assets/Scripts/Api/ApiCore.ts as cce:/internal/x/cc.
16:41:10.609 debug: Resolve @ge/game-common-sdk from file:///D:/Game-Engine%20Projects/Blazing7Test/assets/Scripts/Api/ApiCore.ts as file:///D:/Game-Engine%20Projects/Blazing7Test/node_modules/@ge/game-common-sdk/dist/index.esm.js.
16:41:10.609 debug: Resolve ./ApiError from file:///D:/Game-Engine%20Projects/Blazing7Test/assets/Scripts/Api/ApiCore.ts as file:///D:/Game-Engine%20Projects/Blazing7Test/assets/Scripts/Api/ApiError.ts.
16:41:10.609 debug: Resolve ../utils/logger from file:///D:/Game-Engine%20Projects/Blazing7Test/assets/Scripts/Api/ApiCore.ts as file:///D:/Game-Engine%20Projects/Blazing7Test/assets/Scripts/utils/logger.ts.
16:41:10.609 debug: Resolve ../Managers/GameManager from file:///D:/Game-Engine%20Projects/Blazing7Test/assets/Scripts/Api/ApiCore.ts as file:///D:/Game-Engine%20Projects/Blazing7Test/assets/Scripts/Managers/GameManager.ts.
16:41:10.609 debug: Resolve ../Managers/Services from file:///D:/Game-Engine%20Projects/Blazing7Test/assets/Scripts/Api/ApiCore.ts as file:///D:/Game-Engine%20Projects/Blazing7Test/assets/Scripts/Managers/Services.ts.
16:41:10.610 debug: Resolve cc from file:///D:/Game-Engine%20Projects/Blazing7Test/assets/Scripts/Api/ApiError.ts as cce:/internal/x/cc.
16:41:10.610 debug: Resolve cc from file:///D:/Game-Engine%20Projects/Blazing7Test/assets/Scripts/utils/logger.ts as cce:/internal/x/cc.
16:41:10.610 debug: Resolve cce:/internal/code-quality/cr.mjs from file:///D:/Game-Engine%20Projects/Blazing7Test/assets/Scripts/Managers/GameManager.ts as cce:/internal/code-quality/cr.mjs.
16:41:10.610 debug: Resolve cc from file:///D:/Game-Engine%20Projects/Blazing7Test/assets/Scripts/Managers/GameManager.ts as cce:/internal/x/cc.
16:41:10.610 debug: Resolve cc from file:///D:/Game-Engine%20Projects/Blazing7Test/assets/Scripts/Managers/GameManager.ts as cce:/internal/x/cc.
16:41:10.610 debug: Resolve cc from file:///D:/Game-Engine%20Projects/Blazing7Test/assets/Scripts/Managers/GameManager.ts as cce:/internal/x/cc.
16:41:10.610 debug: Resolve ./Services from file:///D:/Game-Engine%20Projects/Blazing7Test/assets/Scripts/Managers/GameManager.ts as file:///D:/Game-Engine%20Projects/Blazing7Test/assets/Scripts/Managers/Services.ts.
16:41:10.610 debug: Resolve ./SceneManager from file:///D:/Game-Engine%20Projects/Blazing7Test/assets/Scripts/Managers/GameManager.ts as file:///D:/Game-Engine%20Projects/Blazing7Test/assets/Scripts/Managers/SceneManager.ts.
16:41:10.610 debug: Resolve ./ResourceManager from file:///D:/Game-Engine%20Projects/Blazing7Test/assets/Scripts/Managers/GameManager.ts as file:///D:/Game-Engine%20Projects/Blazing7Test/assets/Scripts/Managers/ResourceManager.ts.
16:41:10.610 debug: Resolve ./AudioManager from file:///D:/Game-Engine%20Projects/Blazing7Test/assets/Scripts/Managers/GameManager.ts as file:///D:/Game-Engine%20Projects/Blazing7Test/assets/Scripts/Managers/AudioManager.ts.
16:41:10.610 debug: Resolve ../UI/UIRoot from file:///D:/Game-Engine%20Projects/Blazing7Test/assets/Scripts/Managers/GameManager.ts as file:///D:/Game-Engine%20Projects/Blazing7Test/assets/Scripts/UI/UIRoot.ts.
16:41:10.610 debug: Resolve ../Data/GameData from file:///D:/Game-Engine%20Projects/Blazing7Test/assets/Scripts/Managers/GameManager.ts as file:///D:/Game-Engine%20Projects/Blazing7Test/assets/Scripts/Data/GameData.ts.
16:41:10.610 debug: Resolve ../Data/TicketData from file:///D:/Game-Engine%20Projects/Blazing7Test/assets/Scripts/Managers/GameManager.ts as file:///D:/Game-Engine%20Projects/Blazing7Test/assets/Scripts/Data/TicketData.ts.
16:41:10.610 debug: Resolve ./PopUpManager from file:///D:/Game-Engine%20Projects/Blazing7Test/assets/Scripts/Managers/GameManager.ts as file:///D:/Game-Engine%20Projects/Blazing7Test/assets/Scripts/Managers/PopUpManager.ts.
16:41:10.610 debug: Resolve ../Card/ScratchCard from file:///D:/Game-Engine%20Projects/Blazing7Test/assets/Scripts/Managers/GameManager.ts as file:///D:/Game-Engine%20Projects/Blazing7Test/assets/Scripts/Card/ScratchCard.ts.
16:41:10.610 debug: Resolve ../utils/logger from file:///D:/Game-Engine%20Projects/Blazing7Test/assets/Scripts/Managers/GameManager.ts as file:///D:/Game-Engine%20Projects/Blazing7Test/assets/Scripts/utils/logger.ts.
16:41:10.610 debug: Resolve ../Api/ApiManager from file:///D:/Game-Engine%20Projects/Blazing7Test/assets/Scripts/Managers/GameManager.ts as file:///D:/Game-Engine%20Projects/Blazing7Test/assets/Scripts/Api/ApiManager.ts.
16:41:10.610 debug: Resolve ../Data/GameUserInfo from file:///D:/Game-Engine%20Projects/Blazing7Test/assets/Scripts/Managers/GameManager.ts as file:///D:/Game-Engine%20Projects/Blazing7Test/assets/Scripts/Data/GameUserInfo.ts.
16:41:10.610 debug: Resolve ./WinBroadcastManager from file:///D:/Game-Engine%20Projects/Blazing7Test/assets/Scripts/Managers/GameManager.ts as file:///D:/Game-Engine%20Projects/Blazing7Test/assets/Scripts/Managers/WinBroadcastManager.ts.
16:41:10.610 debug: Resolve ./WebsocketManager from file:///D:/Game-Engine%20Projects/Blazing7Test/assets/Scripts/Managers/GameManager.ts as file:///D:/Game-Engine%20Projects/Blazing7Test/assets/Scripts/Managers/WebsocketManager.ts.
16:41:10.610 debug: Resolve cc from file:///D:/Game-Engine%20Projects/Blazing7Test/assets/Scripts/Managers/Services.ts as cce:/internal/x/cc.
16:41:10.610 debug: Resolve cce:/internal/code-quality/cr.mjs from file:///D:/Game-Engine%20Projects/Blazing7Test/assets/Scripts/Managers/SceneManager.ts as cce:/internal/code-quality/cr.mjs.
16:41:10.610 debug: Resolve cc from file:///D:/Game-Engine%20Projects/Blazing7Test/assets/Scripts/Managers/SceneManager.ts as cce:/internal/x/cc.
16:41:10.610 debug: Resolve cc from file:///D:/Game-Engine%20Projects/Blazing7Test/assets/Scripts/Managers/SceneManager.ts as cce:/internal/x/cc.
16:41:10.610 debug: Resolve cc from file:///D:/Game-Engine%20Projects/Blazing7Test/assets/Scripts/Managers/SceneManager.ts as cce:/internal/x/cc.
16:41:10.610 debug: Resolve ./ResourceManager from file:///D:/Game-Engine%20Projects/Blazing7Test/assets/Scripts/Managers/SceneManager.ts as file:///D:/Game-Engine%20Projects/Blazing7Test/assets/Scripts/Managers/ResourceManager.ts.
16:41:10.610 debug: Resolve ./Services from file:///D:/Game-Engine%20Projects/Blazing7Test/assets/Scripts/Managers/SceneManager.ts as file:///D:/Game-Engine%20Projects/Blazing7Test/assets/Scripts/Managers/Services.ts.
16:41:10.610 debug: Resolve cc from file:///D:/Game-Engine%20Projects/Blazing7Test/assets/Scripts/Managers/ResourceManager.ts as cce:/internal/x/cc.
16:41:10.610 debug: Resolve cc from file:///D:/Game-Engine%20Projects/Blazing7Test/assets/Scripts/Managers/ResourceManager.ts as cce:/internal/x/cc.
16:41:10.610 debug: Resolve cc from file:///D:/Game-Engine%20Projects/Blazing7Test/assets/Scripts/Managers/ResourceManager.ts as cce:/internal/x/cc.
16:41:10.610 debug: Resolve cce:/internal/code-quality/cr.mjs from file:///D:/Game-Engine%20Projects/Blazing7Test/assets/Scripts/Managers/AudioManager.ts as cce:/internal/code-quality/cr.mjs.
16:41:10.610 debug: Resolve cc from file:///D:/Game-Engine%20Projects/Blazing7Test/assets/Scripts/Managers/AudioManager.ts as cce:/internal/x/cc.
16:41:10.610 debug: Resolve cc from file:///D:/Game-Engine%20Projects/Blazing7Test/assets/Scripts/Managers/AudioManager.ts as cce:/internal/x/cc.
16:41:10.610 debug: Resolve cc from file:///D:/Game-Engine%20Projects/Blazing7Test/assets/Scripts/Managers/AudioManager.ts as cce:/internal/x/cc.
16:41:10.610 debug: Resolve ./ResourceManager from file:///D:/Game-Engine%20Projects/Blazing7Test/assets/Scripts/Managers/AudioManager.ts as file:///D:/Game-Engine%20Projects/Blazing7Test/assets/Scripts/Managers/ResourceManager.ts.
16:41:10.610 debug: Resolve ../Managers/Services from file:///D:/Game-Engine%20Projects/Blazing7Test/assets/Scripts/Managers/AudioManager.ts as file:///D:/Game-Engine%20Projects/Blazing7Test/assets/Scripts/Managers/Services.ts.
16:41:10.610 debug: Resolve cc from file:///D:/Game-Engine%20Projects/Blazing7Test/assets/Scripts/UI/UIRoot.ts as cce:/internal/x/cc.
16:41:10.610 debug: Resolve cc from file:///D:/Game-Engine%20Projects/Blazing7Test/assets/Scripts/UI/UIRoot.ts as cce:/internal/x/cc.
16:41:10.610 debug: Resolve cc from file:///D:/Game-Engine%20Projects/Blazing7Test/assets/Scripts/UI/UIRoot.ts as cce:/internal/x/cc.
16:41:10.610 debug: Resolve cce:/internal/code-quality/cr.mjs from file:///D:/Game-Engine%20Projects/Blazing7Test/assets/Scripts/Data/GameData.ts as cce:/internal/code-quality/cr.mjs.
16:41:10.610 debug: Resolve cc from file:///D:/Game-Engine%20Projects/Blazing7Test/assets/Scripts/Data/GameData.ts as cce:/internal/x/cc.
16:41:10.610 debug: Resolve cc from file:///D:/Game-Engine%20Projects/Blazing7Test/assets/Scripts/Data/GameData.ts as cce:/internal/x/cc.
16:41:10.610 debug: Resolve cc from file:///D:/Game-Engine%20Projects/Blazing7Test/assets/Scripts/Data/GameData.ts as cce:/internal/x/cc.
16:41:10.610 debug: Resolve cc from file:///D:/Game-Engine%20Projects/Blazing7Test/assets/Scripts/Data/TicketData.ts as cce:/internal/x/cc.
16:41:10.610 debug: Resolve cce:/internal/code-quality/cr.mjs from file:///D:/Game-Engine%20Projects/Blazing7Test/assets/Scripts/Managers/PopUpManager.ts as cce:/internal/code-quality/cr.mjs.
16:41:10.610 debug: Resolve cc from file:///D:/Game-Engine%20Projects/Blazing7Test/assets/Scripts/Managers/PopUpManager.ts as cce:/internal/x/cc.
16:41:10.610 debug: Resolve cc from file:///D:/Game-Engine%20Projects/Blazing7Test/assets/Scripts/Managers/PopUpManager.ts as cce:/internal/x/cc.
16:41:10.610 debug: Resolve cc from file:///D:/Game-Engine%20Projects/Blazing7Test/assets/Scripts/Managers/PopUpManager.ts as cce:/internal/x/cc.
16:41:10.610 debug: Resolve ./ResourceManager from file:///D:/Game-Engine%20Projects/Blazing7Test/assets/Scripts/Managers/PopUpManager.ts as file:///D:/Game-Engine%20Projects/Blazing7Test/assets/Scripts/Managers/ResourceManager.ts.
16:41:10.610 debug: Resolve ./Services from file:///D:/Game-Engine%20Projects/Blazing7Test/assets/Scripts/Managers/PopUpManager.ts as file:///D:/Game-Engine%20Projects/Blazing7Test/assets/Scripts/Managers/Services.ts.
16:41:10.610 debug: Resolve cce:/internal/code-quality/cr.mjs from file:///D:/Game-Engine%20Projects/Blazing7Test/assets/Scripts/Card/ScratchCard.ts as cce:/internal/code-quality/cr.mjs.
16:41:10.610 debug: Resolve cc from file:///D:/Game-Engine%20Projects/Blazing7Test/assets/Scripts/Card/ScratchCard.ts as cce:/internal/x/cc.
16:41:10.610 debug: Resolve cc from file:///D:/Game-Engine%20Projects/Blazing7Test/assets/Scripts/Card/ScratchCard.ts as cce:/internal/x/cc.
16:41:10.610 debug: Resolve cc from file:///D:/Game-Engine%20Projects/Blazing7Test/assets/Scripts/Card/ScratchCard.ts as cce:/internal/x/cc.
16:41:10.610 debug: Resolve ../Api/GameApi from file:///D:/Game-Engine%20Projects/Blazing7Test/assets/Scripts/Card/ScratchCard.ts as file:///D:/Game-Engine%20Projects/Blazing7Test/assets/Scripts/Api/GameApi.ts.
16:41:10.610 debug: Resolve ../utils/logger from file:///D:/Game-Engine%20Projects/Blazing7Test/assets/Scripts/Card/ScratchCard.ts as file:///D:/Game-Engine%20Projects/Blazing7Test/assets/Scripts/utils/logger.ts.
16:41:10.610 debug: Resolve cce:/internal/code-quality/cr.mjs from file:///D:/Game-Engine%20Projects/Blazing7Test/assets/Scripts/Api/GameApi.ts as cce:/internal/code-quality/cr.mjs.
16:41:10.610 debug: Resolve cc from file:///D:/Game-Engine%20Projects/Blazing7Test/assets/Scripts/Api/GameApi.ts as cce:/internal/x/cc.
16:41:10.610 debug: Resolve ./ApiCore from file:///D:/Game-Engine%20Projects/Blazing7Test/assets/Scripts/Api/GameApi.ts as file:///D:/Game-Engine%20Projects/Blazing7Test/assets/Scripts/Api/ApiCore.ts.
16:41:10.610 debug: Resolve ../utils/logger from file:///D:/Game-Engine%20Projects/Blazing7Test/assets/Scripts/Api/GameApi.ts as file:///D:/Game-Engine%20Projects/Blazing7Test/assets/Scripts/utils/logger.ts.
16:41:10.610 debug: Resolve cc from file:///D:/Game-Engine%20Projects/Blazing7Test/assets/Scripts/Api/ApiManager.ts as cce:/internal/x/cc.
16:41:10.610 debug: Resolve ./ApiCore from file:///D:/Game-Engine%20Projects/Blazing7Test/assets/Scripts/Api/ApiManager.ts as file:///D:/Game-Engine%20Projects/Blazing7Test/assets/Scripts/Api/ApiCore.ts.
16:41:10.610 debug: Resolve ./GameApi from file:///D:/Game-Engine%20Projects/Blazing7Test/assets/Scripts/Api/ApiManager.ts as file:///D:/Game-Engine%20Projects/Blazing7Test/assets/Scripts/Api/GameApi.ts.
16:41:10.610 debug: Resolve cce:/internal/code-quality/cr.mjs from file:///D:/Game-Engine%20Projects/Blazing7Test/assets/Scripts/Data/GameUserInfo.ts as cce:/internal/code-quality/cr.mjs.
16:41:10.610 debug: Resolve cc from file:///D:/Game-Engine%20Projects/Blazing7Test/assets/Scripts/Data/GameUserInfo.ts as cce:/internal/x/cc.
16:41:10.610 debug: Resolve cce:/internal/code-quality/cr.mjs from file:///D:/Game-Engine%20Projects/Blazing7Test/assets/Scripts/Managers/WinBroadcastManager.ts as cce:/internal/code-quality/cr.mjs.
16:41:10.610 debug: Resolve cc from file:///D:/Game-Engine%20Projects/Blazing7Test/assets/Scripts/Managers/WinBroadcastManager.ts as cce:/internal/x/cc.
16:41:10.610 debug: Resolve cc from file:///D:/Game-Engine%20Projects/Blazing7Test/assets/Scripts/Managers/WinBroadcastManager.ts as cce:/internal/x/cc.
16:41:10.611 debug: Resolve cc from file:///D:/Game-Engine%20Projects/Blazing7Test/assets/Scripts/Managers/WinBroadcastManager.ts as cce:/internal/x/cc.
16:41:10.611 debug: Resolve ./PopUpManager from file:///D:/Game-Engine%20Projects/Blazing7Test/assets/Scripts/Managers/WinBroadcastManager.ts as file:///D:/Game-Engine%20Projects/Blazing7Test/assets/Scripts/Managers/PopUpManager.ts.
16:41:10.611 debug: Resolve ./Services from file:///D:/Game-Engine%20Projects/Blazing7Test/assets/Scripts/Managers/WinBroadcastManager.ts as file:///D:/Game-Engine%20Projects/Blazing7Test/assets/Scripts/Managers/Services.ts.
16:41:10.611 debug: Resolve ../UI/PopUp/WinnerBroadcastPopUp from file:///D:/Game-Engine%20Projects/Blazing7Test/assets/Scripts/Managers/WinBroadcastManager.ts as file:///D:/Game-Engine%20Projects/Blazing7Test/assets/Scripts/UI/PopUp/WinnerBroadcastPopUp.ts.
16:41:10.611 debug: Resolve ./WebsocketManager from file:///D:/Game-Engine%20Projects/Blazing7Test/assets/Scripts/Managers/WinBroadcastManager.ts as file:///D:/Game-Engine%20Projects/Blazing7Test/assets/Scripts/Managers/WebsocketManager.ts.
16:41:10.611 debug: Resolve ./WsConfig from file:///D:/Game-Engine%20Projects/Blazing7Test/assets/Scripts/Managers/WinBroadcastManager.ts as file:///D:/Game-Engine%20Projects/Blazing7Test/assets/Scripts/Managers/WsConfig.ts.
16:41:10.611 debug: Resolve cce:/internal/code-quality/cr.mjs from file:///D:/Game-Engine%20Projects/Blazing7Test/assets/Scripts/UI/PopUp/WinnerBroadcastPopUp.ts as cce:/internal/code-quality/cr.mjs.
16:41:10.611 debug: Resolve cc from file:///D:/Game-Engine%20Projects/Blazing7Test/assets/Scripts/UI/PopUp/WinnerBroadcastPopUp.ts as cce:/internal/x/cc.
16:41:10.611 debug: Resolve cc from file:///D:/Game-Engine%20Projects/Blazing7Test/assets/Scripts/UI/PopUp/WinnerBroadcastPopUp.ts as cce:/internal/x/cc.
16:41:10.611 debug: Resolve cc from file:///D:/Game-Engine%20Projects/Blazing7Test/assets/Scripts/UI/PopUp/WinnerBroadcastPopUp.ts as cce:/internal/x/cc.
16:41:10.611 debug: Resolve ../../Managers/Services from file:///D:/Game-Engine%20Projects/Blazing7Test/assets/Scripts/UI/PopUp/WinnerBroadcastPopUp.ts as file:///D:/Game-Engine%20Projects/Blazing7Test/assets/Scripts/Managers/Services.ts.
16:41:10.611 debug: Resolve ../../Managers/PopUpManager from file:///D:/Game-Engine%20Projects/Blazing7Test/assets/Scripts/UI/PopUp/WinnerBroadcastPopUp.ts as file:///D:/Game-Engine%20Projects/Blazing7Test/assets/Scripts/Managers/PopUpManager.ts.
16:41:10.611 debug: Resolve cce:/internal/code-quality/cr.mjs from file:///D:/Game-Engine%20Projects/Blazing7Test/assets/Scripts/Managers/WebsocketManager.ts as cce:/internal/code-quality/cr.mjs.
16:41:10.611 debug: Resolve cc from file:///D:/Game-Engine%20Projects/Blazing7Test/assets/Scripts/Managers/WebsocketManager.ts as cce:/internal/x/cc.
16:41:10.611 debug: Resolve @ge/game-common-sdk from file:///D:/Game-Engine%20Projects/Blazing7Test/assets/Scripts/Managers/WebsocketManager.ts as file:///D:/Game-Engine%20Projects/Blazing7Test/node_modules/@ge/game-common-sdk/dist/index.esm.js.
16:41:10.611 debug: Resolve ../utils/logger from file:///D:/Game-Engine%20Projects/Blazing7Test/assets/Scripts/Managers/WebsocketManager.ts as file:///D:/Game-Engine%20Projects/Blazing7Test/assets/Scripts/utils/logger.ts.
16:41:10.611 debug: Resolve ./Services from file:///D:/Game-Engine%20Projects/Blazing7Test/assets/Scripts/Managers/WebsocketManager.ts as file:///D:/Game-Engine%20Projects/Blazing7Test/assets/Scripts/Managers/Services.ts.
16:41:10.611 debug: Resolve ./GameManager from file:///D:/Game-Engine%20Projects/Blazing7Test/assets/Scripts/Managers/WebsocketManager.ts as file:///D:/Game-Engine%20Projects/Blazing7Test/assets/Scripts/Managers/GameManager.ts.
16:41:10.611 debug: Resolve cc from file:///D:/Game-Engine%20Projects/Blazing7Test/assets/Scripts/Managers/WsConfig.ts as cce:/internal/x/cc.
16:41:10.611 debug: Resolve cc from file:///D:/Game-Engine%20Projects/Blazing7Test/assets/Scripts/Card/NumberCardView.ts as cce:/internal/x/cc.
16:41:10.611 debug: Resolve cc from file:///D:/Game-Engine%20Projects/Blazing7Test/assets/Scripts/Card/NumberCardView.ts as cce:/internal/x/cc.
16:41:10.615 debug: Resolve cc from file:///D:/Game-Engine%20Projects/Blazing7Test/assets/Scripts/Card/NumberCardView.ts as cce:/internal/x/cc.
16:41:10.615 debug: Resolve cce:/internal/code-quality/cr.mjs from file:///D:/Game-Engine%20Projects/Blazing7Test/assets/Scripts/Card/ScratchCardView.ts as cce:/internal/code-quality/cr.mjs.
16:41:10.615 debug: Resolve cc from file:///D:/Game-Engine%20Projects/Blazing7Test/assets/Scripts/Card/ScratchCardView.ts as cce:/internal/x/cc.
16:41:10.615 debug: Resolve cc from file:///D:/Game-Engine%20Projects/Blazing7Test/assets/Scripts/Card/ScratchCardView.ts as cce:/internal/x/cc.
16:41:10.615 debug: Resolve cc from file:///D:/Game-Engine%20Projects/Blazing7Test/assets/Scripts/Card/ScratchCardView.ts as cce:/internal/x/cc.
16:41:10.615 debug: Resolve ./NumberCardView from file:///D:/Game-Engine%20Projects/Blazing7Test/assets/Scripts/Card/ScratchCardView.ts as file:///D:/Game-Engine%20Projects/Blazing7Test/assets/Scripts/Card/NumberCardView.ts.
16:41:10.615 debug: Resolve ../Managers/Services from file:///D:/Game-Engine%20Projects/Blazing7Test/assets/Scripts/Card/ScratchCardView.ts as file:///D:/Game-Engine%20Projects/Blazing7Test/assets/Scripts/Managers/Services.ts.
16:41:10.615 debug: Resolve ../Managers/GameManager from file:///D:/Game-Engine%20Projects/Blazing7Test/assets/Scripts/Card/ScratchCardView.ts as file:///D:/Game-Engine%20Projects/Blazing7Test/assets/Scripts/Managers/GameManager.ts.
16:41:10.615 debug: Resolve cc from file:///D:/Game-Engine%20Projects/Blazing7Test/assets/Scripts/Data/TicketItem.ts as cce:/internal/x/cc.
16:41:10.615 debug: Resolve cc from file:///D:/Game-Engine%20Projects/Blazing7Test/assets/Scripts/Data/TicketItem.ts as cce:/internal/x/cc.
16:41:10.615 debug: Resolve cc from file:///D:/Game-Engine%20Projects/Blazing7Test/assets/Scripts/EventListener/BaseEventListener.ts as cce:/internal/x/cc.
16:41:10.615 debug: Resolve cce:/internal/code-quality/cr.mjs from file:///D:/Game-Engine%20Projects/Blazing7Test/assets/Scripts/Game/DragonsEyeIntro.ts as cce:/internal/code-quality/cr.mjs.
16:41:10.615 debug: Resolve cc from file:///D:/Game-Engine%20Projects/Blazing7Test/assets/Scripts/Game/DragonsEyeIntro.ts as cce:/internal/x/cc.
16:41:10.615 debug: Resolve cc from file:///D:/Game-Engine%20Projects/Blazing7Test/assets/Scripts/Game/DragonsEyeIntro.ts as cce:/internal/x/cc.
16:41:10.615 debug: Resolve cc from file:///D:/Game-Engine%20Projects/Blazing7Test/assets/Scripts/Game/DragonsEyeIntro.ts as cce:/internal/x/cc.
16:41:10.615 debug: Resolve ../Managers/GameManager from file:///D:/Game-Engine%20Projects/Blazing7Test/assets/Scripts/Game/DragonsEyeIntro.ts as file:///D:/Game-Engine%20Projects/Blazing7Test/assets/Scripts/Managers/GameManager.ts.
16:41:10.615 debug: Resolve ../Managers/Services from file:///D:/Game-Engine%20Projects/Blazing7Test/assets/Scripts/Game/DragonsEyeIntro.ts as file:///D:/Game-Engine%20Projects/Blazing7Test/assets/Scripts/Managers/Services.ts.
16:41:10.615 debug: Resolve cce:/internal/code-quality/cr.mjs from file:///D:/Game-Engine%20Projects/Blazing7Test/assets/Scripts/Game/Game.ts as cce:/internal/code-quality/cr.mjs.
16:41:10.615 debug: Resolve cc from file:///D:/Game-Engine%20Projects/Blazing7Test/assets/Scripts/Game/Game.ts as cce:/internal/x/cc.
16:41:10.615 debug: Resolve cc from file:///D:/Game-Engine%20Projects/Blazing7Test/assets/Scripts/Game/Game.ts as cce:/internal/x/cc.
16:41:10.615 debug: Resolve cc from file:///D:/Game-Engine%20Projects/Blazing7Test/assets/Scripts/Game/Game.ts as cce:/internal/x/cc.
16:41:10.615 debug: Failed to resolve '../../Managers/AudioManager' from 'file:///D:/Game-Engine%20Projects/Blazing7Test/assets/Scripts/Game/Game.ts'(module type: esm). Reason: Error: Module "../../Managers/AudioManager" not found for file:///D:/Game-Engine%20Projects/Blazing7Test/assets/Scripts/Game/Game.ts
16:41:10.615 debug: Failed to resolve '../../Managers/Services' from 'file:///D:/Game-Engine%20Projects/Blazing7Test/assets/Scripts/Game/Game.ts'(module type: esm). Reason: Error: Module "../../Managers/Services" not found for file:///D:/Game-Engine%20Projects/Blazing7Test/assets/Scripts/Game/Game.ts
16:41:10.615 debug: Failed to resolve '../../Managers/PopUpManager' from 'file:///D:/Game-Engine%20Projects/Blazing7Test/assets/Scripts/Game/Game.ts'(module type: esm). Reason: Error: Module "../../Managers/PopUpManager" not found for file:///D:/Game-Engine%20Projects/Blazing7Test/assets/Scripts/Game/Game.ts
16:41:10.615 debug: Failed to resolve '../../utils/NumberFormatter' from 'file:///D:/Game-Engine%20Projects/Blazing7Test/assets/Scripts/Game/Game.ts'(module type: esm). Reason: Error: Module "../../utils/NumberFormatter" not found for file:///D:/Game-Engine%20Projects/Blazing7Test/assets/Scripts/Game/Game.ts
16:41:10.615 debug: Resolve cce:/internal/code-quality/cr.mjs from file:///D:/Game-Engine%20Projects/Blazing7Test/assets/Scripts/Game/GameOptions.ts as cce:/internal/code-quality/cr.mjs.
16:41:10.615 debug: Resolve cc from file:///D:/Game-Engine%20Projects/Blazing7Test/assets/Scripts/Game/GameOptions.ts as cce:/internal/x/cc.
16:41:10.615 debug: Resolve cc from file:///D:/Game-Engine%20Projects/Blazing7Test/assets/Scripts/Game/GameOptions.ts as cce:/internal/x/cc.
16:41:10.615 debug: Resolve cc from file:///D:/Game-Engine%20Projects/Blazing7Test/assets/Scripts/Game/GameOptions.ts as cce:/internal/x/cc.
16:41:10.615 debug: Resolve ../UI/InteractableUIs/SingleButton from file:///D:/Game-Engine%20Projects/Blazing7Test/assets/Scripts/Game/GameOptions.ts as file:///D:/Game-Engine%20Projects/Blazing7Test/assets/Scripts/UI/InteractableUIs/SingleButton.ts.
16:41:10.615 debug: Resolve ../Managers/AudioManager from file:///D:/Game-Engine%20Projects/Blazing7Test/assets/Scripts/Game/GameOptions.ts as file:///D:/Game-Engine%20Projects/Blazing7Test/assets/Scripts/Managers/AudioManager.ts.
16:41:10.615 debug: Resolve ../Managers/Services from file:///D:/Game-Engine%20Projects/Blazing7Test/assets/Scripts/Game/GameOptions.ts as file:///D:/Game-Engine%20Projects/Blazing7Test/assets/Scripts/Managers/Services.ts.
16:41:10.615 debug: Resolve cce:/internal/code-quality/cr.mjs from file:///D:/Game-Engine%20Projects/Blazing7Test/assets/Scripts/UI/InteractableUIs/SingleButton.ts as cce:/internal/code-quality/cr.mjs.
16:41:10.615 debug: Resolve cc from file:///D:/Game-Engine%20Projects/Blazing7Test/assets/Scripts/UI/InteractableUIs/SingleButton.ts as cce:/internal/x/cc.
16:41:10.615 debug: Resolve cc from file:///D:/Game-Engine%20Projects/Blazing7Test/assets/Scripts/UI/InteractableUIs/SingleButton.ts as cce:/internal/x/cc.
16:41:10.615 debug: Resolve cc from file:///D:/Game-Engine%20Projects/Blazing7Test/assets/Scripts/UI/InteractableUIs/SingleButton.ts as cce:/internal/x/cc.
16:41:10.615 debug: Resolve ../../Managers/AudioManager from file:///D:/Game-Engine%20Projects/Blazing7Test/assets/Scripts/UI/InteractableUIs/SingleButton.ts as file:///D:/Game-Engine%20Projects/Blazing7Test/assets/Scripts/Managers/AudioManager.ts.
16:41:10.615 debug: Resolve ../../Managers/Services from file:///D:/Game-Engine%20Projects/Blazing7Test/assets/Scripts/UI/InteractableUIs/SingleButton.ts as file:///D:/Game-Engine%20Projects/Blazing7Test/assets/Scripts/Managers/Services.ts.
16:41:10.615 debug: Resolve cc from file:///D:/Game-Engine%20Projects/Blazing7Test/assets/Scripts/Game/PricePopUpOptions.ts as cce:/internal/x/cc.
16:41:10.615 debug: Resolve cc from file:///D:/Game-Engine%20Projects/Blazing7Test/assets/Scripts/Game/PricePopUpOptions.ts as cce:/internal/x/cc.
16:41:10.615 debug: Resolve cc from file:///D:/Game-Engine%20Projects/Blazing7Test/assets/Scripts/Game/PricePopUpOptions.ts as cce:/internal/x/cc.
16:41:10.615 debug: Resolve cc from file:///D:/Game-Engine%20Projects/Blazing7Test/assets/Scripts/Scratch/FragmentView.ts as cce:/internal/x/cc.
16:41:10.615 debug: Resolve cc from file:///D:/Game-Engine%20Projects/Blazing7Test/assets/Scripts/Scratch/FragmentView.ts as cce:/internal/x/cc.
16:41:10.615 debug: Resolve cc from file:///D:/Game-Engine%20Projects/Blazing7Test/assets/Scripts/Scratch/FragmentView.ts as cce:/internal/x/cc.
16:41:10.615 debug: Resolve cce:/internal/code-quality/cr.mjs from file:///D:/Game-Engine%20Projects/Blazing7Test/assets/Scripts/Scratch/ScratchMask.ts as cce:/internal/code-quality/cr.mjs.
16:41:10.615 debug: Resolve cc from file:///D:/Game-Engine%20Projects/Blazing7Test/assets/Scripts/Scratch/ScratchMask.ts as cce:/internal/x/cc.
16:41:10.615 debug: Resolve cce:/internal/code-quality/cr.mjs from file:///D:/Game-Engine%20Projects/Blazing7Test/assets/Scripts/Scratch/ScratchRenderer.ts as cce:/internal/code-quality/cr.mjs.
16:41:10.615 debug: Resolve cc from file:///D:/Game-Engine%20Projects/Blazing7Test/assets/Scripts/Scratch/ScratchRenderer.ts as cce:/internal/x/cc.
16:41:10.615 debug: Resolve cc from file:///D:/Game-Engine%20Projects/Blazing7Test/assets/Scripts/Scratch/ScratchRenderer.ts as cce:/internal/x/cc.
16:41:10.615 debug: Resolve cc from file:///D:/Game-Engine%20Projects/Blazing7Test/assets/Scripts/Scratch/ScratchRenderer.ts as cce:/internal/x/cc.
16:41:10.615 debug: Resolve cce:/internal/code-quality/cr.mjs from file:///D:/Game-Engine%20Projects/Blazing7Test/assets/Scripts/Scratch/ScratchSystem.ts as cce:/internal/code-quality/cr.mjs.
16:41:10.615 debug: Resolve cc from file:///D:/Game-Engine%20Projects/Blazing7Test/assets/Scripts/Scratch/ScratchSystem.ts as cce:/internal/x/cc.
16:41:10.615 debug: Resolve cc from file:///D:/Game-Engine%20Projects/Blazing7Test/assets/Scripts/Scratch/ScratchSystem.ts as cce:/internal/x/cc.
16:41:10.615 debug: Resolve cc from file:///D:/Game-Engine%20Projects/Blazing7Test/assets/Scripts/Scratch/ScratchSystem.ts as cce:/internal/x/cc.
16:41:10.615 debug: Resolve ./ScratchRenderer from file:///D:/Game-Engine%20Projects/Blazing7Test/assets/Scripts/Scratch/ScratchSystem.ts as file:///D:/Game-Engine%20Projects/Blazing7Test/assets/Scripts/Scratch/ScratchRenderer.ts.
16:41:10.615 debug: Resolve ./ScratchMask from file:///D:/Game-Engine%20Projects/Blazing7Test/assets/Scripts/Scratch/ScratchSystem.ts as file:///D:/Game-Engine%20Projects/Blazing7Test/assets/Scripts/Scratch/ScratchMask.ts.
16:41:10.615 debug: Resolve ./FragmentView from file:///D:/Game-Engine%20Projects/Blazing7Test/assets/Scripts/Scratch/ScratchSystem.ts as file:///D:/Game-Engine%20Projects/Blazing7Test/assets/Scripts/Scratch/FragmentView.ts.
16:41:10.615 debug: Resolve ../Managers/AudioManager from file:///D:/Game-Engine%20Projects/Blazing7Test/assets/Scripts/Scratch/ScratchSystem.ts as file:///D:/Game-Engine%20Projects/Blazing7Test/assets/Scripts/Managers/AudioManager.ts.
16:41:10.615 debug: Resolve ../Managers/Services from file:///D:/Game-Engine%20Projects/Blazing7Test/assets/Scripts/Scratch/ScratchSystem.ts as file:///D:/Game-Engine%20Projects/Blazing7Test/assets/Scripts/Managers/Services.ts.
16:41:10.615 debug: Resolve cce:/internal/code-quality/cr.mjs from file:///D:/Game-Engine%20Projects/Blazing7Test/assets/Scripts/Scratch/ScratchTrajectory.ts as cce:/internal/code-quality/cr.mjs.
16:41:10.615 debug: Resolve cc from file:///D:/Game-Engine%20Projects/Blazing7Test/assets/Scripts/Scratch/ScratchTrajectory.ts as cce:/internal/x/cc.
16:41:10.615 debug: Resolve cc from file:///D:/Game-Engine%20Projects/Blazing7Test/assets/Scripts/Scratch/ScratchTypes.ts as cce:/internal/x/cc.
16:41:10.615 debug: Resolve cc from file:///D:/Game-Engine%20Projects/Blazing7Test/assets/Scripts/Types/announcement.types.ts as cce:/internal/x/cc.
16:41:10.615 debug: Resolve cc from file:///D:/Game-Engine%20Projects/Blazing7Test/assets/Scripts/Types/api.types.ts as cce:/internal/x/cc.
16:41:10.615 debug: Resolve cc from file:///D:/Game-Engine%20Projects/Blazing7Test/assets/Scripts/Types/card.types.ts as cce:/internal/x/cc.
16:41:10.615 debug: Resolve cc from file:///D:/Game-Engine%20Projects/Blazing7Test/assets/Scripts/Types/game.types.ts as cce:/internal/x/cc.
16:41:10.615 debug: Resolve cc from file:///D:/Game-Engine%20Projects/Blazing7Test/assets/Scripts/Types/index.ts as cce:/internal/x/cc.
16:41:10.615 debug: Resolve ./api.types from file:///D:/Game-Engine%20Projects/Blazing7Test/assets/Scripts/Types/index.ts as file:///D:/Game-Engine%20Projects/Blazing7Test/assets/Scripts/Types/api.types.ts.
16:41:10.615 debug: Resolve ./user.types from file:///D:/Game-Engine%20Projects/Blazing7Test/assets/Scripts/Types/index.ts as file:///D:/Game-Engine%20Projects/Blazing7Test/assets/Scripts/Types/user.types.ts.
16:41:10.615 debug: Resolve ./game.types from file:///D:/Game-Engine%20Projects/Blazing7Test/assets/Scripts/Types/index.ts as file:///D:/Game-Engine%20Projects/Blazing7Test/assets/Scripts/Types/game.types.ts.
16:41:10.615 debug: Resolve ./card.types from file:///D:/Game-Engine%20Projects/Blazing7Test/assets/Scripts/Types/index.ts as file:///D:/Game-Engine%20Projects/Blazing7Test/assets/Scripts/Types/card.types.ts.
16:41:10.615 debug: Resolve ./ticket.types from file:///D:/Game-Engine%20Projects/Blazing7Test/assets/Scripts/Types/index.ts as file:///D:/Game-Engine%20Projects/Blazing7Test/assets/Scripts/Types/ticket.types.ts.
16:41:10.615 debug: Resolve ./ranking.types from file:///D:/Game-Engine%20Projects/Blazing7Test/assets/Scripts/Types/index.ts as file:///D:/Game-Engine%20Projects/Blazing7Test/assets/Scripts/Types/ranking.types.ts.
16:41:10.615 debug: Resolve ./announcement.types from file:///D:/Game-Engine%20Projects/Blazing7Test/assets/Scripts/Types/index.ts as file:///D:/Game-Engine%20Projects/Blazing7Test/assets/Scripts/Types/announcement.types.ts.
16:41:10.615 debug: Resolve ./ui.types from file:///D:/Game-Engine%20Projects/Blazing7Test/assets/Scripts/Types/index.ts as file:///D:/Game-Engine%20Projects/Blazing7Test/assets/Scripts/Types/ui.types.ts.
16:41:10.615 debug: Resolve cc from file:///D:/Game-Engine%20Projects/Blazing7Test/assets/Scripts/Types/user.types.ts as cce:/internal/x/cc.
16:41:10.615 debug: Resolve cc from file:///D:/Game-Engine%20Projects/Blazing7Test/assets/Scripts/Types/ticket.types.ts as cce:/internal/x/cc.
16:41:10.615 debug: Resolve cc from file:///D:/Game-Engine%20Projects/Blazing7Test/assets/Scripts/Types/ranking.types.ts as cce:/internal/x/cc.
16:41:10.615 debug: Resolve cc from file:///D:/Game-Engine%20Projects/Blazing7Test/assets/Scripts/Types/ui.types.ts as cce:/internal/x/cc.
16:41:10.615 debug: Resolve cce:/internal/code-quality/cr.mjs from file:///D:/Game-Engine%20Projects/Blazing7Test/assets/Scripts/UI/LastWin.ts as cce:/internal/code-quality/cr.mjs.
16:41:10.615 debug: Resolve cc from file:///D:/Game-Engine%20Projects/Blazing7Test/assets/Scripts/UI/LastWin.ts as cce:/internal/x/cc.
16:41:10.615 debug: Resolve cc from file:///D:/Game-Engine%20Projects/Blazing7Test/assets/Scripts/UI/LastWin.ts as cce:/internal/x/cc.
16:41:10.615 debug: Resolve cc from file:///D:/Game-Engine%20Projects/Blazing7Test/assets/Scripts/UI/LastWin.ts as cce:/internal/x/cc.
16:41:10.616 debug: Resolve ../Managers/GameManager from file:///D:/Game-Engine%20Projects/Blazing7Test/assets/Scripts/UI/LastWin.ts as file:///D:/Game-Engine%20Projects/Blazing7Test/assets/Scripts/Managers/GameManager.ts.
16:41:10.616 debug: Resolve ../Managers/Services from file:///D:/Game-Engine%20Projects/Blazing7Test/assets/Scripts/UI/LastWin.ts as file:///D:/Game-Engine%20Projects/Blazing7Test/assets/Scripts/Managers/Services.ts.
16:41:10.616 debug: Resolve cce:/internal/code-quality/cr.mjs from file:///D:/Game-Engine%20Projects/Blazing7Test/assets/Scripts/UI/PopUp/MaxWinToasterPopUp.ts as cce:/internal/code-quality/cr.mjs.
16:41:10.616 debug: Resolve cc from file:///D:/Game-Engine%20Projects/Blazing7Test/assets/Scripts/UI/PopUp/MaxWinToasterPopUp.ts as cce:/internal/x/cc.
16:41:10.616 debug: Resolve cc from file:///D:/Game-Engine%20Projects/Blazing7Test/assets/Scripts/UI/PopUp/MaxWinToasterPopUp.ts as cce:/internal/x/cc.
16:41:10.616 debug: Resolve cc from file:///D:/Game-Engine%20Projects/Blazing7Test/assets/Scripts/UI/PopUp/MaxWinToasterPopUp.ts as cce:/internal/x/cc.
16:41:10.616 debug: Resolve ../../utils/NumberFormatter from file:///D:/Game-Engine%20Projects/Blazing7Test/assets/Scripts/UI/PopUp/MaxWinToasterPopUp.ts as file:///D:/Game-Engine%20Projects/Blazing7Test/assets/Scripts/utils/NumberFormatter.ts.
16:41:10.616 debug: Resolve cc from file:///D:/Game-Engine%20Projects/Blazing7Test/assets/Scripts/utils/NumberFormatter.ts as cce:/internal/x/cc.
16:41:10.620 debug: Resolve cc from file:///D:/Game-Engine%20Projects/Blazing7Test/assets/Scripts/utils/NumberFormatter.ts as cce:/internal/x/cc.
16:41:10.620 debug: Resolve cc from file:///D:/Game-Engine%20Projects/Blazing7Test/assets/Scripts/utils/NumberFormatter.ts as cce:/internal/x/cc.
16:41:10.620 debug: Resolve cce:/internal/code-quality/cr.mjs from file:///D:/Game-Engine%20Projects/Blazing7Test/assets/Scripts/UI/PopUp/WinPopUp.ts as cce:/internal/code-quality/cr.mjs.
16:41:10.620 debug: Resolve cc from file:///D:/Game-Engine%20Projects/Blazing7Test/assets/Scripts/UI/PopUp/WinPopUp.ts as cce:/internal/x/cc.
16:41:10.620 debug: Resolve cc from file:///D:/Game-Engine%20Projects/Blazing7Test/assets/Scripts/UI/PopUp/WinPopUp.ts as cce:/internal/x/cc.
16:41:10.620 debug: Resolve cc from file:///D:/Game-Engine%20Projects/Blazing7Test/assets/Scripts/UI/PopUp/WinPopUp.ts as cce:/internal/x/cc.
16:41:10.620 debug: Resolve ../../Managers/AudioManager from file:///D:/Game-Engine%20Projects/Blazing7Test/assets/Scripts/UI/PopUp/WinPopUp.ts as file:///D:/Game-Engine%20Projects/Blazing7Test/assets/Scripts/Managers/AudioManager.ts.
16:41:10.620 debug: Resolve ../../Managers/Services from file:///D:/Game-Engine%20Projects/Blazing7Test/assets/Scripts/UI/PopUp/WinPopUp.ts as file:///D:/Game-Engine%20Projects/Blazing7Test/assets/Scripts/Managers/Services.ts.
16:41:10.620 debug: Resolve ../../Managers/PopUpManager from file:///D:/Game-Engine%20Projects/Blazing7Test/assets/Scripts/UI/PopUp/WinPopUp.ts as file:///D:/Game-Engine%20Projects/Blazing7Test/assets/Scripts/Managers/PopUpManager.ts.
16:41:10.620 debug: Resolve cc from file:///D:/Game-Engine%20Projects/Blazing7Test/assets/Scripts/UI/Scenes/Game/ScrollingBackground.ts as cce:/internal/x/cc.
16:41:10.620 debug: Resolve cc from file:///D:/Game-Engine%20Projects/Blazing7Test/assets/Scripts/UI/Scenes/Game/ScrollingBackground.ts as cce:/internal/x/cc.
16:41:10.620 debug: Resolve cc from file:///D:/Game-Engine%20Projects/Blazing7Test/assets/Scripts/UI/Scenes/Game/ScrollingBackground.ts as cce:/internal/x/cc.
16:41:10.620 debug: Resolve cc from file:///D:/Game-Engine%20Projects/Blazing7Test/assets/Scripts/UI/Scenes/Loading/LoadingBar.ts as cce:/internal/x/cc.
16:41:10.620 debug: Resolve cc from file:///D:/Game-Engine%20Projects/Blazing7Test/assets/Scripts/UI/Scenes/Loading/LoadingBar.ts as cce:/internal/x/cc.
16:41:10.620 debug: Resolve cc from file:///D:/Game-Engine%20Projects/Blazing7Test/assets/Scripts/UI/Scenes/Loading/LoadingBar.ts as cce:/internal/x/cc.
16:41:10.620 debug: Resolve cce:/internal/code-quality/cr.mjs from file:///D:/Game-Engine%20Projects/Blazing7Test/assets/Scripts/UI/Scenes/Loading/LoadingScene.ts as cce:/internal/code-quality/cr.mjs.
16:41:10.620 debug: Resolve cc from file:///D:/Game-Engine%20Projects/Blazing7Test/assets/Scripts/UI/Scenes/Loading/LoadingScene.ts as cce:/internal/x/cc.
16:41:10.620 debug: Resolve cc from file:///D:/Game-Engine%20Projects/Blazing7Test/assets/Scripts/UI/Scenes/Loading/LoadingScene.ts as cce:/internal/x/cc.
16:41:10.620 debug: Resolve cc from file:///D:/Game-Engine%20Projects/Blazing7Test/assets/Scripts/UI/Scenes/Loading/LoadingScene.ts as cce:/internal/x/cc.
16:41:10.620 debug: Resolve ./LoadingBar from file:///D:/Game-Engine%20Projects/Blazing7Test/assets/Scripts/UI/Scenes/Loading/LoadingScene.ts as file:///D:/Game-Engine%20Projects/Blazing7Test/assets/Scripts/UI/Scenes/Loading/LoadingBar.ts.
16:41:10.620 debug: Resolve ../../../Managers/Services from file:///D:/Game-Engine%20Projects/Blazing7Test/assets/Scripts/UI/Scenes/Loading/LoadingScene.ts as file:///D:/Game-Engine%20Projects/Blazing7Test/assets/Scripts/Managers/Services.ts.
16:41:10.620 debug: Resolve ../../../Managers/SceneManager from file:///D:/Game-Engine%20Projects/Blazing7Test/assets/Scripts/UI/Scenes/Loading/LoadingScene.ts as file:///D:/Game-Engine%20Projects/Blazing7Test/assets/Scripts/Managers/SceneManager.ts.
16:41:10.620 debug: Resolve ../../../Managers/GameManager from file:///D:/Game-Engine%20Projects/Blazing7Test/assets/Scripts/UI/Scenes/Loading/LoadingScene.ts as file:///D:/Game-Engine%20Projects/Blazing7Test/assets/Scripts/Managers/GameManager.ts.
16:41:10.620 debug: Resolve ../../../EventListener/BaseEventListener from file:///D:/Game-Engine%20Projects/Blazing7Test/assets/Scripts/UI/Scenes/Loading/LoadingScene.ts as file:///D:/Game-Engine%20Projects/Blazing7Test/assets/Scripts/EventListener/BaseEventListener.ts.
16:41:10.620 debug: Resolve ../../../utils/logger from file:///D:/Game-Engine%20Projects/Blazing7Test/assets/Scripts/UI/Scenes/Loading/LoadingScene.ts as file:///D:/Game-Engine%20Projects/Blazing7Test/assets/Scripts/utils/logger.ts.
16:41:10.620 debug: Resolve cce:/internal/code-quality/cr.mjs from file:///D:/Game-Engine%20Projects/Blazing7Test/assets/Scripts/UI/Scenes/NewPlayerGuide.ts as cce:/internal/code-quality/cr.mjs.
16:41:10.620 debug: Resolve cc from file:///D:/Game-Engine%20Projects/Blazing7Test/assets/Scripts/UI/Scenes/NewPlayerGuide.ts as cce:/internal/x/cc.
16:41:10.620 debug: Resolve cc from file:///D:/Game-Engine%20Projects/Blazing7Test/assets/Scripts/UI/Scenes/NewPlayerGuide.ts as cce:/internal/x/cc.
16:41:10.620 debug: Resolve cc from file:///D:/Game-Engine%20Projects/Blazing7Test/assets/Scripts/UI/Scenes/NewPlayerGuide.ts as cce:/internal/x/cc.
16:41:10.620 debug: Resolve ../../Managers/SceneManager from file:///D:/Game-Engine%20Projects/Blazing7Test/assets/Scripts/UI/Scenes/NewPlayerGuide.ts as file:///D:/Game-Engine%20Projects/Blazing7Test/assets/Scripts/Managers/SceneManager.ts.
16:41:10.620 debug: Resolve ../../Managers/Services from file:///D:/Game-Engine%20Projects/Blazing7Test/assets/Scripts/UI/Scenes/NewPlayerGuide.ts as file:///D:/Game-Engine%20Projects/Blazing7Test/assets/Scripts/Managers/Services.ts.
16:41:10.620 debug: Resolve ../../Api/GameApi from file:///D:/Game-Engine%20Projects/Blazing7Test/assets/Scripts/UI/Scenes/NewPlayerGuide.ts as file:///D:/Game-Engine%20Projects/Blazing7Test/assets/Scripts/Api/GameApi.ts.
16:41:10.620 debug: Resolve ../../Managers/GameManager from file:///D:/Game-Engine%20Projects/Blazing7Test/assets/Scripts/UI/Scenes/NewPlayerGuide.ts as file:///D:/Game-Engine%20Projects/Blazing7Test/assets/Scripts/Managers/GameManager.ts.
16:41:10.620 debug: Resolve cce:/internal/code-quality/cr.mjs from file:///D:/Game-Engine%20Projects/Blazing7Test/assets/Scripts/UI/VisualFx/DragonBreathing.ts as cce:/internal/code-quality/cr.mjs.
16:41:10.620 debug: Resolve cc from file:///D:/Game-Engine%20Projects/Blazing7Test/assets/Scripts/UI/VisualFx/DragonBreathing.ts as cce:/internal/x/cc.
16:41:10.620 debug: Resolve cc from file:///D:/Game-Engine%20Projects/Blazing7Test/assets/Scripts/UI/VisualFx/DragonBreathing.ts as cce:/internal/x/cc.
16:41:10.620 debug: Resolve cc from file:///D:/Game-Engine%20Projects/Blazing7Test/assets/Scripts/UI/VisualFx/DragonBreathing.ts as cce:/internal/x/cc.
16:41:10.620 debug: Resolve cc from file:///D:/Game-Engine%20Projects/Blazing7Test/assets/Scripts/UI/VisualFx/DragonBreathing.ts as cce:/internal/x/cc.
16:41:10.620 debug: Resolve ../../Managers/AudioManager from file:///D:/Game-Engine%20Projects/Blazing7Test/assets/Scripts/UI/VisualFx/DragonBreathing.ts as file:///D:/Game-Engine%20Projects/Blazing7Test/assets/Scripts/Managers/AudioManager.ts.
16:41:10.621 debug: Resolve ../../Managers/Services from file:///D:/Game-Engine%20Projects/Blazing7Test/assets/Scripts/UI/VisualFx/DragonBreathing.ts as file:///D:/Game-Engine%20Projects/Blazing7Test/assets/Scripts/Managers/Services.ts.
16:41:10.621 debug: Resolve cce:/internal/code-quality/cr.mjs from file:///D:/Game-Engine%20Projects/Blazing7Test/assets/Scripts/UI/VisualFx/HelpView.ts as cce:/internal/code-quality/cr.mjs.
16:41:10.621 debug: Resolve cc from file:///D:/Game-Engine%20Projects/Blazing7Test/assets/Scripts/UI/VisualFx/HelpView.ts as cce:/internal/x/cc.
16:41:10.621 debug: Resolve cc from file:///D:/Game-Engine%20Projects/Blazing7Test/assets/Scripts/UI/VisualFx/HelpView.ts as cce:/internal/x/cc.
16:41:10.621 debug: Resolve cc from file:///D:/Game-Engine%20Projects/Blazing7Test/assets/Scripts/UI/VisualFx/HelpView.ts as cce:/internal/x/cc.
16:41:10.621 debug: Resolve ../../Managers/GameManager from file:///D:/Game-Engine%20Projects/Blazing7Test/assets/Scripts/UI/VisualFx/HelpView.ts as file:///D:/Game-Engine%20Projects/Blazing7Test/assets/Scripts/Managers/GameManager.ts.
16:41:10.621 debug: Resolve ../../Managers/Services from file:///D:/Game-Engine%20Projects/Blazing7Test/assets/Scripts/UI/VisualFx/HelpView.ts as file:///D:/Game-Engine%20Projects/Blazing7Test/assets/Scripts/Managers/Services.ts.
16:41:10.621 debug: Resolve cc from file:///D:/Game-Engine%20Projects/Blazing7Test/assets/Scripts/UI/VisualFx/NodeMovement.ts as cce:/internal/x/cc.
16:41:10.622 debug: Resolve cc from file:///D:/Game-Engine%20Projects/Blazing7Test/assets/Scripts/UI/VisualFx/NodeMovement.ts as cce:/internal/x/cc.
16:41:10.622 debug: Resolve cc from file:///D:/Game-Engine%20Projects/Blazing7Test/assets/Scripts/UI/VisualFx/NodeMovement.ts as cce:/internal/x/cc.
16:41:10.622 debug: Resolve cce:/internal/code-quality/cr.mjs from file:///D:/Game-Engine%20Projects/Blazing7Test/assets/menu-bundle/BANANACRAZE/script/BundleBonusItem.ts as cce:/internal/code-quality/cr.mjs.
16:41:10.622 debug: Resolve cc from file:///D:/Game-Engine%20Projects/Blazing7Test/assets/menu-bundle/BANANACRAZE/script/BundleBonusItem.ts as cce:/internal/x/cc.
16:41:10.622 debug: Resolve cc from file:///D:/Game-Engine%20Projects/Blazing7Test/assets/menu-bundle/BANANACRAZE/script/BundleBonusItem.ts as cce:/internal/x/cc.
16:41:10.622 debug: Resolve cc from file:///D:/Game-Engine%20Projects/Blazing7Test/assets/menu-bundle/BANANACRAZE/script/BundleBonusItem.ts as cce:/internal/x/cc.
16:41:10.622 debug: Resolve ../../script/manager/MessageFlag from file:///D:/Game-Engine%20Projects/Blazing7Test/assets/menu-bundle/BANANACRAZE/script/BundleBonusItem.ts as file:///D:/Game-Engine%20Projects/Blazing7Test/assets/menu-bundle/script/manager/MessageFlag.ts.
16:41:10.622 debug: Resolve ../../script/interfaces/IMenuDependencies from file:///D:/Game-Engine%20Projects/Blazing7Test/assets/menu-bundle/BANANACRAZE/script/BundleBonusItem.ts as file:///D:/Game-Engine%20Projects/Blazing7Test/assets/menu-bundle/script/interfaces/IMenuDependencies.ts.
16:41:10.622 debug: Resolve cc from file:///D:/Game-Engine%20Projects/Blazing7Test/assets/menu-bundle/script/manager/MessageFlag.ts as cce:/internal/x/cc.
16:41:10.622 debug: Resolve cc from file:///D:/Game-Engine%20Projects/Blazing7Test/assets/menu-bundle/script/interfaces/IMenuDependencies.ts as cce:/internal/x/cc.
16:41:10.622 debug: Resolve cc from file:///D:/Game-Engine%20Projects/Blazing7Test/assets/menu-bundle/script/interfaces/IMenuDependencies.ts as cce:/internal/x/cc.
16:41:10.622 debug: Resolve cce:/internal/code-quality/cr.mjs from file:///D:/Game-Engine%20Projects/Blazing7Test/assets/menu-bundle/BANANACRAZE/script/BundleBonusTrajectory.ts as cce:/internal/code-quality/cr.mjs.
16:41:10.622 debug: Resolve cc from file:///D:/Game-Engine%20Projects/Blazing7Test/assets/menu-bundle/BANANACRAZE/script/BundleBonusTrajectory.ts as cce:/internal/x/cc.
16:41:10.622 debug: Resolve cc from file:///D:/Game-Engine%20Projects/Blazing7Test/assets/menu-bundle/BANANACRAZE/script/BundleBonusTrajectory.ts as cce:/internal/x/cc.
16:41:10.622 debug: Resolve cc from file:///D:/Game-Engine%20Projects/Blazing7Test/assets/menu-bundle/BANANACRAZE/script/BundleBonusTrajectory.ts as cce:/internal/x/cc.
16:41:10.622 debug: Resolve ../../script/interfaces/IMenuDependencies from file:///D:/Game-Engine%20Projects/Blazing7Test/assets/menu-bundle/BANANACRAZE/script/BundleBonusTrajectory.ts as file:///D:/Game-Engine%20Projects/Blazing7Test/assets/menu-bundle/script/interfaces/IMenuDependencies.ts.
16:41:10.622 debug: Resolve ../../script/manager/MessageFlag from file:///D:/Game-Engine%20Projects/Blazing7Test/assets/menu-bundle/BANANACRAZE/script/BundleBonusTrajectory.ts as file:///D:/Game-Engine%20Projects/Blazing7Test/assets/menu-bundle/script/manager/MessageFlag.ts.
16:41:10.622 debug: Resolve cce:/internal/code-quality/cr.mjs from file:///D:/Game-Engine%20Projects/Blazing7Test/assets/menu-bundle/BANANACRAZE/script/BundleCardTrajectory.ts as cce:/internal/code-quality/cr.mjs.
16:41:10.622 debug: Resolve cc from file:///D:/Game-Engine%20Projects/Blazing7Test/assets/menu-bundle/BANANACRAZE/script/BundleCardTrajectory.ts as cce:/internal/x/cc.
16:41:10.622 debug: Resolve cc from file:///D:/Game-Engine%20Projects/Blazing7Test/assets/menu-bundle/BANANACRAZE/script/BundleCardTrajectory.ts as cce:/internal/x/cc.
16:41:10.622 debug: Resolve cc from file:///D:/Game-Engine%20Projects/Blazing7Test/assets/menu-bundle/BANANACRAZE/script/BundleCardTrajectory.ts as cce:/internal/x/cc.
16:41:10.622 debug: Resolve ../../script/interfaces/IMenuDependencies from file:///D:/Game-Engine%20Projects/Blazing7Test/assets/menu-bundle/BANANACRAZE/script/BundleCardTrajectory.ts as file:///D:/Game-Engine%20Projects/Blazing7Test/assets/menu-bundle/script/interfaces/IMenuDependencies.ts.
16:41:10.622 debug: Resolve ../../script/utils/BundleGameUtils from file:///D:/Game-Engine%20Projects/Blazing7Test/assets/menu-bundle/BANANACRAZE/script/BundleCardTrajectory.ts as file:///D:/Game-Engine%20Projects/Blazing7Test/assets/menu-bundle/script/utils/BundleGameUtils.ts.
16:41:10.622 debug: Resolve ./BundleYourNumbersTrajectory from file:///D:/Game-Engine%20Projects/Blazing7Test/assets/menu-bundle/BANANACRAZE/script/BundleCardTrajectory.ts as file:///D:/Game-Engine%20Projects/Blazing7Test/assets/menu-bundle/BANANACRAZE/script/BundleYourNumbersTrajectory.ts.
16:41:10.622 debug: Resolve cce:/internal/code-quality/cr.mjs from file:///D:/Game-Engine%20Projects/Blazing7Test/assets/menu-bundle/script/utils/BundleGameUtils.ts as cce:/internal/code-quality/cr.mjs.
16:41:10.622 debug: Resolve cc from file:///D:/Game-Engine%20Projects/Blazing7Test/assets/menu-bundle/script/utils/BundleGameUtils.ts as cce:/internal/x/cc.
16:41:10.622 debug: Resolve cc from file:///D:/Game-Engine%20Projects/Blazing7Test/assets/menu-bundle/script/utils/BundleGameUtils.ts as cce:/internal/x/cc.
16:41:10.622 debug: Resolve cc from file:///D:/Game-Engine%20Projects/Blazing7Test/assets/menu-bundle/script/utils/BundleGameUtils.ts as cce:/internal/x/cc.
16:41:10.622 debug: Resolve ../interfaces/IMenuDependencies from file:///D:/Game-Engine%20Projects/Blazing7Test/assets/menu-bundle/script/utils/BundleGameUtils.ts as file:///D:/Game-Engine%20Projects/Blazing7Test/assets/menu-bundle/script/interfaces/IMenuDependencies.ts.
16:41:10.622 debug: Resolve cce:/internal/code-quality/cr.mjs from file:///D:/Game-Engine%20Projects/Blazing7Test/assets/menu-bundle/BANANACRAZE/script/BundleYourNumbersTrajectory.ts as cce:/internal/code-quality/cr.mjs.
16:41:10.622 debug: Resolve cc from file:///D:/Game-Engine%20Projects/Blazing7Test/assets/menu-bundle/BANANACRAZE/script/BundleYourNumbersTrajectory.ts as cce:/internal/x/cc.
16:41:10.622 debug: Resolve cc from file:///D:/Game-Engine%20Projects/Blazing7Test/assets/menu-bundle/BANANACRAZE/script/BundleYourNumbersTrajectory.ts as cce:/internal/x/cc.
16:41:10.622 debug: Resolve cc from file:///D:/Game-Engine%20Projects/Blazing7Test/assets/menu-bundle/BANANACRAZE/script/BundleYourNumbersTrajectory.ts as cce:/internal/x/cc.
16:41:10.622 debug: Resolve ../../script/interfaces/IMenuDependencies from file:///D:/Game-Engine%20Projects/Blazing7Test/assets/menu-bundle/BANANACRAZE/script/BundleYourNumbersTrajectory.ts as file:///D:/Game-Engine%20Projects/Blazing7Test/assets/menu-bundle/script/interfaces/IMenuDependencies.ts.
16:41:10.622 debug: Resolve ../../script/manager/MessageFlag from file:///D:/Game-Engine%20Projects/Blazing7Test/assets/menu-bundle/BANANACRAZE/script/BundleYourNumbersTrajectory.ts as file:///D:/Game-Engine%20Projects/Blazing7Test/assets/menu-bundle/script/manager/MessageFlag.ts.
16:41:10.622 debug: Resolve ./BundleYourNumberItem from file:///D:/Game-Engine%20Projects/Blazing7Test/assets/menu-bundle/BANANACRAZE/script/BundleYourNumbersTrajectory.ts as file:///D:/Game-Engine%20Projects/Blazing7Test/assets/menu-bundle/BANANACRAZE/script/BundleYourNumberItem.ts.
16:41:10.622 debug: Resolve cce:/internal/code-quality/cr.mjs from file:///D:/Game-Engine%20Projects/Blazing7Test/assets/menu-bundle/BANANACRAZE/script/BundleYourNumberItem.ts as cce:/internal/code-quality/cr.mjs.
16:41:10.623 debug: Resolve cc from file:///D:/Game-Engine%20Projects/Blazing7Test/assets/menu-bundle/BANANACRAZE/script/BundleYourNumberItem.ts as cce:/internal/x/cc.
16:41:10.623 debug: Resolve cc from file:///D:/Game-Engine%20Projects/Blazing7Test/assets/menu-bundle/BANANACRAZE/script/BundleYourNumberItem.ts as cce:/internal/x/cc.
16:41:10.623 debug: Resolve cc from file:///D:/Game-Engine%20Projects/Blazing7Test/assets/menu-bundle/BANANACRAZE/script/BundleYourNumberItem.ts as cce:/internal/x/cc.
16:41:10.623 debug: Resolve ../../script/manager/MessageFlag from file:///D:/Game-Engine%20Projects/Blazing7Test/assets/menu-bundle/BANANACRAZE/script/BundleYourNumberItem.ts as file:///D:/Game-Engine%20Projects/Blazing7Test/assets/menu-bundle/script/manager/MessageFlag.ts.
16:41:10.623 debug: Resolve ../../script/interfaces/IMenuDependencies from file:///D:/Game-Engine%20Projects/Blazing7Test/assets/menu-bundle/BANANACRAZE/script/BundleYourNumberItem.ts as file:///D:/Game-Engine%20Projects/Blazing7Test/assets/menu-bundle/script/interfaces/IMenuDependencies.ts.
16:41:10.623 debug: Resolve ../../script/utils/BundleGameUtils from file:///D:/Game-Engine%20Projects/Blazing7Test/assets/menu-bundle/BANANACRAZE/script/BundleYourNumberItem.ts as file:///D:/Game-Engine%20Projects/Blazing7Test/assets/menu-bundle/script/utils/BundleGameUtils.ts.
16:41:10.623 debug: Resolve cc from file:///D:/Game-Engine%20Projects/Blazing7Test/assets/menu-bundle/BANANACRAZE/script/BundleLeafItem.ts as cce:/internal/x/cc.
16:41:10.623 debug: Resolve cc from file:///D:/Game-Engine%20Projects/Blazing7Test/assets/menu-bundle/BANANACRAZE/script/BundleLeafItem.ts as cce:/internal/x/cc.
16:41:10.623 debug: Resolve cc from file:///D:/Game-Engine%20Projects/Blazing7Test/assets/menu-bundle/BANANACRAZE/script/BundleLeafItem.ts as cce:/internal/x/cc.
16:41:10.623 debug: Resolve cce:/internal/code-quality/cr.mjs from file:///D:/Game-Engine%20Projects/Blazing7Test/assets/menu-bundle/BANANACRAZE/script/BundleLeafManagerTrajectory.ts as cce:/internal/code-quality/cr.mjs.
16:41:10.623 debug: Resolve cc from file:///D:/Game-Engine%20Projects/Blazing7Test/assets/menu-bundle/BANANACRAZE/script/BundleLeafManagerTrajectory.ts as cce:/internal/x/cc.
16:41:10.623 debug: Resolve cc from file:///D:/Game-Engine%20Projects/Blazing7Test/assets/menu-bundle/BANANACRAZE/script/BundleLeafManagerTrajectory.ts as cce:/internal/x/cc.
16:41:10.623 debug: Resolve cc from file:///D:/Game-Engine%20Projects/Blazing7Test/assets/menu-bundle/BANANACRAZE/script/BundleLeafManagerTrajectory.ts as cce:/internal/x/cc.
16:41:10.623 debug: Resolve ../../script/manager/MessageFlag from file:///D:/Game-Engine%20Projects/Blazing7Test/assets/menu-bundle/BANANACRAZE/script/BundleLeafManagerTrajectory.ts as file:///D:/Game-Engine%20Projects/Blazing7Test/assets/menu-bundle/script/manager/MessageFlag.ts.
16:41:10.623 debug: Resolve ../../script/interfaces/IMenuDependencies from file:///D:/Game-Engine%20Projects/Blazing7Test/assets/menu-bundle/BANANACRAZE/script/BundleLeafManagerTrajectory.ts as file:///D:/Game-Engine%20Projects/Blazing7Test/assets/menu-bundle/script/interfaces/IMenuDependencies.ts.
16:41:10.623 debug: Resolve cce:/internal/code-quality/cr.mjs from file:///D:/Game-Engine%20Projects/Blazing7Test/assets/menu-bundle/BANANACRAZE/script/BundleTrajectory.ts as cce:/internal/code-quality/cr.mjs.
16:41:10.623 debug: Resolve cc from file:///D:/Game-Engine%20Projects/Blazing7Test/assets/menu-bundle/BANANACRAZE/script/BundleTrajectory.ts as cce:/internal/x/cc.
16:41:10.623 debug: Resolve cc from file:///D:/Game-Engine%20Projects/Blazing7Test/assets/menu-bundle/BANANACRAZE/script/BundleTrajectory.ts as cce:/internal/x/cc.
16:41:10.623 debug: Resolve cc from file:///D:/Game-Engine%20Projects/Blazing7Test/assets/menu-bundle/BANANACRAZE/script/BundleTrajectory.ts as cce:/internal/x/cc.
16:41:10.623 debug: Resolve ../../script/base/BundleBasePanel from file:///D:/Game-Engine%20Projects/Blazing7Test/assets/menu-bundle/BANANACRAZE/script/BundleTrajectory.ts as file:///D:/Game-Engine%20Projects/Blazing7Test/assets/menu-bundle/script/base/BundleBasePanel.ts.
16:41:10.623 debug: Resolve ../../script/types/AniType from file:///D:/Game-Engine%20Projects/Blazing7Test/assets/menu-bundle/BANANACRAZE/script/BundleTrajectory.ts as file:///D:/Game-Engine%20Projects/Blazing7Test/assets/menu-bundle/script/types/AniType.ts.
16:41:10.623 debug: Resolve ../../script/api/GameApi from file:///D:/Game-Engine%20Projects/Blazing7Test/assets/menu-bundle/BANANACRAZE/script/BundleTrajectory.ts as file:///D:/Game-Engine%20Projects/Blazing7Test/assets/menu-bundle/script/api/GameApi.ts.
16:41:10.623 debug: Resolve ../../script/utils/BundleGameUtils from file:///D:/Game-Engine%20Projects/Blazing7Test/assets/menu-bundle/BANANACRAZE/script/BundleTrajectory.ts as file:///D:/Game-Engine%20Projects/Blazing7Test/assets/menu-bundle/script/utils/BundleGameUtils.ts.
16:41:10.623 debug: Resolve ../../script/manager/MessageFlag from file:///D:/Game-Engine%20Projects/Blazing7Test/assets/menu-bundle/BANANACRAZE/script/BundleTrajectory.ts as file:///D:/Game-Engine%20Projects/Blazing7Test/assets/menu-bundle/script/manager/MessageFlag.ts.
16:41:10.623 debug: Resolve ./BundleCardTrajectory from file:///D:/Game-Engine%20Projects/Blazing7Test/assets/menu-bundle/BANANACRAZE/script/BundleTrajectory.ts as file:///D:/Game-Engine%20Projects/Blazing7Test/assets/menu-bundle/BANANACRAZE/script/BundleCardTrajectory.ts.
16:41:10.623 debug: Resolve ../../script/interfaces/IMenuDependencies from file:///D:/Game-Engine%20Projects/Blazing7Test/assets/menu-bundle/BANANACRAZE/script/BundleTrajectory.ts as file:///D:/Game-Engine%20Projects/Blazing7Test/assets/menu-bundle/script/interfaces/IMenuDependencies.ts.
16:41:10.624 debug: Resolve cce:/internal/code-quality/cr.mjs from file:///D:/Game-Engine%20Projects/Blazing7Test/assets/menu-bundle/script/base/BundleBasePanel.ts as cce:/internal/code-quality/cr.mjs.
16:41:10.624 debug: Resolve cc from file:///D:/Game-Engine%20Projects/Blazing7Test/assets/menu-bundle/script/base/BundleBasePanel.ts as cce:/internal/x/cc.
16:41:10.624 debug: Resolve cc from file:///D:/Game-Engine%20Projects/Blazing7Test/assets/menu-bundle/script/base/BundleBasePanel.ts as cce:/internal/x/cc.
16:41:10.624 debug: Resolve cc from file:///D:/Game-Engine%20Projects/Blazing7Test/assets/menu-bundle/script/base/BundleBasePanel.ts as cce:/internal/x/cc.
16:41:10.624 debug: Resolve ./BundleBaseUI from file:///D:/Game-Engine%20Projects/Blazing7Test/assets/menu-bundle/script/base/BundleBasePanel.ts as file:///D:/Game-Engine%20Projects/Blazing7Test/assets/menu-bundle/script/base/BundleBaseUI.ts.
16:41:10.624 debug: Resolve ../interfaces/IMenuDependencies from file:///D:/Game-Engine%20Projects/Blazing7Test/assets/menu-bundle/script/base/BundleBasePanel.ts as file:///D:/Game-Engine%20Projects/Blazing7Test/assets/menu-bundle/script/interfaces/IMenuDependencies.ts.
16:41:10.624 debug: Resolve ../types/AniType from file:///D:/Game-Engine%20Projects/Blazing7Test/assets/menu-bundle/script/base/BundleBasePanel.ts as file:///D:/Game-Engine%20Projects/Blazing7Test/assets/menu-bundle/script/types/AniType.ts.
16:41:10.624 debug: Resolve ../manager/MessageFlag from file:///D:/Game-Engine%20Projects/Blazing7Test/assets/menu-bundle/script/base/BundleBasePanel.ts as file:///D:/Game-Engine%20Projects/Blazing7Test/assets/menu-bundle/script/manager/MessageFlag.ts.
16:41:10.624 debug: Resolve ../interfaces/IMenuDependencies from file:///D:/Game-Engine%20Projects/Blazing7Test/assets/menu-bundle/script/base/BundleBasePanel.ts as file:///D:/Game-Engine%20Projects/Blazing7Test/assets/menu-bundle/script/interfaces/IMenuDependencies.ts.
16:41:10.624 debug: Resolve cc from file:///D:/Game-Engine%20Projects/Blazing7Test/assets/menu-bundle/script/base/BundleBaseUI.ts as cce:/internal/x/cc.
16:41:10.624 debug: Resolve cc from file:///D:/Game-Engine%20Projects/Blazing7Test/assets/menu-bundle/script/base/BundleBaseUI.ts as cce:/internal/x/cc.
16:41:10.624 debug: Resolve cc from file:///D:/Game-Engine%20Projects/Blazing7Test/assets/menu-bundle/script/base/BundleBaseUI.ts as cce:/internal/x/cc.
16:41:10.624 debug: Resolve cc from file:///D:/Game-Engine%20Projects/Blazing7Test/assets/menu-bundle/script/types/AniType.ts as cce:/internal/x/cc.
16:41:10.624 debug: Resolve cce:/internal/code-quality/cr.mjs from file:///D:/Game-Engine%20Projects/Blazing7Test/assets/menu-bundle/script/api/GameApi.ts as cce:/internal/code-quality/cr.mjs.
16:41:10.624 debug: Resolve cc from file:///D:/Game-Engine%20Projects/Blazing7Test/assets/menu-bundle/script/api/GameApi.ts as cce:/internal/x/cc.
16:41:10.624 debug: Resolve ../interfaces/IMenuDependencies from file:///D:/Game-Engine%20Projects/Blazing7Test/assets/menu-bundle/script/api/GameApi.ts as file:///D:/Game-Engine%20Projects/Blazing7Test/assets/menu-bundle/script/interfaces/IMenuDependencies.ts.
16:41:10.624 debug: Resolve cc from file:///D:/Game-Engine%20Projects/Blazing7Test/assets/menu-bundle/BINGO2/script/BingoAudio.ts as cce:/internal/x/cc.
16:41:10.624 debug: Resolve cc from file:///D:/Game-Engine%20Projects/Blazing7Test/assets/menu-bundle/BINGO2/script/BingoAudio.ts as cce:/internal/x/cc.
16:41:10.624 debug: Resolve cc from file:///D:/Game-Engine%20Projects/Blazing7Test/assets/menu-bundle/BINGO2/script/BingoAudio.ts as cce:/internal/x/cc.
16:41:10.624 debug: Resolve cce:/internal/code-quality/cr.mjs from file:///D:/Game-Engine%20Projects/Blazing7Test/assets/menu-bundle/BINGO2/script/BingoBalls.ts as cce:/internal/code-quality/cr.mjs.
16:41:10.624 debug: Resolve cc from file:///D:/Game-Engine%20Projects/Blazing7Test/assets/menu-bundle/BINGO2/script/BingoBalls.ts as cce:/internal/x/cc.
16:41:10.624 debug: Resolve cc from file:///D:/Game-Engine%20Projects/Blazing7Test/assets/menu-bundle/BINGO2/script/BingoBalls.ts as cce:/internal/x/cc.
16:41:10.624 debug: Resolve cc from file:///D:/Game-Engine%20Projects/Blazing7Test/assets/menu-bundle/BINGO2/script/BingoBalls.ts as cce:/internal/x/cc.
16:41:10.624 debug: Resolve ./BingoAudio from file:///D:/Game-Engine%20Projects/Blazing7Test/assets/menu-bundle/BINGO2/script/BingoBalls.ts as file:///D:/Game-Engine%20Projects/Blazing7Test/assets/menu-bundle/BINGO2/script/BingoAudio.ts.
16:41:10.624 debug: Resolve cce:/internal/code-quality/cr.mjs from file:///D:/Game-Engine%20Projects/Blazing7Test/assets/menu-bundle/BINGO2/script/BingoBallsScratch.ts as cce:/internal/code-quality/cr.mjs.
16:41:10.624 debug: Resolve cc from file:///D:/Game-Engine%20Projects/Blazing7Test/assets/menu-bundle/BINGO2/script/BingoBallsScratch.ts as cce:/internal/x/cc.
16:41:10.624 debug: Resolve cc from file:///D:/Game-Engine%20Projects/Blazing7Test/assets/menu-bundle/BINGO2/script/BingoBallsScratch.ts as cce:/internal/x/cc.
16:41:10.624 debug: Resolve cc from file:///D:/Game-Engine%20Projects/Blazing7Test/assets/menu-bundle/BINGO2/script/BingoBallsScratch.ts as cce:/internal/x/cc.
16:41:10.624 debug: Resolve ./BingoBalls from file:///D:/Game-Engine%20Projects/Blazing7Test/assets/menu-bundle/BINGO2/script/BingoBallsScratch.ts as file:///D:/Game-Engine%20Projects/Blazing7Test/assets/menu-bundle/BINGO2/script/BingoBalls.ts.
16:41:10.624 debug: Resolve ./BingoAudio from file:///D:/Game-Engine%20Projects/Blazing7Test/assets/menu-bundle/BINGO2/script/BingoBallsScratch.ts as file:///D:/Game-Engine%20Projects/Blazing7Test/assets/menu-bundle/BINGO2/script/BingoAudio.ts.
16:41:10.624 debug: Resolve cce:/internal/code-quality/cr.mjs from file:///D:/Game-Engine%20Projects/Blazing7Test/assets/menu-bundle/BINGO2/script/BingoCard.ts as cce:/internal/code-quality/cr.mjs.
16:41:10.624 debug: Resolve cc from file:///D:/Game-Engine%20Projects/Blazing7Test/assets/menu-bundle/BINGO2/script/BingoCard.ts as cce:/internal/x/cc.
16:41:10.624 debug: Resolve cc from file:///D:/Game-Engine%20Projects/Blazing7Test/assets/menu-bundle/BINGO2/script/BingoCard.ts as cce:/internal/x/cc.
16:41:10.624 debug: Resolve cc from file:///D:/Game-Engine%20Projects/Blazing7Test/assets/menu-bundle/BINGO2/script/BingoCard.ts as cce:/internal/x/cc.
16:41:10.624 debug: Resolve ./BingoBalls from file:///D:/Game-Engine%20Projects/Blazing7Test/assets/menu-bundle/BINGO2/script/BingoCard.ts as file:///D:/Game-Engine%20Projects/Blazing7Test/assets/menu-bundle/BINGO2/script/BingoBalls.ts.
16:41:10.624 debug: Resolve ./BingoNumber from file:///D:/Game-Engine%20Projects/Blazing7Test/assets/menu-bundle/BINGO2/script/BingoCard.ts as file:///D:/Game-Engine%20Projects/Blazing7Test/assets/menu-bundle/BINGO2/script/BingoNumber.ts.
16:41:10.624 debug: Resolve ./BingoExtraball from file:///D:/Game-Engine%20Projects/Blazing7Test/assets/menu-bundle/BINGO2/script/BingoCard.ts as file:///D:/Game-Engine%20Projects/Blazing7Test/assets/menu-bundle/BINGO2/script/BingoExtraball.ts.
16:41:10.624 debug: Resolve ./BingoWinRule from file:///D:/Game-Engine%20Projects/Blazing7Test/assets/menu-bundle/BINGO2/script/BingoCard.ts as file:///D:/Game-Engine%20Projects/Blazing7Test/assets/menu-bundle/BINGO2/script/BingoWinRule.ts.
16:41:10.624 debug: Resolve ./BingoBallsScratch from file:///D:/Game-Engine%20Projects/Blazing7Test/assets/menu-bundle/BINGO2/script/BingoCard.ts as file:///D:/Game-Engine%20Projects/Blazing7Test/assets/menu-bundle/BINGO2/script/BingoBallsScratch.ts.
16:41:10.624 debug: Resolve ./BingoConfig from file:///D:/Game-Engine%20Projects/Blazing7Test/assets/menu-bundle/BINGO2/script/BingoCard.ts as file:///D:/Game-Engine%20Projects/Blazing7Test/assets/menu-bundle/BINGO2/script/BingoConfig.ts.
16:41:10.624 debug: Resolve ./BingoAudio from file:///D:/Game-Engine%20Projects/Blazing7Test/assets/menu-bundle/BINGO2/script/BingoCard.ts as file:///D:/Game-Engine%20Projects/Blazing7Test/assets/menu-bundle/BINGO2/script/BingoAudio.ts.
16:41:10.624 debug: Resolve cce:/internal/code-quality/cr.mjs from file:///D:/Game-Engine%20Projects/Blazing7Test/assets/menu-bundle/BINGO2/script/BingoNumber.ts as cce:/internal/code-quality/cr.mjs.
16:41:10.624 debug: Resolve cc from file:///D:/Game-Engine%20Projects/Blazing7Test/assets/menu-bundle/BINGO2/script/BingoNumber.ts as cce:/internal/x/cc.
16:41:10.624 debug: Resolve cc from file:///D:/Game-Engine%20Projects/Blazing7Test/assets/menu-bundle/BINGO2/script/BingoNumber.ts as cce:/internal/x/cc.
16:41:10.624 debug: Resolve cc from file:///D:/Game-Engine%20Projects/Blazing7Test/assets/menu-bundle/BINGO2/script/BingoNumber.ts as cce:/internal/x/cc.
16:41:10.624 debug: Resolve ./BingoConfig from file:///D:/Game-Engine%20Projects/Blazing7Test/assets/menu-bundle/BINGO2/script/BingoNumber.ts as file:///D:/Game-Engine%20Projects/Blazing7Test/assets/menu-bundle/BINGO2/script/BingoConfig.ts.
16:41:10.624 debug: Resolve ./BingoWinLine from file:///D:/Game-Engine%20Projects/Blazing7Test/assets/menu-bundle/BINGO2/script/BingoNumber.ts as file:///D:/Game-Engine%20Projects/Blazing7Test/assets/menu-bundle/BINGO2/script/BingoWinLine.ts.
16:41:10.624 debug: Resolve ./BingoAudio from file:///D:/Game-Engine%20Projects/Blazing7Test/assets/menu-bundle/BINGO2/script/BingoNumber.ts as file:///D:/Game-Engine%20Projects/Blazing7Test/assets/menu-bundle/BINGO2/script/BingoAudio.ts.
16:41:10.624 debug: Resolve cc from file:///D:/Game-Engine%20Projects/Blazing7Test/assets/menu-bundle/BINGO2/script/BingoConfig.ts as cce:/internal/x/cc.
16:41:10.624 debug: Resolve cce:/internal/code-quality/cr.mjs from file:///D:/Game-Engine%20Projects/Blazing7Test/assets/menu-bundle/BINGO2/script/BingoWinLine.ts as cce:/internal/code-quality/cr.mjs.
16:41:10.624 debug: Resolve cc from file:///D:/Game-Engine%20Projects/Blazing7Test/assets/menu-bundle/BINGO2/script/BingoWinLine.ts as cce:/internal/x/cc.
16:41:10.624 debug: Resolve cc from file:///D:/Game-Engine%20Projects/Blazing7Test/assets/menu-bundle/BINGO2/script/BingoWinLine.ts as cce:/internal/x/cc.
16:41:10.624 debug: Resolve cc from file:///D:/Game-Engine%20Projects/Blazing7Test/assets/menu-bundle/BINGO2/script/BingoWinLine.ts as cce:/internal/x/cc.
16:41:10.624 debug: Resolve ./BingoConfig from file:///D:/Game-Engine%20Projects/Blazing7Test/assets/menu-bundle/BINGO2/script/BingoWinLine.ts as file:///D:/Game-Engine%20Projects/Blazing7Test/assets/menu-bundle/BINGO2/script/BingoConfig.ts.
16:41:10.624 debug: Resolve ./BingoAudio from file:///D:/Game-Engine%20Projects/Blazing7Test/assets/menu-bundle/BINGO2/script/BingoWinLine.ts as file:///D:/Game-Engine%20Projects/Blazing7Test/assets/menu-bundle/BINGO2/script/BingoAudio.ts.
16:41:10.625 debug: Resolve cce:/internal/code-quality/cr.mjs from file:///D:/Game-Engine%20Projects/Blazing7Test/assets/menu-bundle/BINGO2/script/BingoExtraball.ts as cce:/internal/code-quality/cr.mjs.
16:41:10.625 debug: Resolve cc from file:///D:/Game-Engine%20Projects/Blazing7Test/assets/menu-bundle/BINGO2/script/BingoExtraball.ts as cce:/internal/x/cc.
16:41:10.625 debug: Resolve cc from file:///D:/Game-Engine%20Projects/Blazing7Test/assets/menu-bundle/BINGO2/script/BingoExtraball.ts as cce:/internal/x/cc.
16:41:10.625 debug: Resolve cc from file:///D:/Game-Engine%20Projects/Blazing7Test/assets/menu-bundle/BINGO2/script/BingoExtraball.ts as cce:/internal/x/cc.
16:41:10.625 debug: Resolve ./BingoAudio from file:///D:/Game-Engine%20Projects/Blazing7Test/assets/menu-bundle/BINGO2/script/BingoExtraball.ts as file:///D:/Game-Engine%20Projects/Blazing7Test/assets/menu-bundle/BINGO2/script/BingoAudio.ts.
16:41:10.625 debug: Resolve cce:/internal/code-quality/cr.mjs from file:///D:/Game-Engine%20Projects/Blazing7Test/assets/menu-bundle/BINGO2/script/BingoWinRule.ts as cce:/internal/code-quality/cr.mjs.
16:41:10.625 debug: Resolve cc from file:///D:/Game-Engine%20Projects/Blazing7Test/assets/menu-bundle/BINGO2/script/BingoWinRule.ts as cce:/internal/x/cc.
16:41:10.625 debug: Resolve cc from file:///D:/Game-Engine%20Projects/Blazing7Test/assets/menu-bundle/BINGO2/script/BingoWinRule.ts as cce:/internal/x/cc.
16:41:10.625 debug: Resolve cc from file:///D:/Game-Engine%20Projects/Blazing7Test/assets/menu-bundle/BINGO2/script/BingoWinRule.ts as cce:/internal/x/cc.
16:41:10.625 debug: Resolve ./BingoRuleItem from file:///D:/Game-Engine%20Projects/Blazing7Test/assets/menu-bundle/BINGO2/script/BingoWinRule.ts as file:///D:/Game-Engine%20Projects/Blazing7Test/assets/menu-bundle/BINGO2/script/BingoRuleItem.ts.
16:41:10.625 debug: Resolve ./BingoConfig from file:///D:/Game-Engine%20Projects/Blazing7Test/assets/menu-bundle/BINGO2/script/BingoWinRule.ts as file:///D:/Game-Engine%20Projects/Blazing7Test/assets/menu-bundle/BINGO2/script/BingoConfig.ts.
16:41:10.625 debug: Resolve ./BingoRuleSlider from file:///D:/Game-Engine%20Projects/Blazing7Test/assets/menu-bundle/BINGO2/script/BingoWinRule.ts as file:///D:/Game-Engine%20Projects/Blazing7Test/assets/menu-bundle/BINGO2/script/BingoRuleSlider.ts.
16:41:10.625 debug: Resolve cce:/internal/code-quality/cr.mjs from file:///D:/Game-Engine%20Projects/Blazing7Test/assets/menu-bundle/BINGO2/script/BingoRuleItem.ts as cce:/internal/code-quality/cr.mjs.
16:41:10.625 debug: Resolve cc from file:///D:/Game-Engine%20Projects/Blazing7Test/assets/menu-bundle/BINGO2/script/BingoRuleItem.ts as cce:/internal/x/cc.
16:41:10.625 debug: Resolve cc from file:///D:/Game-Engine%20Projects/Blazing7Test/assets/menu-bundle/BINGO2/script/BingoRuleItem.ts as cce:/internal/x/cc.
16:41:10.625 debug: Resolve cc from file:///D:/Game-Engine%20Projects/Blazing7Test/assets/menu-bundle/BINGO2/script/BingoRuleItem.ts as cce:/internal/x/cc.
16:41:10.625 debug: Resolve ./BingoConfig from file:///D:/Game-Engine%20Projects/Blazing7Test/assets/menu-bundle/BINGO2/script/BingoRuleItem.ts as file:///D:/Game-Engine%20Projects/Blazing7Test/assets/menu-bundle/BINGO2/script/BingoConfig.ts.
16:41:10.625 debug: Resolve cc from file:///D:/Game-Engine%20Projects/Blazing7Test/assets/menu-bundle/BINGO2/script/BingoRuleSlider.ts as cce:/internal/x/cc.
16:41:10.625 debug: Resolve cc from file:///D:/Game-Engine%20Projects/Blazing7Test/assets/menu-bundle/BINGO2/script/BingoRuleSlider.ts as cce:/internal/x/cc.
16:41:10.625 debug: Resolve cc from file:///D:/Game-Engine%20Projects/Blazing7Test/assets/menu-bundle/BINGO2/script/BingoRuleSlider.ts as cce:/internal/x/cc.
16:41:10.625 debug: Resolve cce:/internal/code-quality/cr.mjs from file:///D:/Game-Engine%20Projects/Blazing7Test/assets/menu-bundle/BINGO2/script/BingoCardDetails.ts as cce:/internal/code-quality/cr.mjs.
16:41:10.625 debug: Resolve cc from file:///D:/Game-Engine%20Projects/Blazing7Test/assets/menu-bundle/BINGO2/script/BingoCardDetails.ts as cce:/internal/x/cc.
16:41:10.625 debug: Resolve cc from file:///D:/Game-Engine%20Projects/Blazing7Test/assets/menu-bundle/BINGO2/script/BingoCardDetails.ts as cce:/internal/x/cc.
16:41:10.625 debug: Resolve cc from file:///D:/Game-Engine%20Projects/Blazing7Test/assets/menu-bundle/BINGO2/script/BingoCardDetails.ts as cce:/internal/x/cc.
16:41:10.625 debug: Resolve ./BingoNumber from file:///D:/Game-Engine%20Projects/Blazing7Test/assets/menu-bundle/BINGO2/script/BingoCardDetails.ts as file:///D:/Game-Engine%20Projects/Blazing7Test/assets/menu-bundle/BINGO2/script/BingoNumber.ts.
16:41:10.625 debug: Resolve ./BingoBalls from file:///D:/Game-Engine%20Projects/Blazing7Test/assets/menu-bundle/BINGO2/script/BingoCardDetails.ts as file:///D:/Game-Engine%20Projects/Blazing7Test/assets/menu-bundle/BINGO2/script/BingoBalls.ts.
16:41:10.625 debug: Resolve ./BingoBallsScratch from file:///D:/Game-Engine%20Projects/Blazing7Test/assets/menu-bundle/BINGO2/script/BingoCardDetails.ts as file:///D:/Game-Engine%20Projects/Blazing7Test/assets/menu-bundle/BINGO2/script/BingoBallsScratch.ts.
16:41:10.625 debug: Resolve ./BingoExtraball from file:///D:/Game-Engine%20Projects/Blazing7Test/assets/menu-bundle/BINGO2/script/BingoCardDetails.ts as file:///D:/Game-Engine%20Projects/Blazing7Test/assets/menu-bundle/BINGO2/script/BingoExtraball.ts.
16:41:10.625 debug: Resolve ../../script/interfaces/IMenuDependencies from file:///D:/Game-Engine%20Projects/Blazing7Test/assets/menu-bundle/BINGO2/script/BingoCardDetails.ts as file:///D:/Game-Engine%20Projects/Blazing7Test/assets/menu-bundle/script/interfaces/IMenuDependencies.ts.
16:41:10.625 debug: Resolve cce:/internal/code-quality/cr.mjs from file:///D:/Game-Engine%20Projects/Blazing7Test/assets/menu-bundle/BINGO2/script/BingoWinAlert.ts as cce:/internal/code-quality/cr.mjs.
16:41:10.625 debug: Resolve cc from file:///D:/Game-Engine%20Projects/Blazing7Test/assets/menu-bundle/BINGO2/script/BingoWinAlert.ts as cce:/internal/x/cc.
16:41:10.625 debug: Resolve cc from file:///D:/Game-Engine%20Projects/Blazing7Test/assets/menu-bundle/BINGO2/script/BingoWinAlert.ts as cce:/internal/x/cc.
16:41:10.625 debug: Resolve cc from file:///D:/Game-Engine%20Projects/Blazing7Test/assets/menu-bundle/BINGO2/script/BingoWinAlert.ts as cce:/internal/x/cc.
16:41:10.625 debug: Resolve ./BingoCardDetails from file:///D:/Game-Engine%20Projects/Blazing7Test/assets/menu-bundle/BINGO2/script/BingoWinAlert.ts as file:///D:/Game-Engine%20Projects/Blazing7Test/assets/menu-bundle/BINGO2/script/BingoCardDetails.ts.
16:41:10.625 debug: Resolve ../../script/utils/BundleGameUtils from file:///D:/Game-Engine%20Projects/Blazing7Test/assets/menu-bundle/BINGO2/script/BingoWinAlert.ts as file:///D:/Game-Engine%20Projects/Blazing7Test/assets/menu-bundle/script/utils/BundleGameUtils.ts.
16:41:10.625 debug: Resolve cce:/internal/code-quality/cr.mjs from file:///D:/Game-Engine%20Projects/Blazing7Test/assets/menu-bundle/BLAZING_7S_SCRATCH/script/BundleTrajectory7s.ts as cce:/internal/code-quality/cr.mjs.
16:41:10.625 debug: Resolve cc from file:///D:/Game-Engine%20Projects/Blazing7Test/assets/menu-bundle/BLAZING_7S_SCRATCH/script/BundleTrajectory7s.ts as cce:/internal/x/cc.
16:41:10.625 debug: Resolve cc from file:///D:/Game-Engine%20Projects/Blazing7Test/assets/menu-bundle/BLAZING_7S_SCRATCH/script/BundleTrajectory7s.ts as cce:/internal/x/cc.
16:41:10.625 debug: Resolve cc from file:///D:/Game-Engine%20Projects/Blazing7Test/assets/menu-bundle/BLAZING_7S_SCRATCH/script/BundleTrajectory7s.ts as cce:/internal/x/cc.
16:41:10.625 debug: Resolve ./ScratchSystem from file:///D:/Game-Engine%20Projects/Blazing7Test/assets/menu-bundle/BLAZING_7S_SCRATCH/script/BundleTrajectory7s.ts as file:///D:/Game-Engine%20Projects/Blazing7Test/assets/menu-bundle/BLAZING_7S_SCRATCH/script/ScratchSystem.ts.
16:41:10.625 debug: Resolve ./FragmentView from file:///D:/Game-Engine%20Projects/Blazing7Test/assets/menu-bundle/BLAZING_7S_SCRATCH/script/BundleTrajectory7s.ts as file:///D:/Game-Engine%20Projects/Blazing7Test/assets/menu-bundle/BLAZING_7S_SCRATCH/script/FragmentView.ts.
16:41:10.625 debug: Resolve ../../script/base/BundleBasePanel from file:///D:/Game-Engine%20Projects/Blazing7Test/assets/menu-bundle/BLAZING_7S_SCRATCH/script/BundleTrajectory7s.ts as file:///D:/Game-Engine%20Projects/Blazing7Test/assets/menu-bundle/script/base/BundleBasePanel.ts.
16:41:10.625 debug: Resolve ../../script/api/GameApi from file:///D:/Game-Engine%20Projects/Blazing7Test/assets/menu-bundle/BLAZING_7S_SCRATCH/script/BundleTrajectory7s.ts as file:///D:/Game-Engine%20Projects/Blazing7Test/assets/menu-bundle/script/api/GameApi.ts.
16:41:10.625 debug: Resolve ../../script/manager/MessageFlag from file:///D:/Game-Engine%20Projects/Blazing7Test/assets/menu-bundle/BLAZING_7S_SCRATCH/script/BundleTrajectory7s.ts as file:///D:/Game-Engine%20Projects/Blazing7Test/assets/menu-bundle/script/manager/MessageFlag.ts.
16:41:10.625 debug: Resolve ../../script/interfaces/IMenuDependencies from file:///D:/Game-Engine%20Projects/Blazing7Test/assets/menu-bundle/BLAZING_7S_SCRATCH/script/BundleTrajectory7s.ts as file:///D:/Game-Engine%20Projects/Blazing7Test/assets/menu-bundle/script/interfaces/IMenuDependencies.ts.
16:41:10.625 debug: Resolve cce:/internal/code-quality/cr.mjs from file:///D:/Game-Engine%20Projects/Blazing7Test/assets/menu-bundle/BLAZING_7S_SCRATCH/script/ScratchSystem.ts as cce:/internal/code-quality/cr.mjs.
16:41:10.625 debug: Resolve cc from file:///D:/Game-Engine%20Projects/Blazing7Test/assets/menu-bundle/BLAZING_7S_SCRATCH/script/ScratchSystem.ts as cce:/internal/x/cc.
16:41:10.625 debug: Resolve cc from file:///D:/Game-Engine%20Projects/Blazing7Test/assets/menu-bundle/BLAZING_7S_SCRATCH/script/ScratchSystem.ts as cce:/internal/x/cc.
16:41:10.625 debug: Resolve cc from file:///D:/Game-Engine%20Projects/Blazing7Test/assets/menu-bundle/BLAZING_7S_SCRATCH/script/ScratchSystem.ts as cce:/internal/x/cc.
16:41:10.625 debug: Resolve ./ScratchMask from file:///D:/Game-Engine%20Projects/Blazing7Test/assets/menu-bundle/BLAZING_7S_SCRATCH/script/ScratchSystem.ts as file:///D:/Game-Engine%20Projects/Blazing7Test/assets/menu-bundle/BLAZING_7S_SCRATCH/script/ScratchMask.ts.
16:41:10.625 debug: Resolve ./ScratchRenderer from file:///D:/Game-Engine%20Projects/Blazing7Test/assets/menu-bundle/BLAZING_7S_SCRATCH/script/ScratchSystem.ts as file:///D:/Game-Engine%20Projects/Blazing7Test/assets/menu-bundle/BLAZING_7S_SCRATCH/script/ScratchRenderer.ts.
16:41:10.625 debug: Resolve ./ScratchTrajectory from file:///D:/Game-Engine%20Projects/Blazing7Test/assets/menu-bundle/BLAZING_7S_SCRATCH/script/ScratchSystem.ts as file:///D:/Game-Engine%20Projects/Blazing7Test/assets/menu-bundle/BLAZING_7S_SCRATCH/script/ScratchTrajectory.ts.
16:41:10.625 debug: Resolve ../../script/interfaces/IMenuDependencies from file:///D:/Game-Engine%20Projects/Blazing7Test/assets/menu-bundle/BLAZING_7S_SCRATCH/script/ScratchSystem.ts as file:///D:/Game-Engine%20Projects/Blazing7Test/assets/menu-bundle/script/interfaces/IMenuDependencies.ts.
16:41:10.625 debug: Resolve ../../script/manager/MessageFlag from file:///D:/Game-Engine%20Projects/Blazing7Test/assets/menu-bundle/BLAZING_7S_SCRATCH/script/ScratchSystem.ts as file:///D:/Game-Engine%20Projects/Blazing7Test/assets/menu-bundle/script/manager/MessageFlag.ts.
16:41:10.625 debug: Resolve cce:/internal/code-quality/cr.mjs from file:///D:/Game-Engine%20Projects/Blazing7Test/assets/menu-bundle/BLAZING_7S_SCRATCH/script/ScratchMask.ts as cce:/internal/code-quality/cr.mjs.
16:41:10.625 debug: Resolve cc from file:///D:/Game-Engine%20Projects/Blazing7Test/assets/menu-bundle/BLAZING_7S_SCRATCH/script/ScratchMask.ts as cce:/internal/x/cc.
16:41:10.625 debug: Resolve cce:/internal/code-quality/cr.mjs from file:///D:/Game-Engine%20Projects/Blazing7Test/assets/menu-bundle/BLAZING_7S_SCRATCH/script/ScratchRenderer.ts as cce:/internal/code-quality/cr.mjs.
16:41:10.625 debug: Resolve cc from file:///D:/Game-Engine%20Projects/Blazing7Test/assets/menu-bundle/BLAZING_7S_SCRATCH/script/ScratchRenderer.ts as cce:/internal/x/cc.
16:41:10.625 debug: Resolve cc from file:///D:/Game-Engine%20Projects/Blazing7Test/assets/menu-bundle/BLAZING_7S_SCRATCH/script/ScratchRenderer.ts as cce:/internal/x/cc.
16:41:10.625 debug: Resolve cc from file:///D:/Game-Engine%20Projects/Blazing7Test/assets/menu-bundle/BLAZING_7S_SCRATCH/script/ScratchRenderer.ts as cce:/internal/x/cc.
16:41:10.625 debug: Resolve ../../script/manager/MessageFlag from file:///D:/Game-Engine%20Projects/Blazing7Test/assets/menu-bundle/BLAZING_7S_SCRATCH/script/ScratchRenderer.ts as file:///D:/Game-Engine%20Projects/Blazing7Test/assets/menu-bundle/script/manager/MessageFlag.ts.
16:41:10.625 debug: Resolve ../../script/interfaces/IMenuDependencies from file:///D:/Game-Engine%20Projects/Blazing7Test/assets/menu-bundle/BLAZING_7S_SCRATCH/script/ScratchRenderer.ts as file:///D:/Game-Engine%20Projects/Blazing7Test/assets/menu-bundle/script/interfaces/IMenuDependencies.ts.
16:41:10.625 debug: Resolve cce:/internal/code-quality/cr.mjs from file:///D:/Game-Engine%20Projects/Blazing7Test/assets/menu-bundle/BLAZING_7S_SCRATCH/script/ScratchTrajectory.ts as cce:/internal/code-quality/cr.mjs.
16:41:10.625 debug: Resolve cc from file:///D:/Game-Engine%20Projects/Blazing7Test/assets/menu-bundle/BLAZING_7S_SCRATCH/script/ScratchTrajectory.ts as cce:/internal/x/cc.
16:41:10.625 debug: Resolve cce:/internal/code-quality/cr.mjs from file:///D:/Game-Engine%20Projects/Blazing7Test/assets/menu-bundle/BLAZING_7S_SCRATCH/script/FragmentView.ts as cce:/internal/code-quality/cr.mjs.
16:41:10.625 debug: Resolve cc from file:///D:/Game-Engine%20Projects/Blazing7Test/assets/menu-bundle/BLAZING_7S_SCRATCH/script/FragmentView.ts as cce:/internal/x/cc.
16:41:10.625 debug: Resolve cc from file:///D:/Game-Engine%20Projects/Blazing7Test/assets/menu-bundle/BLAZING_7S_SCRATCH/script/FragmentView.ts as cce:/internal/x/cc.
16:41:10.625 debug: Resolve cc from file:///D:/Game-Engine%20Projects/Blazing7Test/assets/menu-bundle/BLAZING_7S_SCRATCH/script/FragmentView.ts as cce:/internal/x/cc.
16:41:10.625 debug: Resolve ../../script/manager/MessageFlag from file:///D:/Game-Engine%20Projects/Blazing7Test/assets/menu-bundle/BLAZING_7S_SCRATCH/script/FragmentView.ts as file:///D:/Game-Engine%20Projects/Blazing7Test/assets/menu-bundle/script/manager/MessageFlag.ts.
16:41:10.626 debug: Resolve ../../script/interfaces/IMenuDependencies from file:///D:/Game-Engine%20Projects/Blazing7Test/assets/menu-bundle/BLAZING_7S_SCRATCH/script/FragmentView.ts as file:///D:/Game-Engine%20Projects/Blazing7Test/assets/menu-bundle/script/interfaces/IMenuDependencies.ts.
16:41:10.626 debug: Resolve cc from file:///D:/Game-Engine%20Projects/Blazing7Test/assets/menu-bundle/BLAZING_7S_SCRATCH/script/CardFragmentView.ts as cce:/internal/x/cc.
16:41:10.626 debug: Resolve cc from file:///D:/Game-Engine%20Projects/Blazing7Test/assets/menu-bundle/BLAZING_7S_SCRATCH/script/CardFragmentView.ts as cce:/internal/x/cc.
16:41:10.626 debug: Resolve cc from file:///D:/Game-Engine%20Projects/Blazing7Test/assets/menu-bundle/BLAZING_7S_SCRATCH/script/CardFragmentView.ts as cce:/internal/x/cc.
16:41:10.626 debug: Resolve cce:/internal/code-quality/cr.mjs from file:///D:/Game-Engine%20Projects/Blazing7Test/assets/menu-bundle/BLAZING_7S_SCRATCH/script/CardReview7s.ts as cce:/internal/code-quality/cr.mjs.
16:41:10.626 debug: Resolve cc from file:///D:/Game-Engine%20Projects/Blazing7Test/assets/menu-bundle/BLAZING_7S_SCRATCH/script/CardReview7s.ts as cce:/internal/x/cc.
16:41:10.626 debug: Resolve cc from file:///D:/Game-Engine%20Projects/Blazing7Test/assets/menu-bundle/BLAZING_7S_SCRATCH/script/CardReview7s.ts as cce:/internal/x/cc.
16:41:10.626 debug: Resolve cc from file:///D:/Game-Engine%20Projects/Blazing7Test/assets/menu-bundle/BLAZING_7S_SCRATCH/script/CardReview7s.ts as cce:/internal/x/cc.
16:41:10.626 debug: Resolve ./CardReviewSystemBlazing from file:///D:/Game-Engine%20Projects/Blazing7Test/assets/menu-bundle/BLAZING_7S_SCRATCH/script/CardReview7s.ts as file:///D:/Game-Engine%20Projects/Blazing7Test/assets/menu-bundle/BLAZING_7S_SCRATCH/script/CardReviewSystemBlazing.ts.
16:41:10.626 debug: Resolve ./CardFragmentView from file:///D:/Game-Engine%20Projects/Blazing7Test/assets/menu-bundle/BLAZING_7S_SCRATCH/script/CardReview7s.ts as file:///D:/Game-Engine%20Projects/Blazing7Test/assets/menu-bundle/BLAZING_7S_SCRATCH/script/CardFragmentView.ts.
16:41:10.626 debug: Resolve ../../script/utils/BundleGameUtils from file:///D:/Game-Engine%20Projects/Blazing7Test/assets/menu-bundle/BLAZING_7S_SCRATCH/script/CardReview7s.ts as file:///D:/Game-Engine%20Projects/Blazing7Test/assets/menu-bundle/script/utils/BundleGameUtils.ts.
16:41:10.626 debug: Resolve cce:/internal/code-quality/cr.mjs from file:///D:/Game-Engine%20Projects/Blazing7Test/assets/menu-bundle/BLAZING_7S_SCRATCH/script/CardReviewSystemBlazing.ts as cce:/internal/code-quality/cr.mjs.
16:41:10.626 debug: Resolve cc from file:///D:/Game-Engine%20Projects/Blazing7Test/assets/menu-bundle/BLAZING_7S_SCRATCH/script/CardReviewSystemBlazing.ts as cce:/internal/x/cc.
16:41:10.626 debug: Resolve cc from file:///D:/Game-Engine%20Projects/Blazing7Test/assets/menu-bundle/BLAZING_7S_SCRATCH/script/CardReviewSystemBlazing.ts as cce:/internal/x/cc.
16:41:10.626 debug: Resolve cc from file:///D:/Game-Engine%20Projects/Blazing7Test/assets/menu-bundle/BLAZING_7S_SCRATCH/script/CardReviewSystemBlazing.ts as cce:/internal/x/cc.
16:41:10.626 debug: Resolve ./CardReviewMask from file:///D:/Game-Engine%20Projects/Blazing7Test/assets/menu-bundle/BLAZING_7S_SCRATCH/script/CardReviewSystemBlazing.ts as file:///D:/Game-Engine%20Projects/Blazing7Test/assets/menu-bundle/BLAZING_7S_SCRATCH/script/CardReviewMask.ts.
16:41:10.626 debug: Resolve ./CardReviewRenderer from file:///D:/Game-Engine%20Projects/Blazing7Test/assets/menu-bundle/BLAZING_7S_SCRATCH/script/CardReviewSystemBlazing.ts as file:///D:/Game-Engine%20Projects/Blazing7Test/assets/menu-bundle/BLAZING_7S_SCRATCH/script/CardReviewRenderer.ts.
16:41:10.627 debug: Resolve cce:/internal/code-quality/cr.mjs from file:///D:/Game-Engine%20Projects/Blazing7Test/assets/menu-bundle/BLAZING_7S_SCRATCH/script/CardReviewMask.ts as cce:/internal/code-quality/cr.mjs.
16:41:10.627 debug: Resolve cc from file:///D:/Game-Engine%20Projects/Blazing7Test/assets/menu-bundle/BLAZING_7S_SCRATCH/script/CardReviewMask.ts as cce:/internal/x/cc.
16:41:10.627 debug: Resolve cce:/internal/code-quality/cr.mjs from file:///D:/Game-Engine%20Projects/Blazing7Test/assets/menu-bundle/BLAZING_7S_SCRATCH/script/CardReviewRenderer.ts as cce:/internal/code-quality/cr.mjs.
16:41:10.627 debug: Resolve cc from file:///D:/Game-Engine%20Projects/Blazing7Test/assets/menu-bundle/BLAZING_7S_SCRATCH/script/CardReviewRenderer.ts as cce:/internal/x/cc.
16:41:10.627 debug: Resolve cc from file:///D:/Game-Engine%20Projects/Blazing7Test/assets/menu-bundle/BLAZING_7S_SCRATCH/script/CardReviewRenderer.ts as cce:/internal/x/cc.
16:41:10.627 debug: Resolve cc from file:///D:/Game-Engine%20Projects/Blazing7Test/assets/menu-bundle/BLAZING_7S_SCRATCH/script/CardReviewRenderer.ts as cce:/internal/x/cc.
16:41:10.627 debug: Resolve cc from file:///D:/Game-Engine%20Projects/Blazing7Test/assets/menu-bundle/BLAZING_7S_SCRATCH/script/CardTypes.ts as cce:/internal/x/cc.
16:41:10.627 debug: Resolve cce:/internal/code-quality/cr.mjs from file:///D:/Game-Engine%20Projects/Blazing7Test/assets/menu-bundle/BLAZING_7S_SCRATCH/script/ScratchAutoPlayer.ts as cce:/internal/code-quality/cr.mjs.
16:41:10.627 debug: Resolve cc from file:///D:/Game-Engine%20Projects/Blazing7Test/assets/menu-bundle/BLAZING_7S_SCRATCH/script/ScratchAutoPlayer.ts as cce:/internal/x/cc.
16:41:10.627 debug: Resolve cce:/internal/code-quality/cr.mjs from file:///D:/Game-Engine%20Projects/Blazing7Test/assets/menu-bundle/BLAZING_7S_SCRATCH/script/ScratchNumber.ts as cce:/internal/code-quality/cr.mjs.
16:41:10.627 debug: Resolve cc from file:///D:/Game-Engine%20Projects/Blazing7Test/assets/menu-bundle/BLAZING_7S_SCRATCH/script/ScratchNumber.ts as cce:/internal/x/cc.
16:41:10.627 debug: Resolve cc from file:///D:/Game-Engine%20Projects/Blazing7Test/assets/menu-bundle/BLAZING_7S_SCRATCH/script/ScratchNumber.ts as cce:/internal/x/cc.
16:41:10.627 debug: Resolve cc from file:///D:/Game-Engine%20Projects/Blazing7Test/assets/menu-bundle/BLAZING_7S_SCRATCH/script/ScratchNumber.ts as cce:/internal/x/cc.
16:41:10.627 debug: Resolve ../../script/interfaces/IMenuDependencies from file:///D:/Game-Engine%20Projects/Blazing7Test/assets/menu-bundle/BLAZING_7S_SCRATCH/script/ScratchNumber.ts as file:///D:/Game-Engine%20Projects/Blazing7Test/assets/menu-bundle/script/interfaces/IMenuDependencies.ts.
16:41:10.627 debug: Resolve cce:/internal/code-quality/cr.mjs from file:///D:/Game-Engine%20Projects/Blazing7Test/assets/menu-bundle/BLAZING_7S_SCRATCH/script/ScratchSound.ts as cce:/internal/code-quality/cr.mjs.
16:41:10.627 debug: Resolve cc from file:///D:/Game-Engine%20Projects/Blazing7Test/assets/menu-bundle/BLAZING_7S_SCRATCH/script/ScratchSound.ts as cce:/internal/x/cc.
16:41:10.627 debug: Resolve cc from file:///D:/Game-Engine%20Projects/Blazing7Test/assets/menu-bundle/BLAZING_7S_SCRATCH/script/ScratchSound.ts as cce:/internal/x/cc.
16:41:10.627 debug: Resolve cc from file:///D:/Game-Engine%20Projects/Blazing7Test/assets/menu-bundle/BLAZING_7S_SCRATCH/script/ScratchSound.ts as cce:/internal/x/cc.
16:41:10.627 debug: Resolve ../../script/interfaces/IMenuDependencies from file:///D:/Game-Engine%20Projects/Blazing7Test/assets/menu-bundle/BLAZING_7S_SCRATCH/script/ScratchSound.ts as file:///D:/Game-Engine%20Projects/Blazing7Test/assets/menu-bundle/script/interfaces/IMenuDependencies.ts.
16:41:10.627 debug: Resolve cc from file:///D:/Game-Engine%20Projects/Blazing7Test/assets/menu-bundle/BLAZING_7S_SCRATCH/script/ScratchTypes.ts as cce:/internal/x/cc.
16:41:10.627 debug: Resolve cce:/internal/code-quality/cr.mjs from file:///D:/Game-Engine%20Projects/Blazing7Test/assets/menu-bundle/BLAZING_7S_SCRATCH/script/Trajectory.ts as cce:/internal/code-quality/cr.mjs.
16:41:10.627 debug: Resolve cc from file:///D:/Game-Engine%20Projects/Blazing7Test/assets/menu-bundle/BLAZING_7S_SCRATCH/script/Trajectory.ts as cce:/internal/x/cc.
16:41:10.627 debug: Resolve cc from file:///D:/Game-Engine%20Projects/Blazing7Test/assets/menu-bundle/BLAZING_7S_SCRATCH/script/Trajectory.ts as cce:/internal/x/cc.
16:41:10.627 debug: Resolve cc from file:///D:/Game-Engine%20Projects/Blazing7Test/assets/menu-bundle/BLAZING_7S_SCRATCH/script/Trajectory.ts as cce:/internal/x/cc.
16:41:10.627 debug: Resolve ./ScratchSystem from file:///D:/Game-Engine%20Projects/Blazing7Test/assets/menu-bundle/BLAZING_7S_SCRATCH/script/Trajectory.ts as file:///D:/Game-Engine%20Projects/Blazing7Test/assets/menu-bundle/BLAZING_7S_SCRATCH/script/ScratchSystem.ts.
16:41:10.627 debug: Resolve ./FragmentView from file:///D:/Game-Engine%20Projects/Blazing7Test/assets/menu-bundle/BLAZING_7S_SCRATCH/script/Trajectory.ts as file:///D:/Game-Engine%20Projects/Blazing7Test/assets/menu-bundle/BLAZING_7S_SCRATCH/script/FragmentView.ts.
16:41:10.627 debug: Resolve ../../script/base/BundleBasePanel from file:///D:/Game-Engine%20Projects/Blazing7Test/assets/menu-bundle/BLAZING_7S_SCRATCH/script/Trajectory.ts as file:///D:/Game-Engine%20Projects/Blazing7Test/assets/menu-bundle/script/base/BundleBasePanel.ts.
16:41:10.627 debug: Resolve ../../script/api/GameApi from file:///D:/Game-Engine%20Projects/Blazing7Test/assets/menu-bundle/BLAZING_7S_SCRATCH/script/Trajectory.ts as file:///D:/Game-Engine%20Projects/Blazing7Test/assets/menu-bundle/script/api/GameApi.ts.
16:41:10.627 debug: Resolve ../../script/manager/MessageFlag from file:///D:/Game-Engine%20Projects/Blazing7Test/assets/menu-bundle/BLAZING_7S_SCRATCH/script/Trajectory.ts as file:///D:/Game-Engine%20Projects/Blazing7Test/assets/menu-bundle/script/manager/MessageFlag.ts.
16:41:10.627 debug: Resolve ../../script/interfaces/IMenuDependencies from file:///D:/Game-Engine%20Projects/Blazing7Test/assets/menu-bundle/BLAZING_7S_SCRATCH/script/Trajectory.ts as file:///D:/Game-Engine%20Projects/Blazing7Test/assets/menu-bundle/script/interfaces/IMenuDependencies.ts.
16:41:10.627 debug: Resolve ../../script/utils/BundleGameUtils from file:///D:/Game-Engine%20Projects/Blazing7Test/assets/menu-bundle/BLAZING_7S_SCRATCH/script/Trajectory.ts as file:///D:/Game-Engine%20Projects/Blazing7Test/assets/menu-bundle/script/utils/BundleGameUtils.ts.
16:41:10.627 debug: Resolve cce:/internal/code-quality/cr.mjs from file:///D:/Game-Engine%20Projects/Blazing7Test/assets/menu-bundle/DEEP_SEA/script/DeepBonusShells.ts as cce:/internal/code-quality/cr.mjs.
16:41:10.627 debug: Resolve cc from file:///D:/Game-Engine%20Projects/Blazing7Test/assets/menu-bundle/DEEP_SEA/script/DeepBonusShells.ts as cce:/internal/x/cc.
16:41:10.627 debug: Resolve cc from file:///D:/Game-Engine%20Projects/Blazing7Test/assets/menu-bundle/DEEP_SEA/script/DeepBonusShells.ts as cce:/internal/x/cc.
16:41:10.627 debug: Resolve cc from file:///D:/Game-Engine%20Projects/Blazing7Test/assets/menu-bundle/DEEP_SEA/script/DeepBonusShells.ts as cce:/internal/x/cc.
16:41:10.627 debug: Resolve ./DeepSeaBonusStone from file:///D:/Game-Engine%20Projects/Blazing7Test/assets/menu-bundle/DEEP_SEA/script/DeepBonusShells.ts as file:///D:/Game-Engine%20Projects/Blazing7Test/assets/menu-bundle/DEEP_SEA/script/DeepSeaBonusStone.ts.
16:41:10.627 debug: Resolve ./data/DeepSeaEvent from file:///D:/Game-Engine%20Projects/Blazing7Test/assets/menu-bundle/DEEP_SEA/script/DeepBonusShells.ts as file:///D:/Game-Engine%20Projects/Blazing7Test/assets/menu-bundle/DEEP_SEA/script/data/DeepSeaEvent.ts.
16:41:10.627 debug: Resolve ./data/DeepSeaCardData from file:///D:/Game-Engine%20Projects/Blazing7Test/assets/menu-bundle/DEEP_SEA/script/DeepBonusShells.ts as file:///D:/Game-Engine%20Projects/Blazing7Test/assets/menu-bundle/DEEP_SEA/script/data/DeepSeaCardData.ts.
16:41:10.627 debug: Resolve cce:/internal/code-quality/cr.mjs from file:///D:/Game-Engine%20Projects/Blazing7Test/assets/menu-bundle/DEEP_SEA/script/DeepSeaBonusStone.ts as cce:/internal/code-quality/cr.mjs.
16:41:10.627 debug: Resolve cc from file:///D:/Game-Engine%20Projects/Blazing7Test/assets/menu-bundle/DEEP_SEA/script/DeepSeaBonusStone.ts as cce:/internal/x/cc.
16:41:10.627 debug: Resolve cc from file:///D:/Game-Engine%20Projects/Blazing7Test/assets/menu-bundle/DEEP_SEA/script/DeepSeaBonusStone.ts as cce:/internal/x/cc.
16:41:10.627 debug: Resolve cc from file:///D:/Game-Engine%20Projects/Blazing7Test/assets/menu-bundle/DEEP_SEA/script/DeepSeaBonusStone.ts as cce:/internal/x/cc.
16:41:10.627 debug: Resolve ./DeepSeaBonusShellItem from file:///D:/Game-Engine%20Projects/Blazing7Test/assets/menu-bundle/DEEP_SEA/script/DeepSeaBonusStone.ts as file:///D:/Game-Engine%20Projects/Blazing7Test/assets/menu-bundle/DEEP_SEA/script/DeepSeaBonusShellItem.ts.
16:41:10.627 debug: Resolve ./data/DeepSeaEvent from file:///D:/Game-Engine%20Projects/Blazing7Test/assets/menu-bundle/DEEP_SEA/script/DeepSeaBonusStone.ts as file:///D:/Game-Engine%20Projects/Blazing7Test/assets/menu-bundle/DEEP_SEA/script/data/DeepSeaEvent.ts.
16:41:10.627 debug: Resolve cce:/internal/code-quality/cr.mjs from file:///D:/Game-Engine%20Projects/Blazing7Test/assets/menu-bundle/DEEP_SEA/script/DeepSeaBonusShellItem.ts as cce:/internal/code-quality/cr.mjs.
16:41:10.627 debug: Resolve cc from file:///D:/Game-Engine%20Projects/Blazing7Test/assets/menu-bundle/DEEP_SEA/script/DeepSeaBonusShellItem.ts as cce:/internal/x/cc.
16:41:10.627 debug: Resolve cc from file:///D:/Game-Engine%20Projects/Blazing7Test/assets/menu-bundle/DEEP_SEA/script/DeepSeaBonusShellItem.ts as cce:/internal/x/cc.
16:41:10.627 debug: Resolve cc from file:///D:/Game-Engine%20Projects/Blazing7Test/assets/menu-bundle/DEEP_SEA/script/DeepSeaBonusShellItem.ts as cce:/internal/x/cc.
16:41:10.627 debug: Resolve ./data/DeepSeaCardData from file:///D:/Game-Engine%20Projects/Blazing7Test/assets/menu-bundle/DEEP_SEA/script/DeepSeaBonusShellItem.ts as file:///D:/Game-Engine%20Projects/Blazing7Test/assets/menu-bundle/DEEP_SEA/script/data/DeepSeaCardData.ts.
16:41:10.627 debug: Resolve ./data/DeepSeaEvent from file:///D:/Game-Engine%20Projects/Blazing7Test/assets/menu-bundle/DEEP_SEA/script/DeepSeaBonusShellItem.ts as file:///D:/Game-Engine%20Projects/Blazing7Test/assets/menu-bundle/DEEP_SEA/script/data/DeepSeaEvent.ts.
16:41:10.627 debug: Resolve ./data/DeepSeaRes from file:///D:/Game-Engine%20Projects/Blazing7Test/assets/menu-bundle/DEEP_SEA/script/DeepSeaBonusShellItem.ts as file:///D:/Game-Engine%20Projects/Blazing7Test/assets/menu-bundle/DEEP_SEA/script/data/DeepSeaRes.ts.
16:41:10.627 debug: Resolve ./data/DeepSeaAudio from file:///D:/Game-Engine%20Projects/Blazing7Test/assets/menu-bundle/DEEP_SEA/script/DeepSeaBonusShellItem.ts as file:///D:/Game-Engine%20Projects/Blazing7Test/assets/menu-bundle/DEEP_SEA/script/data/DeepSeaAudio.ts.
16:41:10.627 debug: Resolve cc from file:///D:/Game-Engine%20Projects/Blazing7Test/assets/menu-bundle/DEEP_SEA/script/data/DeepSeaCardData.ts as cce:/internal/x/cc.
16:41:10.627 debug: Resolve cc from file:///D:/Game-Engine%20Projects/Blazing7Test/assets/menu-bundle/DEEP_SEA/script/data/DeepSeaEvent.ts as cce:/internal/x/cc.
16:41:10.627 debug: Resolve cc from file:///D:/Game-Engine%20Projects/Blazing7Test/assets/menu-bundle/DEEP_SEA/script/data/DeepSeaRes.ts as cce:/internal/x/cc.
16:41:10.627 debug: Resolve cc from file:///D:/Game-Engine%20Projects/Blazing7Test/assets/menu-bundle/DEEP_SEA/script/data/DeepSeaRes.ts as cce:/internal/x/cc.
16:41:10.627 debug: Resolve cc from file:///D:/Game-Engine%20Projects/Blazing7Test/assets/menu-bundle/DEEP_SEA/script/data/DeepSeaRes.ts as cce:/internal/x/cc.
16:41:10.627 debug: Resolve cc from file:///D:/Game-Engine%20Projects/Blazing7Test/assets/menu-bundle/DEEP_SEA/script/data/DeepSeaAudio.ts as cce:/internal/x/cc.
16:41:10.627 debug: Resolve cc from file:///D:/Game-Engine%20Projects/Blazing7Test/assets/menu-bundle/DEEP_SEA/script/data/DeepSeaAudio.ts as cce:/internal/x/cc.
16:41:10.627 debug: Resolve cc from file:///D:/Game-Engine%20Projects/Blazing7Test/assets/menu-bundle/DEEP_SEA/script/data/DeepSeaAudio.ts as cce:/internal/x/cc.
16:41:10.627 debug: Resolve cc from file:///D:/Game-Engine%20Projects/Blazing7Test/assets/menu-bundle/DEEP_SEA/script/DeepSeaBG.ts as cce:/internal/x/cc.
16:41:10.627 debug: Resolve cc from file:///D:/Game-Engine%20Projects/Blazing7Test/assets/menu-bundle/DEEP_SEA/script/DeepSeaBG.ts as cce:/internal/x/cc.
16:41:10.627 debug: Resolve cc from file:///D:/Game-Engine%20Projects/Blazing7Test/assets/menu-bundle/DEEP_SEA/script/DeepSeaBG.ts as cce:/internal/x/cc.
16:41:10.627 debug: Resolve cce:/internal/code-quality/cr.mjs from file:///D:/Game-Engine%20Projects/Blazing7Test/assets/menu-bundle/DEEP_SEA/script/DeepSeaBaseUI.ts as cce:/internal/code-quality/cr.mjs.
16:41:10.627 debug: Resolve cc from file:///D:/Game-Engine%20Projects/Blazing7Test/assets/menu-bundle/DEEP_SEA/script/DeepSeaBaseUI.ts as cce:/internal/x/cc.
16:41:10.627 debug: Resolve cc from file:///D:/Game-Engine%20Projects/Blazing7Test/assets/menu-bundle/DEEP_SEA/script/DeepSeaBaseUI.ts as cce:/internal/x/cc.
16:41:10.627 debug: Resolve cc from file:///D:/Game-Engine%20Projects/Blazing7Test/assets/menu-bundle/DEEP_SEA/script/DeepSeaBaseUI.ts as cce:/internal/x/cc.
16:41:10.627 debug: Resolve ./data/DeepSeaEvent from file:///D:/Game-Engine%20Projects/Blazing7Test/assets/menu-bundle/DEEP_SEA/script/DeepSeaBaseUI.ts as file:///D:/Game-Engine%20Projects/Blazing7Test/assets/menu-bundle/DEEP_SEA/script/data/DeepSeaEvent.ts.
16:41:10.627 debug: Resolve cce:/internal/code-quality/cr.mjs from file:///D:/Game-Engine%20Projects/Blazing7Test/assets/menu-bundle/DEEP_SEA/script/DeepSeaBonus.ts as cce:/internal/code-quality/cr.mjs.
16:41:10.627 debug: Resolve cc from file:///D:/Game-Engine%20Projects/Blazing7Test/assets/menu-bundle/DEEP_SEA/script/DeepSeaBonus.ts as cce:/internal/x/cc.
16:41:10.627 debug: Resolve cc from file:///D:/Game-Engine%20Projects/Blazing7Test/assets/menu-bundle/DEEP_SEA/script/DeepSeaBonus.ts as cce:/internal/x/cc.
16:41:10.627 debug: Resolve cc from file:///D:/Game-Engine%20Projects/Blazing7Test/assets/menu-bundle/DEEP_SEA/script/DeepSeaBonus.ts as cce:/internal/x/cc.
16:41:10.627 debug: Resolve ./data/DeepSeaAudio from file:///D:/Game-Engine%20Projects/Blazing7Test/assets/menu-bundle/DEEP_SEA/script/DeepSeaBonus.ts as file:///D:/Game-Engine%20Projects/Blazing7Test/assets/menu-bundle/DEEP_SEA/script/data/DeepSeaAudio.ts.
16:41:10.627 debug: Resolve cce:/internal/code-quality/cr.mjs from file:///D:/Game-Engine%20Projects/Blazing7Test/assets/menu-bundle/DEEP_SEA/script/DeepSeaBonusGame.ts as cce:/internal/code-quality/cr.mjs.
16:41:10.840 debug: Resolve cc from file:///D:/Game-Engine%20Projects/Blazing7Test/assets/menu-bundle/DEEP_SEA/script/DeepSeaBonusGame.ts as cce:/internal/x/cc.
16:41:10.840 debug: Resolve cc from file:///D:/Game-Engine%20Projects/Blazing7Test/assets/menu-bundle/DEEP_SEA/script/DeepSeaBonusGame.ts as cce:/internal/x/cc.
16:41:10.840 debug: Resolve cc from file:///D:/Game-Engine%20Projects/Blazing7Test/assets/menu-bundle/DEEP_SEA/script/DeepSeaBonusGame.ts as cce:/internal/x/cc.
16:41:10.840 debug: Resolve ./DeepBonusShells from file:///D:/Game-Engine%20Projects/Blazing7Test/assets/menu-bundle/DEEP_SEA/script/DeepSeaBonusGame.ts as file:///D:/Game-Engine%20Projects/Blazing7Test/assets/menu-bundle/DEEP_SEA/script/DeepBonusShells.ts.
16:41:10.840 debug: Resolve ./DeepSeaBonusWin from file:///D:/Game-Engine%20Projects/Blazing7Test/assets/menu-bundle/DEEP_SEA/script/DeepSeaBonusGame.ts as file:///D:/Game-Engine%20Projects/Blazing7Test/assets/menu-bundle/DEEP_SEA/script/DeepSeaBonusWin.ts.
16:41:10.840 debug: Resolve ./data/DeepSeaCardData from file:///D:/Game-Engine%20Projects/Blazing7Test/assets/menu-bundle/DEEP_SEA/script/DeepSeaBonusGame.ts as file:///D:/Game-Engine%20Projects/Blazing7Test/assets/menu-bundle/DEEP_SEA/script/data/DeepSeaCardData.ts.
16:41:10.840 debug: Resolve ./DeepSeaBonusJackpot from file:///D:/Game-Engine%20Projects/Blazing7Test/assets/menu-bundle/DEEP_SEA/script/DeepSeaBonusGame.ts as file:///D:/Game-Engine%20Projects/Blazing7Test/assets/menu-bundle/DEEP_SEA/script/DeepSeaBonusJackpot.ts.
16:41:10.840 debug: Resolve ./data/DeepSeaEvent from file:///D:/Game-Engine%20Projects/Blazing7Test/assets/menu-bundle/DEEP_SEA/script/DeepSeaBonusGame.ts as file:///D:/Game-Engine%20Projects/Blazing7Test/assets/menu-bundle/DEEP_SEA/script/data/DeepSeaEvent.ts.
16:41:10.840 debug: Resolve cce:/internal/code-quality/cr.mjs from file:///D:/Game-Engine%20Projects/Blazing7Test/assets/menu-bundle/DEEP_SEA/script/DeepSeaBonusWin.ts as cce:/internal/code-quality/cr.mjs.
16:41:10.840 debug: Resolve cc from file:///D:/Game-Engine%20Projects/Blazing7Test/assets/menu-bundle/DEEP_SEA/script/DeepSeaBonusWin.ts as cce:/internal/x/cc.
16:41:10.840 debug: Resolve cc from file:///D:/Game-Engine%20Projects/Blazing7Test/assets/menu-bundle/DEEP_SEA/script/DeepSeaBonusWin.ts as cce:/internal/x/cc.
16:41:10.840 debug: Resolve cc from file:///D:/Game-Engine%20Projects/Blazing7Test/assets/menu-bundle/DEEP_SEA/script/DeepSeaBonusWin.ts as cce:/internal/x/cc.
16:41:10.840 debug: Resolve ./DeepSeaBonusWinItem from file:///D:/Game-Engine%20Projects/Blazing7Test/assets/menu-bundle/DEEP_SEA/script/DeepSeaBonusWin.ts as file:///D:/Game-Engine%20Projects/Blazing7Test/assets/menu-bundle/DEEP_SEA/script/DeepSeaBonusWinItem.ts.
16:41:10.840 debug: Resolve ./data/DeepSeaCardData from file:///D:/Game-Engine%20Projects/Blazing7Test/assets/menu-bundle/DEEP_SEA/script/DeepSeaBonusWin.ts as file:///D:/Game-Engine%20Projects/Blazing7Test/assets/menu-bundle/DEEP_SEA/script/data/DeepSeaCardData.ts.
16:41:10.840 debug: Resolve ./data/DeepSeaEvent from file:///D:/Game-Engine%20Projects/Blazing7Test/assets/menu-bundle/DEEP_SEA/script/DeepSeaBonusWin.ts as file:///D:/Game-Engine%20Projects/Blazing7Test/assets/menu-bundle/DEEP_SEA/script/data/DeepSeaEvent.ts.
16:41:10.841 debug: Resolve cce:/internal/code-quality/cr.mjs from file:///D:/Game-Engine%20Projects/Blazing7Test/assets/menu-bundle/DEEP_SEA/script/DeepSeaBonusWinItem.ts as cce:/internal/code-quality/cr.mjs.
16:41:10.841 debug: Resolve cc from file:///D:/Game-Engine%20Projects/Blazing7Test/assets/menu-bundle/DEEP_SEA/script/DeepSeaBonusWinItem.ts as cce:/internal/x/cc.
16:41:10.841 debug: Resolve cc from file:///D:/Game-Engine%20Projects/Blazing7Test/assets/menu-bundle/DEEP_SEA/script/DeepSeaBonusWinItem.ts as cce:/internal/x/cc.
16:41:10.841 debug: Resolve cc from file:///D:/Game-Engine%20Projects/Blazing7Test/assets/menu-bundle/DEEP_SEA/script/DeepSeaBonusWinItem.ts as cce:/internal/x/cc.
16:41:10.841 debug: Resolve ./data/DeepSeaEvent from file:///D:/Game-Engine%20Projects/Blazing7Test/assets/menu-bundle/DEEP_SEA/script/DeepSeaBonusWinItem.ts as file:///D:/Game-Engine%20Projects/Blazing7Test/assets/menu-bundle/DEEP_SEA/script/data/DeepSeaEvent.ts.
16:41:10.841 debug: Resolve ./data/DeepSeaRes from file:///D:/Game-Engine%20Projects/Blazing7Test/assets/menu-bundle/DEEP_SEA/script/DeepSeaBonusWinItem.ts as file:///D:/Game-Engine%20Projects/Blazing7Test/assets/menu-bundle/DEEP_SEA/script/data/DeepSeaRes.ts.
16:41:10.841 debug: Resolve ./data/DeepSeaAudio from file:///D:/Game-Engine%20Projects/Blazing7Test/assets/menu-bundle/DEEP_SEA/script/DeepSeaBonusWinItem.ts as file:///D:/Game-Engine%20Projects/Blazing7Test/assets/menu-bundle/DEEP_SEA/script/data/DeepSeaAudio.ts.
16:41:10.841 debug: Resolve cce:/internal/code-quality/cr.mjs from file:///D:/Game-Engine%20Projects/Blazing7Test/assets/menu-bundle/DEEP_SEA/script/DeepSeaBonusJackpot.ts as cce:/internal/code-quality/cr.mjs.
16:41:10.841 debug: Resolve cc from file:///D:/Game-Engine%20Projects/Blazing7Test/assets/menu-bundle/DEEP_SEA/script/DeepSeaBonusJackpot.ts as cce:/internal/x/cc.
16:41:10.841 debug: Resolve cc from file:///D:/Game-Engine%20Projects/Blazing7Test/assets/menu-bundle/DEEP_SEA/script/DeepSeaBonusJackpot.ts as cce:/internal/x/cc.
16:41:10.841 debug: Resolve cc from file:///D:/Game-Engine%20Projects/Blazing7Test/assets/menu-bundle/DEEP_SEA/script/DeepSeaBonusJackpot.ts as cce:/internal/x/cc.
16:41:10.841 debug: Resolve ./data/DeepSeaCardData from file:///D:/Game-Engine%20Projects/Blazing7Test/assets/menu-bundle/DEEP_SEA/script/DeepSeaBonusJackpot.ts as file:///D:/Game-Engine%20Projects/Blazing7Test/assets/menu-bundle/DEEP_SEA/script/data/DeepSeaCardData.ts.
16:41:10.841 debug: Resolve ./data/DeepSeaEvent from file:///D:/Game-Engine%20Projects/Blazing7Test/assets/menu-bundle/DEEP_SEA/script/DeepSeaBonusJackpot.ts as file:///D:/Game-Engine%20Projects/Blazing7Test/assets/menu-bundle/DEEP_SEA/script/data/DeepSeaEvent.ts.
16:41:10.841 debug: Resolve cc from file:///D:/Game-Engine%20Projects/Blazing7Test/assets/menu-bundle/DEEP_SEA/script/DeepSeaBonusInfo.ts as cce:/internal/x/cc.
16:41:10.841 debug: Resolve cc from file:///D:/Game-Engine%20Projects/Blazing7Test/assets/menu-bundle/DEEP_SEA/script/DeepSeaBonusInfo.ts as cce:/internal/x/cc.
16:41:10.841 debug: Resolve cc from file:///D:/Game-Engine%20Projects/Blazing7Test/assets/menu-bundle/DEEP_SEA/script/DeepSeaBonusInfo.ts as cce:/internal/x/cc.
16:41:10.841 debug: Resolve cce:/internal/code-quality/cr.mjs from file:///D:/Game-Engine%20Projects/Blazing7Test/assets/menu-bundle/DEEP_SEA/script/DeepSeaBubbleNumItem.ts as cce:/internal/code-quality/cr.mjs.
16:41:10.841 debug: Resolve cc from file:///D:/Game-Engine%20Projects/Blazing7Test/assets/menu-bundle/DEEP_SEA/script/DeepSeaBubbleNumItem.ts as cce:/internal/x/cc.
16:41:10.841 debug: Resolve cc from file:///D:/Game-Engine%20Projects/Blazing7Test/assets/menu-bundle/DEEP_SEA/script/DeepSeaBubbleNumItem.ts as cce:/internal/x/cc.
16:41:10.841 debug: Resolve cc from file:///D:/Game-Engine%20Projects/Blazing7Test/assets/menu-bundle/DEEP_SEA/script/DeepSeaBubbleNumItem.ts as cce:/internal/x/cc.
16:41:10.841 debug: Resolve ./data/DeepSeaEvent from file:///D:/Game-Engine%20Projects/Blazing7Test/assets/menu-bundle/DEEP_SEA/script/DeepSeaBubbleNumItem.ts as file:///D:/Game-Engine%20Projects/Blazing7Test/assets/menu-bundle/DEEP_SEA/script/data/DeepSeaEvent.ts.
16:41:10.841 debug: Resolve ./data/DeepSeaCardData from file:///D:/Game-Engine%20Projects/Blazing7Test/assets/menu-bundle/DEEP_SEA/script/DeepSeaBubbleNumItem.ts as file:///D:/Game-Engine%20Projects/Blazing7Test/assets/menu-bundle/DEEP_SEA/script/data/DeepSeaCardData.ts.
16:41:10.841 debug: Resolve cce:/internal/code-quality/cr.mjs from file:///D:/Game-Engine%20Projects/Blazing7Test/assets/menu-bundle/DEEP_SEA/script/DeepSeaBubbleScene.ts as cce:/internal/code-quality/cr.mjs.
16:41:10.841 debug: Resolve cc from file:///D:/Game-Engine%20Projects/Blazing7Test/assets/menu-bundle/DEEP_SEA/script/DeepSeaBubbleScene.ts as cce:/internal/x/cc.
16:41:10.841 debug: Resolve cc from file:///D:/Game-Engine%20Projects/Blazing7Test/assets/menu-bundle/DEEP_SEA/script/DeepSeaBubbleScene.ts as cce:/internal/x/cc.
16:41:10.841 debug: Resolve cc from file:///D:/Game-Engine%20Projects/Blazing7Test/assets/menu-bundle/DEEP_SEA/script/DeepSeaBubbleScene.ts as cce:/internal/x/cc.
16:41:10.841 debug: Resolve ./data/DeepSeaAudio from file:///D:/Game-Engine%20Projects/Blazing7Test/assets/menu-bundle/DEEP_SEA/script/DeepSeaBubbleScene.ts as file:///D:/Game-Engine%20Projects/Blazing7Test/assets/menu-bundle/DEEP_SEA/script/data/DeepSeaAudio.ts.
16:41:10.841 debug: Resolve cc from file:///D:/Game-Engine%20Projects/Blazing7Test/assets/menu-bundle/DEEP_SEA/script/DeepSeaBubbles.ts as cce:/internal/x/cc.
16:41:10.841 debug: Resolve cc from file:///D:/Game-Engine%20Projects/Blazing7Test/assets/menu-bundle/DEEP_SEA/script/DeepSeaBubbles.ts as cce:/internal/x/cc.
16:41:10.841 debug: Resolve cc from file:///D:/Game-Engine%20Projects/Blazing7Test/assets/menu-bundle/DEEP_SEA/script/DeepSeaBubbles.ts as cce:/internal/x/cc.
16:41:10.841 debug: Resolve cce:/internal/code-quality/cr.mjs from file:///D:/Game-Engine%20Projects/Blazing7Test/assets/menu-bundle/DEEP_SEA/script/DeepSeaCard.ts as cce:/internal/code-quality/cr.mjs.
16:41:10.841 debug: Resolve cc from file:///D:/Game-Engine%20Projects/Blazing7Test/assets/menu-bundle/DEEP_SEA/script/DeepSeaCard.ts as cce:/internal/x/cc.
16:41:10.841 debug: Resolve cc from file:///D:/Game-Engine%20Projects/Blazing7Test/assets/menu-bundle/DEEP_SEA/script/DeepSeaCard.ts as cce:/internal/x/cc.
16:41:10.841 debug: Resolve cc from file:///D:/Game-Engine%20Projects/Blazing7Test/assets/menu-bundle/DEEP_SEA/script/DeepSeaCard.ts as cce:/internal/x/cc.
16:41:10.841 debug: Resolve ./DeepSeaSceneTranstion from file:///D:/Game-Engine%20Projects/Blazing7Test/assets/menu-bundle/DEEP_SEA/script/DeepSeaCard.ts as file:///D:/Game-Engine%20Projects/Blazing7Test/assets/menu-bundle/DEEP_SEA/script/DeepSeaSceneTranstion.ts.
16:41:10.841 debug: Resolve ./DeepSeaMainGame from file:///D:/Game-Engine%20Projects/Blazing7Test/assets/menu-bundle/DEEP_SEA/script/DeepSeaCard.ts as file:///D:/Game-Engine%20Projects/Blazing7Test/assets/menu-bundle/DEEP_SEA/script/DeepSeaMainGame.ts.
16:41:10.841 debug: Resolve ./DeepSeaBonusGame from file:///D:/Game-Engine%20Projects/Blazing7Test/assets/menu-bundle/DEEP_SEA/script/DeepSeaCard.ts as file:///D:/Game-Engine%20Projects/Blazing7Test/assets/menu-bundle/DEEP_SEA/script/DeepSeaBonusGame.ts.
16:41:10.841 debug: Resolve ./data/DeepSeaCardData from file:///D:/Game-Engine%20Projects/Blazing7Test/assets/menu-bundle/DEEP_SEA/script/DeepSeaCard.ts as file:///D:/Game-Engine%20Projects/Blazing7Test/assets/menu-bundle/DEEP_SEA/script/data/DeepSeaCardData.ts.
16:41:10.841 debug: Resolve ./DeepSeaSuperBonusGame from file:///D:/Game-Engine%20Projects/Blazing7Test/assets/menu-bundle/DEEP_SEA/script/DeepSeaCard.ts as file:///D:/Game-Engine%20Projects/Blazing7Test/assets/menu-bundle/DEEP_SEA/script/DeepSeaSuperBonusGame.ts.
16:41:10.841 debug: Resolve ./data/DeepSeaEvent from file:///D:/Game-Engine%20Projects/Blazing7Test/assets/menu-bundle/DEEP_SEA/script/DeepSeaCard.ts as file:///D:/Game-Engine%20Projects/Blazing7Test/assets/menu-bundle/DEEP_SEA/script/data/DeepSeaEvent.ts.
16:41:10.841 debug: Resolve ./data/DeepSeaAudio from file:///D:/Game-Engine%20Projects/Blazing7Test/assets/menu-bundle/DEEP_SEA/script/DeepSeaCard.ts as file:///D:/Game-Engine%20Projects/Blazing7Test/assets/menu-bundle/DEEP_SEA/script/data/DeepSeaAudio.ts.
16:41:10.841 debug: Resolve cce:/internal/code-quality/cr.mjs from file:///D:/Game-Engine%20Projects/Blazing7Test/assets/menu-bundle/DEEP_SEA/script/DeepSeaSceneTranstion.ts as cce:/internal/code-quality/cr.mjs.
16:41:10.841 debug: Resolve cc from file:///D:/Game-Engine%20Projects/Blazing7Test/assets/menu-bundle/DEEP_SEA/script/DeepSeaSceneTranstion.ts as cce:/internal/x/cc.
16:41:10.841 debug: Resolve cc from file:///D:/Game-Engine%20Projects/Blazing7Test/assets/menu-bundle/DEEP_SEA/script/DeepSeaSceneTranstion.ts as cce:/internal/x/cc.
16:41:10.841 debug: Resolve cc from file:///D:/Game-Engine%20Projects/Blazing7Test/assets/menu-bundle/DEEP_SEA/script/DeepSeaSceneTranstion.ts as cce:/internal/x/cc.
16:41:10.841 debug: Resolve ./DeepSeaCard from file:///D:/Game-Engine%20Projects/Blazing7Test/assets/menu-bundle/DEEP_SEA/script/DeepSeaSceneTranstion.ts as file:///D:/Game-Engine%20Projects/Blazing7Test/assets/menu-bundle/DEEP_SEA/script/DeepSeaCard.ts.
16:41:10.841 debug: Resolve ./DeepSeaSuperBonusGame from file:///D:/Game-Engine%20Projects/Blazing7Test/assets/menu-bundle/DEEP_SEA/script/DeepSeaSceneTranstion.ts as file:///D:/Game-Engine%20Projects/Blazing7Test/assets/menu-bundle/DEEP_SEA/script/DeepSeaSuperBonusGame.ts.
16:41:10.841 debug: Resolve ./DeepSeaBonusGame from file:///D:/Game-Engine%20Projects/Blazing7Test/assets/menu-bundle/DEEP_SEA/script/DeepSeaSceneTranstion.ts as file:///D:/Game-Engine%20Projects/Blazing7Test/assets/menu-bundle/DEEP_SEA/script/DeepSeaBonusGame.ts.
16:41:10.841 debug: Resolve ./data/DeepSeaEvent from file:///D:/Game-Engine%20Projects/Blazing7Test/assets/menu-bundle/DEEP_SEA/script/DeepSeaSceneTranstion.ts as file:///D:/Game-Engine%20Projects/Blazing7Test/assets/menu-bundle/DEEP_SEA/script/data/DeepSeaEvent.ts.
16:41:10.841 debug: Resolve ./data/DeepSeaRes from file:///D:/Game-Engine%20Projects/Blazing7Test/assets/menu-bundle/DEEP_SEA/script/DeepSeaSceneTranstion.ts as file:///D:/Game-Engine%20Projects/Blazing7Test/assets/menu-bundle/DEEP_SEA/script/data/DeepSeaRes.ts.
16:41:10.841 debug: Resolve ./DeepSeaBubbles from file:///D:/Game-Engine%20Projects/Blazing7Test/assets/menu-bundle/DEEP_SEA/script/DeepSeaSceneTranstion.ts as file:///D:/Game-Engine%20Projects/Blazing7Test/assets/menu-bundle/DEEP_SEA/script/DeepSeaBubbles.ts.
16:41:10.841 debug: Resolve ./data/DeepSeaAudio from file:///D:/Game-Engine%20Projects/Blazing7Test/assets/menu-bundle/DEEP_SEA/script/DeepSeaSceneTranstion.ts as file:///D:/Game-Engine%20Projects/Blazing7Test/assets/menu-bundle/DEEP_SEA/script/data/DeepSeaAudio.ts.
16:41:10.841 debug: Resolve cce:/internal/code-quality/cr.mjs from file:///D:/Game-Engine%20Projects/Blazing7Test/assets/menu-bundle/DEEP_SEA/script/DeepSeaSuperBonusGame.ts as cce:/internal/code-quality/cr.mjs.
16:41:10.841 debug: Resolve cc from file:///D:/Game-Engine%20Projects/Blazing7Test/assets/menu-bundle/DEEP_SEA/script/DeepSeaSuperBonusGame.ts as cce:/internal/x/cc.
16:41:10.841 debug: Resolve cc from file:///D:/Game-Engine%20Projects/Blazing7Test/assets/menu-bundle/DEEP_SEA/script/DeepSeaSuperBonusGame.ts as cce:/internal/x/cc.
16:41:10.841 debug: Resolve cc from file:///D:/Game-Engine%20Projects/Blazing7Test/assets/menu-bundle/DEEP_SEA/script/DeepSeaSuperBonusGame.ts as cce:/internal/x/cc.
16:41:10.842 debug: Resolve ./data/DeepSeaEvent from file:///D:/Game-Engine%20Projects/Blazing7Test/assets/menu-bundle/DEEP_SEA/script/DeepSeaSuperBonusGame.ts as file:///D:/Game-Engine%20Projects/Blazing7Test/assets/menu-bundle/DEEP_SEA/script/data/DeepSeaEvent.ts.
16:41:10.842 debug: Resolve ./data/DeepSeaRes from file:///D:/Game-Engine%20Projects/Blazing7Test/assets/menu-bundle/DEEP_SEA/script/DeepSeaSuperBonusGame.ts as file:///D:/Game-Engine%20Projects/Blazing7Test/assets/menu-bundle/DEEP_SEA/script/data/DeepSeaRes.ts.
16:41:10.842 debug: Resolve ./data/DeepSeaCardData from file:///D:/Game-Engine%20Projects/Blazing7Test/assets/menu-bundle/DEEP_SEA/script/DeepSeaSuperBonusGame.ts as file:///D:/Game-Engine%20Projects/Blazing7Test/assets/menu-bundle/DEEP_SEA/script/data/DeepSeaCardData.ts.
16:41:10.842 debug: Resolve ./data/DeepSeaAudio from file:///D:/Game-Engine%20Projects/Blazing7Test/assets/menu-bundle/DEEP_SEA/script/DeepSeaSuperBonusGame.ts as file:///D:/Game-Engine%20Projects/Blazing7Test/assets/menu-bundle/DEEP_SEA/script/data/DeepSeaAudio.ts.
16:41:10.842 debug: Resolve ./DeepSeaBaseUI from file:///D:/Game-Engine%20Projects/Blazing7Test/assets/menu-bundle/DEEP_SEA/script/DeepSeaSuperBonusGame.ts as file:///D:/Game-Engine%20Projects/Blazing7Test/assets/menu-bundle/DEEP_SEA/script/DeepSeaBaseUI.ts.
16:41:10.842 debug: Resolve cce:/internal/code-quality/cr.mjs from file:///D:/Game-Engine%20Projects/Blazing7Test/assets/menu-bundle/DEEP_SEA/script/DeepSeaMainGame.ts as cce:/internal/code-quality/cr.mjs.
16:41:10.845 debug: Resolve cc from file:///D:/Game-Engine%20Projects/Blazing7Test/assets/menu-bundle/DEEP_SEA/script/DeepSeaMainGame.ts as cce:/internal/x/cc.
16:41:10.845 debug: Resolve cc from file:///D:/Game-Engine%20Projects/Blazing7Test/assets/menu-bundle/DEEP_SEA/script/DeepSeaMainGame.ts as cce:/internal/x/cc.
16:41:10.845 debug: Resolve cc from file:///D:/Game-Engine%20Projects/Blazing7Test/assets/menu-bundle/DEEP_SEA/script/DeepSeaMainGame.ts as cce:/internal/x/cc.
16:41:10.845 debug: Resolve ./DeepSeaMyNumber from file:///D:/Game-Engine%20Projects/Blazing7Test/assets/menu-bundle/DEEP_SEA/script/DeepSeaMainGame.ts as file:///D:/Game-Engine%20Projects/Blazing7Test/assets/menu-bundle/DEEP_SEA/script/DeepSeaMyNumber.ts.
16:41:10.845 debug: Resolve ./DeepSeaWinNum from file:///D:/Game-Engine%20Projects/Blazing7Test/assets/menu-bundle/DEEP_SEA/script/DeepSeaMainGame.ts as file:///D:/Game-Engine%20Projects/Blazing7Test/assets/menu-bundle/DEEP_SEA/script/DeepSeaWinNum.ts.
16:41:10.845 debug: Resolve ./DeepSeaBonus from file:///D:/Game-Engine%20Projects/Blazing7Test/assets/menu-bundle/DEEP_SEA/script/DeepSeaMainGame.ts as file:///D:/Game-Engine%20Projects/Blazing7Test/assets/menu-bundle/DEEP_SEA/script/DeepSeaBonus.ts.
16:41:10.845 debug: Resolve ./DeepSeaSuperBonus from file:///D:/Game-Engine%20Projects/Blazing7Test/assets/menu-bundle/DEEP_SEA/script/DeepSeaMainGame.ts as file:///D:/Game-Engine%20Projects/Blazing7Test/assets/menu-bundle/DEEP_SEA/script/DeepSeaSuperBonus.ts.
16:41:10.845 debug: Resolve ./data/DeepSeaEvent from file:///D:/Game-Engine%20Projects/Blazing7Test/assets/menu-bundle/DEEP_SEA/script/DeepSeaMainGame.ts as file:///D:/Game-Engine%20Projects/Blazing7Test/assets/menu-bundle/DEEP_SEA/script/data/DeepSeaEvent.ts.
16:41:10.845 debug: Resolve ./DeepSeaFish from file:///D:/Game-Engine%20Projects/Blazing7Test/assets/menu-bundle/DEEP_SEA/script/DeepSeaMainGame.ts as file:///D:/Game-Engine%20Projects/Blazing7Test/assets/menu-bundle/DEEP_SEA/script/DeepSeaFish.ts.
16:41:10.845 debug: Resolve ./data/DeepSeaCardData from file:///D:/Game-Engine%20Projects/Blazing7Test/assets/menu-bundle/DEEP_SEA/script/DeepSeaMainGame.ts as file:///D:/Game-Engine%20Projects/Blazing7Test/assets/menu-bundle/DEEP_SEA/script/data/DeepSeaCardData.ts.
16:41:10.845 debug: Resolve cce:/internal/code-quality/cr.mjs from file:///D:/Game-Engine%20Projects/Blazing7Test/assets/menu-bundle/DEEP_SEA/script/DeepSeaMyNumber.ts as cce:/internal/code-quality/cr.mjs.
16:41:10.845 debug: Resolve cc from file:///D:/Game-Engine%20Projects/Blazing7Test/assets/menu-bundle/DEEP_SEA/script/DeepSeaMyNumber.ts as cce:/internal/x/cc.
16:41:10.845 debug: Resolve cc from file:///D:/Game-Engine%20Projects/Blazing7Test/assets/menu-bundle/DEEP_SEA/script/DeepSeaMyNumber.ts as cce:/internal/x/cc.
16:41:10.845 debug: Resolve cc from file:///D:/Game-Engine%20Projects/Blazing7Test/assets/menu-bundle/DEEP_SEA/script/DeepSeaMyNumber.ts as cce:/internal/x/cc.
16:41:10.845 debug: Resolve ./DeepSeaBubbleNumItem from file:///D:/Game-Engine%20Projects/Blazing7Test/assets/menu-bundle/DEEP_SEA/script/DeepSeaMyNumber.ts as file:///D:/Game-Engine%20Projects/Blazing7Test/assets/menu-bundle/DEEP_SEA/script/DeepSeaBubbleNumItem.ts.
16:41:10.845 debug: Resolve ./data/DeepSeaEvent from file:///D:/Game-Engine%20Projects/Blazing7Test/assets/menu-bundle/DEEP_SEA/script/DeepSeaMyNumber.ts as file:///D:/Game-Engine%20Projects/Blazing7Test/assets/menu-bundle/DEEP_SEA/script/data/DeepSeaEvent.ts.
16:41:10.845 debug: Resolve ./data/DeepSeaEvent from file:///D:/Game-Engine%20Projects/Blazing7Test/assets/menu-bundle/DEEP_SEA/script/DeepSeaMyNumber.ts as file:///D:/Game-Engine%20Projects/Blazing7Test/assets/menu-bundle/DEEP_SEA/script/data/DeepSeaEvent.ts.
16:41:10.845 debug: Resolve ./data/DeepSeaAudio from file:///D:/Game-Engine%20Projects/Blazing7Test/assets/menu-bundle/DEEP_SEA/script/DeepSeaMyNumber.ts as file:///D:/Game-Engine%20Projects/Blazing7Test/assets/menu-bundle/DEEP_SEA/script/data/DeepSeaAudio.ts.
16:41:10.845 debug: Resolve cce:/internal/code-quality/cr.mjs from file:///D:/Game-Engine%20Projects/Blazing7Test/assets/menu-bundle/DEEP_SEA/script/DeepSeaWinNum.ts as cce:/internal/code-quality/cr.mjs.
16:41:10.845 debug: Resolve cc from file:///D:/Game-Engine%20Projects/Blazing7Test/assets/menu-bundle/DEEP_SEA/script/DeepSeaWinNum.ts as cce:/internal/x/cc.
16:41:10.845 debug: Resolve cc from file:///D:/Game-Engine%20Projects/Blazing7Test/assets/menu-bundle/DEEP_SEA/script/DeepSeaWinNum.ts as cce:/internal/x/cc.
16:41:10.845 debug: Resolve cc from file:///D:/Game-Engine%20Projects/Blazing7Test/assets/menu-bundle/DEEP_SEA/script/DeepSeaWinNum.ts as cce:/internal/x/cc.
16:41:10.845 debug: Resolve ./data/DeepSeaEvent from file:///D:/Game-Engine%20Projects/Blazing7Test/assets/menu-bundle/DEEP_SEA/script/DeepSeaWinNum.ts as file:///D:/Game-Engine%20Projects/Blazing7Test/assets/menu-bundle/DEEP_SEA/script/data/DeepSeaEvent.ts.
16:41:10.845 debug: Resolve ./data/DeepSeaAudio from file:///D:/Game-Engine%20Projects/Blazing7Test/assets/menu-bundle/DEEP_SEA/script/DeepSeaWinNum.ts as file:///D:/Game-Engine%20Projects/Blazing7Test/assets/menu-bundle/DEEP_SEA/script/data/DeepSeaAudio.ts.
16:41:10.845 debug: Resolve ./data/DeepSeaCardData from file:///D:/Game-Engine%20Projects/Blazing7Test/assets/menu-bundle/DEEP_SEA/script/DeepSeaWinNum.ts as file:///D:/Game-Engine%20Projects/Blazing7Test/assets/menu-bundle/DEEP_SEA/script/data/DeepSeaCardData.ts.
16:41:10.845 debug: Resolve cce:/internal/code-quality/cr.mjs from file:///D:/Game-Engine%20Projects/Blazing7Test/assets/menu-bundle/DEEP_SEA/script/DeepSeaSuperBonus.ts as cce:/internal/code-quality/cr.mjs.
16:41:10.845 debug: Resolve cc from file:///D:/Game-Engine%20Projects/Blazing7Test/assets/menu-bundle/DEEP_SEA/script/DeepSeaSuperBonus.ts as cce:/internal/x/cc.
16:41:10.845 debug: Resolve cc from file:///D:/Game-Engine%20Projects/Blazing7Test/assets/menu-bundle/DEEP_SEA/script/DeepSeaSuperBonus.ts as cce:/internal/x/cc.
16:41:10.845 debug: Resolve cc from file:///D:/Game-Engine%20Projects/Blazing7Test/assets/menu-bundle/DEEP_SEA/script/DeepSeaSuperBonus.ts as cce:/internal/x/cc.
16:41:10.845 debug: Resolve ./data/DeepSeaEvent from file:///D:/Game-Engine%20Projects/Blazing7Test/assets/menu-bundle/DEEP_SEA/script/DeepSeaSuperBonus.ts as file:///D:/Game-Engine%20Projects/Blazing7Test/assets/menu-bundle/DEEP_SEA/script/data/DeepSeaEvent.ts.
16:41:10.845 debug: Resolve ./data/DeepSeaAudio from file:///D:/Game-Engine%20Projects/Blazing7Test/assets/menu-bundle/DEEP_SEA/script/DeepSeaSuperBonus.ts as file:///D:/Game-Engine%20Projects/Blazing7Test/assets/menu-bundle/DEEP_SEA/script/data/DeepSeaAudio.ts.
16:41:10.845 debug: Resolve ./DeepSeaBaseUI from file:///D:/Game-Engine%20Projects/Blazing7Test/assets/menu-bundle/DEEP_SEA/script/DeepSeaSuperBonus.ts as file:///D:/Game-Engine%20Projects/Blazing7Test/assets/menu-bundle/DEEP_SEA/script/DeepSeaBaseUI.ts.
16:41:10.845 debug: Resolve cc from file:///D:/Game-Engine%20Projects/Blazing7Test/assets/menu-bundle/DEEP_SEA/script/DeepSeaFish.ts as cce:/internal/x/cc.
16:41:10.845 debug: Resolve cc from file:///D:/Game-Engine%20Projects/Blazing7Test/assets/menu-bundle/DEEP_SEA/script/DeepSeaFish.ts as cce:/internal/x/cc.
16:41:10.845 debug: Resolve cc from file:///D:/Game-Engine%20Projects/Blazing7Test/assets/menu-bundle/DEEP_SEA/script/DeepSeaFish.ts as cce:/internal/x/cc.
16:41:10.845 debug: Resolve cc/env from file:///D:/Game-Engine%20Projects/Blazing7Test/assets/menu-bundle/DEEP_SEA/script/DeepSeaFish.ts as external dependency cc/env.
16:41:10.845 debug: Resolve cce:/internal/code-quality/cr.mjs from file:///D:/Game-Engine%20Projects/Blazing7Test/assets/menu-bundle/DEEP_SEA/script/DeepSeaCardDetails.ts as cce:/internal/code-quality/cr.mjs.
16:41:10.845 debug: Resolve cc from file:///D:/Game-Engine%20Projects/Blazing7Test/assets/menu-bundle/DEEP_SEA/script/DeepSeaCardDetails.ts as cce:/internal/x/cc.
16:41:10.845 debug: Resolve cc from file:///D:/Game-Engine%20Projects/Blazing7Test/assets/menu-bundle/DEEP_SEA/script/DeepSeaCardDetails.ts as cce:/internal/x/cc.
16:41:10.845 debug: Resolve cc from file:///D:/Game-Engine%20Projects/Blazing7Test/assets/menu-bundle/DEEP_SEA/script/DeepSeaCardDetails.ts as cce:/internal/x/cc.
16:41:10.845 debug: Resolve ./DeepSeaGameRecord from file:///D:/Game-Engine%20Projects/Blazing7Test/assets/menu-bundle/DEEP_SEA/script/DeepSeaCardDetails.ts as file:///D:/Game-Engine%20Projects/Blazing7Test/assets/menu-bundle/DEEP_SEA/script/DeepSeaGameRecord.ts.
16:41:10.845 debug: Resolve ./data/DeepSeaEvent from file:///D:/Game-Engine%20Projects/Blazing7Test/assets/menu-bundle/DEEP_SEA/script/DeepSeaCardDetails.ts as file:///D:/Game-Engine%20Projects/Blazing7Test/assets/menu-bundle/DEEP_SEA/script/data/DeepSeaEvent.ts.
16:41:10.845 debug: Resolve cce:/internal/code-quality/cr.mjs from file:///D:/Game-Engine%20Projects/Blazing7Test/assets/menu-bundle/DEEP_SEA/script/DeepSeaGameRecord.ts as cce:/internal/code-quality/cr.mjs.
16:41:10.845 debug: Resolve cc from file:///D:/Game-Engine%20Projects/Blazing7Test/assets/menu-bundle/DEEP_SEA/script/DeepSeaGameRecord.ts as cce:/internal/x/cc.
16:41:10.845 debug: Resolve cc from file:///D:/Game-Engine%20Projects/Blazing7Test/assets/menu-bundle/DEEP_SEA/script/DeepSeaGameRecord.ts as cce:/internal/x/cc.
16:41:10.845 debug: Resolve cc from file:///D:/Game-Engine%20Projects/Blazing7Test/assets/menu-bundle/DEEP_SEA/script/DeepSeaGameRecord.ts as cce:/internal/x/cc.
16:41:10.845 debug: Resolve ./DeepSeaMyNumber from file:///D:/Game-Engine%20Projects/Blazing7Test/assets/menu-bundle/DEEP_SEA/script/DeepSeaGameRecord.ts as file:///D:/Game-Engine%20Projects/Blazing7Test/assets/menu-bundle/DEEP_SEA/script/DeepSeaMyNumber.ts.
16:41:10.845 debug: Resolve ./DeepSeaWinNum from file:///D:/Game-Engine%20Projects/Blazing7Test/assets/menu-bundle/DEEP_SEA/script/DeepSeaGameRecord.ts as file:///D:/Game-Engine%20Projects/Blazing7Test/assets/menu-bundle/DEEP_SEA/script/DeepSeaWinNum.ts.
16:41:10.845 debug: Resolve ./DeepSeaSuperBonus from file:///D:/Game-Engine%20Projects/Blazing7Test/assets/menu-bundle/DEEP_SEA/script/DeepSeaGameRecord.ts as file:///D:/Game-Engine%20Projects/Blazing7Test/assets/menu-bundle/DEEP_SEA/script/DeepSeaSuperBonus.ts.
16:41:10.845 debug: Resolve ./DeepSeaBonus from file:///D:/Game-Engine%20Projects/Blazing7Test/assets/menu-bundle/DEEP_SEA/script/DeepSeaGameRecord.ts as file:///D:/Game-Engine%20Projects/Blazing7Test/assets/menu-bundle/DEEP_SEA/script/DeepSeaBonus.ts.
16:41:10.845 debug: Resolve ./data/DeepSeaEvent from file:///D:/Game-Engine%20Projects/Blazing7Test/assets/menu-bundle/DEEP_SEA/script/DeepSeaGameRecord.ts as file:///D:/Game-Engine%20Projects/Blazing7Test/assets/menu-bundle/DEEP_SEA/script/data/DeepSeaEvent.ts.
16:41:10.845 debug: Resolve ./data/DeepSeaAudio from file:///D:/Game-Engine%20Projects/Blazing7Test/assets/menu-bundle/DEEP_SEA/script/DeepSeaGameRecord.ts as file:///D:/Game-Engine%20Projects/Blazing7Test/assets/menu-bundle/DEEP_SEA/script/data/DeepSeaAudio.ts.
16:41:10.845 debug: Resolve ./DeepSeaBonusInfo from file:///D:/Game-Engine%20Projects/Blazing7Test/assets/menu-bundle/DEEP_SEA/script/DeepSeaGameRecord.ts as file:///D:/Game-Engine%20Projects/Blazing7Test/assets/menu-bundle/DEEP_SEA/script/DeepSeaBonusInfo.ts.
16:41:10.845 debug: Resolve cc from file:///D:/Game-Engine%20Projects/Blazing7Test/assets/menu-bundle/DEEP_SEA/script/DeepSeaCloudFloat.ts as cce:/internal/x/cc.
16:41:10.845 debug: Resolve cc from file:///D:/Game-Engine%20Projects/Blazing7Test/assets/menu-bundle/DEEP_SEA/script/DeepSeaCloudFloat.ts as cce:/internal/x/cc.
16:41:10.845 debug: Resolve cc from file:///D:/Game-Engine%20Projects/Blazing7Test/assets/menu-bundle/DEEP_SEA/script/DeepSeaCloudFloat.ts as cce:/internal/x/cc.
16:41:10.845 debug: Resolve cce:/internal/code-quality/cr.mjs from file:///D:/Game-Engine%20Projects/Blazing7Test/assets/menu-bundle/DEEP_SEA/script/DeepSeaReview.ts as cce:/internal/code-quality/cr.mjs.
16:41:10.846 debug: Resolve cc from file:///D:/Game-Engine%20Projects/Blazing7Test/assets/menu-bundle/DEEP_SEA/script/DeepSeaReview.ts as cce:/internal/x/cc.
16:41:10.846 debug: Resolve cc from file:///D:/Game-Engine%20Projects/Blazing7Test/assets/menu-bundle/DEEP_SEA/script/DeepSeaReview.ts as cce:/internal/x/cc.
16:41:10.846 debug: Resolve cc from file:///D:/Game-Engine%20Projects/Blazing7Test/assets/menu-bundle/DEEP_SEA/script/DeepSeaReview.ts as cce:/internal/x/cc.
16:41:10.846 debug: Resolve ./DeepSeaCardDetails from file:///D:/Game-Engine%20Projects/Blazing7Test/assets/menu-bundle/DEEP_SEA/script/DeepSeaReview.ts as file:///D:/Game-Engine%20Projects/Blazing7Test/assets/menu-bundle/DEEP_SEA/script/DeepSeaCardDetails.ts.
16:41:10.846 debug: Resolve cc from file:///D:/Game-Engine%20Projects/Blazing7Test/assets/menu-bundle/DEEP_SEA/script/DeepSeaWater.ts as cce:/internal/x/cc.
16:41:10.846 debug: Resolve cc from file:///D:/Game-Engine%20Projects/Blazing7Test/assets/menu-bundle/DEEP_SEA/script/DeepSeaWater.ts as cce:/internal/x/cc.
16:41:10.846 debug: Resolve cc from file:///D:/Game-Engine%20Projects/Blazing7Test/assets/menu-bundle/DEEP_SEA/script/DeepSeaWater.ts as cce:/internal/x/cc.
16:41:10.846 debug: Resolve cce:/internal/code-quality/cr.mjs from file:///D:/Game-Engine%20Projects/Blazing7Test/assets/menu-bundle/GINTO_MATCH/script/BundleTrajectoryGinto.ts as cce:/internal/code-quality/cr.mjs.
16:41:10.846 debug: Resolve cc from file:///D:/Game-Engine%20Projects/Blazing7Test/assets/menu-bundle/GINTO_MATCH/script/BundleTrajectoryGinto.ts as cce:/internal/x/cc.
16:41:10.846 debug: Resolve cc from file:///D:/Game-Engine%20Projects/Blazing7Test/assets/menu-bundle/GINTO_MATCH/script/BundleTrajectoryGinto.ts as cce:/internal/x/cc.
16:41:10.846 debug: Resolve cc from file:///D:/Game-Engine%20Projects/Blazing7Test/assets/menu-bundle/GINTO_MATCH/script/BundleTrajectoryGinto.ts as cce:/internal/x/cc.
16:41:10.846 debug: Resolve ./ScratchSystem from file:///D:/Game-Engine%20Projects/Blazing7Test/assets/menu-bundle/GINTO_MATCH/script/BundleTrajectoryGinto.ts as file:///D:/Game-Engine%20Projects/Blazing7Test/assets/menu-bundle/GINTO_MATCH/script/ScratchSystem.ts.
16:41:10.846 debug: Resolve ./FragmentView from file:///D:/Game-Engine%20Projects/Blazing7Test/assets/menu-bundle/GINTO_MATCH/script/BundleTrajectoryGinto.ts as file:///D:/Game-Engine%20Projects/Blazing7Test/assets/menu-bundle/GINTO_MATCH/script/FragmentView.ts.
16:41:10.846 debug: Resolve ../../script/base/BundleBasePanel from file:///D:/Game-Engine%20Projects/Blazing7Test/assets/menu-bundle/GINTO_MATCH/script/BundleTrajectoryGinto.ts as file:///D:/Game-Engine%20Projects/Blazing7Test/assets/menu-bundle/script/base/BundleBasePanel.ts.
16:41:10.846 debug: Resolve ../../script/api/GameApi from file:///D:/Game-Engine%20Projects/Blazing7Test/assets/menu-bundle/GINTO_MATCH/script/BundleTrajectoryGinto.ts as file:///D:/Game-Engine%20Projects/Blazing7Test/assets/menu-bundle/script/api/GameApi.ts.
16:41:10.846 debug: Resolve ../../script/manager/MessageFlag from file:///D:/Game-Engine%20Projects/Blazing7Test/assets/menu-bundle/GINTO_MATCH/script/BundleTrajectoryGinto.ts as file:///D:/Game-Engine%20Projects/Blazing7Test/assets/menu-bundle/script/manager/MessageFlag.ts.
16:41:10.846 debug: Resolve ../../script/interfaces/IMenuDependencies from file:///D:/Game-Engine%20Projects/Blazing7Test/assets/menu-bundle/GINTO_MATCH/script/BundleTrajectoryGinto.ts as file:///D:/Game-Engine%20Projects/Blazing7Test/assets/menu-bundle/script/interfaces/IMenuDependencies.ts.
16:41:10.846 debug: Resolve cce:/internal/code-quality/cr.mjs from file:///D:/Game-Engine%20Projects/Blazing7Test/assets/menu-bundle/GINTO_MATCH/script/ScratchSystem.ts as cce:/internal/code-quality/cr.mjs.
16:41:10.846 debug: Resolve cc from file:///D:/Game-Engine%20Projects/Blazing7Test/assets/menu-bundle/GINTO_MATCH/script/ScratchSystem.ts as cce:/internal/x/cc.
16:41:10.846 debug: Resolve cc from file:///D:/Game-Engine%20Projects/Blazing7Test/assets/menu-bundle/GINTO_MATCH/script/ScratchSystem.ts as cce:/internal/x/cc.
16:41:10.846 debug: Resolve cc from file:///D:/Game-Engine%20Projects/Blazing7Test/assets/menu-bundle/GINTO_MATCH/script/ScratchSystem.ts as cce:/internal/x/cc.
16:41:10.846 debug: Resolve ./ScratchMask from file:///D:/Game-Engine%20Projects/Blazing7Test/assets/menu-bundle/GINTO_MATCH/script/ScratchSystem.ts as file:///D:/Game-Engine%20Projects/Blazing7Test/assets/menu-bundle/GINTO_MATCH/script/ScratchMask.ts.
16:41:10.848 debug: Resolve ./ScratchRenderer from file:///D:/Game-Engine%20Projects/Blazing7Test/assets/menu-bundle/GINTO_MATCH/script/ScratchSystem.ts as file:///D:/Game-Engine%20Projects/Blazing7Test/assets/menu-bundle/GINTO_MATCH/script/ScratchRenderer.ts.
16:41:10.848 debug: Resolve ./ScratchTrajectory from file:///D:/Game-Engine%20Projects/Blazing7Test/assets/menu-bundle/GINTO_MATCH/script/ScratchSystem.ts as file:///D:/Game-Engine%20Projects/Blazing7Test/assets/menu-bundle/GINTO_MATCH/script/ScratchTrajectory.ts.
16:41:10.848 debug: Resolve ../../script/interfaces/IMenuDependencies from file:///D:/Game-Engine%20Projects/Blazing7Test/assets/menu-bundle/GINTO_MATCH/script/ScratchSystem.ts as file:///D:/Game-Engine%20Projects/Blazing7Test/assets/menu-bundle/script/interfaces/IMenuDependencies.ts.
16:41:10.848 debug: Resolve ../../script/manager/MessageFlag from file:///D:/Game-Engine%20Projects/Blazing7Test/assets/menu-bundle/GINTO_MATCH/script/ScratchSystem.ts as file:///D:/Game-Engine%20Projects/Blazing7Test/assets/menu-bundle/script/manager/MessageFlag.ts.
16:41:10.848 debug: Resolve cce:/internal/code-quality/cr.mjs from file:///D:/Game-Engine%20Projects/Blazing7Test/assets/menu-bundle/GINTO_MATCH/script/ScratchMask.ts as cce:/internal/code-quality/cr.mjs.
16:41:10.848 debug: Resolve cc from file:///D:/Game-Engine%20Projects/Blazing7Test/assets/menu-bundle/GINTO_MATCH/script/ScratchMask.ts as cce:/internal/x/cc.
16:41:10.848 debug: Resolve cce:/internal/code-quality/cr.mjs from file:///D:/Game-Engine%20Projects/Blazing7Test/assets/menu-bundle/GINTO_MATCH/script/ScratchRenderer.ts as cce:/internal/code-quality/cr.mjs.
16:41:10.848 debug: Resolve cc from file:///D:/Game-Engine%20Projects/Blazing7Test/assets/menu-bundle/GINTO_MATCH/script/ScratchRenderer.ts as cce:/internal/x/cc.
16:41:10.848 debug: Resolve cc from file:///D:/Game-Engine%20Projects/Blazing7Test/assets/menu-bundle/GINTO_MATCH/script/ScratchRenderer.ts as cce:/internal/x/cc.
16:41:10.848 debug: Resolve cc from file:///D:/Game-Engine%20Projects/Blazing7Test/assets/menu-bundle/GINTO_MATCH/script/ScratchRenderer.ts as cce:/internal/x/cc.
16:41:10.848 debug: Resolve ../../script/manager/MessageFlag from file:///D:/Game-Engine%20Projects/Blazing7Test/assets/menu-bundle/GINTO_MATCH/script/ScratchRenderer.ts as file:///D:/Game-Engine%20Projects/Blazing7Test/assets/menu-bundle/script/manager/MessageFlag.ts.
16:41:10.848 debug: Resolve ../../script/interfaces/IMenuDependencies from file:///D:/Game-Engine%20Projects/Blazing7Test/assets/menu-bundle/GINTO_MATCH/script/ScratchRenderer.ts as file:///D:/Game-Engine%20Projects/Blazing7Test/assets/menu-bundle/script/interfaces/IMenuDependencies.ts.
16:41:10.848 debug: Resolve cce:/internal/code-quality/cr.mjs from file:///D:/Game-Engine%20Projects/Blazing7Test/assets/menu-bundle/GINTO_MATCH/script/ScratchTrajectory.ts as cce:/internal/code-quality/cr.mjs.
16:41:10.848 debug: Resolve cc from file:///D:/Game-Engine%20Projects/Blazing7Test/assets/menu-bundle/GINTO_MATCH/script/ScratchTrajectory.ts as cce:/internal/x/cc.
16:41:10.848 debug: Resolve cce:/internal/code-quality/cr.mjs from file:///D:/Game-Engine%20Projects/Blazing7Test/assets/menu-bundle/GINTO_MATCH/script/FragmentView.ts as cce:/internal/code-quality/cr.mjs.
16:41:10.848 debug: Resolve cc from file:///D:/Game-Engine%20Projects/Blazing7Test/assets/menu-bundle/GINTO_MATCH/script/FragmentView.ts as cce:/internal/x/cc.
16:41:10.848 debug: Resolve cc from file:///D:/Game-Engine%20Projects/Blazing7Test/assets/menu-bundle/GINTO_MATCH/script/FragmentView.ts as cce:/internal/x/cc.
16:41:10.848 debug: Resolve cc from file:///D:/Game-Engine%20Projects/Blazing7Test/assets/menu-bundle/GINTO_MATCH/script/FragmentView.ts as cce:/internal/x/cc.
16:41:10.848 debug: Resolve ../../script/manager/MessageFlag from file:///D:/Game-Engine%20Projects/Blazing7Test/assets/menu-bundle/GINTO_MATCH/script/FragmentView.ts as file:///D:/Game-Engine%20Projects/Blazing7Test/assets/menu-bundle/script/manager/MessageFlag.ts.
16:41:10.848 debug: Resolve ../../script/interfaces/IMenuDependencies from file:///D:/Game-Engine%20Projects/Blazing7Test/assets/menu-bundle/GINTO_MATCH/script/FragmentView.ts as file:///D:/Game-Engine%20Projects/Blazing7Test/assets/menu-bundle/script/interfaces/IMenuDependencies.ts.
16:41:10.848 debug: Resolve cc from file:///D:/Game-Engine%20Projects/Blazing7Test/assets/menu-bundle/GINTO_MATCH/script/CardFragmentView.ts as cce:/internal/x/cc.
16:41:10.848 debug: Resolve cc from file:///D:/Game-Engine%20Projects/Blazing7Test/assets/menu-bundle/GINTO_MATCH/script/CardFragmentView.ts as cce:/internal/x/cc.
16:41:10.848 debug: Resolve cc from file:///D:/Game-Engine%20Projects/Blazing7Test/assets/menu-bundle/GINTO_MATCH/script/CardFragmentView.ts as cce:/internal/x/cc.
16:41:10.848 debug: Resolve cce:/internal/code-quality/cr.mjs from file:///D:/Game-Engine%20Projects/Blazing7Test/assets/menu-bundle/GINTO_MATCH/script/CardReviewGinto.ts as cce:/internal/code-quality/cr.mjs.
16:41:10.848 debug: Resolve cc from file:///D:/Game-Engine%20Projects/Blazing7Test/assets/menu-bundle/GINTO_MATCH/script/CardReviewGinto.ts as cce:/internal/x/cc.
16:41:10.848 debug: Resolve cc from file:///D:/Game-Engine%20Projects/Blazing7Test/assets/menu-bundle/GINTO_MATCH/script/CardReviewGinto.ts as cce:/internal/x/cc.
16:41:10.848 debug: Resolve cc from file:///D:/Game-Engine%20Projects/Blazing7Test/assets/menu-bundle/GINTO_MATCH/script/CardReviewGinto.ts as cce:/internal/x/cc.
16:41:10.848 debug: Resolve ./CardReviewSystem from file:///D:/Game-Engine%20Projects/Blazing7Test/assets/menu-bundle/GINTO_MATCH/script/CardReviewGinto.ts as file:///D:/Game-Engine%20Projects/Blazing7Test/assets/menu-bundle/GINTO_MATCH/script/CardReviewSystem.ts.
16:41:10.848 debug: Resolve ./CardFragmentView from file:///D:/Game-Engine%20Projects/Blazing7Test/assets/menu-bundle/GINTO_MATCH/script/CardReviewGinto.ts as file:///D:/Game-Engine%20Projects/Blazing7Test/assets/menu-bundle/GINTO_MATCH/script/CardFragmentView.ts.
16:41:10.848 debug: Resolve ../../script/utils/BundleGameUtils from file:///D:/Game-Engine%20Projects/Blazing7Test/assets/menu-bundle/GINTO_MATCH/script/CardReviewGinto.ts as file:///D:/Game-Engine%20Projects/Blazing7Test/assets/menu-bundle/script/utils/BundleGameUtils.ts.
16:41:10.848 debug: Resolve cce:/internal/code-quality/cr.mjs from file:///D:/Game-Engine%20Projects/Blazing7Test/assets/menu-bundle/GINTO_MATCH/script/CardReviewSystem.ts as cce:/internal/code-quality/cr.mjs.
16:41:10.848 debug: Resolve cc from file:///D:/Game-Engine%20Projects/Blazing7Test/assets/menu-bundle/GINTO_MATCH/script/CardReviewSystem.ts as cce:/internal/x/cc.
16:41:10.848 debug: Resolve cc from file:///D:/Game-Engine%20Projects/Blazing7Test/assets/menu-bundle/GINTO_MATCH/script/CardReviewSystem.ts as cce:/internal/x/cc.
16:41:10.848 debug: Resolve cc from file:///D:/Game-Engine%20Projects/Blazing7Test/assets/menu-bundle/GINTO_MATCH/script/CardReviewSystem.ts as cce:/internal/x/cc.
16:41:10.848 debug: Resolve ./CardReviewMask from file:///D:/Game-Engine%20Projects/Blazing7Test/assets/menu-bundle/GINTO_MATCH/script/CardReviewSystem.ts as file:///D:/Game-Engine%20Projects/Blazing7Test/assets/menu-bundle/GINTO_MATCH/script/CardReviewMask.ts.
16:41:10.848 debug: Resolve ./CardReviewRenderer from file:///D:/Game-Engine%20Projects/Blazing7Test/assets/menu-bundle/GINTO_MATCH/script/CardReviewSystem.ts as file:///D:/Game-Engine%20Projects/Blazing7Test/assets/menu-bundle/GINTO_MATCH/script/CardReviewRenderer.ts.
16:41:10.848 debug: Resolve cce:/internal/code-quality/cr.mjs from file:///D:/Game-Engine%20Projects/Blazing7Test/assets/menu-bundle/GINTO_MATCH/script/CardReviewMask.ts as cce:/internal/code-quality/cr.mjs.
16:41:10.848 debug: Resolve cc from file:///D:/Game-Engine%20Projects/Blazing7Test/assets/menu-bundle/GINTO_MATCH/script/CardReviewMask.ts as cce:/internal/x/cc.
16:41:10.848 debug: Resolve cce:/internal/code-quality/cr.mjs from file:///D:/Game-Engine%20Projects/Blazing7Test/assets/menu-bundle/GINTO_MATCH/script/CardReviewRenderer.ts as cce:/internal/code-quality/cr.mjs.
16:41:10.848 debug: Resolve cc from file:///D:/Game-Engine%20Projects/Blazing7Test/assets/menu-bundle/GINTO_MATCH/script/CardReviewRenderer.ts as cce:/internal/x/cc.
16:41:10.848 debug: Resolve cc from file:///D:/Game-Engine%20Projects/Blazing7Test/assets/menu-bundle/GINTO_MATCH/script/CardReviewRenderer.ts as cce:/internal/x/cc.
16:41:10.848 debug: Resolve cc from file:///D:/Game-Engine%20Projects/Blazing7Test/assets/menu-bundle/GINTO_MATCH/script/CardReviewRenderer.ts as cce:/internal/x/cc.
16:41:10.848 debug: Resolve cc from file:///D:/Game-Engine%20Projects/Blazing7Test/assets/menu-bundle/GINTO_MATCH/script/CardTypes.ts as cce:/internal/x/cc.
16:41:10.848 debug: Resolve cce:/internal/code-quality/cr.mjs from file:///D:/Game-Engine%20Projects/Blazing7Test/assets/menu-bundle/GINTO_MATCH/script/ScratchAutoPlayer.ts as cce:/internal/code-quality/cr.mjs.
16:41:10.848 debug: Resolve cc from file:///D:/Game-Engine%20Projects/Blazing7Test/assets/menu-bundle/GINTO_MATCH/script/ScratchAutoPlayer.ts as cce:/internal/x/cc.
16:41:10.848 debug: Resolve cce:/internal/code-quality/cr.mjs from file:///D:/Game-Engine%20Projects/Blazing7Test/assets/menu-bundle/GINTO_MATCH/script/ScratchSound.ts as cce:/internal/code-quality/cr.mjs.
16:41:10.848 debug: Resolve cc from file:///D:/Game-Engine%20Projects/Blazing7Test/assets/menu-bundle/GINTO_MATCH/script/ScratchSound.ts as cce:/internal/x/cc.
16:41:10.848 debug: Resolve cc from file:///D:/Game-Engine%20Projects/Blazing7Test/assets/menu-bundle/GINTO_MATCH/script/ScratchSound.ts as cce:/internal/x/cc.
16:41:10.848 debug: Resolve cc from file:///D:/Game-Engine%20Projects/Blazing7Test/assets/menu-bundle/GINTO_MATCH/script/ScratchSound.ts as cce:/internal/x/cc.
16:41:10.848 debug: Resolve ../../script/interfaces/IMenuDependencies from file:///D:/Game-Engine%20Projects/Blazing7Test/assets/menu-bundle/GINTO_MATCH/script/ScratchSound.ts as file:///D:/Game-Engine%20Projects/Blazing7Test/assets/menu-bundle/script/interfaces/IMenuDependencies.ts.
16:41:10.848 debug: Resolve cc from file:///D:/Game-Engine%20Projects/Blazing7Test/assets/menu-bundle/GINTO_MATCH/script/ScratchTypes.ts as cce:/internal/x/cc.
16:41:10.848 debug: Resolve cc from file:///D:/Game-Engine%20Projects/Blazing7Test/assets/menu-bundle/LUCKY_COLORS2/script/LuckyColor_CCFlopCard.ts as cce:/internal/x/cc.
16:41:10.848 debug: Resolve cc from file:///D:/Game-Engine%20Projects/Blazing7Test/assets/menu-bundle/LUCKY_COLORS2/script/LuckyColor_CCFlopCard.ts as cce:/internal/x/cc.
16:41:10.848 debug: Resolve cc from file:///D:/Game-Engine%20Projects/Blazing7Test/assets/menu-bundle/LUCKY_COLORS2/script/LuckyColor_CCFlopCard.ts as cce:/internal/x/cc.
16:41:10.848 debug: Resolve cc from file:///D:/Game-Engine%20Projects/Blazing7Test/assets/menu-bundle/LUCKY_COLORS2/script/LuckyColor_CCFlopCard.ts as cce:/internal/x/cc.
16:41:10.848 debug: Resolve cce:/internal/code-quality/cr.mjs from file:///D:/Game-Engine%20Projects/Blazing7Test/assets/menu-bundle/LUCKY_COLORS2/script/LuckyColor_Card.ts as cce:/internal/code-quality/cr.mjs.
16:41:10.848 debug: Resolve cc from file:///D:/Game-Engine%20Projects/Blazing7Test/assets/menu-bundle/LUCKY_COLORS2/script/LuckyColor_Card.ts as cce:/internal/x/cc.
16:41:10.848 debug: Resolve cc from file:///D:/Game-Engine%20Projects/Blazing7Test/assets/menu-bundle/LUCKY_COLORS2/script/LuckyColor_Card.ts as cce:/internal/x/cc.
16:41:10.848 debug: Resolve cc from file:///D:/Game-Engine%20Projects/Blazing7Test/assets/menu-bundle/LUCKY_COLORS2/script/LuckyColor_Card.ts as cce:/internal/x/cc.
16:41:10.848 debug: Resolve ./LuckyColor_HelpView from file:///D:/Game-Engine%20Projects/Blazing7Test/assets/menu-bundle/LUCKY_COLORS2/script/LuckyColor_Card.ts as file:///D:/Game-Engine%20Projects/Blazing7Test/assets/menu-bundle/LUCKY_COLORS2/script/LuckyColor_HelpView.ts.
16:41:10.848 debug: Resolve ./LuckyColor_ScratchBonus from file:///D:/Game-Engine%20Projects/Blazing7Test/assets/menu-bundle/LUCKY_COLORS2/script/LuckyColor_Card.ts as file:///D:/Game-Engine%20Projects/Blazing7Test/assets/menu-bundle/LUCKY_COLORS2/script/LuckyColor_ScratchBonus.ts.
16:41:10.848 debug: Resolve ./LuckyColor_CCFlopCard from file:///D:/Game-Engine%20Projects/Blazing7Test/assets/menu-bundle/LUCKY_COLORS2/script/LuckyColor_Card.ts as file:///D:/Game-Engine%20Projects/Blazing7Test/assets/menu-bundle/LUCKY_COLORS2/script/LuckyColor_CCFlopCard.ts.
16:41:10.848 debug: Resolve ./LuckyColor_CardItemColor from file:///D:/Game-Engine%20Projects/Blazing7Test/assets/menu-bundle/LUCKY_COLORS2/script/LuckyColor_Card.ts as file:///D:/Game-Engine%20Projects/Blazing7Test/assets/menu-bundle/LUCKY_COLORS2/script/LuckyColor_CardItemColor.ts.
16:41:10.848 debug: Resolve ./LuckyColor_Color_Win from file:///D:/Game-Engine%20Projects/Blazing7Test/assets/menu-bundle/LUCKY_COLORS2/script/LuckyColor_Card.ts as file:///D:/Game-Engine%20Projects/Blazing7Test/assets/menu-bundle/LUCKY_COLORS2/script/LuckyColor_Color_Win.ts.
16:41:10.848 debug: Resolve ../../script/utils/BundleGameUtils from file:///D:/Game-Engine%20Projects/Blazing7Test/assets/menu-bundle/LUCKY_COLORS2/script/LuckyColor_Card.ts as file:///D:/Game-Engine%20Projects/Blazing7Test/assets/menu-bundle/script/utils/BundleGameUtils.ts.
16:41:10.848 debug: Resolve cc from file:///D:/Game-Engine%20Projects/Blazing7Test/assets/menu-bundle/LUCKY_COLORS2/script/LuckyColor_HelpView.ts as cce:/internal/x/cc.
16:41:10.848 debug: Resolve cc from file:///D:/Game-Engine%20Projects/Blazing7Test/assets/menu-bundle/LUCKY_COLORS2/script/LuckyColor_HelpView.ts as cce:/internal/x/cc.
16:41:10.848 debug: Resolve cc from file:///D:/Game-Engine%20Projects/Blazing7Test/assets/menu-bundle/LUCKY_COLORS2/script/LuckyColor_HelpView.ts as cce:/internal/x/cc.
16:41:10.848 debug: Resolve cc from file:///D:/Game-Engine%20Projects/Blazing7Test/assets/menu-bundle/LUCKY_COLORS2/script/LuckyColor_ScratchBonus.ts as cce:/internal/x/cc.
16:41:10.848 debug: Resolve cc from file:///D:/Game-Engine%20Projects/Blazing7Test/assets/menu-bundle/LUCKY_COLORS2/script/LuckyColor_ScratchBonus.ts as cce:/internal/x/cc.
16:41:10.848 debug: Resolve cc from file:///D:/Game-Engine%20Projects/Blazing7Test/assets/menu-bundle/LUCKY_COLORS2/script/LuckyColor_ScratchBonus.ts as cce:/internal/x/cc.
16:41:10.848 debug: Resolve cce:/internal/code-quality/cr.mjs from file:///D:/Game-Engine%20Projects/Blazing7Test/assets/menu-bundle/LUCKY_COLORS2/script/LuckyColor_CardItemColor.ts as cce:/internal/code-quality/cr.mjs.
16:41:10.848 debug: Resolve cc from file:///D:/Game-Engine%20Projects/Blazing7Test/assets/menu-bundle/LUCKY_COLORS2/script/LuckyColor_CardItemColor.ts as cce:/internal/x/cc.
16:41:10.848 debug: Resolve cc from file:///D:/Game-Engine%20Projects/Blazing7Test/assets/menu-bundle/LUCKY_COLORS2/script/LuckyColor_CardItemColor.ts as cce:/internal/x/cc.
16:41:10.848 debug: Resolve cc from file:///D:/Game-Engine%20Projects/Blazing7Test/assets/menu-bundle/LUCKY_COLORS2/script/LuckyColor_CardItemColor.ts as cce:/internal/x/cc.
16:41:10.848 debug: Resolve ../../script/utils/BundleGameUtils from file:///D:/Game-Engine%20Projects/Blazing7Test/assets/menu-bundle/LUCKY_COLORS2/script/LuckyColor_CardItemColor.ts as file:///D:/Game-Engine%20Projects/Blazing7Test/assets/menu-bundle/script/utils/BundleGameUtils.ts.
16:41:10.848 debug: Resolve cc from file:///D:/Game-Engine%20Projects/Blazing7Test/assets/menu-bundle/LUCKY_COLORS2/script/LuckyColor_Color_Win.ts as cce:/internal/x/cc.
16:41:10.848 debug: Resolve cc from file:///D:/Game-Engine%20Projects/Blazing7Test/assets/menu-bundle/LUCKY_COLORS2/script/LuckyColor_Color_Win.ts as cce:/internal/x/cc.
16:41:10.848 debug: Resolve cc from file:///D:/Game-Engine%20Projects/Blazing7Test/assets/menu-bundle/LUCKY_COLORS2/script/LuckyColor_Color_Win.ts as cce:/internal/x/cc.
16:41:10.848 debug: Resolve cce:/internal/code-quality/cr.mjs from file:///D:/Game-Engine%20Projects/Blazing7Test/assets/menu-bundle/LUCKY_COLORS2/script/LuckyColor_CardReview.ts as cce:/internal/code-quality/cr.mjs.
16:41:10.848 debug: Resolve cc from file:///D:/Game-Engine%20Projects/Blazing7Test/assets/menu-bundle/LUCKY_COLORS2/script/LuckyColor_CardReview.ts as cce:/internal/x/cc.
16:41:10.848 debug: Resolve cc from file:///D:/Game-Engine%20Projects/Blazing7Test/assets/menu-bundle/LUCKY_COLORS2/script/LuckyColor_CardReview.ts as cce:/internal/x/cc.
16:41:10.851 debug: Resolve cc from file:///D:/Game-Engine%20Projects/Blazing7Test/assets/menu-bundle/LUCKY_COLORS2/script/LuckyColor_CardReview.ts as cce:/internal/x/cc.
16:41:10.851 debug: Resolve ../../script/utils/BundleGameUtils from file:///D:/Game-Engine%20Projects/Blazing7Test/assets/menu-bundle/LUCKY_COLORS2/script/LuckyColor_CardReview.ts as file:///D:/Game-Engine%20Projects/Blazing7Test/assets/menu-bundle/script/utils/BundleGameUtils.ts.
16:41:10.851 debug: Resolve ./LuckyColor_Card from file:///D:/Game-Engine%20Projects/Blazing7Test/assets/menu-bundle/LUCKY_COLORS2/script/LuckyColor_CardReview.ts as file:///D:/Game-Engine%20Projects/Blazing7Test/assets/menu-bundle/LUCKY_COLORS2/script/LuckyColor_Card.ts.
16:41:10.851 debug: Resolve cce:/internal/code-quality/cr.mjs from file:///D:/Game-Engine%20Projects/Blazing7Test/assets/menu-bundle/LUCKY_COLORS2/script/LuckyColor_Default_Card.ts as cce:/internal/code-quality/cr.mjs.
16:41:10.851 debug: Resolve cc from file:///D:/Game-Engine%20Projects/Blazing7Test/assets/menu-bundle/LUCKY_COLORS2/script/LuckyColor_Default_Card.ts as cce:/internal/x/cc.
16:41:10.851 debug: Resolve cc from file:///D:/Game-Engine%20Projects/Blazing7Test/assets/menu-bundle/LUCKY_COLORS2/script/LuckyColor_Default_Card.ts as cce:/internal/x/cc.
16:41:10.851 debug: Resolve cc from file:///D:/Game-Engine%20Projects/Blazing7Test/assets/menu-bundle/LUCKY_COLORS2/script/LuckyColor_Default_Card.ts as cce:/internal/x/cc.
16:41:10.851 debug: Resolve ./LuckyColor_CCFlopCard from file:///D:/Game-Engine%20Projects/Blazing7Test/assets/menu-bundle/LUCKY_COLORS2/script/LuckyColor_Default_Card.ts as file:///D:/Game-Engine%20Projects/Blazing7Test/assets/menu-bundle/LUCKY_COLORS2/script/LuckyColor_CCFlopCard.ts.
16:41:10.851 debug: Resolve cce:/internal/code-quality/cr.mjs from file:///D:/Game-Engine%20Projects/Blazing7Test/assets/menu-bundle/PIKA2/script/BundleCardDetailFoodItem.ts as cce:/internal/code-quality/cr.mjs.
16:41:10.851 debug: Resolve cc from file:///D:/Game-Engine%20Projects/Blazing7Test/assets/menu-bundle/PIKA2/script/BundleCardDetailFoodItem.ts as cce:/internal/x/cc.
16:41:10.852 debug: Resolve cc from file:///D:/Game-Engine%20Projects/Blazing7Test/assets/menu-bundle/PIKA2/script/BundleCardDetailFoodItem.ts as cce:/internal/x/cc.
16:41:10.852 debug: Resolve cc from file:///D:/Game-Engine%20Projects/Blazing7Test/assets/menu-bundle/PIKA2/script/BundleCardDetailFoodItem.ts as cce:/internal/x/cc.
16:41:10.852 debug: Resolve ../../script/manager/MessageFlag from file:///D:/Game-Engine%20Projects/Blazing7Test/assets/menu-bundle/PIKA2/script/BundleCardDetailFoodItem.ts as file:///D:/Game-Engine%20Projects/Blazing7Test/assets/menu-bundle/script/manager/MessageFlag.ts.
16:41:10.852 debug: Resolve ../../script/interfaces/IMenuDependencies from file:///D:/Game-Engine%20Projects/Blazing7Test/assets/menu-bundle/PIKA2/script/BundleCardDetailFoodItem.ts as file:///D:/Game-Engine%20Projects/Blazing7Test/assets/menu-bundle/script/interfaces/IMenuDependencies.ts.
16:41:10.852 debug: Resolve ../../script/utils/BundleGameUtils from file:///D:/Game-Engine%20Projects/Blazing7Test/assets/menu-bundle/PIKA2/script/BundleCardDetailFoodItem.ts as file:///D:/Game-Engine%20Projects/Blazing7Test/assets/menu-bundle/script/utils/BundleGameUtils.ts.
16:41:10.852 debug: Resolve cc from file:///D:/Game-Engine%20Projects/Blazing7Test/assets/menu-bundle/PIKA2/script/BundleLeafItem.ts as cce:/internal/x/cc.
16:41:10.852 debug: Resolve cc from file:///D:/Game-Engine%20Projects/Blazing7Test/assets/menu-bundle/PIKA2/script/BundleLeafItem.ts as cce:/internal/x/cc.
16:41:10.852 debug: Resolve cc from file:///D:/Game-Engine%20Projects/Blazing7Test/assets/menu-bundle/PIKA2/script/BundleLeafItem.ts as cce:/internal/x/cc.
16:41:10.852 debug: Resolve cce:/internal/code-quality/cr.mjs from file:///D:/Game-Engine%20Projects/Blazing7Test/assets/menu-bundle/PIKA2/script/BundleLeafManager.ts as cce:/internal/code-quality/cr.mjs.
16:41:10.852 debug: Resolve cc from file:///D:/Game-Engine%20Projects/Blazing7Test/assets/menu-bundle/PIKA2/script/BundleLeafManager.ts as cce:/internal/x/cc.
16:41:10.852 debug: Resolve cc from file:///D:/Game-Engine%20Projects/Blazing7Test/assets/menu-bundle/PIKA2/script/BundleLeafManager.ts as cce:/internal/x/cc.
16:41:10.852 debug: Resolve cc from file:///D:/Game-Engine%20Projects/Blazing7Test/assets/menu-bundle/PIKA2/script/BundleLeafManager.ts as cce:/internal/x/cc.
16:41:10.852 debug: Resolve ../../script/manager/MessageFlag from file:///D:/Game-Engine%20Projects/Blazing7Test/assets/menu-bundle/PIKA2/script/BundleLeafManager.ts as file:///D:/Game-Engine%20Projects/Blazing7Test/assets/menu-bundle/script/manager/MessageFlag.ts.
16:41:10.852 debug: Resolve ../../script/interfaces/IMenuDependencies from file:///D:/Game-Engine%20Projects/Blazing7Test/assets/menu-bundle/PIKA2/script/BundleLeafManager.ts as file:///D:/Game-Engine%20Projects/Blazing7Test/assets/menu-bundle/script/interfaces/IMenuDependencies.ts.
16:41:10.852 debug: Resolve ./BundleLeafItem from file:///D:/Game-Engine%20Projects/Blazing7Test/assets/menu-bundle/PIKA2/script/BundleLeafManager.ts as file:///D:/Game-Engine%20Projects/Blazing7Test/assets/menu-bundle/PIKA2/script/BundleLeafItem.ts.
16:41:10.852 debug: Resolve cce:/internal/code-quality/cr.mjs from file:///D:/Game-Engine%20Projects/Blazing7Test/assets/menu-bundle/PIKA2/script/BundlePikaCardTrajectoryComponent.ts as cce:/internal/code-quality/cr.mjs.
16:41:10.852 debug: Resolve cc from file:///D:/Game-Engine%20Projects/Blazing7Test/assets/menu-bundle/PIKA2/script/BundlePikaCardTrajectoryComponent.ts as cce:/internal/x/cc.
16:41:10.852 debug: Resolve cc from file:///D:/Game-Engine%20Projects/Blazing7Test/assets/menu-bundle/PIKA2/script/BundlePikaCardTrajectoryComponent.ts as cce:/internal/x/cc.
16:41:10.852 debug: Resolve cc from file:///D:/Game-Engine%20Projects/Blazing7Test/assets/menu-bundle/PIKA2/script/BundlePikaCardTrajectoryComponent.ts as cce:/internal/x/cc.
16:41:10.852 debug: Resolve ../../script/interfaces/IMenuDependencies from file:///D:/Game-Engine%20Projects/Blazing7Test/assets/menu-bundle/PIKA2/script/BundlePikaCardTrajectoryComponent.ts as file:///D:/Game-Engine%20Projects/Blazing7Test/assets/menu-bundle/script/interfaces/IMenuDependencies.ts.
16:41:10.852 debug: Resolve ../../script/manager/MessageFlag from file:///D:/Game-Engine%20Projects/Blazing7Test/assets/menu-bundle/PIKA2/script/BundlePikaCardTrajectoryComponent.ts as file:///D:/Game-Engine%20Projects/Blazing7Test/assets/menu-bundle/script/manager/MessageFlag.ts.
16:41:10.852 debug: Resolve ./BundleCardDetailFoodItem from file:///D:/Game-Engine%20Projects/Blazing7Test/assets/menu-bundle/PIKA2/script/BundlePikaCardTrajectoryComponent.ts as file:///D:/Game-Engine%20Projects/Blazing7Test/assets/menu-bundle/PIKA2/script/BundleCardDetailFoodItem.ts.
16:41:10.852 debug: Resolve cce:/internal/code-quality/cr.mjs from file:///D:/Game-Engine%20Projects/Blazing7Test/assets/menu-bundle/PIKA2/script/BundleTrajectory.ts as cce:/internal/code-quality/cr.mjs.
16:41:10.852 debug: Resolve cc from file:///D:/Game-Engine%20Projects/Blazing7Test/assets/menu-bundle/PIKA2/script/BundleTrajectory.ts as cce:/internal/x/cc.
16:41:10.852 debug: Resolve cc from file:///D:/Game-Engine%20Projects/Blazing7Test/assets/menu-bundle/PIKA2/script/BundleTrajectory.ts as cce:/internal/x/cc.
16:41:10.852 debug: Resolve cc from file:///D:/Game-Engine%20Projects/Blazing7Test/assets/menu-bundle/PIKA2/script/BundleTrajectory.ts as cce:/internal/x/cc.
16:41:10.852 debug: Resolve ../../script/base/BundleBasePanel from file:///D:/Game-Engine%20Projects/Blazing7Test/assets/menu-bundle/PIKA2/script/BundleTrajectory.ts as file:///D:/Game-Engine%20Projects/Blazing7Test/assets/menu-bundle/script/base/BundleBasePanel.ts.
16:41:10.852 debug: Resolve ../../script/types/AniType from file:///D:/Game-Engine%20Projects/Blazing7Test/assets/menu-bundle/PIKA2/script/BundleTrajectory.ts as file:///D:/Game-Engine%20Projects/Blazing7Test/assets/menu-bundle/script/types/AniType.ts.
16:41:10.852 debug: Resolve ../../script/api/GameApi from file:///D:/Game-Engine%20Projects/Blazing7Test/assets/menu-bundle/PIKA2/script/BundleTrajectory.ts as file:///D:/Game-Engine%20Projects/Blazing7Test/assets/menu-bundle/script/api/GameApi.ts.
16:41:10.852 debug: Resolve ../../script/utils/BundleGameUtils from file:///D:/Game-Engine%20Projects/Blazing7Test/assets/menu-bundle/PIKA2/script/BundleTrajectory.ts as file:///D:/Game-Engine%20Projects/Blazing7Test/assets/menu-bundle/script/utils/BundleGameUtils.ts.
16:41:10.852 debug: Resolve ../../script/manager/MessageFlag from file:///D:/Game-Engine%20Projects/Blazing7Test/assets/menu-bundle/PIKA2/script/BundleTrajectory.ts as file:///D:/Game-Engine%20Projects/Blazing7Test/assets/menu-bundle/script/manager/MessageFlag.ts.
16:41:10.852 debug: Resolve ./BundlePikaCardTrajectoryComponent from file:///D:/Game-Engine%20Projects/Blazing7Test/assets/menu-bundle/PIKA2/script/BundleTrajectory.ts as file:///D:/Game-Engine%20Projects/Blazing7Test/assets/menu-bundle/PIKA2/script/BundlePikaCardTrajectoryComponent.ts.
16:41:10.852 debug: Resolve ../../script/interfaces/IMenuDependencies from file:///D:/Game-Engine%20Projects/Blazing7Test/assets/menu-bundle/PIKA2/script/BundleTrajectory.ts as file:///D:/Game-Engine%20Projects/Blazing7Test/assets/menu-bundle/script/interfaces/IMenuDependencies.ts.
16:41:10.852 debug: Resolve cc from file:///D:/Game-Engine%20Projects/Blazing7Test/assets/menu-bundle/script/base/BundleSingleButton.ts as cce:/internal/x/cc.
16:41:10.852 debug: Resolve cc from file:///D:/Game-Engine%20Projects/Blazing7Test/assets/menu-bundle/script/base/BundleSingleButton.ts as cce:/internal/x/cc.
16:41:10.852 debug: Resolve cc from file:///D:/Game-Engine%20Projects/Blazing7Test/assets/menu-bundle/script/base/BundleSingleButton.ts as cce:/internal/x/cc.
16:41:10.852 debug: Resolve cc from file:///D:/Game-Engine%20Projects/Blazing7Test/assets/menu-bundle/script/eui/BundleUIKeys.ts as cce:/internal/x/cc.
16:41:10.852 debug: Resolve cc from file:///D:/Game-Engine%20Projects/Blazing7Test/assets/menu-bundle/script/utils/analytics_bridge.ts as cce:/internal/x/cc.
16:41:10.852 debug: Resolve cc from file:///D:/Game-Engine%20Projects/Blazing7Test/assets/menu-bundle/script/utils/logger.ts as cce:/internal/x/cc.
16:41:10.852 debug: Resolve cce:/internal/code-quality/cr.mjs from file:///D:/Game-Engine%20Projects/Blazing7Test/assets/menu-bundle/script/view/BundleBigWin.ts as cce:/internal/code-quality/cr.mjs.
16:41:10.852 debug: Resolve cc from file:///D:/Game-Engine%20Projects/Blazing7Test/assets/menu-bundle/script/view/BundleBigWin.ts as cce:/internal/x/cc.
16:41:10.852 debug: Resolve cc from file:///D:/Game-Engine%20Projects/Blazing7Test/assets/menu-bundle/script/view/BundleBigWin.ts as cce:/internal/x/cc.
16:41:10.852 debug: Resolve cc from file:///D:/Game-Engine%20Projects/Blazing7Test/assets/menu-bundle/script/view/BundleBigWin.ts as cce:/internal/x/cc.
16:41:10.852 debug: Resolve ../base/BundleBasePanel from file:///D:/Game-Engine%20Projects/Blazing7Test/assets/menu-bundle/script/view/BundleBigWin.ts as file:///D:/Game-Engine%20Projects/Blazing7Test/assets/menu-bundle/script/base/BundleBasePanel.ts.
16:41:10.852 debug: Resolve ../types/AniType from file:///D:/Game-Engine%20Projects/Blazing7Test/assets/menu-bundle/script/view/BundleBigWin.ts as file:///D:/Game-Engine%20Projects/Blazing7Test/assets/menu-bundle/script/types/AniType.ts.
16:41:10.852 debug: Resolve ../interfaces/IMenuDependencies from file:///D:/Game-Engine%20Projects/Blazing7Test/assets/menu-bundle/script/view/BundleBigWin.ts as file:///D:/Game-Engine%20Projects/Blazing7Test/assets/menu-bundle/script/interfaces/IMenuDependencies.ts.
16:41:10.852 debug: Resolve ../api/GameApi from file:///D:/Game-Engine%20Projects/Blazing7Test/assets/menu-bundle/script/view/BundleBigWin.ts as file:///D:/Game-Engine%20Projects/Blazing7Test/assets/menu-bundle/script/api/GameApi.ts.
16:41:10.852 debug: Resolve cce:/internal/code-quality/cr.mjs from file:///D:/Game-Engine%20Projects/Blazing7Test/assets/menu-bundle/script/view/BundleBigWinItem.ts as cce:/internal/code-quality/cr.mjs.
16:41:10.852 debug: Resolve cc from file:///D:/Game-Engine%20Projects/Blazing7Test/assets/menu-bundle/script/view/BundleBigWinItem.ts as cce:/internal/x/cc.
16:41:10.852 debug: Resolve cc from file:///D:/Game-Engine%20Projects/Blazing7Test/assets/menu-bundle/script/view/BundleBigWinItem.ts as cce:/internal/x/cc.
16:41:10.852 debug: Resolve cc from file:///D:/Game-Engine%20Projects/Blazing7Test/assets/menu-bundle/script/view/BundleBigWinItem.ts as cce:/internal/x/cc.
16:41:10.852 debug: Resolve ../interfaces/IMenuDependencies from file:///D:/Game-Engine%20Projects/Blazing7Test/assets/menu-bundle/script/view/BundleBigWinItem.ts as file:///D:/Game-Engine%20Projects/Blazing7Test/assets/menu-bundle/script/interfaces/IMenuDependencies.ts.
16:41:10.852 debug: Resolve ../manager/MessageFlag from file:///D:/Game-Engine%20Projects/Blazing7Test/assets/menu-bundle/script/view/BundleBigWinItem.ts as file:///D:/Game-Engine%20Projects/Blazing7Test/assets/menu-bundle/script/manager/MessageFlag.ts.
16:41:10.852 debug: Resolve ../utils/BundleGameUtils from file:///D:/Game-Engine%20Projects/Blazing7Test/assets/menu-bundle/script/view/BundleBigWinItem.ts as file:///D:/Game-Engine%20Projects/Blazing7Test/assets/menu-bundle/script/utils/BundleGameUtils.ts.
16:41:10.852 debug: Resolve cce:/internal/code-quality/cr.mjs from file:///D:/Game-Engine%20Projects/Blazing7Test/assets/menu-bundle/script/view/BundleCardDetail.ts as cce:/internal/code-quality/cr.mjs.
16:41:10.852 debug: Resolve cc from file:///D:/Game-Engine%20Projects/Blazing7Test/assets/menu-bundle/script/view/BundleCardDetail.ts as cce:/internal/x/cc.
16:41:10.852 debug: Resolve cc from file:///D:/Game-Engine%20Projects/Blazing7Test/assets/menu-bundle/script/view/BundleCardDetail.ts as cce:/internal/x/cc.
16:41:10.852 debug: Resolve cc from file:///D:/Game-Engine%20Projects/Blazing7Test/assets/menu-bundle/script/view/BundleCardDetail.ts as cce:/internal/x/cc.
16:41:10.852 debug: Resolve ../base/BundleBasePanel from file:///D:/Game-Engine%20Projects/Blazing7Test/assets/menu-bundle/script/view/BundleCardDetail.ts as file:///D:/Game-Engine%20Projects/Blazing7Test/assets/menu-bundle/script/base/BundleBasePanel.ts.
16:41:10.852 debug: Resolve ../types/AniType from file:///D:/Game-Engine%20Projects/Blazing7Test/assets/menu-bundle/script/view/BundleCardDetail.ts as file:///D:/Game-Engine%20Projects/Blazing7Test/assets/menu-bundle/script/types/AniType.ts.
16:41:10.852 debug: Resolve ../api/GameApi from file:///D:/Game-Engine%20Projects/Blazing7Test/assets/menu-bundle/script/view/BundleCardDetail.ts as file:///D:/Game-Engine%20Projects/Blazing7Test/assets/menu-bundle/script/api/GameApi.ts.
16:41:10.852 debug: Resolve ../interfaces/IMenuDependencies from file:///D:/Game-Engine%20Projects/Blazing7Test/assets/menu-bundle/script/view/BundleCardDetail.ts as file:///D:/Game-Engine%20Projects/Blazing7Test/assets/menu-bundle/script/interfaces/IMenuDependencies.ts.
16:41:10.852 debug: Resolve ../utils/BundleGameUtils from file:///D:/Game-Engine%20Projects/Blazing7Test/assets/menu-bundle/script/view/BundleCardDetail.ts as file:///D:/Game-Engine%20Projects/Blazing7Test/assets/menu-bundle/script/utils/BundleGameUtils.ts.
16:41:10.852 debug: Resolve ../manager/MessageFlag from file:///D:/Game-Engine%20Projects/Blazing7Test/assets/menu-bundle/script/view/BundleCardDetail.ts as file:///D:/Game-Engine%20Projects/Blazing7Test/assets/menu-bundle/script/manager/MessageFlag.ts.
16:41:10.852 debug: Resolve ../../BANANACRAZE/script/BundleCardTrajectory from file:///D:/Game-Engine%20Projects/Blazing7Test/assets/menu-bundle/script/view/BundleCardDetail.ts as file:///D:/Game-Engine%20Projects/Blazing7Test/assets/menu-bundle/BANANACRAZE/script/BundleCardTrajectory.ts.
16:41:10.852 debug: Resolve ../../BLAZING_7S_SCRATCH/script/CardReview7s from file:///D:/Game-Engine%20Projects/Blazing7Test/assets/menu-bundle/script/view/BundleCardDetail.ts as file:///D:/Game-Engine%20Projects/Blazing7Test/assets/menu-bundle/BLAZING_7S_SCRATCH/script/CardReview7s.ts.
16:41:10.852 debug: Resolve ../../GINTO_MATCH/script/CardReviewGinto from file:///D:/Game-Engine%20Projects/Blazing7Test/assets/menu-bundle/script/view/BundleCardDetail.ts as file:///D:/Game-Engine%20Projects/Blazing7Test/assets/menu-bundle/GINTO_MATCH/script/CardReviewGinto.ts.
16:41:10.854 debug: Resolve ../../PIKA2/script/BundlePikaCardTrajectoryComponent from file:///D:/Game-Engine%20Projects/Blazing7Test/assets/menu-bundle/script/view/BundleCardDetail.ts as file:///D:/Game-Engine%20Projects/Blazing7Test/assets/menu-bundle/PIKA2/script/BundlePikaCardTrajectoryComponent.ts.
16:41:10.854 debug: Resolve ../../LUCKY_COLORS2/script/LuckyColor_CardReview from file:///D:/Game-Engine%20Projects/Blazing7Test/assets/menu-bundle/script/view/BundleCardDetail.ts as file:///D:/Game-Engine%20Projects/Blazing7Test/assets/menu-bundle/LUCKY_COLORS2/script/LuckyColor_CardReview.ts.
16:41:10.854 debug: Resolve ../../DEEP_SEA/script/DeepSeaCardDetails from file:///D:/Game-Engine%20Projects/Blazing7Test/assets/menu-bundle/script/view/BundleCardDetail.ts as file:///D:/Game-Engine%20Projects/Blazing7Test/assets/menu-bundle/DEEP_SEA/script/DeepSeaCardDetails.ts.
16:41:10.854 debug: Resolve ../utils/logger from file:///D:/Game-Engine%20Projects/Blazing7Test/assets/menu-bundle/script/view/BundleCardDetail.ts as file:///D:/Game-Engine%20Projects/Blazing7Test/assets/menu-bundle/script/utils/logger.ts.
16:41:10.854 debug: Resolve cce:/internal/code-quality/cr.mjs from file:///D:/Game-Engine%20Projects/Blazing7Test/assets/menu-bundle/script/view/BundleCardInfoItem.ts as cce:/internal/code-quality/cr.mjs.
16:41:10.854 debug: Resolve cc from file:///D:/Game-Engine%20Projects/Blazing7Test/assets/menu-bundle/script/view/BundleCardInfoItem.ts as cce:/internal/x/cc.
16:41:10.854 debug: Resolve cc from file:///D:/Game-Engine%20Projects/Blazing7Test/assets/menu-bundle/script/view/BundleCardInfoItem.ts as cce:/internal/x/cc.
16:41:10.854 debug: Resolve cc from file:///D:/Game-Engine%20Projects/Blazing7Test/assets/menu-bundle/script/view/BundleCardInfoItem.ts as cce:/internal/x/cc.
16:41:10.854 debug: Resolve ../utils/BundleGameUtils from file:///D:/Game-Engine%20Projects/Blazing7Test/assets/menu-bundle/script/view/BundleCardInfoItem.ts as file:///D:/Game-Engine%20Projects/Blazing7Test/assets/menu-bundle/script/utils/BundleGameUtils.ts.
16:41:10.854 debug: Resolve cce:/internal/code-quality/cr.mjs from file:///D:/Game-Engine%20Projects/Blazing7Test/assets/menu-bundle/script/view/BundleCardSale.ts as cce:/internal/code-quality/cr.mjs.
16:41:10.854 debug: Resolve cc from file:///D:/Game-Engine%20Projects/Blazing7Test/assets/menu-bundle/script/view/BundleCardSale.ts as cce:/internal/x/cc.
16:41:10.854 debug: Resolve cc from file:///D:/Game-Engine%20Projects/Blazing7Test/assets/menu-bundle/script/view/BundleCardSale.ts as cce:/internal/x/cc.
16:41:10.854 debug: Resolve cc from file:///D:/Game-Engine%20Projects/Blazing7Test/assets/menu-bundle/script/view/BundleCardSale.ts as cce:/internal/x/cc.
16:41:10.854 debug: Resolve ../base/BundleBasePanel from file:///D:/Game-Engine%20Projects/Blazing7Test/assets/menu-bundle/script/view/BundleCardSale.ts as file:///D:/Game-Engine%20Projects/Blazing7Test/assets/menu-bundle/script/base/BundleBasePanel.ts.
16:41:10.854 debug: Resolve ../types/AniType from file:///D:/Game-Engine%20Projects/Blazing7Test/assets/menu-bundle/script/view/BundleCardSale.ts as file:///D:/Game-Engine%20Projects/Blazing7Test/assets/menu-bundle/script/types/AniType.ts.
16:41:10.854 debug: Resolve ../interfaces/IMenuDependencies from file:///D:/Game-Engine%20Projects/Blazing7Test/assets/menu-bundle/script/view/BundleCardSale.ts as file:///D:/Game-Engine%20Projects/Blazing7Test/assets/menu-bundle/script/interfaces/IMenuDependencies.ts.
16:41:10.854 debug: Resolve ../api/GameApi from file:///D:/Game-Engine%20Projects/Blazing7Test/assets/menu-bundle/script/view/BundleCardSale.ts as file:///D:/Game-Engine%20Projects/Blazing7Test/assets/menu-bundle/script/api/GameApi.ts.
16:41:10.854 debug: Resolve cce:/internal/code-quality/cr.mjs from file:///D:/Game-Engine%20Projects/Blazing7Test/assets/menu-bundle/script/view/BundleCardSaleItem.ts as cce:/internal/code-quality/cr.mjs.
16:41:10.854 debug: Resolve cc from file:///D:/Game-Engine%20Projects/Blazing7Test/assets/menu-bundle/script/view/BundleCardSaleItem.ts as cce:/internal/x/cc.
16:41:10.854 debug: Resolve cc from file:///D:/Game-Engine%20Projects/Blazing7Test/assets/menu-bundle/script/view/BundleCardSaleItem.ts as cce:/internal/x/cc.
16:41:10.854 debug: Resolve cc from file:///D:/Game-Engine%20Projects/Blazing7Test/assets/menu-bundle/script/view/BundleCardSaleItem.ts as cce:/internal/x/cc.
16:41:10.854 debug: Resolve ../manager/MessageFlag from file:///D:/Game-Engine%20Projects/Blazing7Test/assets/menu-bundle/script/view/BundleCardSaleItem.ts as file:///D:/Game-Engine%20Projects/Blazing7Test/assets/menu-bundle/script/manager/MessageFlag.ts.
16:41:10.854 debug: Resolve ../utils/BundleGameUtils from file:///D:/Game-Engine%20Projects/Blazing7Test/assets/menu-bundle/script/view/BundleCardSaleItem.ts as file:///D:/Game-Engine%20Projects/Blazing7Test/assets/menu-bundle/script/utils/BundleGameUtils.ts.
16:41:10.854 debug: Resolve ../interfaces/IMenuDependencies from file:///D:/Game-Engine%20Projects/Blazing7Test/assets/menu-bundle/script/view/BundleCardSaleItem.ts as file:///D:/Game-Engine%20Projects/Blazing7Test/assets/menu-bundle/script/interfaces/IMenuDependencies.ts.
16:41:10.854 debug: Resolve ../utils/logger from file:///D:/Game-Engine%20Projects/Blazing7Test/assets/menu-bundle/script/view/BundleCardSaleItem.ts as file:///D:/Game-Engine%20Projects/Blazing7Test/assets/menu-bundle/script/utils/logger.ts.
16:41:10.854 debug: Resolve cce:/internal/code-quality/cr.mjs from file:///D:/Game-Engine%20Projects/Blazing7Test/assets/menu-bundle/script/view/BundleFiltter.ts as cce:/internal/code-quality/cr.mjs.
16:41:10.854 debug: Resolve cc from file:///D:/Game-Engine%20Projects/Blazing7Test/assets/menu-bundle/script/view/BundleFiltter.ts as cce:/internal/x/cc.
16:41:10.854 debug: Resolve cc from file:///D:/Game-Engine%20Projects/Blazing7Test/assets/menu-bundle/script/view/BundleFiltter.ts as cce:/internal/x/cc.
16:41:10.854 debug: Resolve cc from file:///D:/Game-Engine%20Projects/Blazing7Test/assets/menu-bundle/script/view/BundleFiltter.ts as cce:/internal/x/cc.
16:41:10.854 debug: Resolve ../manager/MessageFlag from file:///D:/Game-Engine%20Projects/Blazing7Test/assets/menu-bundle/script/view/BundleFiltter.ts as file:///D:/Game-Engine%20Projects/Blazing7Test/assets/menu-bundle/script/manager/MessageFlag.ts.
16:41:10.854 debug: Resolve ../interfaces/IMenuDependencies from file:///D:/Game-Engine%20Projects/Blazing7Test/assets/menu-bundle/script/view/BundleFiltter.ts as file:///D:/Game-Engine%20Projects/Blazing7Test/assets/menu-bundle/script/interfaces/IMenuDependencies.ts.
16:41:10.854 debug: Resolve cce:/internal/code-quality/cr.mjs from file:///D:/Game-Engine%20Projects/Blazing7Test/assets/menu-bundle/script/view/BundleGameItem.ts as cce:/internal/code-quality/cr.mjs.
16:41:10.854 debug: Resolve cc from file:///D:/Game-Engine%20Projects/Blazing7Test/assets/menu-bundle/script/view/BundleGameItem.ts as cce:/internal/x/cc.
16:41:10.854 debug: Resolve cc from file:///D:/Game-Engine%20Projects/Blazing7Test/assets/menu-bundle/script/view/BundleGameItem.ts as cce:/internal/x/cc.
16:41:10.854 debug: Resolve cc from file:///D:/Game-Engine%20Projects/Blazing7Test/assets/menu-bundle/script/view/BundleGameItem.ts as cce:/internal/x/cc.
16:41:10.854 debug: Resolve ../interfaces/IMenuDependencies from file:///D:/Game-Engine%20Projects/Blazing7Test/assets/menu-bundle/script/view/BundleGameItem.ts as file:///D:/Game-Engine%20Projects/Blazing7Test/assets/menu-bundle/script/interfaces/IMenuDependencies.ts.
16:41:10.854 debug: Resolve ../utils/BundleGameUtils from file:///D:/Game-Engine%20Projects/Blazing7Test/assets/menu-bundle/script/view/BundleGameItem.ts as file:///D:/Game-Engine%20Projects/Blazing7Test/assets/menu-bundle/script/utils/BundleGameUtils.ts.
16:41:10.854 debug: Resolve ../utils/logger from file:///D:/Game-Engine%20Projects/Blazing7Test/assets/menu-bundle/script/view/BundleGameItem.ts as file:///D:/Game-Engine%20Projects/Blazing7Test/assets/menu-bundle/script/utils/logger.ts.
16:41:10.854 debug: Resolve cce:/internal/code-quality/cr.mjs from file:///D:/Game-Engine%20Projects/Blazing7Test/assets/menu-bundle/script/view/BundleGameRecords.ts as cce:/internal/code-quality/cr.mjs.
16:41:10.854 debug: Resolve cc from file:///D:/Game-Engine%20Projects/Blazing7Test/assets/menu-bundle/script/view/BundleGameRecords.ts as cce:/internal/x/cc.
16:41:10.854 debug: Resolve cc from file:///D:/Game-Engine%20Projects/Blazing7Test/assets/menu-bundle/script/view/BundleGameRecords.ts as cce:/internal/x/cc.
16:41:10.854 debug: Resolve cc from file:///D:/Game-Engine%20Projects/Blazing7Test/assets/menu-bundle/script/view/BundleGameRecords.ts as cce:/internal/x/cc.
16:41:10.854 debug: Resolve ../base/BundleBasePanel from file:///D:/Game-Engine%20Projects/Blazing7Test/assets/menu-bundle/script/view/BundleGameRecords.ts as file:///D:/Game-Engine%20Projects/Blazing7Test/assets/menu-bundle/script/base/BundleBasePanel.ts.
16:41:10.854 debug: Resolve ../types/AniType from file:///D:/Game-Engine%20Projects/Blazing7Test/assets/menu-bundle/script/view/BundleGameRecords.ts as file:///D:/Game-Engine%20Projects/Blazing7Test/assets/menu-bundle/script/types/AniType.ts.
16:41:10.854 debug: Resolve ../interfaces/IMenuDependencies from file:///D:/Game-Engine%20Projects/Blazing7Test/assets/menu-bundle/script/view/BundleGameRecords.ts as file:///D:/Game-Engine%20Projects/Blazing7Test/assets/menu-bundle/script/interfaces/IMenuDependencies.ts.
16:41:10.854 debug: Resolve ../manager/MessageFlag from file:///D:/Game-Engine%20Projects/Blazing7Test/assets/menu-bundle/script/view/BundleGameRecords.ts as file:///D:/Game-Engine%20Projects/Blazing7Test/assets/menu-bundle/script/manager/MessageFlag.ts.
16:41:10.854 debug: Resolve ../api/GameApi from file:///D:/Game-Engine%20Projects/Blazing7Test/assets/menu-bundle/script/view/BundleGameRecords.ts as file:///D:/Game-Engine%20Projects/Blazing7Test/assets/menu-bundle/script/api/GameApi.ts.
16:41:10.854 debug: Resolve ../utils/BundleGameUtils from file:///D:/Game-Engine%20Projects/Blazing7Test/assets/menu-bundle/script/view/BundleGameRecords.ts as file:///D:/Game-Engine%20Projects/Blazing7Test/assets/menu-bundle/script/utils/BundleGameUtils.ts.
16:41:10.854 debug: Resolve cce:/internal/code-quality/cr.mjs from file:///D:/Game-Engine%20Projects/Blazing7Test/assets/menu-bundle/script/view/BundleGameRules.ts as cce:/internal/code-quality/cr.mjs.
16:41:10.854 debug: Resolve cc from file:///D:/Game-Engine%20Projects/Blazing7Test/assets/menu-bundle/script/view/BundleGameRules.ts as cce:/internal/x/cc.
16:41:10.854 debug: Resolve cc from file:///D:/Game-Engine%20Projects/Blazing7Test/assets/menu-bundle/script/view/BundleGameRules.ts as cce:/internal/x/cc.
16:41:10.854 debug: Resolve cc from file:///D:/Game-Engine%20Projects/Blazing7Test/assets/menu-bundle/script/view/BundleGameRules.ts as cce:/internal/x/cc.
16:41:10.854 debug: Resolve ../base/BundleBasePanel from file:///D:/Game-Engine%20Projects/Blazing7Test/assets/menu-bundle/script/view/BundleGameRules.ts as file:///D:/Game-Engine%20Projects/Blazing7Test/assets/menu-bundle/script/base/BundleBasePanel.ts.
16:41:10.854 debug: Resolve ../types/AniType from file:///D:/Game-Engine%20Projects/Blazing7Test/assets/menu-bundle/script/view/BundleGameRules.ts as file:///D:/Game-Engine%20Projects/Blazing7Test/assets/menu-bundle/script/types/AniType.ts.
16:41:10.854 debug: Resolve ../interfaces/IMenuDependencies from file:///D:/Game-Engine%20Projects/Blazing7Test/assets/menu-bundle/script/view/BundleGameRules.ts as file:///D:/Game-Engine%20Projects/Blazing7Test/assets/menu-bundle/script/interfaces/IMenuDependencies.ts.
16:41:10.854 debug: Resolve cce:/internal/code-quality/cr.mjs from file:///D:/Game-Engine%20Projects/Blazing7Test/assets/menu-bundle/script/view/BundleGrandPirzeItem.ts as cce:/internal/code-quality/cr.mjs.
16:41:10.854 debug: Resolve cc from file:///D:/Game-Engine%20Projects/Blazing7Test/assets/menu-bundle/script/view/BundleGrandPirzeItem.ts as cce:/internal/x/cc.
16:41:10.854 debug: Resolve cc from file:///D:/Game-Engine%20Projects/Blazing7Test/assets/menu-bundle/script/view/BundleGrandPirzeItem.ts as cce:/internal/x/cc.
16:41:10.854 debug: Resolve cc from file:///D:/Game-Engine%20Projects/Blazing7Test/assets/menu-bundle/script/view/BundleGrandPirzeItem.ts as cce:/internal/x/cc.
16:41:10.854 debug: Resolve ../interfaces/IMenuDependencies from file:///D:/Game-Engine%20Projects/Blazing7Test/assets/menu-bundle/script/view/BundleGrandPirzeItem.ts as file:///D:/Game-Engine%20Projects/Blazing7Test/assets/menu-bundle/script/interfaces/IMenuDependencies.ts.
16:41:10.854 debug: Resolve ../manager/MessageFlag from file:///D:/Game-Engine%20Projects/Blazing7Test/assets/menu-bundle/script/view/BundleGrandPirzeItem.ts as file:///D:/Game-Engine%20Projects/Blazing7Test/assets/menu-bundle/script/manager/MessageFlag.ts.
16:41:10.854 debug: Resolve ../utils/BundleGameUtils from file:///D:/Game-Engine%20Projects/Blazing7Test/assets/menu-bundle/script/view/BundleGrandPirzeItem.ts as file:///D:/Game-Engine%20Projects/Blazing7Test/assets/menu-bundle/script/utils/BundleGameUtils.ts.
16:41:10.854 debug: Resolve cce:/internal/code-quality/cr.mjs from file:///D:/Game-Engine%20Projects/Blazing7Test/assets/menu-bundle/script/view/BundleGrandPrize.ts as cce:/internal/code-quality/cr.mjs.
16:41:10.855 debug: Resolve cc from file:///D:/Game-Engine%20Projects/Blazing7Test/assets/menu-bundle/script/view/BundleGrandPrize.ts as cce:/internal/x/cc.
16:41:10.855 debug: Resolve cc from file:///D:/Game-Engine%20Projects/Blazing7Test/assets/menu-bundle/script/view/BundleGrandPrize.ts as cce:/internal/x/cc.
16:41:10.855 debug: Resolve cc from file:///D:/Game-Engine%20Projects/Blazing7Test/assets/menu-bundle/script/view/BundleGrandPrize.ts as cce:/internal/x/cc.
16:41:10.855 debug: Resolve ../base/BundleBasePanel from file:///D:/Game-Engine%20Projects/Blazing7Test/assets/menu-bundle/script/view/BundleGrandPrize.ts as file:///D:/Game-Engine%20Projects/Blazing7Test/assets/menu-bundle/script/base/BundleBasePanel.ts.
16:41:10.855 debug: Resolve ../types/AniType from file:///D:/Game-Engine%20Projects/Blazing7Test/assets/menu-bundle/script/view/BundleGrandPrize.ts as file:///D:/Game-Engine%20Projects/Blazing7Test/assets/menu-bundle/script/types/AniType.ts.
16:41:10.855 debug: Resolve ../interfaces/IMenuDependencies from file:///D:/Game-Engine%20Projects/Blazing7Test/assets/menu-bundle/script/view/BundleGrandPrize.ts as file:///D:/Game-Engine%20Projects/Blazing7Test/assets/menu-bundle/script/interfaces/IMenuDependencies.ts.
16:41:10.855 debug: Resolve ../api/GameApi from file:///D:/Game-Engine%20Projects/Blazing7Test/assets/menu-bundle/script/view/BundleGrandPrize.ts as file:///D:/Game-Engine%20Projects/Blazing7Test/assets/menu-bundle/script/api/GameApi.ts.
16:41:10.855 debug: Resolve cce:/internal/code-quality/cr.mjs from file:///D:/Game-Engine%20Projects/Blazing7Test/assets/menu-bundle/script/view/BundleHonorBoard.ts as cce:/internal/code-quality/cr.mjs.
16:41:10.855 debug: Resolve cc from file:///D:/Game-Engine%20Projects/Blazing7Test/assets/menu-bundle/script/view/BundleHonorBoard.ts as cce:/internal/x/cc.
16:41:10.855 debug: Resolve cc from file:///D:/Game-Engine%20Projects/Blazing7Test/assets/menu-bundle/script/view/BundleHonorBoard.ts as cce:/internal/x/cc.
16:41:10.855 debug: Resolve cc from file:///D:/Game-Engine%20Projects/Blazing7Test/assets/menu-bundle/script/view/BundleHonorBoard.ts as cce:/internal/x/cc.
16:41:10.855 debug: Resolve ../base/BundleBasePanel from file:///D:/Game-Engine%20Projects/Blazing7Test/assets/menu-bundle/script/view/BundleHonorBoard.ts as file:///D:/Game-Engine%20Projects/Blazing7Test/assets/menu-bundle/script/base/BundleBasePanel.ts.
16:41:10.855 debug: Resolve ../types/AniType from file:///D:/Game-Engine%20Projects/Blazing7Test/assets/menu-bundle/script/view/BundleHonorBoard.ts as file:///D:/Game-Engine%20Projects/Blazing7Test/assets/menu-bundle/script/types/AniType.ts.
16:41:10.855 debug: Resolve ../interfaces/IMenuDependencies from file:///D:/Game-Engine%20Projects/Blazing7Test/assets/menu-bundle/script/view/BundleHonorBoard.ts as file:///D:/Game-Engine%20Projects/Blazing7Test/assets/menu-bundle/script/interfaces/IMenuDependencies.ts.
16:41:10.857 debug: Resolve ../eui/BundleUIKeys from file:///D:/Game-Engine%20Projects/Blazing7Test/assets/menu-bundle/script/view/BundleHonorBoard.ts as file:///D:/Game-Engine%20Projects/Blazing7Test/assets/menu-bundle/script/eui/BundleUIKeys.ts.
16:41:10.857 debug: Resolve cce:/internal/code-quality/cr.mjs from file:///D:/Game-Engine%20Projects/Blazing7Test/assets/menu-bundle/script/view/BundleMenu.ts as cce:/internal/code-quality/cr.mjs.
16:41:10.857 debug: Resolve cc from file:///D:/Game-Engine%20Projects/Blazing7Test/assets/menu-bundle/script/view/BundleMenu.ts as cce:/internal/x/cc.
16:41:10.857 debug: Resolve cc from file:///D:/Game-Engine%20Projects/Blazing7Test/assets/menu-bundle/script/view/BundleMenu.ts as cce:/internal/x/cc.
16:41:10.857 debug: Resolve cc from file:///D:/Game-Engine%20Projects/Blazing7Test/assets/menu-bundle/script/view/BundleMenu.ts as cce:/internal/x/cc.
16:41:10.857 debug: Resolve ../base/BundleBasePanel from file:///D:/Game-Engine%20Projects/Blazing7Test/assets/menu-bundle/script/view/BundleMenu.ts as file:///D:/Game-Engine%20Projects/Blazing7Test/assets/menu-bundle/script/base/BundleBasePanel.ts.
16:41:10.857 debug: Resolve ../types/AniType from file:///D:/Game-Engine%20Projects/Blazing7Test/assets/menu-bundle/script/view/BundleMenu.ts as file:///D:/Game-Engine%20Projects/Blazing7Test/assets/menu-bundle/script/types/AniType.ts.
16:41:10.857 debug: Resolve ../interfaces/IMenuDependencies from file:///D:/Game-Engine%20Projects/Blazing7Test/assets/menu-bundle/script/view/BundleMenu.ts as file:///D:/Game-Engine%20Projects/Blazing7Test/assets/menu-bundle/script/interfaces/IMenuDependencies.ts.
16:41:10.857 debug: Resolve ../manager/MessageFlag from file:///D:/Game-Engine%20Projects/Blazing7Test/assets/menu-bundle/script/view/BundleMenu.ts as file:///D:/Game-Engine%20Projects/Blazing7Test/assets/menu-bundle/script/manager/MessageFlag.ts.
16:41:10.857 debug: Resolve ../eui/BundleUIKeys from file:///D:/Game-Engine%20Projects/Blazing7Test/assets/menu-bundle/script/view/BundleMenu.ts as file:///D:/Game-Engine%20Projects/Blazing7Test/assets/menu-bundle/script/eui/BundleUIKeys.ts.
16:41:10.857 debug: Resolve cce:/internal/code-quality/cr.mjs from file:///D:/Game-Engine%20Projects/Blazing7Test/assets/menu-bundle/script/view/BundleOtherGames.ts as cce:/internal/code-quality/cr.mjs.
16:41:10.857 debug: Resolve cc from file:///D:/Game-Engine%20Projects/Blazing7Test/assets/menu-bundle/script/view/BundleOtherGames.ts as cce:/internal/x/cc.
16:41:10.857 debug: Resolve cc from file:///D:/Game-Engine%20Projects/Blazing7Test/assets/menu-bundle/script/view/BundleOtherGames.ts as cce:/internal/x/cc.
16:41:10.857 debug: Resolve cc from file:///D:/Game-Engine%20Projects/Blazing7Test/assets/menu-bundle/script/view/BundleOtherGames.ts as cce:/internal/x/cc.
16:41:10.857 debug: Resolve ../base/BundleBasePanel from file:///D:/Game-Engine%20Projects/Blazing7Test/assets/menu-bundle/script/view/BundleOtherGames.ts as file:///D:/Game-Engine%20Projects/Blazing7Test/assets/menu-bundle/script/base/BundleBasePanel.ts.
16:41:10.857 debug: Resolve ../types/AniType from file:///D:/Game-Engine%20Projects/Blazing7Test/assets/menu-bundle/script/view/BundleOtherGames.ts as file:///D:/Game-Engine%20Projects/Blazing7Test/assets/menu-bundle/script/types/AniType.ts.
16:41:10.857 debug: Resolve ../interfaces/IMenuDependencies from file:///D:/Game-Engine%20Projects/Blazing7Test/assets/menu-bundle/script/view/BundleOtherGames.ts as file:///D:/Game-Engine%20Projects/Blazing7Test/assets/menu-bundle/script/interfaces/IMenuDependencies.ts.
16:41:10.857 debug: Resolve ../manager/MessageFlag from file:///D:/Game-Engine%20Projects/Blazing7Test/assets/menu-bundle/script/view/BundleOtherGames.ts as file:///D:/Game-Engine%20Projects/Blazing7Test/assets/menu-bundle/script/manager/MessageFlag.ts.
16:41:10.857 debug: Resolve cce:/internal/code-quality/cr.mjs from file:///D:/Game-Engine%20Projects/Blazing7Test/assets/menu-bundle/script/view/BundleRecordItem.ts as cce:/internal/code-quality/cr.mjs.
16:41:10.857 debug: Resolve cc from file:///D:/Game-Engine%20Projects/Blazing7Test/assets/menu-bundle/script/view/BundleRecordItem.ts as cce:/internal/x/cc.
16:41:10.857 debug: Resolve cc from file:///D:/Game-Engine%20Projects/Blazing7Test/assets/menu-bundle/script/view/BundleRecordItem.ts as cce:/internal/x/cc.
16:41:10.857 debug: Resolve cc from file:///D:/Game-Engine%20Projects/Blazing7Test/assets/menu-bundle/script/view/BundleRecordItem.ts as cce:/internal/x/cc.
16:41:10.857 debug: Resolve ../interfaces/IMenuDependencies from file:///D:/Game-Engine%20Projects/Blazing7Test/assets/menu-bundle/script/view/BundleRecordItem.ts as file:///D:/Game-Engine%20Projects/Blazing7Test/assets/menu-bundle/script/interfaces/IMenuDependencies.ts.
16:41:10.857 debug: Resolve ../manager/MessageFlag from file:///D:/Game-Engine%20Projects/Blazing7Test/assets/menu-bundle/script/view/BundleRecordItem.ts as file:///D:/Game-Engine%20Projects/Blazing7Test/assets/menu-bundle/script/manager/MessageFlag.ts.
16:41:10.857 debug: Resolve ../utils/BundleGameUtils from file:///D:/Game-Engine%20Projects/Blazing7Test/assets/menu-bundle/script/view/BundleRecordItem.ts as file:///D:/Game-Engine%20Projects/Blazing7Test/assets/menu-bundle/script/utils/BundleGameUtils.ts.
16:41:10.857 debug: Resolve cce:/internal/code-quality/cr.mjs from file:///D:/Game-Engine%20Projects/Blazing7Test/assets/menu-bundle/script/view/BundleTopItem.ts as cce:/internal/code-quality/cr.mjs.
16:41:10.857 debug: Resolve cc from file:///D:/Game-Engine%20Projects/Blazing7Test/assets/menu-bundle/script/view/BundleTopItem.ts as cce:/internal/x/cc.
16:41:10.857 debug: Resolve cc from file:///D:/Game-Engine%20Projects/Blazing7Test/assets/menu-bundle/script/view/BundleTopItem.ts as cce:/internal/x/cc.
16:41:10.857 debug: Resolve cc from file:///D:/Game-Engine%20Projects/Blazing7Test/assets/menu-bundle/script/view/BundleTopItem.ts as cce:/internal/x/cc.
16:41:10.857 debug: Resolve ../utils/BundleGameUtils from file:///D:/Game-Engine%20Projects/Blazing7Test/assets/menu-bundle/script/view/BundleTopItem.ts as file:///D:/Game-Engine%20Projects/Blazing7Test/assets/menu-bundle/script/utils/BundleGameUtils.ts.
16:41:10.857 debug: Resolve ../interfaces/IMenuDependencies from file:///D:/Game-Engine%20Projects/Blazing7Test/assets/menu-bundle/script/view/BundleTopItem.ts as file:///D:/Game-Engine%20Projects/Blazing7Test/assets/menu-bundle/script/interfaces/IMenuDependencies.ts.
16:41:10.857 debug: Resolve ../manager/MessageFlag from file:///D:/Game-Engine%20Projects/Blazing7Test/assets/menu-bundle/script/view/BundleTopItem.ts as file:///D:/Game-Engine%20Projects/Blazing7Test/assets/menu-bundle/script/manager/MessageFlag.ts.
16:41:10.857 debug: Resolve cce:/internal/code-quality/cr.mjs from file:///D:/Game-Engine%20Projects/Blazing7Test/assets/menu-bundle/script/view/BundleTopItemCardSale.ts as cce:/internal/code-quality/cr.mjs.
16:41:10.857 debug: Resolve cc from file:///D:/Game-Engine%20Projects/Blazing7Test/assets/menu-bundle/script/view/BundleTopItemCardSale.ts as cce:/internal/x/cc.
16:41:10.857 debug: Resolve cc from file:///D:/Game-Engine%20Projects/Blazing7Test/assets/menu-bundle/script/view/BundleTopItemCardSale.ts as cce:/internal/x/cc.
16:41:10.857 debug: Resolve cc from file:///D:/Game-Engine%20Projects/Blazing7Test/assets/menu-bundle/script/view/BundleTopItemCardSale.ts as cce:/internal/x/cc.
16:41:10.857 debug: Resolve ../utils/BundleGameUtils from file:///D:/Game-Engine%20Projects/Blazing7Test/assets/menu-bundle/script/view/BundleTopItemCardSale.ts as file:///D:/Game-Engine%20Projects/Blazing7Test/assets/menu-bundle/script/utils/BundleGameUtils.ts.
16:41:10.857 debug: Resolve ../interfaces/IMenuDependencies from file:///D:/Game-Engine%20Projects/Blazing7Test/assets/menu-bundle/script/view/BundleTopItemCardSale.ts as file:///D:/Game-Engine%20Projects/Blazing7Test/assets/menu-bundle/script/interfaces/IMenuDependencies.ts.
16:41:10.857 debug: Resolve ../manager/MessageFlag from file:///D:/Game-Engine%20Projects/Blazing7Test/assets/menu-bundle/script/view/BundleTopItemCardSale.ts as file:///D:/Game-Engine%20Projects/Blazing7Test/assets/menu-bundle/script/manager/MessageFlag.ts.
16:41:10.857 debug: Resolve ../utils/logger from file:///D:/Game-Engine%20Projects/Blazing7Test/assets/menu-bundle/script/view/BundleTopItemCardSale.ts as file:///D:/Game-Engine%20Projects/Blazing7Test/assets/menu-bundle/script/utils/logger.ts.
16:41:10.857 debug: Resolve cce:/internal/code-quality/cr.mjs from file:///D:/Game-Engine%20Projects/Blazing7Test/assets/menu-bundle/script/view/PopupCardDetail.ts as cce:/internal/code-quality/cr.mjs.
16:41:10.857 debug: Resolve cc from file:///D:/Game-Engine%20Projects/Blazing7Test/assets/menu-bundle/script/view/PopupCardDetail.ts as cce:/internal/x/cc.
16:41:10.857 debug: Resolve cc from file:///D:/Game-Engine%20Projects/Blazing7Test/assets/menu-bundle/script/view/PopupCardDetail.ts as cce:/internal/x/cc.
16:41:10.857 debug: Resolve cc from file:///D:/Game-Engine%20Projects/Blazing7Test/assets/menu-bundle/script/view/PopupCardDetail.ts as cce:/internal/x/cc.
16:41:10.857 debug: Resolve ../base/BundleBasePanel from file:///D:/Game-Engine%20Projects/Blazing7Test/assets/menu-bundle/script/view/PopupCardDetail.ts as file:///D:/Game-Engine%20Projects/Blazing7Test/assets/menu-bundle/script/base/BundleBasePanel.ts.
16:41:10.857 debug: Resolve ../types/AniType from file:///D:/Game-Engine%20Projects/Blazing7Test/assets/menu-bundle/script/view/PopupCardDetail.ts as file:///D:/Game-Engine%20Projects/Blazing7Test/assets/menu-bundle/script/types/AniType.ts.
16:41:10.857 debug: Resolve ../api/GameApi from file:///D:/Game-Engine%20Projects/Blazing7Test/assets/menu-bundle/script/view/PopupCardDetail.ts as file:///D:/Game-Engine%20Projects/Blazing7Test/assets/menu-bundle/script/api/GameApi.ts.
16:41:10.857 debug: Resolve ../interfaces/IMenuDependencies from file:///D:/Game-Engine%20Projects/Blazing7Test/assets/menu-bundle/script/view/PopupCardDetail.ts as file:///D:/Game-Engine%20Projects/Blazing7Test/assets/menu-bundle/script/interfaces/IMenuDependencies.ts.
16:41:10.857 debug: Resolve ../utils/BundleGameUtils from file:///D:/Game-Engine%20Projects/Blazing7Test/assets/menu-bundle/script/view/PopupCardDetail.ts as file:///D:/Game-Engine%20Projects/Blazing7Test/assets/menu-bundle/script/utils/BundleGameUtils.ts.
16:41:10.858 debug: Resolve ../manager/MessageFlag from file:///D:/Game-Engine%20Projects/Blazing7Test/assets/menu-bundle/script/view/PopupCardDetail.ts as file:///D:/Game-Engine%20Projects/Blazing7Test/assets/menu-bundle/script/manager/MessageFlag.ts.
16:41:10.858 debug: Resolve ../../BLAZING_7S_SCRATCH/script/FragmentView from file:///D:/Game-Engine%20Projects/Blazing7Test/assets/menu-bundle/script/view/PopupCardDetail.ts as file:///D:/Game-Engine%20Projects/Blazing7Test/assets/menu-bundle/BLAZING_7S_SCRATCH/script/FragmentView.ts.
16:41:10.858 debug: Resolve ../../GINTO_MATCH/script/CardFragmentView from file:///D:/Game-Engine%20Projects/Blazing7Test/assets/menu-bundle/script/view/PopupCardDetail.ts as file:///D:/Game-Engine%20Projects/Blazing7Test/assets/menu-bundle/GINTO_MATCH/script/CardFragmentView.ts.
16:41:10.858 debug: Resolve ../utils/logger from file:///D:/Game-Engine%20Projects/Blazing7Test/assets/menu-bundle/script/view/PopupCardDetail.ts as file:///D:/Game-Engine%20Projects/Blazing7Test/assets/menu-bundle/script/utils/logger.ts.
16:41:10.858 debug: Target(editor) ends with cost 345.16349999999966ms.
16:41:10.858 debug: Target(preview) build started.
16:41:10.858 debug: Detected change: cce:/internal/x/cc. Last mtime: Thu Jan 01 1970 08:00:05 GMT+0800 (Philippine Standard Time), Current mtime: Thu Jan 01 1970 08:00:04 GMT+0800 (Philippine Standard Time)
16:41:10.858 debug: Inspect cce:/internal/x/cc
16:41:10.858 debug: transform url: 'cce:/internal/x/cc' costs: 23.20 ms
16:41:10.858 debug: Resolve cce:/internal/x/cc-fu/2d from cce:/internal/x/cc as external dependency cce:/internal/x/cc-fu/2d.
16:41:10.858 debug: Resolve cce:/internal/x/cc-fu/sorting from cce:/internal/x/cc as external dependency cce:/internal/x/cc-fu/sorting.
16:41:10.858 debug: Resolve cce:/internal/x/cc-fu/animation from cce:/internal/x/cc as external dependency cce:/internal/x/cc-fu/animation.
16:41:10.858 debug: Resolve cce:/internal/x/cc-fu/audio from cce:/internal/x/cc as external dependency cce:/internal/x/cc-fu/audio.
16:41:10.858 debug: Resolve cce:/internal/x/cc-fu/base from cce:/internal/x/cc as external dependency cce:/internal/x/cc-fu/base.
16:41:10.858 debug: Resolve cce:/internal/x/cc-fu/custom-pipeline from cce:/internal/x/cc as external dependency cce:/internal/x/cc-fu/custom-pipeline.
16:41:10.858 debug: Resolve cce:/internal/x/cc-fu/dragon-bones from cce:/internal/x/cc as external dependency cce:/internal/x/cc-fu/dragon-bones.
16:41:10.858 debug: Resolve cce:/internal/x/cc-fu/gfx-webgl from cce:/internal/x/cc as external dependency cce:/internal/x/cc-fu/gfx-webgl.
16:41:10.858 debug: Resolve cce:/internal/x/cc-fu/gfx-webgl2 from cce:/internal/x/cc as external dependency cce:/internal/x/cc-fu/gfx-webgl2.
16:41:10.858 debug: Resolve cce:/internal/x/cc-fu/intersection-2d from cce:/internal/x/cc as external dependency cce:/internal/x/cc-fu/intersection-2d.
16:41:10.858 debug: Resolve cce:/internal/x/cc-fu/particle-2d from cce:/internal/x/cc as external dependency cce:/internal/x/cc-fu/particle-2d.
16:41:10.858 debug: Resolve cce:/internal/x/cc-fu/physics-2d-box2d from cce:/internal/x/cc as external dependency cce:/internal/x/cc-fu/physics-2d-box2d.
16:41:10.858 debug: Resolve cce:/internal/x/cc-fu/physics-2d-framework from cce:/internal/x/cc as external dependency cce:/internal/x/cc-fu/physics-2d-framework.
16:41:10.858 debug: Resolve cce:/internal/x/cc-fu/profiler from cce:/internal/x/cc as external dependency cce:/internal/x/cc-fu/profiler.
16:41:10.858 debug: Resolve cce:/internal/x/cc-fu/spine from cce:/internal/x/cc as external dependency cce:/internal/x/cc-fu/spine.
16:41:10.858 debug: Resolve cce:/internal/x/cc-fu/tiled-map from cce:/internal/x/cc as external dependency cce:/internal/x/cc-fu/tiled-map.
16:41:10.858 debug: Resolve cce:/internal/x/cc-fu/tween from cce:/internal/x/cc as external dependency cce:/internal/x/cc-fu/tween.
16:41:10.858 debug: Resolve cce:/internal/x/cc-fu/ui from cce:/internal/x/cc as external dependency cce:/internal/x/cc-fu/ui.
16:41:10.858 debug: Resolve cce:/internal/x/cc-fu/video from cce:/internal/x/cc as external dependency cce:/internal/x/cc-fu/video.
16:41:10.858 debug: Resolve cce:/internal/x/cc-fu/webview from cce:/internal/x/cc as external dependency cce:/internal/x/cc-fu/webview.
16:41:10.858 debug: Detected change: cce:/internal/x/prerequisite-imports. Last mtime: Thu Jan 01 1970 09:32:25 GMT+0800 (Philippine Standard Time), Current mtime: Thu Jan 01 1970 08:00:05 GMT+0800 (Philippine Standard Time)
16:41:10.858 debug: Inspect cce:/internal/x/prerequisite-imports
16:41:10.858 debug: transform url: 'cce:/internal/x/prerequisite-imports' costs: 37.60 ms
16:41:10.858 debug: Resolve file:///C:/ProgramData/cocos/editors/Creator/3.8.5/resources/resources/3d/engine/editor/assets/default_renderpipeline/builtin-dof-pass.ts from cce:/internal/x/prerequisite-imports as file:///C:/ProgramData/cocos/editors/Creator/3.8.5/resources/resources/3d/engine/editor/assets/default_renderpipeline/builtin-dof-pass.ts.
16:41:10.858 debug: Resolve file:///C:/ProgramData/cocos/editors/Creator/3.8.5/resources/resources/3d/engine/editor/assets/default_renderpipeline/builtin-pipeline-pass.ts from cce:/internal/x/prerequisite-imports as file:///C:/ProgramData/cocos/editors/Creator/3.8.5/resources/resources/3d/engine/editor/assets/default_renderpipeline/builtin-pipeline-pass.ts.
16:41:10.858 debug: Resolve file:///C:/ProgramData/cocos/editors/Creator/3.8.5/resources/resources/3d/engine/editor/assets/default_renderpipeline/builtin-pipeline-settings.ts from cce:/internal/x/prerequisite-imports as file:///C:/ProgramData/cocos/editors/Creator/3.8.5/resources/resources/3d/engine/editor/assets/default_renderpipeline/builtin-pipeline-settings.ts.
16:41:10.858 debug: Resolve file:///C:/ProgramData/cocos/editors/Creator/3.8.5/resources/resources/3d/engine/editor/assets/default_renderpipeline/builtin-pipeline-types.ts from cce:/internal/x/prerequisite-imports as file:///C:/ProgramData/cocos/editors/Creator/3.8.5/resources/resources/3d/engine/editor/assets/default_renderpipeline/builtin-pipeline-types.ts.
16:41:10.859 debug: Resolve file:///C:/ProgramData/cocos/editors/Creator/3.8.5/resources/resources/3d/engine/editor/assets/default_renderpipeline/builtin-pipeline.ts from cce:/internal/x/prerequisite-imports as file:///C:/ProgramData/cocos/editors/Creator/3.8.5/resources/resources/3d/engine/editor/assets/default_renderpipeline/builtin-pipeline.ts.
16:41:10.859 debug: Resolve file:///C:/ProgramData/cocos/editors/Creator/3.8.5/resources/resources/3d/engine/editor/assets/tools/debug-view-runtime-control.ts from cce:/internal/x/prerequisite-imports as file:///C:/ProgramData/cocos/editors/Creator/3.8.5/resources/resources/3d/engine/editor/assets/tools/debug-view-runtime-control.ts.
16:41:10.859 debug: Resolve file:///D:/Game-Engine%20Projects/Blazing7Test/assets/Scripts/Api/ApiCore.ts from cce:/internal/x/prerequisite-imports as file:///D:/Game-Engine%20Projects/Blazing7Test/assets/Scripts/Api/ApiCore.ts.
16:41:10.859 debug: Resolve file:///D:/Game-Engine%20Projects/Blazing7Test/assets/Scripts/Api/ApiError.ts from cce:/internal/x/prerequisite-imports as file:///D:/Game-Engine%20Projects/Blazing7Test/assets/Scripts/Api/ApiError.ts.
16:41:10.859 debug: Resolve file:///D:/Game-Engine%20Projects/Blazing7Test/assets/Scripts/Api/ApiManager.ts from cce:/internal/x/prerequisite-imports as file:///D:/Game-Engine%20Projects/Blazing7Test/assets/Scripts/Api/ApiManager.ts.
16:41:10.859 debug: Resolve file:///D:/Game-Engine%20Projects/Blazing7Test/assets/Scripts/Api/GameApi.ts from cce:/internal/x/prerequisite-imports as file:///D:/Game-Engine%20Projects/Blazing7Test/assets/Scripts/Api/GameApi.ts.
16:41:10.859 debug: Resolve file:///D:/Game-Engine%20Projects/Blazing7Test/assets/Scripts/Card/NumberCardView.ts from cce:/internal/x/prerequisite-imports as file:///D:/Game-Engine%20Projects/Blazing7Test/assets/Scripts/Card/NumberCardView.ts.
16:41:10.859 debug: Resolve file:///D:/Game-Engine%20Projects/Blazing7Test/assets/Scripts/Card/ScratchCard.ts from cce:/internal/x/prerequisite-imports as file:///D:/Game-Engine%20Projects/Blazing7Test/assets/Scripts/Card/ScratchCard.ts.
16:41:10.859 debug: Resolve file:///D:/Game-Engine%20Projects/Blazing7Test/assets/Scripts/Card/ScratchCardView.ts from cce:/internal/x/prerequisite-imports as file:///D:/Game-Engine%20Projects/Blazing7Test/assets/Scripts/Card/ScratchCardView.ts.
16:41:10.859 debug: Resolve file:///D:/Game-Engine%20Projects/Blazing7Test/assets/Scripts/Data/GameData.ts from cce:/internal/x/prerequisite-imports as file:///D:/Game-Engine%20Projects/Blazing7Test/assets/Scripts/Data/GameData.ts.
16:41:10.859 debug: Resolve file:///D:/Game-Engine%20Projects/Blazing7Test/assets/Scripts/Data/GameUserInfo.ts from cce:/internal/x/prerequisite-imports as file:///D:/Game-Engine%20Projects/Blazing7Test/assets/Scripts/Data/GameUserInfo.ts.
16:41:10.859 debug: Resolve file:///D:/Game-Engine%20Projects/Blazing7Test/assets/Scripts/Data/TicketData.ts from cce:/internal/x/prerequisite-imports as file:///D:/Game-Engine%20Projects/Blazing7Test/assets/Scripts/Data/TicketData.ts.
16:41:10.859 debug: Resolve file:///D:/Game-Engine%20Projects/Blazing7Test/assets/Scripts/Data/TicketItem.ts from cce:/internal/x/prerequisite-imports as file:///D:/Game-Engine%20Projects/Blazing7Test/assets/Scripts/Data/TicketItem.ts.
16:41:10.859 debug: Resolve file:///D:/Game-Engine%20Projects/Blazing7Test/assets/Scripts/EventListener/BaseEventListener.ts from cce:/internal/x/prerequisite-imports as file:///D:/Game-Engine%20Projects/Blazing7Test/assets/Scripts/EventListener/BaseEventListener.ts.
16:41:10.859 debug: Resolve file:///D:/Game-Engine%20Projects/Blazing7Test/assets/Scripts/Game/DragonsEyeIntro.ts from cce:/internal/x/prerequisite-imports as file:///D:/Game-Engine%20Projects/Blazing7Test/assets/Scripts/Game/DragonsEyeIntro.ts.
16:41:10.859 debug: Resolve file:///D:/Game-Engine%20Projects/Blazing7Test/assets/Scripts/Game/Game.ts from cce:/internal/x/prerequisite-imports as file:///D:/Game-Engine%20Projects/Blazing7Test/assets/Scripts/Game/Game.ts.
16:41:10.859 debug: Resolve file:///D:/Game-Engine%20Projects/Blazing7Test/assets/Scripts/Game/GameOptions.ts from cce:/internal/x/prerequisite-imports as file:///D:/Game-Engine%20Projects/Blazing7Test/assets/Scripts/Game/GameOptions.ts.
16:41:10.859 debug: Resolve file:///D:/Game-Engine%20Projects/Blazing7Test/assets/Scripts/Game/PricePopUpOptions.ts from cce:/internal/x/prerequisite-imports as file:///D:/Game-Engine%20Projects/Blazing7Test/assets/Scripts/Game/PricePopUpOptions.ts.
16:41:10.859 debug: Resolve file:///D:/Game-Engine%20Projects/Blazing7Test/assets/Scripts/Managers/AudioManager.ts from cce:/internal/x/prerequisite-imports as file:///D:/Game-Engine%20Projects/Blazing7Test/assets/Scripts/Managers/AudioManager.ts.
16:41:10.859 debug: Resolve file:///D:/Game-Engine%20Projects/Blazing7Test/assets/Scripts/Managers/GameManager.ts from cce:/internal/x/prerequisite-imports as file:///D:/Game-Engine%20Projects/Blazing7Test/assets/Scripts/Managers/GameManager.ts.
16:41:10.859 debug: Resolve file:///D:/Game-Engine%20Projects/Blazing7Test/assets/Scripts/Managers/PopUpManager.ts from cce:/internal/x/prerequisite-imports as file:///D:/Game-Engine%20Projects/Blazing7Test/assets/Scripts/Managers/PopUpManager.ts.
16:41:10.859 debug: Resolve file:///D:/Game-Engine%20Projects/Blazing7Test/assets/Scripts/Managers/ResourceManager.ts from cce:/internal/x/prerequisite-imports as file:///D:/Game-Engine%20Projects/Blazing7Test/assets/Scripts/Managers/ResourceManager.ts.
16:41:10.859 debug: Resolve file:///D:/Game-Engine%20Projects/Blazing7Test/assets/Scripts/Managers/SceneManager.ts from cce:/internal/x/prerequisite-imports as file:///D:/Game-Engine%20Projects/Blazing7Test/assets/Scripts/Managers/SceneManager.ts.
16:41:10.859 debug: Resolve file:///D:/Game-Engine%20Projects/Blazing7Test/assets/Scripts/Managers/Services.ts from cce:/internal/x/prerequisite-imports as file:///D:/Game-Engine%20Projects/Blazing7Test/assets/Scripts/Managers/Services.ts.
16:41:10.859 debug: Resolve file:///D:/Game-Engine%20Projects/Blazing7Test/assets/Scripts/Managers/WebsocketManager.ts from cce:/internal/x/prerequisite-imports as file:///D:/Game-Engine%20Projects/Blazing7Test/assets/Scripts/Managers/WebsocketManager.ts.
16:41:10.859 debug: Resolve file:///D:/Game-Engine%20Projects/Blazing7Test/assets/Scripts/Managers/WinBroadcastManager.ts from cce:/internal/x/prerequisite-imports as file:///D:/Game-Engine%20Projects/Blazing7Test/assets/Scripts/Managers/WinBroadcastManager.ts.
16:41:10.859 debug: Resolve file:///D:/Game-Engine%20Projects/Blazing7Test/assets/Scripts/Managers/WsConfig.ts from cce:/internal/x/prerequisite-imports as file:///D:/Game-Engine%20Projects/Blazing7Test/assets/Scripts/Managers/WsConfig.ts.
16:41:10.859 debug: Resolve file:///D:/Game-Engine%20Projects/Blazing7Test/assets/Scripts/Scratch/FragmentView.ts from cce:/internal/x/prerequisite-imports as file:///D:/Game-Engine%20Projects/Blazing7Test/assets/Scripts/Scratch/FragmentView.ts.
16:41:10.859 debug: Resolve file:///D:/Game-Engine%20Projects/Blazing7Test/assets/Scripts/Scratch/ScratchMask.ts from cce:/internal/x/prerequisite-imports as file:///D:/Game-Engine%20Projects/Blazing7Test/assets/Scripts/Scratch/ScratchMask.ts.
16:41:10.859 debug: Resolve file:///D:/Game-Engine%20Projects/Blazing7Test/assets/Scripts/Scratch/ScratchRenderer.ts from cce:/internal/x/prerequisite-imports as file:///D:/Game-Engine%20Projects/Blazing7Test/assets/Scripts/Scratch/ScratchRenderer.ts.
16:41:10.859 debug: Resolve file:///D:/Game-Engine%20Projects/Blazing7Test/assets/Scripts/Scratch/ScratchSystem.ts from cce:/internal/x/prerequisite-imports as file:///D:/Game-Engine%20Projects/Blazing7Test/assets/Scripts/Scratch/ScratchSystem.ts.
16:41:10.859 debug: Resolve file:///D:/Game-Engine%20Projects/Blazing7Test/assets/Scripts/Scratch/ScratchTrajectory.ts from cce:/internal/x/prerequisite-imports as file:///D:/Game-Engine%20Projects/Blazing7Test/assets/Scripts/Scratch/ScratchTrajectory.ts.
16:41:10.859 debug: Resolve file:///D:/Game-Engine%20Projects/Blazing7Test/assets/Scripts/Scratch/ScratchTypes.ts from cce:/internal/x/prerequisite-imports as file:///D:/Game-Engine%20Projects/Blazing7Test/assets/Scripts/Scratch/ScratchTypes.ts.
16:41:10.859 debug: Resolve file:///D:/Game-Engine%20Projects/Blazing7Test/assets/Scripts/Types/announcement.types.ts from cce:/internal/x/prerequisite-imports as file:///D:/Game-Engine%20Projects/Blazing7Test/assets/Scripts/Types/announcement.types.ts.
16:41:10.859 debug: Resolve file:///D:/Game-Engine%20Projects/Blazing7Test/assets/Scripts/Types/api.types.ts from cce:/internal/x/prerequisite-imports as file:///D:/Game-Engine%20Projects/Blazing7Test/assets/Scripts/Types/api.types.ts.
16:41:10.859 debug: Resolve file:///D:/Game-Engine%20Projects/Blazing7Test/assets/Scripts/Types/card.types.ts from cce:/internal/x/prerequisite-imports as file:///D:/Game-Engine%20Projects/Blazing7Test/assets/Scripts/Types/card.types.ts.
16:41:10.859 debug: Resolve file:///D:/Game-Engine%20Projects/Blazing7Test/assets/Scripts/Types/game.types.ts from cce:/internal/x/prerequisite-imports as file:///D:/Game-Engine%20Projects/Blazing7Test/assets/Scripts/Types/game.types.ts.
16:41:10.859 debug: Resolve file:///D:/Game-Engine%20Projects/Blazing7Test/assets/Scripts/Types/index.ts from cce:/internal/x/prerequisite-imports as file:///D:/Game-Engine%20Projects/Blazing7Test/assets/Scripts/Types/index.ts.
16:41:10.859 debug: Resolve file:///D:/Game-Engine%20Projects/Blazing7Test/assets/Scripts/Types/ranking.types.ts from cce:/internal/x/prerequisite-imports as file:///D:/Game-Engine%20Projects/Blazing7Test/assets/Scripts/Types/ranking.types.ts.
16:41:10.859 debug: Resolve file:///D:/Game-Engine%20Projects/Blazing7Test/assets/Scripts/Types/ticket.types.ts from cce:/internal/x/prerequisite-imports as file:///D:/Game-Engine%20Projects/Blazing7Test/assets/Scripts/Types/ticket.types.ts.
16:41:10.859 debug: Resolve file:///D:/Game-Engine%20Projects/Blazing7Test/assets/Scripts/Types/ui.types.ts from cce:/internal/x/prerequisite-imports as file:///D:/Game-Engine%20Projects/Blazing7Test/assets/Scripts/Types/ui.types.ts.
16:41:10.859 debug: Resolve file:///D:/Game-Engine%20Projects/Blazing7Test/assets/Scripts/Types/user.types.ts from cce:/internal/x/prerequisite-imports as file:///D:/Game-Engine%20Projects/Blazing7Test/assets/Scripts/Types/user.types.ts.
16:41:10.859 debug: Resolve file:///D:/Game-Engine%20Projects/Blazing7Test/assets/Scripts/UI/InteractableUIs/SingleButton.ts from cce:/internal/x/prerequisite-imports as file:///D:/Game-Engine%20Projects/Blazing7Test/assets/Scripts/UI/InteractableUIs/SingleButton.ts.
16:41:10.859 debug: Resolve file:///D:/Game-Engine%20Projects/Blazing7Test/assets/Scripts/UI/LastWin.ts from cce:/internal/x/prerequisite-imports as file:///D:/Game-Engine%20Projects/Blazing7Test/assets/Scripts/UI/LastWin.ts.
16:41:10.859 debug: Resolve file:///D:/Game-Engine%20Projects/Blazing7Test/assets/Scripts/UI/PopUp/MaxWinToasterPopUp.ts from cce:/internal/x/prerequisite-imports as file:///D:/Game-Engine%20Projects/Blazing7Test/assets/Scripts/UI/PopUp/MaxWinToasterPopUp.ts.
16:41:10.859 debug: Resolve file:///D:/Game-Engine%20Projects/Blazing7Test/assets/Scripts/UI/PopUp/WinPopUp.ts from cce:/internal/x/prerequisite-imports as file:///D:/Game-Engine%20Projects/Blazing7Test/assets/Scripts/UI/PopUp/WinPopUp.ts.
16:41:10.859 debug: Resolve file:///D:/Game-Engine%20Projects/Blazing7Test/assets/Scripts/UI/PopUp/WinnerBroadcastPopUp.ts from cce:/internal/x/prerequisite-imports as file:///D:/Game-Engine%20Projects/Blazing7Test/assets/Scripts/UI/PopUp/WinnerBroadcastPopUp.ts.
16:41:10.859 debug: Resolve file:///D:/Game-Engine%20Projects/Blazing7Test/assets/Scripts/UI/Scenes/Game/ScrollingBackground.ts from cce:/internal/x/prerequisite-imports as file:///D:/Game-Engine%20Projects/Blazing7Test/assets/Scripts/UI/Scenes/Game/ScrollingBackground.ts.
16:41:10.859 debug: Resolve file:///D:/Game-Engine%20Projects/Blazing7Test/assets/Scripts/UI/Scenes/Loading/LoadingBar.ts from cce:/internal/x/prerequisite-imports as file:///D:/Game-Engine%20Projects/Blazing7Test/assets/Scripts/UI/Scenes/Loading/LoadingBar.ts.
16:41:10.859 debug: Resolve file:///D:/Game-Engine%20Projects/Blazing7Test/assets/Scripts/UI/Scenes/Loading/LoadingScene.ts from cce:/internal/x/prerequisite-imports as file:///D:/Game-Engine%20Projects/Blazing7Test/assets/Scripts/UI/Scenes/Loading/LoadingScene.ts.
16:41:10.859 debug: Resolve file:///D:/Game-Engine%20Projects/Blazing7Test/assets/Scripts/UI/Scenes/NewPlayerGuide.ts from cce:/internal/x/prerequisite-imports as file:///D:/Game-Engine%20Projects/Blazing7Test/assets/Scripts/UI/Scenes/NewPlayerGuide.ts.
16:41:10.859 debug: Resolve file:///D:/Game-Engine%20Projects/Blazing7Test/assets/Scripts/UI/UIRoot.ts from cce:/internal/x/prerequisite-imports as file:///D:/Game-Engine%20Projects/Blazing7Test/assets/Scripts/UI/UIRoot.ts.
16:41:10.860 debug: Resolve file:///D:/Game-Engine%20Projects/Blazing7Test/assets/Scripts/UI/VisualFx/DragonBreathing.ts from cce:/internal/x/prerequisite-imports as file:///D:/Game-Engine%20Projects/Blazing7Test/assets/Scripts/UI/VisualFx/DragonBreathing.ts.
16:41:10.860 debug: Resolve file:///D:/Game-Engine%20Projects/Blazing7Test/assets/Scripts/UI/VisualFx/HelpView.ts from cce:/internal/x/prerequisite-imports as file:///D:/Game-Engine%20Projects/Blazing7Test/assets/Scripts/UI/VisualFx/HelpView.ts.
16:41:10.860 debug: Resolve file:///D:/Game-Engine%20Projects/Blazing7Test/assets/Scripts/UI/VisualFx/NodeMovement.ts from cce:/internal/x/prerequisite-imports as file:///D:/Game-Engine%20Projects/Blazing7Test/assets/Scripts/UI/VisualFx/NodeMovement.ts.
16:41:10.860 debug: Resolve file:///D:/Game-Engine%20Projects/Blazing7Test/assets/Scripts/utils/NumberFormatter.ts from cce:/internal/x/prerequisite-imports as file:///D:/Game-Engine%20Projects/Blazing7Test/assets/Scripts/utils/NumberFormatter.ts.
16:41:10.860 debug: Resolve file:///D:/Game-Engine%20Projects/Blazing7Test/assets/Scripts/utils/logger.ts from cce:/internal/x/prerequisite-imports as file:///D:/Game-Engine%20Projects/Blazing7Test/assets/Scripts/utils/logger.ts.
16:41:10.860 debug: Resolve file:///D:/Game-Engine%20Projects/Blazing7Test/assets/menu-bundle/BANANACRAZE/script/BundleBonusItem.ts from cce:/internal/x/prerequisite-imports as file:///D:/Game-Engine%20Projects/Blazing7Test/assets/menu-bundle/BANANACRAZE/script/BundleBonusItem.ts.
16:41:10.860 debug: Resolve file:///D:/Game-Engine%20Projects/Blazing7Test/assets/menu-bundle/BANANACRAZE/script/BundleBonusTrajectory.ts from cce:/internal/x/prerequisite-imports as file:///D:/Game-Engine%20Projects/Blazing7Test/assets/menu-bundle/BANANACRAZE/script/BundleBonusTrajectory.ts.
16:41:10.860 debug: Resolve file:///D:/Game-Engine%20Projects/Blazing7Test/assets/menu-bundle/BANANACRAZE/script/BundleCardTrajectory.ts from cce:/internal/x/prerequisite-imports as file:///D:/Game-Engine%20Projects/Blazing7Test/assets/menu-bundle/BANANACRAZE/script/BundleCardTrajectory.ts.
16:41:10.860 debug: Resolve file:///D:/Game-Engine%20Projects/Blazing7Test/assets/menu-bundle/BANANACRAZE/script/BundleLeafItem.ts from cce:/internal/x/prerequisite-imports as file:///D:/Game-Engine%20Projects/Blazing7Test/assets/menu-bundle/BANANACRAZE/script/BundleLeafItem.ts.
16:41:10.860 debug: Resolve file:///D:/Game-Engine%20Projects/Blazing7Test/assets/menu-bundle/BANANACRAZE/script/BundleLeafManagerTrajectory.ts from cce:/internal/x/prerequisite-imports as file:///D:/Game-Engine%20Projects/Blazing7Test/assets/menu-bundle/BANANACRAZE/script/BundleLeafManagerTrajectory.ts.
16:41:10.860 debug: Resolve file:///D:/Game-Engine%20Projects/Blazing7Test/assets/menu-bundle/BANANACRAZE/script/BundleTrajectory.ts from cce:/internal/x/prerequisite-imports as file:///D:/Game-Engine%20Projects/Blazing7Test/assets/menu-bundle/BANANACRAZE/script/BundleTrajectory.ts.
16:41:10.860 debug: Resolve file:///D:/Game-Engine%20Projects/Blazing7Test/assets/menu-bundle/BANANACRAZE/script/BundleYourNumberItem.ts from cce:/internal/x/prerequisite-imports as file:///D:/Game-Engine%20Projects/Blazing7Test/assets/menu-bundle/BANANACRAZE/script/BundleYourNumberItem.ts.
16:41:10.860 debug: Resolve file:///D:/Game-Engine%20Projects/Blazing7Test/assets/menu-bundle/BANANACRAZE/script/BundleYourNumbersTrajectory.ts from cce:/internal/x/prerequisite-imports as file:///D:/Game-Engine%20Projects/Blazing7Test/assets/menu-bundle/BANANACRAZE/script/BundleYourNumbersTrajectory.ts.
16:41:10.860 debug: Resolve file:///D:/Game-Engine%20Projects/Blazing7Test/assets/menu-bundle/BINGO2/script/BingoAudio.ts from cce:/internal/x/prerequisite-imports as file:///D:/Game-Engine%20Projects/Blazing7Test/assets/menu-bundle/BINGO2/script/BingoAudio.ts.
16:41:10.860 debug: Resolve file:///D:/Game-Engine%20Projects/Blazing7Test/assets/menu-bundle/BINGO2/script/BingoBalls.ts from cce:/internal/x/prerequisite-imports as file:///D:/Game-Engine%20Projects/Blazing7Test/assets/menu-bundle/BINGO2/script/BingoBalls.ts.
16:41:10.860 debug: Resolve file:///D:/Game-Engine%20Projects/Blazing7Test/assets/menu-bundle/BINGO2/script/BingoBallsScratch.ts from cce:/internal/x/prerequisite-imports as file:///D:/Game-Engine%20Projects/Blazing7Test/assets/menu-bundle/BINGO2/script/BingoBallsScratch.ts.
16:41:10.860 debug: Resolve file:///D:/Game-Engine%20Projects/Blazing7Test/assets/menu-bundle/BINGO2/script/BingoCard.ts from cce:/internal/x/prerequisite-imports as file:///D:/Game-Engine%20Projects/Blazing7Test/assets/menu-bundle/BINGO2/script/BingoCard.ts.
16:41:10.860 debug: Resolve file:///D:/Game-Engine%20Projects/Blazing7Test/assets/menu-bundle/BINGO2/script/BingoCardDetails.ts from cce:/internal/x/prerequisite-imports as file:///D:/Game-Engine%20Projects/Blazing7Test/assets/menu-bundle/BINGO2/script/BingoCardDetails.ts.
16:41:10.860 debug: Resolve file:///D:/Game-Engine%20Projects/Blazing7Test/assets/menu-bundle/BINGO2/script/BingoConfig.ts from cce:/internal/x/prerequisite-imports as file:///D:/Game-Engine%20Projects/Blazing7Test/assets/menu-bundle/BINGO2/script/BingoConfig.ts.
16:41:10.860 debug: Resolve file:///D:/Game-Engine%20Projects/Blazing7Test/assets/menu-bundle/BINGO2/script/BingoExtraball.ts from cce:/internal/x/prerequisite-imports as file:///D:/Game-Engine%20Projects/Blazing7Test/assets/menu-bundle/BINGO2/script/BingoExtraball.ts.
16:41:10.860 debug: Resolve file:///D:/Game-Engine%20Projects/Blazing7Test/assets/menu-bundle/BINGO2/script/BingoNumber.ts from cce:/internal/x/prerequisite-imports as file:///D:/Game-Engine%20Projects/Blazing7Test/assets/menu-bundle/BINGO2/script/BingoNumber.ts.
16:41:10.860 debug: Resolve file:///D:/Game-Engine%20Projects/Blazing7Test/assets/menu-bundle/BINGO2/script/BingoRuleItem.ts from cce:/internal/x/prerequisite-imports as file:///D:/Game-Engine%20Projects/Blazing7Test/assets/menu-bundle/BINGO2/script/BingoRuleItem.ts.
16:41:10.860 debug: Resolve file:///D:/Game-Engine%20Projects/Blazing7Test/assets/menu-bundle/BINGO2/script/BingoRuleSlider.ts from cce:/internal/x/prerequisite-imports as file:///D:/Game-Engine%20Projects/Blazing7Test/assets/menu-bundle/BINGO2/script/BingoRuleSlider.ts.
16:41:10.860 debug: Resolve file:///D:/Game-Engine%20Projects/Blazing7Test/assets/menu-bundle/BINGO2/script/BingoWinAlert.ts from cce:/internal/x/prerequisite-imports as file:///D:/Game-Engine%20Projects/Blazing7Test/assets/menu-bundle/BINGO2/script/BingoWinAlert.ts.
16:41:10.860 debug: Resolve file:///D:/Game-Engine%20Projects/Blazing7Test/assets/menu-bundle/BINGO2/script/BingoWinLine.ts from cce:/internal/x/prerequisite-imports as file:///D:/Game-Engine%20Projects/Blazing7Test/assets/menu-bundle/BINGO2/script/BingoWinLine.ts.
16:41:10.860 debug: Resolve file:///D:/Game-Engine%20Projects/Blazing7Test/assets/menu-bundle/BINGO2/script/BingoWinRule.ts from cce:/internal/x/prerequisite-imports as file:///D:/Game-Engine%20Projects/Blazing7Test/assets/menu-bundle/BINGO2/script/BingoWinRule.ts.
16:41:10.860 debug: Resolve file:///D:/Game-Engine%20Projects/Blazing7Test/assets/menu-bundle/BLAZING_7S_SCRATCH/script/BundleTrajectory7s.ts from cce:/internal/x/prerequisite-imports as file:///D:/Game-Engine%20Projects/Blazing7Test/assets/menu-bundle/BLAZING_7S_SCRATCH/script/BundleTrajectory7s.ts.
16:41:10.860 debug: Resolve file:///D:/Game-Engine%20Projects/Blazing7Test/assets/menu-bundle/BLAZING_7S_SCRATCH/script/CardFragmentView.ts from cce:/internal/x/prerequisite-imports as file:///D:/Game-Engine%20Projects/Blazing7Test/assets/menu-bundle/BLAZING_7S_SCRATCH/script/CardFragmentView.ts.
16:41:10.860 debug: Resolve file:///D:/Game-Engine%20Projects/Blazing7Test/assets/menu-bundle/BLAZING_7S_SCRATCH/script/CardReview7s.ts from cce:/internal/x/prerequisite-imports as file:///D:/Game-Engine%20Projects/Blazing7Test/assets/menu-bundle/BLAZING_7S_SCRATCH/script/CardReview7s.ts.
16:41:10.860 debug: Resolve file:///D:/Game-Engine%20Projects/Blazing7Test/assets/menu-bundle/BLAZING_7S_SCRATCH/script/CardReviewMask.ts from cce:/internal/x/prerequisite-imports as file:///D:/Game-Engine%20Projects/Blazing7Test/assets/menu-bundle/BLAZING_7S_SCRATCH/script/CardReviewMask.ts.
16:41:10.860 debug: Resolve file:///D:/Game-Engine%20Projects/Blazing7Test/assets/menu-bundle/BLAZING_7S_SCRATCH/script/CardReviewRenderer.ts from cce:/internal/x/prerequisite-imports as file:///D:/Game-Engine%20Projects/Blazing7Test/assets/menu-bundle/BLAZING_7S_SCRATCH/script/CardReviewRenderer.ts.
16:41:10.860 debug: Resolve file:///D:/Game-Engine%20Projects/Blazing7Test/assets/menu-bundle/BLAZING_7S_SCRATCH/script/CardReviewSystemBlazing.ts from cce:/internal/x/prerequisite-imports as file:///D:/Game-Engine%20Projects/Blazing7Test/assets/menu-bundle/BLAZING_7S_SCRATCH/script/CardReviewSystemBlazing.ts.
16:41:10.860 debug: Resolve file:///D:/Game-Engine%20Projects/Blazing7Test/assets/menu-bundle/BLAZING_7S_SCRATCH/script/CardTypes.ts from cce:/internal/x/prerequisite-imports as file:///D:/Game-Engine%20Projects/Blazing7Test/assets/menu-bundle/BLAZING_7S_SCRATCH/script/CardTypes.ts.
16:41:10.860 debug: Resolve file:///D:/Game-Engine%20Projects/Blazing7Test/assets/menu-bundle/BLAZING_7S_SCRATCH/script/FragmentView.ts from cce:/internal/x/prerequisite-imports as file:///D:/Game-Engine%20Projects/Blazing7Test/assets/menu-bundle/BLAZING_7S_SCRATCH/script/FragmentView.ts.
16:41:10.860 debug: Resolve file:///D:/Game-Engine%20Projects/Blazing7Test/assets/menu-bundle/BLAZING_7S_SCRATCH/script/ScratchAutoPlayer.ts from cce:/internal/x/prerequisite-imports as file:///D:/Game-Engine%20Projects/Blazing7Test/assets/menu-bundle/BLAZING_7S_SCRATCH/script/ScratchAutoPlayer.ts.
16:41:10.860 debug: Resolve file:///D:/Game-Engine%20Projects/Blazing7Test/assets/menu-bundle/BLAZING_7S_SCRATCH/script/ScratchMask.ts from cce:/internal/x/prerequisite-imports as file:///D:/Game-Engine%20Projects/Blazing7Test/assets/menu-bundle/BLAZING_7S_SCRATCH/script/ScratchMask.ts.
16:41:10.860 debug: Resolve file:///D:/Game-Engine%20Projects/Blazing7Test/assets/menu-bundle/BLAZING_7S_SCRATCH/script/ScratchNumber.ts from cce:/internal/x/prerequisite-imports as file:///D:/Game-Engine%20Projects/Blazing7Test/assets/menu-bundle/BLAZING_7S_SCRATCH/script/ScratchNumber.ts.
16:41:10.860 debug: Resolve file:///D:/Game-Engine%20Projects/Blazing7Test/assets/menu-bundle/BLAZING_7S_SCRATCH/script/ScratchRenderer.ts from cce:/internal/x/prerequisite-imports as file:///D:/Game-Engine%20Projects/Blazing7Test/assets/menu-bundle/BLAZING_7S_SCRATCH/script/ScratchRenderer.ts.
16:41:10.860 debug: Resolve file:///D:/Game-Engine%20Projects/Blazing7Test/assets/menu-bundle/BLAZING_7S_SCRATCH/script/ScratchSound.ts from cce:/internal/x/prerequisite-imports as file:///D:/Game-Engine%20Projects/Blazing7Test/assets/menu-bundle/BLAZING_7S_SCRATCH/script/ScratchSound.ts.
16:41:10.860 debug: Resolve file:///D:/Game-Engine%20Projects/Blazing7Test/assets/menu-bundle/BLAZING_7S_SCRATCH/script/ScratchSystem.ts from cce:/internal/x/prerequisite-imports as file:///D:/Game-Engine%20Projects/Blazing7Test/assets/menu-bundle/BLAZING_7S_SCRATCH/script/ScratchSystem.ts.
16:41:10.860 debug: Resolve file:///D:/Game-Engine%20Projects/Blazing7Test/assets/menu-bundle/BLAZING_7S_SCRATCH/script/ScratchTrajectory.ts from cce:/internal/x/prerequisite-imports as file:///D:/Game-Engine%20Projects/Blazing7Test/assets/menu-bundle/BLAZING_7S_SCRATCH/script/ScratchTrajectory.ts.
16:41:10.860 debug: Resolve file:///D:/Game-Engine%20Projects/Blazing7Test/assets/menu-bundle/BLAZING_7S_SCRATCH/script/ScratchTypes.ts from cce:/internal/x/prerequisite-imports as file:///D:/Game-Engine%20Projects/Blazing7Test/assets/menu-bundle/BLAZING_7S_SCRATCH/script/ScratchTypes.ts.
16:41:10.860 debug: Resolve file:///D:/Game-Engine%20Projects/Blazing7Test/assets/menu-bundle/BLAZING_7S_SCRATCH/script/Trajectory.ts from cce:/internal/x/prerequisite-imports as file:///D:/Game-Engine%20Projects/Blazing7Test/assets/menu-bundle/BLAZING_7S_SCRATCH/script/Trajectory.ts.
16:41:10.860 debug: Resolve file:///D:/Game-Engine%20Projects/Blazing7Test/assets/menu-bundle/DEEP_SEA/script/DeepBonusShells.ts from cce:/internal/x/prerequisite-imports as file:///D:/Game-Engine%20Projects/Blazing7Test/assets/menu-bundle/DEEP_SEA/script/DeepBonusShells.ts.
16:41:10.860 debug: Resolve file:///D:/Game-Engine%20Projects/Blazing7Test/assets/menu-bundle/DEEP_SEA/script/DeepSeaBG.ts from cce:/internal/x/prerequisite-imports as file:///D:/Game-Engine%20Projects/Blazing7Test/assets/menu-bundle/DEEP_SEA/script/DeepSeaBG.ts.
16:41:10.860 debug: Resolve file:///D:/Game-Engine%20Projects/Blazing7Test/assets/menu-bundle/DEEP_SEA/script/DeepSeaBaseUI.ts from cce:/internal/x/prerequisite-imports as file:///D:/Game-Engine%20Projects/Blazing7Test/assets/menu-bundle/DEEP_SEA/script/DeepSeaBaseUI.ts.
16:41:10.860 debug: Resolve file:///D:/Game-Engine%20Projects/Blazing7Test/assets/menu-bundle/DEEP_SEA/script/DeepSeaBonus.ts from cce:/internal/x/prerequisite-imports as file:///D:/Game-Engine%20Projects/Blazing7Test/assets/menu-bundle/DEEP_SEA/script/DeepSeaBonus.ts.
16:41:10.860 debug: Resolve file:///D:/Game-Engine%20Projects/Blazing7Test/assets/menu-bundle/DEEP_SEA/script/DeepSeaBonusGame.ts from cce:/internal/x/prerequisite-imports as file:///D:/Game-Engine%20Projects/Blazing7Test/assets/menu-bundle/DEEP_SEA/script/DeepSeaBonusGame.ts.
16:41:10.860 debug: Resolve file:///D:/Game-Engine%20Projects/Blazing7Test/assets/menu-bundle/DEEP_SEA/script/DeepSeaBonusInfo.ts from cce:/internal/x/prerequisite-imports as file:///D:/Game-Engine%20Projects/Blazing7Test/assets/menu-bundle/DEEP_SEA/script/DeepSeaBonusInfo.ts.
16:41:10.860 debug: Resolve file:///D:/Game-Engine%20Projects/Blazing7Test/assets/menu-bundle/DEEP_SEA/script/DeepSeaBonusJackpot.ts from cce:/internal/x/prerequisite-imports as file:///D:/Game-Engine%20Projects/Blazing7Test/assets/menu-bundle/DEEP_SEA/script/DeepSeaBonusJackpot.ts.
16:41:10.860 debug: Resolve file:///D:/Game-Engine%20Projects/Blazing7Test/assets/menu-bundle/DEEP_SEA/script/DeepSeaBonusShellItem.ts from cce:/internal/x/prerequisite-imports as file:///D:/Game-Engine%20Projects/Blazing7Test/assets/menu-bundle/DEEP_SEA/script/DeepSeaBonusShellItem.ts.
16:41:10.860 debug: Resolve file:///D:/Game-Engine%20Projects/Blazing7Test/assets/menu-bundle/DEEP_SEA/script/DeepSeaBonusStone.ts from cce:/internal/x/prerequisite-imports as file:///D:/Game-Engine%20Projects/Blazing7Test/assets/menu-bundle/DEEP_SEA/script/DeepSeaBonusStone.ts.
16:41:10.860 debug: Resolve file:///D:/Game-Engine%20Projects/Blazing7Test/assets/menu-bundle/DEEP_SEA/script/DeepSeaBonusWin.ts from cce:/internal/x/prerequisite-imports as file:///D:/Game-Engine%20Projects/Blazing7Test/assets/menu-bundle/DEEP_SEA/script/DeepSeaBonusWin.ts.
16:41:10.860 debug: Resolve file:///D:/Game-Engine%20Projects/Blazing7Test/assets/menu-bundle/DEEP_SEA/script/DeepSeaBonusWinItem.ts from cce:/internal/x/prerequisite-imports as file:///D:/Game-Engine%20Projects/Blazing7Test/assets/menu-bundle/DEEP_SEA/script/DeepSeaBonusWinItem.ts.
16:41:10.860 debug: Resolve file:///D:/Game-Engine%20Projects/Blazing7Test/assets/menu-bundle/DEEP_SEA/script/DeepSeaBubbleNumItem.ts from cce:/internal/x/prerequisite-imports as file:///D:/Game-Engine%20Projects/Blazing7Test/assets/menu-bundle/DEEP_SEA/script/DeepSeaBubbleNumItem.ts.
16:41:10.860 debug: Resolve file:///D:/Game-Engine%20Projects/Blazing7Test/assets/menu-bundle/DEEP_SEA/script/DeepSeaBubbleScene.ts from cce:/internal/x/prerequisite-imports as file:///D:/Game-Engine%20Projects/Blazing7Test/assets/menu-bundle/DEEP_SEA/script/DeepSeaBubbleScene.ts.
16:41:10.860 debug: Resolve file:///D:/Game-Engine%20Projects/Blazing7Test/assets/menu-bundle/DEEP_SEA/script/DeepSeaBubbles.ts from cce:/internal/x/prerequisite-imports as file:///D:/Game-Engine%20Projects/Blazing7Test/assets/menu-bundle/DEEP_SEA/script/DeepSeaBubbles.ts.
16:41:10.860 debug: Resolve file:///D:/Game-Engine%20Projects/Blazing7Test/assets/menu-bundle/DEEP_SEA/script/DeepSeaCard.ts from cce:/internal/x/prerequisite-imports as file:///D:/Game-Engine%20Projects/Blazing7Test/assets/menu-bundle/DEEP_SEA/script/DeepSeaCard.ts.
16:41:10.860 debug: Resolve file:///D:/Game-Engine%20Projects/Blazing7Test/assets/menu-bundle/DEEP_SEA/script/DeepSeaCardDetails.ts from cce:/internal/x/prerequisite-imports as file:///D:/Game-Engine%20Projects/Blazing7Test/assets/menu-bundle/DEEP_SEA/script/DeepSeaCardDetails.ts.
16:41:10.860 debug: Resolve file:///D:/Game-Engine%20Projects/Blazing7Test/assets/menu-bundle/DEEP_SEA/script/DeepSeaCloudFloat.ts from cce:/internal/x/prerequisite-imports as file:///D:/Game-Engine%20Projects/Blazing7Test/assets/menu-bundle/DEEP_SEA/script/DeepSeaCloudFloat.ts.
16:41:10.860 debug: Resolve file:///D:/Game-Engine%20Projects/Blazing7Test/assets/menu-bundle/DEEP_SEA/script/DeepSeaFish.ts from cce:/internal/x/prerequisite-imports as file:///D:/Game-Engine%20Projects/Blazing7Test/assets/menu-bundle/DEEP_SEA/script/DeepSeaFish.ts.
16:41:10.860 debug: Resolve file:///D:/Game-Engine%20Projects/Blazing7Test/assets/menu-bundle/DEEP_SEA/script/DeepSeaGameRecord.ts from cce:/internal/x/prerequisite-imports as file:///D:/Game-Engine%20Projects/Blazing7Test/assets/menu-bundle/DEEP_SEA/script/DeepSeaGameRecord.ts.
16:41:10.860 debug: Resolve file:///D:/Game-Engine%20Projects/Blazing7Test/assets/menu-bundle/DEEP_SEA/script/DeepSeaMainGame.ts from cce:/internal/x/prerequisite-imports as file:///D:/Game-Engine%20Projects/Blazing7Test/assets/menu-bundle/DEEP_SEA/script/DeepSeaMainGame.ts.
16:41:10.860 debug: Resolve file:///D:/Game-Engine%20Projects/Blazing7Test/assets/menu-bundle/DEEP_SEA/script/DeepSeaMyNumber.ts from cce:/internal/x/prerequisite-imports as file:///D:/Game-Engine%20Projects/Blazing7Test/assets/menu-bundle/DEEP_SEA/script/DeepSeaMyNumber.ts.
16:41:10.861 debug: Resolve file:///D:/Game-Engine%20Projects/Blazing7Test/assets/menu-bundle/DEEP_SEA/script/DeepSeaReview.ts from cce:/internal/x/prerequisite-imports as file:///D:/Game-Engine%20Projects/Blazing7Test/assets/menu-bundle/DEEP_SEA/script/DeepSeaReview.ts.
16:41:10.861 debug: Resolve file:///D:/Game-Engine%20Projects/Blazing7Test/assets/menu-bundle/DEEP_SEA/script/DeepSeaSceneTranstion.ts from cce:/internal/x/prerequisite-imports as file:///D:/Game-Engine%20Projects/Blazing7Test/assets/menu-bundle/DEEP_SEA/script/DeepSeaSceneTranstion.ts.
16:41:10.861 debug: Resolve file:///D:/Game-Engine%20Projects/Blazing7Test/assets/menu-bundle/DEEP_SEA/script/DeepSeaSuperBonus.ts from cce:/internal/x/prerequisite-imports as file:///D:/Game-Engine%20Projects/Blazing7Test/assets/menu-bundle/DEEP_SEA/script/DeepSeaSuperBonus.ts.
16:41:10.861 debug: Resolve file:///D:/Game-Engine%20Projects/Blazing7Test/assets/menu-bundle/DEEP_SEA/script/DeepSeaSuperBonusGame.ts from cce:/internal/x/prerequisite-imports as file:///D:/Game-Engine%20Projects/Blazing7Test/assets/menu-bundle/DEEP_SEA/script/DeepSeaSuperBonusGame.ts.
16:41:10.861 debug: Resolve file:///D:/Game-Engine%20Projects/Blazing7Test/assets/menu-bundle/DEEP_SEA/script/DeepSeaWater.ts from cce:/internal/x/prerequisite-imports as file:///D:/Game-Engine%20Projects/Blazing7Test/assets/menu-bundle/DEEP_SEA/script/DeepSeaWater.ts.
16:41:10.861 debug: Resolve file:///D:/Game-Engine%20Projects/Blazing7Test/assets/menu-bundle/DEEP_SEA/script/DeepSeaWinNum.ts from cce:/internal/x/prerequisite-imports as file:///D:/Game-Engine%20Projects/Blazing7Test/assets/menu-bundle/DEEP_SEA/script/DeepSeaWinNum.ts.
16:41:10.861 debug: Resolve file:///D:/Game-Engine%20Projects/Blazing7Test/assets/menu-bundle/DEEP_SEA/script/data/DeepSeaAudio.ts from cce:/internal/x/prerequisite-imports as file:///D:/Game-Engine%20Projects/Blazing7Test/assets/menu-bundle/DEEP_SEA/script/data/DeepSeaAudio.ts.
16:41:10.861 debug: Resolve file:///D:/Game-Engine%20Projects/Blazing7Test/assets/menu-bundle/DEEP_SEA/script/data/DeepSeaCardData.ts from cce:/internal/x/prerequisite-imports as file:///D:/Game-Engine%20Projects/Blazing7Test/assets/menu-bundle/DEEP_SEA/script/data/DeepSeaCardData.ts.
16:41:10.861 debug: Resolve file:///D:/Game-Engine%20Projects/Blazing7Test/assets/menu-bundle/DEEP_SEA/script/data/DeepSeaEvent.ts from cce:/internal/x/prerequisite-imports as file:///D:/Game-Engine%20Projects/Blazing7Test/assets/menu-bundle/DEEP_SEA/script/data/DeepSeaEvent.ts.
16:41:10.861 debug: Resolve file:///D:/Game-Engine%20Projects/Blazing7Test/assets/menu-bundle/DEEP_SEA/script/data/DeepSeaRes.ts from cce:/internal/x/prerequisite-imports as file:///D:/Game-Engine%20Projects/Blazing7Test/assets/menu-bundle/DEEP_SEA/script/data/DeepSeaRes.ts.
16:41:10.861 debug: Resolve file:///D:/Game-Engine%20Projects/Blazing7Test/assets/menu-bundle/GINTO_MATCH/script/BundleTrajectoryGinto.ts from cce:/internal/x/prerequisite-imports as file:///D:/Game-Engine%20Projects/Blazing7Test/assets/menu-bundle/GINTO_MATCH/script/BundleTrajectoryGinto.ts.
16:41:10.861 debug: Resolve file:///D:/Game-Engine%20Projects/Blazing7Test/assets/menu-bundle/GINTO_MATCH/script/CardFragmentView.ts from cce:/internal/x/prerequisite-imports as file:///D:/Game-Engine%20Projects/Blazing7Test/assets/menu-bundle/GINTO_MATCH/script/CardFragmentView.ts.
16:41:10.861 debug: Resolve file:///D:/Game-Engine%20Projects/Blazing7Test/assets/menu-bundle/GINTO_MATCH/script/CardReviewGinto.ts from cce:/internal/x/prerequisite-imports as file:///D:/Game-Engine%20Projects/Blazing7Test/assets/menu-bundle/GINTO_MATCH/script/CardReviewGinto.ts.
16:41:10.861 debug: Resolve file:///D:/Game-Engine%20Projects/Blazing7Test/assets/menu-bundle/GINTO_MATCH/script/CardReviewMask.ts from cce:/internal/x/prerequisite-imports as file:///D:/Game-Engine%20Projects/Blazing7Test/assets/menu-bundle/GINTO_MATCH/script/CardReviewMask.ts.
16:41:10.861 debug: Resolve file:///D:/Game-Engine%20Projects/Blazing7Test/assets/menu-bundle/GINTO_MATCH/script/CardReviewRenderer.ts from cce:/internal/x/prerequisite-imports as file:///D:/Game-Engine%20Projects/Blazing7Test/assets/menu-bundle/GINTO_MATCH/script/CardReviewRenderer.ts.
16:41:10.861 debug: Resolve file:///D:/Game-Engine%20Projects/Blazing7Test/assets/menu-bundle/GINTO_MATCH/script/CardReviewSystem.ts from cce:/internal/x/prerequisite-imports as file:///D:/Game-Engine%20Projects/Blazing7Test/assets/menu-bundle/GINTO_MATCH/script/CardReviewSystem.ts.
16:41:10.861 debug: Resolve file:///D:/Game-Engine%20Projects/Blazing7Test/assets/menu-bundle/GINTO_MATCH/script/CardTypes.ts from cce:/internal/x/prerequisite-imports as file:///D:/Game-Engine%20Projects/Blazing7Test/assets/menu-bundle/GINTO_MATCH/script/CardTypes.ts.
16:41:10.861 debug: Resolve file:///D:/Game-Engine%20Projects/Blazing7Test/assets/menu-bundle/GINTO_MATCH/script/FragmentView.ts from cce:/internal/x/prerequisite-imports as file:///D:/Game-Engine%20Projects/Blazing7Test/assets/menu-bundle/GINTO_MATCH/script/FragmentView.ts.
16:41:10.861 debug: Resolve file:///D:/Game-Engine%20Projects/Blazing7Test/assets/menu-bundle/GINTO_MATCH/script/ScratchAutoPlayer.ts from cce:/internal/x/prerequisite-imports as file:///D:/Game-Engine%20Projects/Blazing7Test/assets/menu-bundle/GINTO_MATCH/script/ScratchAutoPlayer.ts.
16:41:10.861 debug: Resolve file:///D:/Game-Engine%20Projects/Blazing7Test/assets/menu-bundle/GINTO_MATCH/script/ScratchMask.ts from cce:/internal/x/prerequisite-imports as file:///D:/Game-Engine%20Projects/Blazing7Test/assets/menu-bundle/GINTO_MATCH/script/ScratchMask.ts.
16:41:10.861 debug: Resolve file:///D:/Game-Engine%20Projects/Blazing7Test/assets/menu-bundle/GINTO_MATCH/script/ScratchRenderer.ts from cce:/internal/x/prerequisite-imports as file:///D:/Game-Engine%20Projects/Blazing7Test/assets/menu-bundle/GINTO_MATCH/script/ScratchRenderer.ts.
16:41:10.861 debug: Resolve file:///D:/Game-Engine%20Projects/Blazing7Test/assets/menu-bundle/GINTO_MATCH/script/ScratchSound.ts from cce:/internal/x/prerequisite-imports as file:///D:/Game-Engine%20Projects/Blazing7Test/assets/menu-bundle/GINTO_MATCH/script/ScratchSound.ts.
16:41:10.861 debug: Resolve file:///D:/Game-Engine%20Projects/Blazing7Test/assets/menu-bundle/GINTO_MATCH/script/ScratchSystem.ts from cce:/internal/x/prerequisite-imports as file:///D:/Game-Engine%20Projects/Blazing7Test/assets/menu-bundle/GINTO_MATCH/script/ScratchSystem.ts.
16:41:10.861 debug: Resolve file:///D:/Game-Engine%20Projects/Blazing7Test/assets/menu-bundle/GINTO_MATCH/script/ScratchTrajectory.ts from cce:/internal/x/prerequisite-imports as file:///D:/Game-Engine%20Projects/Blazing7Test/assets/menu-bundle/GINTO_MATCH/script/ScratchTrajectory.ts.
16:41:10.861 debug: Resolve file:///D:/Game-Engine%20Projects/Blazing7Test/assets/menu-bundle/GINTO_MATCH/script/ScratchTypes.ts from cce:/internal/x/prerequisite-imports as file:///D:/Game-Engine%20Projects/Blazing7Test/assets/menu-bundle/GINTO_MATCH/script/ScratchTypes.ts.
16:41:10.861 debug: Resolve file:///D:/Game-Engine%20Projects/Blazing7Test/assets/menu-bundle/LUCKY_COLORS2/script/LuckyColor_CCFlopCard.ts from cce:/internal/x/prerequisite-imports as file:///D:/Game-Engine%20Projects/Blazing7Test/assets/menu-bundle/LUCKY_COLORS2/script/LuckyColor_CCFlopCard.ts.
16:41:10.861 debug: Resolve file:///D:/Game-Engine%20Projects/Blazing7Test/assets/menu-bundle/LUCKY_COLORS2/script/LuckyColor_Card.ts from cce:/internal/x/prerequisite-imports as file:///D:/Game-Engine%20Projects/Blazing7Test/assets/menu-bundle/LUCKY_COLORS2/script/LuckyColor_Card.ts.
16:41:10.861 debug: Resolve file:///D:/Game-Engine%20Projects/Blazing7Test/assets/menu-bundle/LUCKY_COLORS2/script/LuckyColor_CardItemColor.ts from cce:/internal/x/prerequisite-imports as file:///D:/Game-Engine%20Projects/Blazing7Test/assets/menu-bundle/LUCKY_COLORS2/script/LuckyColor_CardItemColor.ts.
16:41:10.861 debug: Resolve file:///D:/Game-Engine%20Projects/Blazing7Test/assets/menu-bundle/LUCKY_COLORS2/script/LuckyColor_CardReview.ts from cce:/internal/x/prerequisite-imports as file:///D:/Game-Engine%20Projects/Blazing7Test/assets/menu-bundle/LUCKY_COLORS2/script/LuckyColor_CardReview.ts.
16:41:10.861 debug: Resolve file:///D:/Game-Engine%20Projects/Blazing7Test/assets/menu-bundle/LUCKY_COLORS2/script/LuckyColor_Color_Win.ts from cce:/internal/x/prerequisite-imports as file:///D:/Game-Engine%20Projects/Blazing7Test/assets/menu-bundle/LUCKY_COLORS2/script/LuckyColor_Color_Win.ts.
16:41:10.861 debug: Resolve file:///D:/Game-Engine%20Projects/Blazing7Test/assets/menu-bundle/LUCKY_COLORS2/script/LuckyColor_Default_Card.ts from cce:/internal/x/prerequisite-imports as file:///D:/Game-Engine%20Projects/Blazing7Test/assets/menu-bundle/LUCKY_COLORS2/script/LuckyColor_Default_Card.ts.
16:41:10.861 debug: Resolve file:///D:/Game-Engine%20Projects/Blazing7Test/assets/menu-bundle/LUCKY_COLORS2/script/LuckyColor_HelpView.ts from cce:/internal/x/prerequisite-imports as file:///D:/Game-Engine%20Projects/Blazing7Test/assets/menu-bundle/LUCKY_COLORS2/script/LuckyColor_HelpView.ts.
16:41:10.861 debug: Resolve file:///D:/Game-Engine%20Projects/Blazing7Test/assets/menu-bundle/LUCKY_COLORS2/script/LuckyColor_ScratchBonus.ts from cce:/internal/x/prerequisite-imports as file:///D:/Game-Engine%20Projects/Blazing7Test/assets/menu-bundle/LUCKY_COLORS2/script/LuckyColor_ScratchBonus.ts.
16:41:10.861 debug: Resolve file:///D:/Game-Engine%20Projects/Blazing7Test/assets/menu-bundle/PIKA2/script/BundleCardDetailFoodItem.ts from cce:/internal/x/prerequisite-imports as file:///D:/Game-Engine%20Projects/Blazing7Test/assets/menu-bundle/PIKA2/script/BundleCardDetailFoodItem.ts.
16:41:10.861 debug: Resolve file:///D:/Game-Engine%20Projects/Blazing7Test/assets/menu-bundle/PIKA2/script/BundleLeafItem.ts from cce:/internal/x/prerequisite-imports as file:///D:/Game-Engine%20Projects/Blazing7Test/assets/menu-bundle/PIKA2/script/BundleLeafItem.ts.
16:41:10.861 debug: Resolve file:///D:/Game-Engine%20Projects/Blazing7Test/assets/menu-bundle/PIKA2/script/BundleLeafManager.ts from cce:/internal/x/prerequisite-imports as file:///D:/Game-Engine%20Projects/Blazing7Test/assets/menu-bundle/PIKA2/script/BundleLeafManager.ts.
16:41:10.861 debug: Resolve file:///D:/Game-Engine%20Projects/Blazing7Test/assets/menu-bundle/PIKA2/script/BundlePikaCardTrajectoryComponent.ts from cce:/internal/x/prerequisite-imports as file:///D:/Game-Engine%20Projects/Blazing7Test/assets/menu-bundle/PIKA2/script/BundlePikaCardTrajectoryComponent.ts.
16:41:10.861 debug: Resolve file:///D:/Game-Engine%20Projects/Blazing7Test/assets/menu-bundle/PIKA2/script/BundleTrajectory.ts from cce:/internal/x/prerequisite-imports as file:///D:/Game-Engine%20Projects/Blazing7Test/assets/menu-bundle/PIKA2/script/BundleTrajectory.ts.
16:41:10.861 debug: Resolve file:///D:/Game-Engine%20Projects/Blazing7Test/assets/menu-bundle/script/api/GameApi.ts from cce:/internal/x/prerequisite-imports as file:///D:/Game-Engine%20Projects/Blazing7Test/assets/menu-bundle/script/api/GameApi.ts.
16:41:10.861 debug: Resolve file:///D:/Game-Engine%20Projects/Blazing7Test/assets/menu-bundle/script/base/BundleBasePanel.ts from cce:/internal/x/prerequisite-imports as file:///D:/Game-Engine%20Projects/Blazing7Test/assets/menu-bundle/script/base/BundleBasePanel.ts.
16:41:10.861 debug: Resolve file:///D:/Game-Engine%20Projects/Blazing7Test/assets/menu-bundle/script/base/BundleBaseUI.ts from cce:/internal/x/prerequisite-imports as file:///D:/Game-Engine%20Projects/Blazing7Test/assets/menu-bundle/script/base/BundleBaseUI.ts.
16:41:10.861 debug: Resolve file:///D:/Game-Engine%20Projects/Blazing7Test/assets/menu-bundle/script/base/BundleSingleButton.ts from cce:/internal/x/prerequisite-imports as file:///D:/Game-Engine%20Projects/Blazing7Test/assets/menu-bundle/script/base/BundleSingleButton.ts.
16:41:10.861 debug: Resolve file:///D:/Game-Engine%20Projects/Blazing7Test/assets/menu-bundle/script/eui/BundleUIKeys.ts from cce:/internal/x/prerequisite-imports as file:///D:/Game-Engine%20Projects/Blazing7Test/assets/menu-bundle/script/eui/BundleUIKeys.ts.
16:41:10.861 debug: Resolve file:///D:/Game-Engine%20Projects/Blazing7Test/assets/menu-bundle/script/interfaces/IMenuDependencies.ts from cce:/internal/x/prerequisite-imports as file:///D:/Game-Engine%20Projects/Blazing7Test/assets/menu-bundle/script/interfaces/IMenuDependencies.ts.
16:41:10.861 debug: Resolve file:///D:/Game-Engine%20Projects/Blazing7Test/assets/menu-bundle/script/manager/MessageFlag.ts from cce:/internal/x/prerequisite-imports as file:///D:/Game-Engine%20Projects/Blazing7Test/assets/menu-bundle/script/manager/MessageFlag.ts.
16:41:10.861 debug: Resolve file:///D:/Game-Engine%20Projects/Blazing7Test/assets/menu-bundle/script/types/AniType.ts from cce:/internal/x/prerequisite-imports as file:///D:/Game-Engine%20Projects/Blazing7Test/assets/menu-bundle/script/types/AniType.ts.
16:41:10.861 debug: Resolve file:///D:/Game-Engine%20Projects/Blazing7Test/assets/menu-bundle/script/utils/BundleGameUtils.ts from cce:/internal/x/prerequisite-imports as file:///D:/Game-Engine%20Projects/Blazing7Test/assets/menu-bundle/script/utils/BundleGameUtils.ts.
16:41:10.861 debug: Resolve file:///D:/Game-Engine%20Projects/Blazing7Test/assets/menu-bundle/script/utils/analytics_bridge.ts from cce:/internal/x/prerequisite-imports as file:///D:/Game-Engine%20Projects/Blazing7Test/assets/menu-bundle/script/utils/analytics_bridge.ts.
16:41:10.861 debug: Resolve file:///D:/Game-Engine%20Projects/Blazing7Test/assets/menu-bundle/script/utils/logger.ts from cce:/internal/x/prerequisite-imports as file:///D:/Game-Engine%20Projects/Blazing7Test/assets/menu-bundle/script/utils/logger.ts.
16:41:10.861 debug: Resolve file:///D:/Game-Engine%20Projects/Blazing7Test/assets/menu-bundle/script/view/BundleBigWin.ts from cce:/internal/x/prerequisite-imports as file:///D:/Game-Engine%20Projects/Blazing7Test/assets/menu-bundle/script/view/BundleBigWin.ts.
16:41:10.861 debug: Resolve file:///D:/Game-Engine%20Projects/Blazing7Test/assets/menu-bundle/script/view/BundleBigWinItem.ts from cce:/internal/x/prerequisite-imports as file:///D:/Game-Engine%20Projects/Blazing7Test/assets/menu-bundle/script/view/BundleBigWinItem.ts.
16:41:10.861 debug: Resolve file:///D:/Game-Engine%20Projects/Blazing7Test/assets/menu-bundle/script/view/BundleCardDetail.ts from cce:/internal/x/prerequisite-imports as file:///D:/Game-Engine%20Projects/Blazing7Test/assets/menu-bundle/script/view/BundleCardDetail.ts.
16:41:10.861 debug: Resolve file:///D:/Game-Engine%20Projects/Blazing7Test/assets/menu-bundle/script/view/BundleCardInfoItem.ts from cce:/internal/x/prerequisite-imports as file:///D:/Game-Engine%20Projects/Blazing7Test/assets/menu-bundle/script/view/BundleCardInfoItem.ts.
16:41:10.861 debug: Resolve file:///D:/Game-Engine%20Projects/Blazing7Test/assets/menu-bundle/script/view/BundleCardSale.ts from cce:/internal/x/prerequisite-imports as file:///D:/Game-Engine%20Projects/Blazing7Test/assets/menu-bundle/script/view/BundleCardSale.ts.
16:41:10.861 debug: Resolve file:///D:/Game-Engine%20Projects/Blazing7Test/assets/menu-bundle/script/view/BundleCardSaleItem.ts from cce:/internal/x/prerequisite-imports as file:///D:/Game-Engine%20Projects/Blazing7Test/assets/menu-bundle/script/view/BundleCardSaleItem.ts.
16:41:10.861 debug: Resolve file:///D:/Game-Engine%20Projects/Blazing7Test/assets/menu-bundle/script/view/BundleFiltter.ts from cce:/internal/x/prerequisite-imports as file:///D:/Game-Engine%20Projects/Blazing7Test/assets/menu-bundle/script/view/BundleFiltter.ts.
16:41:10.861 debug: Resolve file:///D:/Game-Engine%20Projects/Blazing7Test/assets/menu-bundle/script/view/BundleGameItem.ts from cce:/internal/x/prerequisite-imports as file:///D:/Game-Engine%20Projects/Blazing7Test/assets/menu-bundle/script/view/BundleGameItem.ts.
16:41:10.861 debug: Resolve file:///D:/Game-Engine%20Projects/Blazing7Test/assets/menu-bundle/script/view/BundleGameRecords.ts from cce:/internal/x/prerequisite-imports as file:///D:/Game-Engine%20Projects/Blazing7Test/assets/menu-bundle/script/view/BundleGameRecords.ts.
16:41:10.861 debug: Resolve file:///D:/Game-Engine%20Projects/Blazing7Test/assets/menu-bundle/script/view/BundleGameRules.ts from cce:/internal/x/prerequisite-imports as file:///D:/Game-Engine%20Projects/Blazing7Test/assets/menu-bundle/script/view/BundleGameRules.ts.
16:41:10.861 debug: Resolve file:///D:/Game-Engine%20Projects/Blazing7Test/assets/menu-bundle/script/view/BundleGrandPirzeItem.ts from cce:/internal/x/prerequisite-imports as file:///D:/Game-Engine%20Projects/Blazing7Test/assets/menu-bundle/script/view/BundleGrandPirzeItem.ts.
16:41:10.861 debug: Resolve file:///D:/Game-Engine%20Projects/Blazing7Test/assets/menu-bundle/script/view/BundleGrandPrize.ts from cce:/internal/x/prerequisite-imports as file:///D:/Game-Engine%20Projects/Blazing7Test/assets/menu-bundle/script/view/BundleGrandPrize.ts.
16:41:10.861 debug: Resolve file:///D:/Game-Engine%20Projects/Blazing7Test/assets/menu-bundle/script/view/BundleHonorBoard.ts from cce:/internal/x/prerequisite-imports as file:///D:/Game-Engine%20Projects/Blazing7Test/assets/menu-bundle/script/view/BundleHonorBoard.ts.
16:41:10.861 debug: Resolve file:///D:/Game-Engine%20Projects/Blazing7Test/assets/menu-bundle/script/view/BundleMenu.ts from cce:/internal/x/prerequisite-imports as file:///D:/Game-Engine%20Projects/Blazing7Test/assets/menu-bundle/script/view/BundleMenu.ts.
16:41:10.861 debug: Resolve file:///D:/Game-Engine%20Projects/Blazing7Test/assets/menu-bundle/script/view/BundleOtherGames.ts from cce:/internal/x/prerequisite-imports as file:///D:/Game-Engine%20Projects/Blazing7Test/assets/menu-bundle/script/view/BundleOtherGames.ts.
16:41:10.861 debug: Resolve file:///D:/Game-Engine%20Projects/Blazing7Test/assets/menu-bundle/script/view/BundleRecordItem.ts from cce:/internal/x/prerequisite-imports as file:///D:/Game-Engine%20Projects/Blazing7Test/assets/menu-bundle/script/view/BundleRecordItem.ts.
16:41:10.861 debug: Resolve file:///D:/Game-Engine%20Projects/Blazing7Test/assets/menu-bundle/script/view/BundleTopItem.ts from cce:/internal/x/prerequisite-imports as file:///D:/Game-Engine%20Projects/Blazing7Test/assets/menu-bundle/script/view/BundleTopItem.ts.
16:41:10.861 debug: Resolve file:///D:/Game-Engine%20Projects/Blazing7Test/assets/menu-bundle/script/view/BundleTopItemCardSale.ts from cce:/internal/x/prerequisite-imports as file:///D:/Game-Engine%20Projects/Blazing7Test/assets/menu-bundle/script/view/BundleTopItemCardSale.ts.
16:41:10.861 debug: Resolve file:///D:/Game-Engine%20Projects/Blazing7Test/assets/menu-bundle/script/view/PopupCardDetail.ts from cce:/internal/x/prerequisite-imports as file:///D:/Game-Engine%20Projects/Blazing7Test/assets/menu-bundle/script/view/PopupCardDetail.ts.
16:41:10.862 debug: Resolve cce:/internal/code-quality/cr.mjs from file:///C:/ProgramData/cocos/editors/Creator/3.8.5/resources/resources/3d/engine/editor/assets/default_renderpipeline/builtin-dof-pass.ts as cce:/internal/code-quality/cr.mjs.
16:41:10.862 debug: Detected change: cce:/internal/code-quality/cr.mjs. Last mtime: Thu May 14 2026 15:08:13 GMT+0800 (Philippine Standard Time), Current mtime: Thu May 14 2026 16:41:05 GMT+0800 (Philippine Standard Time)
16:41:10.862 debug: Inspect cce:/internal/code-quality/cr.mjs
16:41:10.862 debug: transform url: 'cce:/internal/code-quality/cr.mjs' costs: 11.80 ms
16:41:10.862 debug: Resolve cc from file:///C:/ProgramData/cocos/editors/Creator/3.8.5/resources/resources/3d/engine/editor/assets/default_renderpipeline/builtin-dof-pass.ts as cce:/internal/x/cc.
16:41:10.862 debug: Resolve cc from file:///C:/ProgramData/cocos/editors/Creator/3.8.5/resources/resources/3d/engine/editor/assets/default_renderpipeline/builtin-dof-pass.ts as cce:/internal/x/cc.
16:41:10.862 debug: Resolve cc from file:///C:/ProgramData/cocos/editors/Creator/3.8.5/resources/resources/3d/engine/editor/assets/default_renderpipeline/builtin-dof-pass.ts as cce:/internal/x/cc.
16:41:10.862 debug: Resolve cc/env from file:///C:/ProgramData/cocos/editors/Creator/3.8.5/resources/resources/3d/engine/editor/assets/default_renderpipeline/builtin-dof-pass.ts as external dependency cc/env.
16:41:10.862 debug: Resolve ./builtin-pipeline-settings from file:///C:/ProgramData/cocos/editors/Creator/3.8.5/resources/resources/3d/engine/editor/assets/default_renderpipeline/builtin-dof-pass.ts as file:///C:/ProgramData/cocos/editors/Creator/3.8.5/resources/resources/3d/engine/editor/assets/default_renderpipeline/builtin-pipeline-settings.ts.
16:41:10.862 debug: Resolve ./builtin-pipeline-pass from file:///C:/ProgramData/cocos/editors/Creator/3.8.5/resources/resources/3d/engine/editor/assets/default_renderpipeline/builtin-dof-pass.ts as file:///C:/ProgramData/cocos/editors/Creator/3.8.5/resources/resources/3d/engine/editor/assets/default_renderpipeline/builtin-pipeline-pass.ts.
16:41:10.862 debug: Resolve ./builtin-pipeline from file:///C:/ProgramData/cocos/editors/Creator/3.8.5/resources/resources/3d/engine/editor/assets/default_renderpipeline/builtin-dof-pass.ts as file:///C:/ProgramData/cocos/editors/Creator/3.8.5/resources/resources/3d/engine/editor/assets/default_renderpipeline/builtin-pipeline.ts.
16:41:10.862 debug: Resolve cce:/internal/code-quality/cr.mjs from file:///C:/ProgramData/cocos/editors/Creator/3.8.5/resources/resources/3d/engine/editor/assets/default_renderpipeline/builtin-pipeline-settings.ts as cce:/internal/code-quality/cr.mjs.
16:41:10.862 debug: Resolve cc from file:///C:/ProgramData/cocos/editors/Creator/3.8.5/resources/resources/3d/engine/editor/assets/default_renderpipeline/builtin-pipeline-settings.ts as cce:/internal/x/cc.
16:41:10.862 debug: Resolve cc from file:///C:/ProgramData/cocos/editors/Creator/3.8.5/resources/resources/3d/engine/editor/assets/default_renderpipeline/builtin-pipeline-settings.ts as cce:/internal/x/cc.
16:41:10.862 debug: Resolve cc from file:///C:/ProgramData/cocos/editors/Creator/3.8.5/resources/resources/3d/engine/editor/assets/default_renderpipeline/builtin-pipeline-settings.ts as cce:/internal/x/cc.
16:41:10.862 debug: Resolve cc/env from file:///C:/ProgramData/cocos/editors/Creator/3.8.5/resources/resources/3d/engine/editor/assets/default_renderpipeline/builtin-pipeline-settings.ts as external dependency cc/env.
16:41:10.862 debug: Resolve ./builtin-pipeline-types from file:///C:/ProgramData/cocos/editors/Creator/3.8.5/resources/resources/3d/engine/editor/assets/default_renderpipeline/builtin-pipeline-settings.ts as file:///C:/ProgramData/cocos/editors/Creator/3.8.5/resources/resources/3d/engine/editor/assets/default_renderpipeline/builtin-pipeline-types.ts.
16:41:10.862 debug: Resolve cc from file:///C:/ProgramData/cocos/editors/Creator/3.8.5/resources/resources/3d/engine/editor/assets/default_renderpipeline/builtin-pipeline-types.ts as cce:/internal/x/cc.
16:41:10.862 debug: Resolve cc from file:///C:/ProgramData/cocos/editors/Creator/3.8.5/resources/resources/3d/engine/editor/assets/default_renderpipeline/builtin-pipeline-types.ts as cce:/internal/x/cc.
16:41:10.862 debug: Resolve cc from file:///C:/ProgramData/cocos/editors/Creator/3.8.5/resources/resources/3d/engine/editor/assets/default_renderpipeline/builtin-pipeline-types.ts as cce:/internal/x/cc.
16:41:10.862 debug: Resolve cce:/internal/code-quality/cr.mjs from file:///C:/ProgramData/cocos/editors/Creator/3.8.5/resources/resources/3d/engine/editor/assets/default_renderpipeline/builtin-pipeline-pass.ts as cce:/internal/code-quality/cr.mjs.
16:41:10.862 debug: Resolve cc from file:///C:/ProgramData/cocos/editors/Creator/3.8.5/resources/resources/3d/engine/editor/assets/default_renderpipeline/builtin-pipeline-pass.ts as cce:/internal/x/cc.
16:41:10.862 debug: Resolve cc from file:///C:/ProgramData/cocos/editors/Creator/3.8.5/resources/resources/3d/engine/editor/assets/default_renderpipeline/builtin-pipeline-pass.ts as cce:/internal/x/cc.
16:41:10.862 debug: Resolve cc from file:///C:/ProgramData/cocos/editors/Creator/3.8.5/resources/resources/3d/engine/editor/assets/default_renderpipeline/builtin-pipeline-pass.ts as cce:/internal/x/cc.
16:41:10.862 debug: Resolve ./builtin-pipeline-settings from file:///C:/ProgramData/cocos/editors/Creator/3.8.5/resources/resources/3d/engine/editor/assets/default_renderpipeline/builtin-pipeline-pass.ts as file:///C:/ProgramData/cocos/editors/Creator/3.8.5/resources/resources/3d/engine/editor/assets/default_renderpipeline/builtin-pipeline-settings.ts.
16:41:10.862 debug: Resolve cc/env from file:///C:/ProgramData/cocos/editors/Creator/3.8.5/resources/resources/3d/engine/editor/assets/default_renderpipeline/builtin-pipeline-pass.ts as external dependency cc/env.
16:41:10.862 debug: Resolve cce:/internal/code-quality/cr.mjs from file:///C:/ProgramData/cocos/editors/Creator/3.8.5/resources/resources/3d/engine/editor/assets/default_renderpipeline/builtin-pipeline.ts as cce:/internal/code-quality/cr.mjs.
16:41:10.862 debug: Resolve cc from file:///C:/ProgramData/cocos/editors/Creator/3.8.5/resources/resources/3d/engine/editor/assets/default_renderpipeline/builtin-pipeline.ts as cce:/internal/x/cc.
16:41:10.862 debug: Resolve cc from file:///C:/ProgramData/cocos/editors/Creator/3.8.5/resources/resources/3d/engine/editor/assets/default_renderpipeline/builtin-pipeline.ts as cce:/internal/x/cc.
16:41:10.862 debug: Resolve cc from file:///C:/ProgramData/cocos/editors/Creator/3.8.5/resources/resources/3d/engine/editor/assets/default_renderpipeline/builtin-pipeline.ts as cce:/internal/x/cc.
16:41:10.862 debug: Resolve cc/env from file:///C:/ProgramData/cocos/editors/Creator/3.8.5/resources/resources/3d/engine/editor/assets/default_renderpipeline/builtin-pipeline.ts as external dependency cc/env.
16:41:10.862 debug: Resolve ./builtin-pipeline-types from file:///C:/ProgramData/cocos/editors/Creator/3.8.5/resources/resources/3d/engine/editor/assets/default_renderpipeline/builtin-pipeline.ts as file:///C:/ProgramData/cocos/editors/Creator/3.8.5/resources/resources/3d/engine/editor/assets/default_renderpipeline/builtin-pipeline-types.ts.
16:41:10.862 debug: Resolve cc from file:///C:/ProgramData/cocos/editors/Creator/3.8.5/resources/resources/3d/engine/editor/assets/tools/debug-view-runtime-control.ts as cce:/internal/x/cc.
16:41:10.862 debug: Resolve cc from file:///C:/ProgramData/cocos/editors/Creator/3.8.5/resources/resources/3d/engine/editor/assets/tools/debug-view-runtime-control.ts as cce:/internal/x/cc.
16:41:10.862 debug: Resolve cc from file:///C:/ProgramData/cocos/editors/Creator/3.8.5/resources/resources/3d/engine/editor/assets/tools/debug-view-runtime-control.ts as cce:/internal/x/cc.
16:41:10.862 debug: Resolve cce:/internal/code-quality/cr.mjs from file:///D:/Game-Engine%20Projects/Blazing7Test/assets/Scripts/Api/ApiCore.ts as cce:/internal/code-quality/cr.mjs.
16:41:10.862 debug: Resolve cc from file:///D:/Game-Engine%20Projects/Blazing7Test/assets/Scripts/Api/ApiCore.ts as cce:/internal/x/cc.
16:41:10.862 debug: Resolve @ge/game-common-sdk from file:///D:/Game-Engine%20Projects/Blazing7Test/assets/Scripts/Api/ApiCore.ts as file:///D:/Game-Engine%20Projects/Blazing7Test/node_modules/@ge/game-common-sdk/dist/index.esm.js.
16:41:10.862 debug: Resolve ./ApiError from file:///D:/Game-Engine%20Projects/Blazing7Test/assets/Scripts/Api/ApiCore.ts as file:///D:/Game-Engine%20Projects/Blazing7Test/assets/Scripts/Api/ApiError.ts.
16:41:10.862 debug: Resolve ../utils/logger from file:///D:/Game-Engine%20Projects/Blazing7Test/assets/Scripts/Api/ApiCore.ts as file:///D:/Game-Engine%20Projects/Blazing7Test/assets/Scripts/utils/logger.ts.
16:41:10.862 debug: Resolve ../Managers/GameManager from file:///D:/Game-Engine%20Projects/Blazing7Test/assets/Scripts/Api/ApiCore.ts as file:///D:/Game-Engine%20Projects/Blazing7Test/assets/Scripts/Managers/GameManager.ts.
16:41:10.862 debug: Resolve ../Managers/Services from file:///D:/Game-Engine%20Projects/Blazing7Test/assets/Scripts/Api/ApiCore.ts as file:///D:/Game-Engine%20Projects/Blazing7Test/assets/Scripts/Managers/Services.ts.
16:41:10.862 debug: Resolve cc from file:///D:/Game-Engine%20Projects/Blazing7Test/assets/Scripts/Api/ApiError.ts as cce:/internal/x/cc.
16:41:10.862 debug: Resolve cc from file:///D:/Game-Engine%20Projects/Blazing7Test/assets/Scripts/utils/logger.ts as cce:/internal/x/cc.
16:41:10.862 debug: Resolve cce:/internal/code-quality/cr.mjs from file:///D:/Game-Engine%20Projects/Blazing7Test/assets/Scripts/Managers/GameManager.ts as cce:/internal/code-quality/cr.mjs.
16:41:10.862 debug: Resolve cc from file:///D:/Game-Engine%20Projects/Blazing7Test/assets/Scripts/Managers/GameManager.ts as cce:/internal/x/cc.
16:41:10.862 debug: Resolve cc from file:///D:/Game-Engine%20Projects/Blazing7Test/assets/Scripts/Managers/GameManager.ts as cce:/internal/x/cc.
16:41:10.862 debug: Resolve cc from file:///D:/Game-Engine%20Projects/Blazing7Test/assets/Scripts/Managers/GameManager.ts as cce:/internal/x/cc.
16:41:10.862 debug: Resolve ./Services from file:///D:/Game-Engine%20Projects/Blazing7Test/assets/Scripts/Managers/GameManager.ts as file:///D:/Game-Engine%20Projects/Blazing7Test/assets/Scripts/Managers/Services.ts.
16:41:10.862 debug: Resolve ./SceneManager from file:///D:/Game-Engine%20Projects/Blazing7Test/assets/Scripts/Managers/GameManager.ts as file:///D:/Game-Engine%20Projects/Blazing7Test/assets/Scripts/Managers/SceneManager.ts.
16:41:10.862 debug: Resolve ./ResourceManager from file:///D:/Game-Engine%20Projects/Blazing7Test/assets/Scripts/Managers/GameManager.ts as file:///D:/Game-Engine%20Projects/Blazing7Test/assets/Scripts/Managers/ResourceManager.ts.
16:41:10.862 debug: Resolve ./AudioManager from file:///D:/Game-Engine%20Projects/Blazing7Test/assets/Scripts/Managers/GameManager.ts as file:///D:/Game-Engine%20Projects/Blazing7Test/assets/Scripts/Managers/AudioManager.ts.
16:41:10.862 debug: Resolve ../UI/UIRoot from file:///D:/Game-Engine%20Projects/Blazing7Test/assets/Scripts/Managers/GameManager.ts as file:///D:/Game-Engine%20Projects/Blazing7Test/assets/Scripts/UI/UIRoot.ts.
16:41:10.862 debug: Resolve ../Data/GameData from file:///D:/Game-Engine%20Projects/Blazing7Test/assets/Scripts/Managers/GameManager.ts as file:///D:/Game-Engine%20Projects/Blazing7Test/assets/Scripts/Data/GameData.ts.
16:41:10.862 debug: Resolve ../Data/TicketData from file:///D:/Game-Engine%20Projects/Blazing7Test/assets/Scripts/Managers/GameManager.ts as file:///D:/Game-Engine%20Projects/Blazing7Test/assets/Scripts/Data/TicketData.ts.
16:41:10.862 debug: Resolve ./PopUpManager from file:///D:/Game-Engine%20Projects/Blazing7Test/assets/Scripts/Managers/GameManager.ts as file:///D:/Game-Engine%20Projects/Blazing7Test/assets/Scripts/Managers/PopUpManager.ts.
16:41:10.862 debug: Resolve ../Card/ScratchCard from file:///D:/Game-Engine%20Projects/Blazing7Test/assets/Scripts/Managers/GameManager.ts as file:///D:/Game-Engine%20Projects/Blazing7Test/assets/Scripts/Card/ScratchCard.ts.
16:41:10.862 debug: Resolve ../utils/logger from file:///D:/Game-Engine%20Projects/Blazing7Test/assets/Scripts/Managers/GameManager.ts as file:///D:/Game-Engine%20Projects/Blazing7Test/assets/Scripts/utils/logger.ts.
16:41:10.862 debug: Resolve ../Api/ApiManager from file:///D:/Game-Engine%20Projects/Blazing7Test/assets/Scripts/Managers/GameManager.ts as file:///D:/Game-Engine%20Projects/Blazing7Test/assets/Scripts/Api/ApiManager.ts.
16:41:10.862 debug: Resolve ../Data/GameUserInfo from file:///D:/Game-Engine%20Projects/Blazing7Test/assets/Scripts/Managers/GameManager.ts as file:///D:/Game-Engine%20Projects/Blazing7Test/assets/Scripts/Data/GameUserInfo.ts.
16:41:10.862 debug: Resolve ./WinBroadcastManager from file:///D:/Game-Engine%20Projects/Blazing7Test/assets/Scripts/Managers/GameManager.ts as file:///D:/Game-Engine%20Projects/Blazing7Test/assets/Scripts/Managers/WinBroadcastManager.ts.
16:41:10.862 debug: Resolve ./WebsocketManager from file:///D:/Game-Engine%20Projects/Blazing7Test/assets/Scripts/Managers/GameManager.ts as file:///D:/Game-Engine%20Projects/Blazing7Test/assets/Scripts/Managers/WebsocketManager.ts.
16:41:10.862 debug: Resolve cc from file:///D:/Game-Engine%20Projects/Blazing7Test/assets/Scripts/Managers/Services.ts as cce:/internal/x/cc.
16:41:10.862 debug: Resolve cce:/internal/code-quality/cr.mjs from file:///D:/Game-Engine%20Projects/Blazing7Test/assets/Scripts/Managers/SceneManager.ts as cce:/internal/code-quality/cr.mjs.
16:41:10.862 debug: Resolve cc from file:///D:/Game-Engine%20Projects/Blazing7Test/assets/Scripts/Managers/SceneManager.ts as cce:/internal/x/cc.
16:41:10.862 debug: Resolve cc from file:///D:/Game-Engine%20Projects/Blazing7Test/assets/Scripts/Managers/SceneManager.ts as cce:/internal/x/cc.
16:41:10.862 debug: Resolve cc from file:///D:/Game-Engine%20Projects/Blazing7Test/assets/Scripts/Managers/SceneManager.ts as cce:/internal/x/cc.
16:41:10.862 debug: Resolve ./ResourceManager from file:///D:/Game-Engine%20Projects/Blazing7Test/assets/Scripts/Managers/SceneManager.ts as file:///D:/Game-Engine%20Projects/Blazing7Test/assets/Scripts/Managers/ResourceManager.ts.
16:41:10.862 debug: Resolve ./Services from file:///D:/Game-Engine%20Projects/Blazing7Test/assets/Scripts/Managers/SceneManager.ts as file:///D:/Game-Engine%20Projects/Blazing7Test/assets/Scripts/Managers/Services.ts.
16:41:10.862 debug: Resolve cc from file:///D:/Game-Engine%20Projects/Blazing7Test/assets/Scripts/Managers/ResourceManager.ts as cce:/internal/x/cc.
16:41:10.862 debug: Resolve cc from file:///D:/Game-Engine%20Projects/Blazing7Test/assets/Scripts/Managers/ResourceManager.ts as cce:/internal/x/cc.
16:41:10.862 debug: Resolve cc from file:///D:/Game-Engine%20Projects/Blazing7Test/assets/Scripts/Managers/ResourceManager.ts as cce:/internal/x/cc.
16:41:10.862 debug: Resolve cce:/internal/code-quality/cr.mjs from file:///D:/Game-Engine%20Projects/Blazing7Test/assets/Scripts/Managers/AudioManager.ts as cce:/internal/code-quality/cr.mjs.
16:41:10.862 debug: Resolve cc from file:///D:/Game-Engine%20Projects/Blazing7Test/assets/Scripts/Managers/AudioManager.ts as cce:/internal/x/cc.
16:41:10.862 debug: Resolve cc from file:///D:/Game-Engine%20Projects/Blazing7Test/assets/Scripts/Managers/AudioManager.ts as cce:/internal/x/cc.
16:41:10.862 debug: Resolve cc from file:///D:/Game-Engine%20Projects/Blazing7Test/assets/Scripts/Managers/AudioManager.ts as cce:/internal/x/cc.
16:41:10.862 debug: Resolve ./ResourceManager from file:///D:/Game-Engine%20Projects/Blazing7Test/assets/Scripts/Managers/AudioManager.ts as file:///D:/Game-Engine%20Projects/Blazing7Test/assets/Scripts/Managers/ResourceManager.ts.
16:41:10.862 debug: Resolve ../Managers/Services from file:///D:/Game-Engine%20Projects/Blazing7Test/assets/Scripts/Managers/AudioManager.ts as file:///D:/Game-Engine%20Projects/Blazing7Test/assets/Scripts/Managers/Services.ts.
16:41:10.862 debug: Resolve cc from file:///D:/Game-Engine%20Projects/Blazing7Test/assets/Scripts/UI/UIRoot.ts as cce:/internal/x/cc.
16:41:10.862 debug: Resolve cc from file:///D:/Game-Engine%20Projects/Blazing7Test/assets/Scripts/UI/UIRoot.ts as cce:/internal/x/cc.
16:41:10.863 debug: Resolve cc from file:///D:/Game-Engine%20Projects/Blazing7Test/assets/Scripts/UI/UIRoot.ts as cce:/internal/x/cc.
16:41:10.863 debug: Resolve cce:/internal/code-quality/cr.mjs from file:///D:/Game-Engine%20Projects/Blazing7Test/assets/Scripts/Data/GameData.ts as cce:/internal/code-quality/cr.mjs.
16:41:10.863 debug: Resolve cc from file:///D:/Game-Engine%20Projects/Blazing7Test/assets/Scripts/Data/GameData.ts as cce:/internal/x/cc.
16:41:10.863 debug: Resolve cc from file:///D:/Game-Engine%20Projects/Blazing7Test/assets/Scripts/Data/GameData.ts as cce:/internal/x/cc.
16:41:10.863 debug: Resolve cc from file:///D:/Game-Engine%20Projects/Blazing7Test/assets/Scripts/Data/GameData.ts as cce:/internal/x/cc.
16:41:10.863 debug: Resolve cc from file:///D:/Game-Engine%20Projects/Blazing7Test/assets/Scripts/Data/TicketData.ts as cce:/internal/x/cc.
16:41:10.863 debug: Resolve cce:/internal/code-quality/cr.mjs from file:///D:/Game-Engine%20Projects/Blazing7Test/assets/Scripts/Managers/PopUpManager.ts as cce:/internal/code-quality/cr.mjs.
16:41:10.863 debug: Resolve cc from file:///D:/Game-Engine%20Projects/Blazing7Test/assets/Scripts/Managers/PopUpManager.ts as cce:/internal/x/cc.
16:41:10.863 debug: Resolve cc from file:///D:/Game-Engine%20Projects/Blazing7Test/assets/Scripts/Managers/PopUpManager.ts as cce:/internal/x/cc.
16:41:10.863 debug: Resolve cc from file:///D:/Game-Engine%20Projects/Blazing7Test/assets/Scripts/Managers/PopUpManager.ts as cce:/internal/x/cc.
16:41:10.863 debug: Resolve ./ResourceManager from file:///D:/Game-Engine%20Projects/Blazing7Test/assets/Scripts/Managers/PopUpManager.ts as file:///D:/Game-Engine%20Projects/Blazing7Test/assets/Scripts/Managers/ResourceManager.ts.
16:41:10.863 debug: Resolve ./Services from file:///D:/Game-Engine%20Projects/Blazing7Test/assets/Scripts/Managers/PopUpManager.ts as file:///D:/Game-Engine%20Projects/Blazing7Test/assets/Scripts/Managers/Services.ts.
16:41:10.863 debug: Resolve cce:/internal/code-quality/cr.mjs from file:///D:/Game-Engine%20Projects/Blazing7Test/assets/Scripts/Card/ScratchCard.ts as cce:/internal/code-quality/cr.mjs.
16:41:10.863 debug: Resolve cc from file:///D:/Game-Engine%20Projects/Blazing7Test/assets/Scripts/Card/ScratchCard.ts as cce:/internal/x/cc.
16:41:10.863 debug: Resolve cc from file:///D:/Game-Engine%20Projects/Blazing7Test/assets/Scripts/Card/ScratchCard.ts as cce:/internal/x/cc.
16:41:10.863 debug: Resolve cc from file:///D:/Game-Engine%20Projects/Blazing7Test/assets/Scripts/Card/ScratchCard.ts as cce:/internal/x/cc.
16:41:10.863 debug: Resolve ../Api/GameApi from file:///D:/Game-Engine%20Projects/Blazing7Test/assets/Scripts/Card/ScratchCard.ts as file:///D:/Game-Engine%20Projects/Blazing7Test/assets/Scripts/Api/GameApi.ts.
16:41:10.863 debug: Resolve ../utils/logger from file:///D:/Game-Engine%20Projects/Blazing7Test/assets/Scripts/Card/ScratchCard.ts as file:///D:/Game-Engine%20Projects/Blazing7Test/assets/Scripts/utils/logger.ts.
16:41:10.863 debug: Resolve cce:/internal/code-quality/cr.mjs from file:///D:/Game-Engine%20Projects/Blazing7Test/assets/Scripts/Api/GameApi.ts as cce:/internal/code-quality/cr.mjs.
16:41:10.863 debug: Resolve cc from file:///D:/Game-Engine%20Projects/Blazing7Test/assets/Scripts/Api/GameApi.ts as cce:/internal/x/cc.
16:41:10.863 debug: Resolve ./ApiCore from file:///D:/Game-Engine%20Projects/Blazing7Test/assets/Scripts/Api/GameApi.ts as file:///D:/Game-Engine%20Projects/Blazing7Test/assets/Scripts/Api/ApiCore.ts.
16:41:10.863 debug: Resolve ../utils/logger from file:///D:/Game-Engine%20Projects/Blazing7Test/assets/Scripts/Api/GameApi.ts as file:///D:/Game-Engine%20Projects/Blazing7Test/assets/Scripts/utils/logger.ts.
16:41:10.863 debug: Resolve cc from file:///D:/Game-Engine%20Projects/Blazing7Test/assets/Scripts/Api/ApiManager.ts as cce:/internal/x/cc.
16:41:10.863 debug: Resolve ./ApiCore from file:///D:/Game-Engine%20Projects/Blazing7Test/assets/Scripts/Api/ApiManager.ts as file:///D:/Game-Engine%20Projects/Blazing7Test/assets/Scripts/Api/ApiCore.ts.
16:41:10.863 debug: Resolve ./GameApi from file:///D:/Game-Engine%20Projects/Blazing7Test/assets/Scripts/Api/ApiManager.ts as file:///D:/Game-Engine%20Projects/Blazing7Test/assets/Scripts/Api/GameApi.ts.
16:41:10.863 debug: Resolve cce:/internal/code-quality/cr.mjs from file:///D:/Game-Engine%20Projects/Blazing7Test/assets/Scripts/Data/GameUserInfo.ts as cce:/internal/code-quality/cr.mjs.
16:41:10.863 debug: Resolve cc from file:///D:/Game-Engine%20Projects/Blazing7Test/assets/Scripts/Data/GameUserInfo.ts as cce:/internal/x/cc.
16:41:10.863 debug: Resolve cce:/internal/code-quality/cr.mjs from file:///D:/Game-Engine%20Projects/Blazing7Test/assets/Scripts/Managers/WinBroadcastManager.ts as cce:/internal/code-quality/cr.mjs.
16:41:10.863 debug: Resolve cc from file:///D:/Game-Engine%20Projects/Blazing7Test/assets/Scripts/Managers/WinBroadcastManager.ts as cce:/internal/x/cc.
16:41:10.863 debug: Resolve cc from file:///D:/Game-Engine%20Projects/Blazing7Test/assets/Scripts/Managers/WinBroadcastManager.ts as cce:/internal/x/cc.
16:41:10.863 debug: Resolve cc from file:///D:/Game-Engine%20Projects/Blazing7Test/assets/Scripts/Managers/WinBroadcastManager.ts as cce:/internal/x/cc.
16:41:10.863 debug: Resolve ./PopUpManager from file:///D:/Game-Engine%20Projects/Blazing7Test/assets/Scripts/Managers/WinBroadcastManager.ts as file:///D:/Game-Engine%20Projects/Blazing7Test/assets/Scripts/Managers/PopUpManager.ts.
16:41:10.863 debug: Resolve ./Services from file:///D:/Game-Engine%20Projects/Blazing7Test/assets/Scripts/Managers/WinBroadcastManager.ts as file:///D:/Game-Engine%20Projects/Blazing7Test/assets/Scripts/Managers/Services.ts.
16:41:10.863 debug: Resolve ../UI/PopUp/WinnerBroadcastPopUp from file:///D:/Game-Engine%20Projects/Blazing7Test/assets/Scripts/Managers/WinBroadcastManager.ts as file:///D:/Game-Engine%20Projects/Blazing7Test/assets/Scripts/UI/PopUp/WinnerBroadcastPopUp.ts.
16:41:10.863 debug: Resolve ./WebsocketManager from file:///D:/Game-Engine%20Projects/Blazing7Test/assets/Scripts/Managers/WinBroadcastManager.ts as file:///D:/Game-Engine%20Projects/Blazing7Test/assets/Scripts/Managers/WebsocketManager.ts.
16:41:10.863 debug: Resolve ./WsConfig from file:///D:/Game-Engine%20Projects/Blazing7Test/assets/Scripts/Managers/WinBroadcastManager.ts as file:///D:/Game-Engine%20Projects/Blazing7Test/assets/Scripts/Managers/WsConfig.ts.
16:41:10.863 debug: Resolve cce:/internal/code-quality/cr.mjs from file:///D:/Game-Engine%20Projects/Blazing7Test/assets/Scripts/UI/PopUp/WinnerBroadcastPopUp.ts as cce:/internal/code-quality/cr.mjs.
16:41:10.863 debug: Resolve cc from file:///D:/Game-Engine%20Projects/Blazing7Test/assets/Scripts/UI/PopUp/WinnerBroadcastPopUp.ts as cce:/internal/x/cc.
16:41:10.863 debug: Resolve cc from file:///D:/Game-Engine%20Projects/Blazing7Test/assets/Scripts/UI/PopUp/WinnerBroadcastPopUp.ts as cce:/internal/x/cc.
16:41:10.863 debug: Resolve cc from file:///D:/Game-Engine%20Projects/Blazing7Test/assets/Scripts/UI/PopUp/WinnerBroadcastPopUp.ts as cce:/internal/x/cc.
16:41:10.863 debug: Resolve ../../Managers/Services from file:///D:/Game-Engine%20Projects/Blazing7Test/assets/Scripts/UI/PopUp/WinnerBroadcastPopUp.ts as file:///D:/Game-Engine%20Projects/Blazing7Test/assets/Scripts/Managers/Services.ts.
16:41:10.863 debug: Resolve ../../Managers/PopUpManager from file:///D:/Game-Engine%20Projects/Blazing7Test/assets/Scripts/UI/PopUp/WinnerBroadcastPopUp.ts as file:///D:/Game-Engine%20Projects/Blazing7Test/assets/Scripts/Managers/PopUpManager.ts.
16:41:10.863 debug: Resolve cce:/internal/code-quality/cr.mjs from file:///D:/Game-Engine%20Projects/Blazing7Test/assets/Scripts/Managers/WebsocketManager.ts as cce:/internal/code-quality/cr.mjs.
16:41:10.863 debug: Resolve cc from file:///D:/Game-Engine%20Projects/Blazing7Test/assets/Scripts/Managers/WebsocketManager.ts as cce:/internal/x/cc.
16:41:10.863 debug: Resolve @ge/game-common-sdk from file:///D:/Game-Engine%20Projects/Blazing7Test/assets/Scripts/Managers/WebsocketManager.ts as file:///D:/Game-Engine%20Projects/Blazing7Test/node_modules/@ge/game-common-sdk/dist/index.esm.js.
16:41:10.863 debug: Resolve ../utils/logger from file:///D:/Game-Engine%20Projects/Blazing7Test/assets/Scripts/Managers/WebsocketManager.ts as file:///D:/Game-Engine%20Projects/Blazing7Test/assets/Scripts/utils/logger.ts.
16:41:10.863 debug: Resolve ./Services from file:///D:/Game-Engine%20Projects/Blazing7Test/assets/Scripts/Managers/WebsocketManager.ts as file:///D:/Game-Engine%20Projects/Blazing7Test/assets/Scripts/Managers/Services.ts.
16:41:10.863 debug: Resolve ./GameManager from file:///D:/Game-Engine%20Projects/Blazing7Test/assets/Scripts/Managers/WebsocketManager.ts as file:///D:/Game-Engine%20Projects/Blazing7Test/assets/Scripts/Managers/GameManager.ts.
16:41:10.863 debug: Resolve cc from file:///D:/Game-Engine%20Projects/Blazing7Test/assets/Scripts/Managers/WsConfig.ts as cce:/internal/x/cc.
16:41:10.863 debug: Resolve cc from file:///D:/Game-Engine%20Projects/Blazing7Test/assets/Scripts/Card/NumberCardView.ts as cce:/internal/x/cc.
16:41:10.863 debug: Resolve cc from file:///D:/Game-Engine%20Projects/Blazing7Test/assets/Scripts/Card/NumberCardView.ts as cce:/internal/x/cc.
16:41:10.863 debug: Resolve cc from file:///D:/Game-Engine%20Projects/Blazing7Test/assets/Scripts/Card/NumberCardView.ts as cce:/internal/x/cc.
16:41:10.863 debug: Resolve cce:/internal/code-quality/cr.mjs from file:///D:/Game-Engine%20Projects/Blazing7Test/assets/Scripts/Card/ScratchCardView.ts as cce:/internal/code-quality/cr.mjs.
16:41:10.863 debug: Resolve cc from file:///D:/Game-Engine%20Projects/Blazing7Test/assets/Scripts/Card/ScratchCardView.ts as cce:/internal/x/cc.
16:41:10.863 debug: Resolve cc from file:///D:/Game-Engine%20Projects/Blazing7Test/assets/Scripts/Card/ScratchCardView.ts as cce:/internal/x/cc.
16:41:10.863 debug: Resolve cc from file:///D:/Game-Engine%20Projects/Blazing7Test/assets/Scripts/Card/ScratchCardView.ts as cce:/internal/x/cc.
16:41:10.863 debug: Resolve ./NumberCardView from file:///D:/Game-Engine%20Projects/Blazing7Test/assets/Scripts/Card/ScratchCardView.ts as file:///D:/Game-Engine%20Projects/Blazing7Test/assets/Scripts/Card/NumberCardView.ts.
16:41:10.863 debug: Resolve ../Managers/Services from file:///D:/Game-Engine%20Projects/Blazing7Test/assets/Scripts/Card/ScratchCardView.ts as file:///D:/Game-Engine%20Projects/Blazing7Test/assets/Scripts/Managers/Services.ts.
16:41:10.863 debug: Resolve ../Managers/GameManager from file:///D:/Game-Engine%20Projects/Blazing7Test/assets/Scripts/Card/ScratchCardView.ts as file:///D:/Game-Engine%20Projects/Blazing7Test/assets/Scripts/Managers/GameManager.ts.
16:41:10.863 debug: Resolve cc from file:///D:/Game-Engine%20Projects/Blazing7Test/assets/Scripts/Data/TicketItem.ts as cce:/internal/x/cc.
16:41:10.863 debug: Resolve cc from file:///D:/Game-Engine%20Projects/Blazing7Test/assets/Scripts/Data/TicketItem.ts as cce:/internal/x/cc.
16:41:10.863 debug: Resolve cc from file:///D:/Game-Engine%20Projects/Blazing7Test/assets/Scripts/EventListener/BaseEventListener.ts as cce:/internal/x/cc.
16:41:10.863 debug: Resolve cce:/internal/code-quality/cr.mjs from file:///D:/Game-Engine%20Projects/Blazing7Test/assets/Scripts/Game/DragonsEyeIntro.ts as cce:/internal/code-quality/cr.mjs.
16:41:10.863 debug: Resolve cc from file:///D:/Game-Engine%20Projects/Blazing7Test/assets/Scripts/Game/DragonsEyeIntro.ts as cce:/internal/x/cc.
16:41:10.863 debug: Resolve cc from file:///D:/Game-Engine%20Projects/Blazing7Test/assets/Scripts/Game/DragonsEyeIntro.ts as cce:/internal/x/cc.
16:41:10.863 debug: Resolve cc from file:///D:/Game-Engine%20Projects/Blazing7Test/assets/Scripts/Game/DragonsEyeIntro.ts as cce:/internal/x/cc.
16:41:10.863 debug: Resolve ../Managers/GameManager from file:///D:/Game-Engine%20Projects/Blazing7Test/assets/Scripts/Game/DragonsEyeIntro.ts as file:///D:/Game-Engine%20Projects/Blazing7Test/assets/Scripts/Managers/GameManager.ts.
16:41:10.863 debug: Resolve ../Managers/Services from file:///D:/Game-Engine%20Projects/Blazing7Test/assets/Scripts/Game/DragonsEyeIntro.ts as file:///D:/Game-Engine%20Projects/Blazing7Test/assets/Scripts/Managers/Services.ts.
16:41:10.863 debug: Resolve cce:/internal/code-quality/cr.mjs from file:///D:/Game-Engine%20Projects/Blazing7Test/assets/Scripts/Game/Game.ts as cce:/internal/code-quality/cr.mjs.
16:41:10.863 debug: Resolve cc from file:///D:/Game-Engine%20Projects/Blazing7Test/assets/Scripts/Game/Game.ts as cce:/internal/x/cc.
16:41:10.863 debug: Resolve cc from file:///D:/Game-Engine%20Projects/Blazing7Test/assets/Scripts/Game/Game.ts as cce:/internal/x/cc.
16:41:10.863 debug: Resolve cc from file:///D:/Game-Engine%20Projects/Blazing7Test/assets/Scripts/Game/Game.ts as cce:/internal/x/cc.
16:41:10.863 debug: Failed to resolve '../../Managers/AudioManager' from 'file:///D:/Game-Engine%20Projects/Blazing7Test/assets/Scripts/Game/Game.ts'(module type: esm). Reason: Error: Module "../../Managers/AudioManager" not found for file:///D:/Game-Engine%20Projects/Blazing7Test/assets/Scripts/Game/Game.ts
16:41:10.863 debug: Failed to resolve '../../Managers/Services' from 'file:///D:/Game-Engine%20Projects/Blazing7Test/assets/Scripts/Game/Game.ts'(module type: esm). Reason: Error: Module "../../Managers/Services" not found for file:///D:/Game-Engine%20Projects/Blazing7Test/assets/Scripts/Game/Game.ts
16:41:10.863 debug: Failed to resolve '../../Managers/PopUpManager' from 'file:///D:/Game-Engine%20Projects/Blazing7Test/assets/Scripts/Game/Game.ts'(module type: esm). Reason: Error: Module "../../Managers/PopUpManager" not found for file:///D:/Game-Engine%20Projects/Blazing7Test/assets/Scripts/Game/Game.ts
16:41:10.863 debug: Failed to resolve '../../utils/NumberFormatter' from 'file:///D:/Game-Engine%20Projects/Blazing7Test/assets/Scripts/Game/Game.ts'(module type: esm). Reason: Error: Module "../../utils/NumberFormatter" not found for file:///D:/Game-Engine%20Projects/Blazing7Test/assets/Scripts/Game/Game.ts
16:41:10.863 debug: Resolve cce:/internal/code-quality/cr.mjs from file:///D:/Game-Engine%20Projects/Blazing7Test/assets/Scripts/Game/GameOptions.ts as cce:/internal/code-quality/cr.mjs.
16:41:10.863 debug: Resolve cc from file:///D:/Game-Engine%20Projects/Blazing7Test/assets/Scripts/Game/GameOptions.ts as cce:/internal/x/cc.
16:41:10.863 debug: Resolve cc from file:///D:/Game-Engine%20Projects/Blazing7Test/assets/Scripts/Game/GameOptions.ts as cce:/internal/x/cc.
16:41:10.863 debug: Resolve cc from file:///D:/Game-Engine%20Projects/Blazing7Test/assets/Scripts/Game/GameOptions.ts as cce:/internal/x/cc.
16:41:10.863 debug: Resolve ../UI/InteractableUIs/SingleButton from file:///D:/Game-Engine%20Projects/Blazing7Test/assets/Scripts/Game/GameOptions.ts as file:///D:/Game-Engine%20Projects/Blazing7Test/assets/Scripts/UI/InteractableUIs/SingleButton.ts.
16:41:10.863 debug: Resolve ../Managers/AudioManager from file:///D:/Game-Engine%20Projects/Blazing7Test/assets/Scripts/Game/GameOptions.ts as file:///D:/Game-Engine%20Projects/Blazing7Test/assets/Scripts/Managers/AudioManager.ts.
16:41:10.863 debug: Resolve ../Managers/Services from file:///D:/Game-Engine%20Projects/Blazing7Test/assets/Scripts/Game/GameOptions.ts as file:///D:/Game-Engine%20Projects/Blazing7Test/assets/Scripts/Managers/Services.ts.
16:41:10.863 debug: Resolve cce:/internal/code-quality/cr.mjs from file:///D:/Game-Engine%20Projects/Blazing7Test/assets/Scripts/UI/InteractableUIs/SingleButton.ts as cce:/internal/code-quality/cr.mjs.
16:41:10.863 debug: Resolve cc from file:///D:/Game-Engine%20Projects/Blazing7Test/assets/Scripts/UI/InteractableUIs/SingleButton.ts as cce:/internal/x/cc.
16:41:10.863 debug: Resolve cc from file:///D:/Game-Engine%20Projects/Blazing7Test/assets/Scripts/UI/InteractableUIs/SingleButton.ts as cce:/internal/x/cc.
16:41:10.863 debug: Resolve cc from file:///D:/Game-Engine%20Projects/Blazing7Test/assets/Scripts/UI/InteractableUIs/SingleButton.ts as cce:/internal/x/cc.
16:41:10.863 debug: Resolve ../../Managers/AudioManager from file:///D:/Game-Engine%20Projects/Blazing7Test/assets/Scripts/UI/InteractableUIs/SingleButton.ts as file:///D:/Game-Engine%20Projects/Blazing7Test/assets/Scripts/Managers/AudioManager.ts.
16:41:10.863 debug: Resolve ../../Managers/Services from file:///D:/Game-Engine%20Projects/Blazing7Test/assets/Scripts/UI/InteractableUIs/SingleButton.ts as file:///D:/Game-Engine%20Projects/Blazing7Test/assets/Scripts/Managers/Services.ts.
16:41:10.863 debug: Resolve cc from file:///D:/Game-Engine%20Projects/Blazing7Test/assets/Scripts/Game/PricePopUpOptions.ts as cce:/internal/x/cc.
16:41:10.863 debug: Resolve cc from file:///D:/Game-Engine%20Projects/Blazing7Test/assets/Scripts/Game/PricePopUpOptions.ts as cce:/internal/x/cc.
16:41:10.863 debug: Resolve cc from file:///D:/Game-Engine%20Projects/Blazing7Test/assets/Scripts/Game/PricePopUpOptions.ts as cce:/internal/x/cc.
16:41:10.863 debug: Resolve cc from file:///D:/Game-Engine%20Projects/Blazing7Test/assets/Scripts/Scratch/FragmentView.ts as cce:/internal/x/cc.
16:41:10.863 debug: Resolve cc from file:///D:/Game-Engine%20Projects/Blazing7Test/assets/Scripts/Scratch/FragmentView.ts as cce:/internal/x/cc.
16:41:10.863 debug: Resolve cc from file:///D:/Game-Engine%20Projects/Blazing7Test/assets/Scripts/Scratch/FragmentView.ts as cce:/internal/x/cc.
16:41:10.863 debug: Resolve cce:/internal/code-quality/cr.mjs from file:///D:/Game-Engine%20Projects/Blazing7Test/assets/Scripts/Scratch/ScratchMask.ts as cce:/internal/code-quality/cr.mjs.
16:41:10.863 debug: Resolve cc from file:///D:/Game-Engine%20Projects/Blazing7Test/assets/Scripts/Scratch/ScratchMask.ts as cce:/internal/x/cc.
16:41:10.863 debug: Resolve cce:/internal/code-quality/cr.mjs from file:///D:/Game-Engine%20Projects/Blazing7Test/assets/Scripts/Scratch/ScratchRenderer.ts as cce:/internal/code-quality/cr.mjs.
16:41:10.863 debug: Resolve cc from file:///D:/Game-Engine%20Projects/Blazing7Test/assets/Scripts/Scratch/ScratchRenderer.ts as cce:/internal/x/cc.
16:41:10.863 debug: Resolve cc from file:///D:/Game-Engine%20Projects/Blazing7Test/assets/Scripts/Scratch/ScratchRenderer.ts as cce:/internal/x/cc.
16:41:10.863 debug: Resolve cc from file:///D:/Game-Engine%20Projects/Blazing7Test/assets/Scripts/Scratch/ScratchRenderer.ts as cce:/internal/x/cc.
16:41:10.863 debug: Resolve cce:/internal/code-quality/cr.mjs from file:///D:/Game-Engine%20Projects/Blazing7Test/assets/Scripts/Scratch/ScratchSystem.ts as cce:/internal/code-quality/cr.mjs.
16:41:10.863 debug: Resolve cc from file:///D:/Game-Engine%20Projects/Blazing7Test/assets/Scripts/Scratch/ScratchSystem.ts as cce:/internal/x/cc.
16:41:10.863 debug: Resolve cc from file:///D:/Game-Engine%20Projects/Blazing7Test/assets/Scripts/Scratch/ScratchSystem.ts as cce:/internal/x/cc.
16:41:10.863 debug: Resolve cc from file:///D:/Game-Engine%20Projects/Blazing7Test/assets/Scripts/Scratch/ScratchSystem.ts as cce:/internal/x/cc.
16:41:10.863 debug: Resolve ./ScratchRenderer from file:///D:/Game-Engine%20Projects/Blazing7Test/assets/Scripts/Scratch/ScratchSystem.ts as file:///D:/Game-Engine%20Projects/Blazing7Test/assets/Scripts/Scratch/ScratchRenderer.ts.
16:41:10.863 debug: Resolve ./ScratchMask from file:///D:/Game-Engine%20Projects/Blazing7Test/assets/Scripts/Scratch/ScratchSystem.ts as file:///D:/Game-Engine%20Projects/Blazing7Test/assets/Scripts/Scratch/ScratchMask.ts.
16:41:10.863 debug: Resolve ./FragmentView from file:///D:/Game-Engine%20Projects/Blazing7Test/assets/Scripts/Scratch/ScratchSystem.ts as file:///D:/Game-Engine%20Projects/Blazing7Test/assets/Scripts/Scratch/FragmentView.ts.
16:41:10.863 debug: Resolve ../Managers/AudioManager from file:///D:/Game-Engine%20Projects/Blazing7Test/assets/Scripts/Scratch/ScratchSystem.ts as file:///D:/Game-Engine%20Projects/Blazing7Test/assets/Scripts/Managers/AudioManager.ts.
16:41:10.863 debug: Resolve ../Managers/Services from file:///D:/Game-Engine%20Projects/Blazing7Test/assets/Scripts/Scratch/ScratchSystem.ts as file:///D:/Game-Engine%20Projects/Blazing7Test/assets/Scripts/Managers/Services.ts.
16:41:10.863 debug: Resolve cce:/internal/code-quality/cr.mjs from file:///D:/Game-Engine%20Projects/Blazing7Test/assets/Scripts/Scratch/ScratchTrajectory.ts as cce:/internal/code-quality/cr.mjs.
16:41:10.863 debug: Resolve cc from file:///D:/Game-Engine%20Projects/Blazing7Test/assets/Scripts/Scratch/ScratchTrajectory.ts as cce:/internal/x/cc.
16:41:10.863 debug: Resolve cc from file:///D:/Game-Engine%20Projects/Blazing7Test/assets/Scripts/Scratch/ScratchTypes.ts as cce:/internal/x/cc.
16:41:10.863 debug: Resolve cc from file:///D:/Game-Engine%20Projects/Blazing7Test/assets/Scripts/Types/announcement.types.ts as cce:/internal/x/cc.
16:41:10.863 debug: Resolve cc from file:///D:/Game-Engine%20Projects/Blazing7Test/assets/Scripts/Types/api.types.ts as cce:/internal/x/cc.
16:41:10.863 debug: Resolve cc from file:///D:/Game-Engine%20Projects/Blazing7Test/assets/Scripts/Types/card.types.ts as cce:/internal/x/cc.
16:41:10.863 debug: Resolve cc from file:///D:/Game-Engine%20Projects/Blazing7Test/assets/Scripts/Types/game.types.ts as cce:/internal/x/cc.
16:41:10.863 debug: Resolve cc from file:///D:/Game-Engine%20Projects/Blazing7Test/assets/Scripts/Types/index.ts as cce:/internal/x/cc.
16:41:10.863 debug: Resolve ./api.types from file:///D:/Game-Engine%20Projects/Blazing7Test/assets/Scripts/Types/index.ts as file:///D:/Game-Engine%20Projects/Blazing7Test/assets/Scripts/Types/api.types.ts.
16:41:10.863 debug: Resolve ./user.types from file:///D:/Game-Engine%20Projects/Blazing7Test/assets/Scripts/Types/index.ts as file:///D:/Game-Engine%20Projects/Blazing7Test/assets/Scripts/Types/user.types.ts.
16:41:10.863 debug: Resolve ./game.types from file:///D:/Game-Engine%20Projects/Blazing7Test/assets/Scripts/Types/index.ts as file:///D:/Game-Engine%20Projects/Blazing7Test/assets/Scripts/Types/game.types.ts.
16:41:10.863 debug: Resolve ./card.types from file:///D:/Game-Engine%20Projects/Blazing7Test/assets/Scripts/Types/index.ts as file:///D:/Game-Engine%20Projects/Blazing7Test/assets/Scripts/Types/card.types.ts.
16:41:10.863 debug: Resolve ./ticket.types from file:///D:/Game-Engine%20Projects/Blazing7Test/assets/Scripts/Types/index.ts as file:///D:/Game-Engine%20Projects/Blazing7Test/assets/Scripts/Types/ticket.types.ts.
16:41:10.863 debug: Resolve ./ranking.types from file:///D:/Game-Engine%20Projects/Blazing7Test/assets/Scripts/Types/index.ts as file:///D:/Game-Engine%20Projects/Blazing7Test/assets/Scripts/Types/ranking.types.ts.
16:41:10.863 debug: Resolve ./announcement.types from file:///D:/Game-Engine%20Projects/Blazing7Test/assets/Scripts/Types/index.ts as file:///D:/Game-Engine%20Projects/Blazing7Test/assets/Scripts/Types/announcement.types.ts.
16:41:10.863 debug: Resolve ./ui.types from file:///D:/Game-Engine%20Projects/Blazing7Test/assets/Scripts/Types/index.ts as file:///D:/Game-Engine%20Projects/Blazing7Test/assets/Scripts/Types/ui.types.ts.
16:41:10.863 debug: Resolve cc from file:///D:/Game-Engine%20Projects/Blazing7Test/assets/Scripts/Types/user.types.ts as cce:/internal/x/cc.
16:41:10.863 debug: Resolve cc from file:///D:/Game-Engine%20Projects/Blazing7Test/assets/Scripts/Types/ticket.types.ts as cce:/internal/x/cc.
16:41:10.863 debug: Resolve cc from file:///D:/Game-Engine%20Projects/Blazing7Test/assets/Scripts/Types/ranking.types.ts as cce:/internal/x/cc.
16:41:10.863 debug: Resolve cc from file:///D:/Game-Engine%20Projects/Blazing7Test/assets/Scripts/Types/ui.types.ts as cce:/internal/x/cc.
16:41:10.863 debug: Resolve cce:/internal/code-quality/cr.mjs from file:///D:/Game-Engine%20Projects/Blazing7Test/assets/Scripts/UI/LastWin.ts as cce:/internal/code-quality/cr.mjs.
16:41:10.863 debug: Resolve cc from file:///D:/Game-Engine%20Projects/Blazing7Test/assets/Scripts/UI/LastWin.ts as cce:/internal/x/cc.
16:41:10.863 debug: Resolve cc from file:///D:/Game-Engine%20Projects/Blazing7Test/assets/Scripts/UI/LastWin.ts as cce:/internal/x/cc.
16:41:10.863 debug: Resolve cc from file:///D:/Game-Engine%20Projects/Blazing7Test/assets/Scripts/UI/LastWin.ts as cce:/internal/x/cc.
16:41:10.863 debug: Resolve ../Managers/GameManager from file:///D:/Game-Engine%20Projects/Blazing7Test/assets/Scripts/UI/LastWin.ts as file:///D:/Game-Engine%20Projects/Blazing7Test/assets/Scripts/Managers/GameManager.ts.
16:41:10.863 debug: Resolve ../Managers/Services from file:///D:/Game-Engine%20Projects/Blazing7Test/assets/Scripts/UI/LastWin.ts as file:///D:/Game-Engine%20Projects/Blazing7Test/assets/Scripts/Managers/Services.ts.
16:41:10.863 debug: Resolve cce:/internal/code-quality/cr.mjs from file:///D:/Game-Engine%20Projects/Blazing7Test/assets/Scripts/UI/PopUp/MaxWinToasterPopUp.ts as cce:/internal/code-quality/cr.mjs.
16:41:10.863 debug: Resolve cc from file:///D:/Game-Engine%20Projects/Blazing7Test/assets/Scripts/UI/PopUp/MaxWinToasterPopUp.ts as cce:/internal/x/cc.
16:41:10.863 debug: Resolve cc from file:///D:/Game-Engine%20Projects/Blazing7Test/assets/Scripts/UI/PopUp/MaxWinToasterPopUp.ts as cce:/internal/x/cc.
16:41:10.863 debug: Resolve cc from file:///D:/Game-Engine%20Projects/Blazing7Test/assets/Scripts/UI/PopUp/MaxWinToasterPopUp.ts as cce:/internal/x/cc.
16:41:10.863 debug: Resolve ../../utils/NumberFormatter from file:///D:/Game-Engine%20Projects/Blazing7Test/assets/Scripts/UI/PopUp/MaxWinToasterPopUp.ts as file:///D:/Game-Engine%20Projects/Blazing7Test/assets/Scripts/utils/NumberFormatter.ts.
16:41:10.863 debug: Resolve cc from file:///D:/Game-Engine%20Projects/Blazing7Test/assets/Scripts/utils/NumberFormatter.ts as cce:/internal/x/cc.
16:41:10.863 debug: Resolve cc from file:///D:/Game-Engine%20Projects/Blazing7Test/assets/Scripts/utils/NumberFormatter.ts as cce:/internal/x/cc.
16:41:10.863 debug: Resolve cc from file:///D:/Game-Engine%20Projects/Blazing7Test/assets/Scripts/utils/NumberFormatter.ts as cce:/internal/x/cc.
16:41:10.863 debug: Resolve cce:/internal/code-quality/cr.mjs from file:///D:/Game-Engine%20Projects/Blazing7Test/assets/Scripts/UI/PopUp/WinPopUp.ts as cce:/internal/code-quality/cr.mjs.
16:41:10.863 debug: Resolve cc from file:///D:/Game-Engine%20Projects/Blazing7Test/assets/Scripts/UI/PopUp/WinPopUp.ts as cce:/internal/x/cc.
16:41:10.863 debug: Resolve cc from file:///D:/Game-Engine%20Projects/Blazing7Test/assets/Scripts/UI/PopUp/WinPopUp.ts as cce:/internal/x/cc.
16:41:10.863 debug: Resolve cc from file:///D:/Game-Engine%20Projects/Blazing7Test/assets/Scripts/UI/PopUp/WinPopUp.ts as cce:/internal/x/cc.
16:41:10.863 debug: Resolve ../../Managers/AudioManager from file:///D:/Game-Engine%20Projects/Blazing7Test/assets/Scripts/UI/PopUp/WinPopUp.ts as file:///D:/Game-Engine%20Projects/Blazing7Test/assets/Scripts/Managers/AudioManager.ts.
16:41:10.863 debug: Resolve ../../Managers/Services from file:///D:/Game-Engine%20Projects/Blazing7Test/assets/Scripts/UI/PopUp/WinPopUp.ts as file:///D:/Game-Engine%20Projects/Blazing7Test/assets/Scripts/Managers/Services.ts.
16:41:10.863 debug: Resolve ../../Managers/PopUpManager from file:///D:/Game-Engine%20Projects/Blazing7Test/assets/Scripts/UI/PopUp/WinPopUp.ts as file:///D:/Game-Engine%20Projects/Blazing7Test/assets/Scripts/Managers/PopUpManager.ts.
16:41:10.863 debug: Resolve cc from file:///D:/Game-Engine%20Projects/Blazing7Test/assets/Scripts/UI/Scenes/Game/ScrollingBackground.ts as cce:/internal/x/cc.
16:41:10.863 debug: Resolve cc from file:///D:/Game-Engine%20Projects/Blazing7Test/assets/Scripts/UI/Scenes/Game/ScrollingBackground.ts as cce:/internal/x/cc.
16:41:10.863 debug: Resolve cc from file:///D:/Game-Engine%20Projects/Blazing7Test/assets/Scripts/UI/Scenes/Game/ScrollingBackground.ts as cce:/internal/x/cc.
16:41:10.863 debug: Resolve cc from file:///D:/Game-Engine%20Projects/Blazing7Test/assets/Scripts/UI/Scenes/Loading/LoadingBar.ts as cce:/internal/x/cc.
16:41:10.863 debug: Resolve cc from file:///D:/Game-Engine%20Projects/Blazing7Test/assets/Scripts/UI/Scenes/Loading/LoadingBar.ts as cce:/internal/x/cc.
16:41:10.863 debug: Resolve cc from file:///D:/Game-Engine%20Projects/Blazing7Test/assets/Scripts/UI/Scenes/Loading/LoadingBar.ts as cce:/internal/x/cc.
16:41:10.863 debug: Resolve cce:/internal/code-quality/cr.mjs from file:///D:/Game-Engine%20Projects/Blazing7Test/assets/Scripts/UI/Scenes/Loading/LoadingScene.ts as cce:/internal/code-quality/cr.mjs.
16:41:10.863 debug: Resolve cc from file:///D:/Game-Engine%20Projects/Blazing7Test/assets/Scripts/UI/Scenes/Loading/LoadingScene.ts as cce:/internal/x/cc.
16:41:10.863 debug: Resolve cc from file:///D:/Game-Engine%20Projects/Blazing7Test/assets/Scripts/UI/Scenes/Loading/LoadingScene.ts as cce:/internal/x/cc.
16:41:10.863 debug: Resolve cc from file:///D:/Game-Engine%20Projects/Blazing7Test/assets/Scripts/UI/Scenes/Loading/LoadingScene.ts as cce:/internal/x/cc.
16:41:10.863 debug: Resolve ./LoadingBar from file:///D:/Game-Engine%20Projects/Blazing7Test/assets/Scripts/UI/Scenes/Loading/LoadingScene.ts as file:///D:/Game-Engine%20Projects/Blazing7Test/assets/Scripts/UI/Scenes/Loading/LoadingBar.ts.
16:41:10.863 debug: Resolve ../../../Managers/Services from file:///D:/Game-Engine%20Projects/Blazing7Test/assets/Scripts/UI/Scenes/Loading/LoadingScene.ts as file:///D:/Game-Engine%20Projects/Blazing7Test/assets/Scripts/Managers/Services.ts.
16:41:10.863 debug: Resolve ../../../Managers/SceneManager from file:///D:/Game-Engine%20Projects/Blazing7Test/assets/Scripts/UI/Scenes/Loading/LoadingScene.ts as file:///D:/Game-Engine%20Projects/Blazing7Test/assets/Scripts/Managers/SceneManager.ts.
16:41:10.863 debug: Resolve ../../../Managers/GameManager from file:///D:/Game-Engine%20Projects/Blazing7Test/assets/Scripts/UI/Scenes/Loading/LoadingScene.ts as file:///D:/Game-Engine%20Projects/Blazing7Test/assets/Scripts/Managers/GameManager.ts.
16:41:10.863 debug: Resolve ../../../EventListener/BaseEventListener from file:///D:/Game-Engine%20Projects/Blazing7Test/assets/Scripts/UI/Scenes/Loading/LoadingScene.ts as file:///D:/Game-Engine%20Projects/Blazing7Test/assets/Scripts/EventListener/BaseEventListener.ts.
16:41:10.863 debug: Resolve ../../../utils/logger from file:///D:/Game-Engine%20Projects/Blazing7Test/assets/Scripts/UI/Scenes/Loading/LoadingScene.ts as file:///D:/Game-Engine%20Projects/Blazing7Test/assets/Scripts/utils/logger.ts.
16:41:10.863 debug: Resolve cce:/internal/code-quality/cr.mjs from file:///D:/Game-Engine%20Projects/Blazing7Test/assets/Scripts/UI/Scenes/NewPlayerGuide.ts as cce:/internal/code-quality/cr.mjs.
16:41:10.863 debug: Resolve cc from file:///D:/Game-Engine%20Projects/Blazing7Test/assets/Scripts/UI/Scenes/NewPlayerGuide.ts as cce:/internal/x/cc.
16:41:10.863 debug: Resolve cc from file:///D:/Game-Engine%20Projects/Blazing7Test/assets/Scripts/UI/Scenes/NewPlayerGuide.ts as cce:/internal/x/cc.
16:41:10.863 debug: Resolve cc from file:///D:/Game-Engine%20Projects/Blazing7Test/assets/Scripts/UI/Scenes/NewPlayerGuide.ts as cce:/internal/x/cc.
16:41:10.863 debug: Resolve ../../Managers/SceneManager from file:///D:/Game-Engine%20Projects/Blazing7Test/assets/Scripts/UI/Scenes/NewPlayerGuide.ts as file:///D:/Game-Engine%20Projects/Blazing7Test/assets/Scripts/Managers/SceneManager.ts.
16:41:10.863 debug: Resolve ../../Managers/Services from file:///D:/Game-Engine%20Projects/Blazing7Test/assets/Scripts/UI/Scenes/NewPlayerGuide.ts as file:///D:/Game-Engine%20Projects/Blazing7Test/assets/Scripts/Managers/Services.ts.
16:41:10.863 debug: Resolve ../../Api/GameApi from file:///D:/Game-Engine%20Projects/Blazing7Test/assets/Scripts/UI/Scenes/NewPlayerGuide.ts as file:///D:/Game-Engine%20Projects/Blazing7Test/assets/Scripts/Api/GameApi.ts.
16:41:10.864 debug: Resolve ../../Managers/GameManager from file:///D:/Game-Engine%20Projects/Blazing7Test/assets/Scripts/UI/Scenes/NewPlayerGuide.ts as file:///D:/Game-Engine%20Projects/Blazing7Test/assets/Scripts/Managers/GameManager.ts.
16:41:10.864 debug: Resolve cce:/internal/code-quality/cr.mjs from file:///D:/Game-Engine%20Projects/Blazing7Test/assets/Scripts/UI/VisualFx/DragonBreathing.ts as cce:/internal/code-quality/cr.mjs.
16:41:10.864 debug: Resolve cc from file:///D:/Game-Engine%20Projects/Blazing7Test/assets/Scripts/UI/VisualFx/DragonBreathing.ts as cce:/internal/x/cc.
16:41:10.864 debug: Resolve cc from file:///D:/Game-Engine%20Projects/Blazing7Test/assets/Scripts/UI/VisualFx/DragonBreathing.ts as cce:/internal/x/cc.
16:41:10.864 debug: Resolve cc from file:///D:/Game-Engine%20Projects/Blazing7Test/assets/Scripts/UI/VisualFx/DragonBreathing.ts as cce:/internal/x/cc.
16:41:10.865 debug: Resolve cc from file:///D:/Game-Engine%20Projects/Blazing7Test/assets/Scripts/UI/VisualFx/DragonBreathing.ts as cce:/internal/x/cc.
16:41:10.865 debug: Resolve ../../Managers/AudioManager from file:///D:/Game-Engine%20Projects/Blazing7Test/assets/Scripts/UI/VisualFx/DragonBreathing.ts as file:///D:/Game-Engine%20Projects/Blazing7Test/assets/Scripts/Managers/AudioManager.ts.
16:41:10.865 debug: Resolve ../../Managers/Services from file:///D:/Game-Engine%20Projects/Blazing7Test/assets/Scripts/UI/VisualFx/DragonBreathing.ts as file:///D:/Game-Engine%20Projects/Blazing7Test/assets/Scripts/Managers/Services.ts.
16:41:10.865 debug: Resolve cce:/internal/code-quality/cr.mjs from file:///D:/Game-Engine%20Projects/Blazing7Test/assets/Scripts/UI/VisualFx/HelpView.ts as cce:/internal/code-quality/cr.mjs.
16:41:10.865 debug: Resolve cc from file:///D:/Game-Engine%20Projects/Blazing7Test/assets/Scripts/UI/VisualFx/HelpView.ts as cce:/internal/x/cc.
16:41:10.865 debug: Resolve cc from file:///D:/Game-Engine%20Projects/Blazing7Test/assets/Scripts/UI/VisualFx/HelpView.ts as cce:/internal/x/cc.
16:41:10.865 debug: Resolve cc from file:///D:/Game-Engine%20Projects/Blazing7Test/assets/Scripts/UI/VisualFx/HelpView.ts as cce:/internal/x/cc.
16:41:10.865 debug: Resolve ../../Managers/GameManager from file:///D:/Game-Engine%20Projects/Blazing7Test/assets/Scripts/UI/VisualFx/HelpView.ts as file:///D:/Game-Engine%20Projects/Blazing7Test/assets/Scripts/Managers/GameManager.ts.
16:41:10.865 debug: Resolve ../../Managers/Services from file:///D:/Game-Engine%20Projects/Blazing7Test/assets/Scripts/UI/VisualFx/HelpView.ts as file:///D:/Game-Engine%20Projects/Blazing7Test/assets/Scripts/Managers/Services.ts.
16:41:10.865 debug: Resolve cc from file:///D:/Game-Engine%20Projects/Blazing7Test/assets/Scripts/UI/VisualFx/NodeMovement.ts as cce:/internal/x/cc.
16:41:10.865 debug: Resolve cc from file:///D:/Game-Engine%20Projects/Blazing7Test/assets/Scripts/UI/VisualFx/NodeMovement.ts as cce:/internal/x/cc.
16:41:10.865 debug: Resolve cc from file:///D:/Game-Engine%20Projects/Blazing7Test/assets/Scripts/UI/VisualFx/NodeMovement.ts as cce:/internal/x/cc.
16:41:10.865 debug: Resolve cce:/internal/code-quality/cr.mjs from file:///D:/Game-Engine%20Projects/Blazing7Test/assets/menu-bundle/BANANACRAZE/script/BundleBonusItem.ts as cce:/internal/code-quality/cr.mjs.
16:41:10.865 debug: Resolve cc from file:///D:/Game-Engine%20Projects/Blazing7Test/assets/menu-bundle/BANANACRAZE/script/BundleBonusItem.ts as cce:/internal/x/cc.
16:41:10.865 debug: Resolve cc from file:///D:/Game-Engine%20Projects/Blazing7Test/assets/menu-bundle/BANANACRAZE/script/BundleBonusItem.ts as cce:/internal/x/cc.
16:41:10.865 debug: Resolve cc from file:///D:/Game-Engine%20Projects/Blazing7Test/assets/menu-bundle/BANANACRAZE/script/BundleBonusItem.ts as cce:/internal/x/cc.
16:41:10.865 debug: Resolve ../../script/manager/MessageFlag from file:///D:/Game-Engine%20Projects/Blazing7Test/assets/menu-bundle/BANANACRAZE/script/BundleBonusItem.ts as file:///D:/Game-Engine%20Projects/Blazing7Test/assets/menu-bundle/script/manager/MessageFlag.ts.
16:41:10.865 debug: Resolve ../../script/interfaces/IMenuDependencies from file:///D:/Game-Engine%20Projects/Blazing7Test/assets/menu-bundle/BANANACRAZE/script/BundleBonusItem.ts as file:///D:/Game-Engine%20Projects/Blazing7Test/assets/menu-bundle/script/interfaces/IMenuDependencies.ts.
16:41:10.865 debug: Resolve cc from file:///D:/Game-Engine%20Projects/Blazing7Test/assets/menu-bundle/script/manager/MessageFlag.ts as cce:/internal/x/cc.
16:41:10.865 debug: Resolve cc from file:///D:/Game-Engine%20Projects/Blazing7Test/assets/menu-bundle/script/interfaces/IMenuDependencies.ts as cce:/internal/x/cc.
16:41:10.865 debug: Resolve cc from file:///D:/Game-Engine%20Projects/Blazing7Test/assets/menu-bundle/script/interfaces/IMenuDependencies.ts as cce:/internal/x/cc.
16:41:10.865 debug: Resolve cce:/internal/code-quality/cr.mjs from file:///D:/Game-Engine%20Projects/Blazing7Test/assets/menu-bundle/BANANACRAZE/script/BundleBonusTrajectory.ts as cce:/internal/code-quality/cr.mjs.
16:41:10.865 debug: Resolve cc from file:///D:/Game-Engine%20Projects/Blazing7Test/assets/menu-bundle/BANANACRAZE/script/BundleBonusTrajectory.ts as cce:/internal/x/cc.
16:41:10.865 debug: Resolve cc from file:///D:/Game-Engine%20Projects/Blazing7Test/assets/menu-bundle/BANANACRAZE/script/BundleBonusTrajectory.ts as cce:/internal/x/cc.
16:41:10.865 debug: Resolve cc from file:///D:/Game-Engine%20Projects/Blazing7Test/assets/menu-bundle/BANANACRAZE/script/BundleBonusTrajectory.ts as cce:/internal/x/cc.
16:41:10.865 debug: Resolve ../../script/interfaces/IMenuDependencies from file:///D:/Game-Engine%20Projects/Blazing7Test/assets/menu-bundle/BANANACRAZE/script/BundleBonusTrajectory.ts as file:///D:/Game-Engine%20Projects/Blazing7Test/assets/menu-bundle/script/interfaces/IMenuDependencies.ts.
16:41:10.865 debug: Resolve ../../script/manager/MessageFlag from file:///D:/Game-Engine%20Projects/Blazing7Test/assets/menu-bundle/BANANACRAZE/script/BundleBonusTrajectory.ts as file:///D:/Game-Engine%20Projects/Blazing7Test/assets/menu-bundle/script/manager/MessageFlag.ts.
16:41:10.865 debug: Resolve cce:/internal/code-quality/cr.mjs from file:///D:/Game-Engine%20Projects/Blazing7Test/assets/menu-bundle/BANANACRAZE/script/BundleCardTrajectory.ts as cce:/internal/code-quality/cr.mjs.
16:41:10.865 debug: Resolve cc from file:///D:/Game-Engine%20Projects/Blazing7Test/assets/menu-bundle/BANANACRAZE/script/BundleCardTrajectory.ts as cce:/internal/x/cc.
16:41:10.865 debug: Resolve cc from file:///D:/Game-Engine%20Projects/Blazing7Test/assets/menu-bundle/BANANACRAZE/script/BundleCardTrajectory.ts as cce:/internal/x/cc.
16:41:10.865 debug: Resolve cc from file:///D:/Game-Engine%20Projects/Blazing7Test/assets/menu-bundle/BANANACRAZE/script/BundleCardTrajectory.ts as cce:/internal/x/cc.
16:41:10.865 debug: Resolve ../../script/interfaces/IMenuDependencies from file:///D:/Game-Engine%20Projects/Blazing7Test/assets/menu-bundle/BANANACRAZE/script/BundleCardTrajectory.ts as file:///D:/Game-Engine%20Projects/Blazing7Test/assets/menu-bundle/script/interfaces/IMenuDependencies.ts.
16:41:10.865 debug: Resolve ../../script/utils/BundleGameUtils from file:///D:/Game-Engine%20Projects/Blazing7Test/assets/menu-bundle/BANANACRAZE/script/BundleCardTrajectory.ts as file:///D:/Game-Engine%20Projects/Blazing7Test/assets/menu-bundle/script/utils/BundleGameUtils.ts.
16:41:10.865 debug: Resolve ./BundleYourNumbersTrajectory from file:///D:/Game-Engine%20Projects/Blazing7Test/assets/menu-bundle/BANANACRAZE/script/BundleCardTrajectory.ts as file:///D:/Game-Engine%20Projects/Blazing7Test/assets/menu-bundle/BANANACRAZE/script/BundleYourNumbersTrajectory.ts.
16:41:10.865 debug: Resolve cce:/internal/code-quality/cr.mjs from file:///D:/Game-Engine%20Projects/Blazing7Test/assets/menu-bundle/script/utils/BundleGameUtils.ts as cce:/internal/code-quality/cr.mjs.
16:41:10.865 debug: Resolve cc from file:///D:/Game-Engine%20Projects/Blazing7Test/assets/menu-bundle/script/utils/BundleGameUtils.ts as cce:/internal/x/cc.
16:41:10.865 debug: Resolve cc from file:///D:/Game-Engine%20Projects/Blazing7Test/assets/menu-bundle/script/utils/BundleGameUtils.ts as cce:/internal/x/cc.
16:41:10.865 debug: Resolve cc from file:///D:/Game-Engine%20Projects/Blazing7Test/assets/menu-bundle/script/utils/BundleGameUtils.ts as cce:/internal/x/cc.
16:41:10.865 debug: Resolve ../interfaces/IMenuDependencies from file:///D:/Game-Engine%20Projects/Blazing7Test/assets/menu-bundle/script/utils/BundleGameUtils.ts as file:///D:/Game-Engine%20Projects/Blazing7Test/assets/menu-bundle/script/interfaces/IMenuDependencies.ts.
16:41:10.865 debug: Resolve cce:/internal/code-quality/cr.mjs from file:///D:/Game-Engine%20Projects/Blazing7Test/assets/menu-bundle/BANANACRAZE/script/BundleYourNumbersTrajectory.ts as cce:/internal/code-quality/cr.mjs.
16:41:10.865 debug: Resolve cc from file:///D:/Game-Engine%20Projects/Blazing7Test/assets/menu-bundle/BANANACRAZE/script/BundleYourNumbersTrajectory.ts as cce:/internal/x/cc.
16:41:10.865 debug: Resolve cc from file:///D:/Game-Engine%20Projects/Blazing7Test/assets/menu-bundle/BANANACRAZE/script/BundleYourNumbersTrajectory.ts as cce:/internal/x/cc.
16:41:10.865 debug: Resolve cc from file:///D:/Game-Engine%20Projects/Blazing7Test/assets/menu-bundle/BANANACRAZE/script/BundleYourNumbersTrajectory.ts as cce:/internal/x/cc.
16:41:10.865 debug: Resolve ../../script/interfaces/IMenuDependencies from file:///D:/Game-Engine%20Projects/Blazing7Test/assets/menu-bundle/BANANACRAZE/script/BundleYourNumbersTrajectory.ts as file:///D:/Game-Engine%20Projects/Blazing7Test/assets/menu-bundle/script/interfaces/IMenuDependencies.ts.
16:41:10.865 debug: Resolve ../../script/manager/MessageFlag from file:///D:/Game-Engine%20Projects/Blazing7Test/assets/menu-bundle/BANANACRAZE/script/BundleYourNumbersTrajectory.ts as file:///D:/Game-Engine%20Projects/Blazing7Test/assets/menu-bundle/script/manager/MessageFlag.ts.
16:41:10.865 debug: Resolve ./BundleYourNumberItem from file:///D:/Game-Engine%20Projects/Blazing7Test/assets/menu-bundle/BANANACRAZE/script/BundleYourNumbersTrajectory.ts as file:///D:/Game-Engine%20Projects/Blazing7Test/assets/menu-bundle/BANANACRAZE/script/BundleYourNumberItem.ts.
16:41:10.865 debug: Resolve cce:/internal/code-quality/cr.mjs from file:///D:/Game-Engine%20Projects/Blazing7Test/assets/menu-bundle/BANANACRAZE/script/BundleYourNumberItem.ts as cce:/internal/code-quality/cr.mjs.
16:41:10.865 debug: Resolve cc from file:///D:/Game-Engine%20Projects/Blazing7Test/assets/menu-bundle/BANANACRAZE/script/BundleYourNumberItem.ts as cce:/internal/x/cc.
16:41:10.865 debug: Resolve cc from file:///D:/Game-Engine%20Projects/Blazing7Test/assets/menu-bundle/BANANACRAZE/script/BundleYourNumberItem.ts as cce:/internal/x/cc.
16:41:10.865 debug: Resolve cc from file:///D:/Game-Engine%20Projects/Blazing7Test/assets/menu-bundle/BANANACRAZE/script/BundleYourNumberItem.ts as cce:/internal/x/cc.
16:41:10.865 debug: Resolve ../../script/manager/MessageFlag from file:///D:/Game-Engine%20Projects/Blazing7Test/assets/menu-bundle/BANANACRAZE/script/BundleYourNumberItem.ts as file:///D:/Game-Engine%20Projects/Blazing7Test/assets/menu-bundle/script/manager/MessageFlag.ts.
16:41:10.865 debug: Resolve ../../script/interfaces/IMenuDependencies from file:///D:/Game-Engine%20Projects/Blazing7Test/assets/menu-bundle/BANANACRAZE/script/BundleYourNumberItem.ts as file:///D:/Game-Engine%20Projects/Blazing7Test/assets/menu-bundle/script/interfaces/IMenuDependencies.ts.
16:41:10.865 debug: Resolve ../../script/utils/BundleGameUtils from file:///D:/Game-Engine%20Projects/Blazing7Test/assets/menu-bundle/BANANACRAZE/script/BundleYourNumberItem.ts as file:///D:/Game-Engine%20Projects/Blazing7Test/assets/menu-bundle/script/utils/BundleGameUtils.ts.
16:41:10.865 debug: Resolve cc from file:///D:/Game-Engine%20Projects/Blazing7Test/assets/menu-bundle/BANANACRAZE/script/BundleLeafItem.ts as cce:/internal/x/cc.
16:41:10.865 debug: Resolve cc from file:///D:/Game-Engine%20Projects/Blazing7Test/assets/menu-bundle/BANANACRAZE/script/BundleLeafItem.ts as cce:/internal/x/cc.
16:41:10.865 debug: Resolve cc from file:///D:/Game-Engine%20Projects/Blazing7Test/assets/menu-bundle/BANANACRAZE/script/BundleLeafItem.ts as cce:/internal/x/cc.
16:41:10.865 debug: Resolve cce:/internal/code-quality/cr.mjs from file:///D:/Game-Engine%20Projects/Blazing7Test/assets/menu-bundle/BANANACRAZE/script/BundleLeafManagerTrajectory.ts as cce:/internal/code-quality/cr.mjs.
16:41:10.865 debug: Resolve cc from file:///D:/Game-Engine%20Projects/Blazing7Test/assets/menu-bundle/BANANACRAZE/script/BundleLeafManagerTrajectory.ts as cce:/internal/x/cc.
16:41:10.865 debug: Resolve cc from file:///D:/Game-Engine%20Projects/Blazing7Test/assets/menu-bundle/BANANACRAZE/script/BundleLeafManagerTrajectory.ts as cce:/internal/x/cc.
16:41:10.865 debug: Resolve cc from file:///D:/Game-Engine%20Projects/Blazing7Test/assets/menu-bundle/BANANACRAZE/script/BundleLeafManagerTrajectory.ts as cce:/internal/x/cc.
16:41:10.865 debug: Resolve ../../script/manager/MessageFlag from file:///D:/Game-Engine%20Projects/Blazing7Test/assets/menu-bundle/BANANACRAZE/script/BundleLeafManagerTrajectory.ts as file:///D:/Game-Engine%20Projects/Blazing7Test/assets/menu-bundle/script/manager/MessageFlag.ts.
16:41:10.865 debug: Resolve ../../script/interfaces/IMenuDependencies from file:///D:/Game-Engine%20Projects/Blazing7Test/assets/menu-bundle/BANANACRAZE/script/BundleLeafManagerTrajectory.ts as file:///D:/Game-Engine%20Projects/Blazing7Test/assets/menu-bundle/script/interfaces/IMenuDependencies.ts.
16:41:10.865 debug: Resolve cce:/internal/code-quality/cr.mjs from file:///D:/Game-Engine%20Projects/Blazing7Test/assets/menu-bundle/BANANACRAZE/script/BundleTrajectory.ts as cce:/internal/code-quality/cr.mjs.
16:41:10.865 debug: Resolve cc from file:///D:/Game-Engine%20Projects/Blazing7Test/assets/menu-bundle/BANANACRAZE/script/BundleTrajectory.ts as cce:/internal/x/cc.
16:41:10.865 debug: Resolve cc from file:///D:/Game-Engine%20Projects/Blazing7Test/assets/menu-bundle/BANANACRAZE/script/BundleTrajectory.ts as cce:/internal/x/cc.
16:41:10.865 debug: Resolve cc from file:///D:/Game-Engine%20Projects/Blazing7Test/assets/menu-bundle/BANANACRAZE/script/BundleTrajectory.ts as cce:/internal/x/cc.
16:41:10.865 debug: Resolve ../../script/base/BundleBasePanel from file:///D:/Game-Engine%20Projects/Blazing7Test/assets/menu-bundle/BANANACRAZE/script/BundleTrajectory.ts as file:///D:/Game-Engine%20Projects/Blazing7Test/assets/menu-bundle/script/base/BundleBasePanel.ts.
16:41:10.865 debug: Resolve ../../script/types/AniType from file:///D:/Game-Engine%20Projects/Blazing7Test/assets/menu-bundle/BANANACRAZE/script/BundleTrajectory.ts as file:///D:/Game-Engine%20Projects/Blazing7Test/assets/menu-bundle/script/types/AniType.ts.
16:41:10.865 debug: Resolve ../../script/api/GameApi from file:///D:/Game-Engine%20Projects/Blazing7Test/assets/menu-bundle/BANANACRAZE/script/BundleTrajectory.ts as file:///D:/Game-Engine%20Projects/Blazing7Test/assets/menu-bundle/script/api/GameApi.ts.
16:41:10.865 debug: Resolve ../../script/utils/BundleGameUtils from file:///D:/Game-Engine%20Projects/Blazing7Test/assets/menu-bundle/BANANACRAZE/script/BundleTrajectory.ts as file:///D:/Game-Engine%20Projects/Blazing7Test/assets/menu-bundle/script/utils/BundleGameUtils.ts.
16:41:10.865 debug: Resolve ../../script/manager/MessageFlag from file:///D:/Game-Engine%20Projects/Blazing7Test/assets/menu-bundle/BANANACRAZE/script/BundleTrajectory.ts as file:///D:/Game-Engine%20Projects/Blazing7Test/assets/menu-bundle/script/manager/MessageFlag.ts.
16:41:10.865 debug: Resolve ./BundleCardTrajectory from file:///D:/Game-Engine%20Projects/Blazing7Test/assets/menu-bundle/BANANACRAZE/script/BundleTrajectory.ts as file:///D:/Game-Engine%20Projects/Blazing7Test/assets/menu-bundle/BANANACRAZE/script/BundleCardTrajectory.ts.
16:41:10.865 debug: Resolve ../../script/interfaces/IMenuDependencies from file:///D:/Game-Engine%20Projects/Blazing7Test/assets/menu-bundle/BANANACRAZE/script/BundleTrajectory.ts as file:///D:/Game-Engine%20Projects/Blazing7Test/assets/menu-bundle/script/interfaces/IMenuDependencies.ts.
16:41:10.865 debug: Resolve cce:/internal/code-quality/cr.mjs from file:///D:/Game-Engine%20Projects/Blazing7Test/assets/menu-bundle/script/base/BundleBasePanel.ts as cce:/internal/code-quality/cr.mjs.
16:41:10.865 debug: Resolve cc from file:///D:/Game-Engine%20Projects/Blazing7Test/assets/menu-bundle/script/base/BundleBasePanel.ts as cce:/internal/x/cc.
16:41:10.865 debug: Resolve cc from file:///D:/Game-Engine%20Projects/Blazing7Test/assets/menu-bundle/script/base/BundleBasePanel.ts as cce:/internal/x/cc.
16:41:10.865 debug: Resolve cc from file:///D:/Game-Engine%20Projects/Blazing7Test/assets/menu-bundle/script/base/BundleBasePanel.ts as cce:/internal/x/cc.
16:41:10.865 debug: Resolve ./BundleBaseUI from file:///D:/Game-Engine%20Projects/Blazing7Test/assets/menu-bundle/script/base/BundleBasePanel.ts as file:///D:/Game-Engine%20Projects/Blazing7Test/assets/menu-bundle/script/base/BundleBaseUI.ts.
16:41:10.865 debug: Resolve ../interfaces/IMenuDependencies from file:///D:/Game-Engine%20Projects/Blazing7Test/assets/menu-bundle/script/base/BundleBasePanel.ts as file:///D:/Game-Engine%20Projects/Blazing7Test/assets/menu-bundle/script/interfaces/IMenuDependencies.ts.
16:41:10.865 debug: Resolve ../types/AniType from file:///D:/Game-Engine%20Projects/Blazing7Test/assets/menu-bundle/script/base/BundleBasePanel.ts as file:///D:/Game-Engine%20Projects/Blazing7Test/assets/menu-bundle/script/types/AniType.ts.
16:41:10.865 debug: Resolve ../manager/MessageFlag from file:///D:/Game-Engine%20Projects/Blazing7Test/assets/menu-bundle/script/base/BundleBasePanel.ts as file:///D:/Game-Engine%20Projects/Blazing7Test/assets/menu-bundle/script/manager/MessageFlag.ts.
16:41:10.865 debug: Resolve ../interfaces/IMenuDependencies from file:///D:/Game-Engine%20Projects/Blazing7Test/assets/menu-bundle/script/base/BundleBasePanel.ts as file:///D:/Game-Engine%20Projects/Blazing7Test/assets/menu-bundle/script/interfaces/IMenuDependencies.ts.
16:41:10.865 debug: Resolve cc from file:///D:/Game-Engine%20Projects/Blazing7Test/assets/menu-bundle/script/base/BundleBaseUI.ts as cce:/internal/x/cc.
16:41:10.865 debug: Resolve cc from file:///D:/Game-Engine%20Projects/Blazing7Test/assets/menu-bundle/script/base/BundleBaseUI.ts as cce:/internal/x/cc.
16:41:10.865 debug: Resolve cc from file:///D:/Game-Engine%20Projects/Blazing7Test/assets/menu-bundle/script/base/BundleBaseUI.ts as cce:/internal/x/cc.
16:41:10.865 debug: Resolve cc from file:///D:/Game-Engine%20Projects/Blazing7Test/assets/menu-bundle/script/types/AniType.ts as cce:/internal/x/cc.
16:41:10.865 debug: Resolve cce:/internal/code-quality/cr.mjs from file:///D:/Game-Engine%20Projects/Blazing7Test/assets/menu-bundle/script/api/GameApi.ts as cce:/internal/code-quality/cr.mjs.
16:41:10.865 debug: Resolve cc from file:///D:/Game-Engine%20Projects/Blazing7Test/assets/menu-bundle/script/api/GameApi.ts as cce:/internal/x/cc.
16:41:10.865 debug: Resolve ../interfaces/IMenuDependencies from file:///D:/Game-Engine%20Projects/Blazing7Test/assets/menu-bundle/script/api/GameApi.ts as file:///D:/Game-Engine%20Projects/Blazing7Test/assets/menu-bundle/script/interfaces/IMenuDependencies.ts.
16:41:10.865 debug: Resolve cc from file:///D:/Game-Engine%20Projects/Blazing7Test/assets/menu-bundle/BINGO2/script/BingoAudio.ts as cce:/internal/x/cc.
16:41:10.865 debug: Resolve cc from file:///D:/Game-Engine%20Projects/Blazing7Test/assets/menu-bundle/BINGO2/script/BingoAudio.ts as cce:/internal/x/cc.
16:41:10.865 debug: Resolve cc from file:///D:/Game-Engine%20Projects/Blazing7Test/assets/menu-bundle/BINGO2/script/BingoAudio.ts as cce:/internal/x/cc.
16:41:10.865 debug: Resolve cce:/internal/code-quality/cr.mjs from file:///D:/Game-Engine%20Projects/Blazing7Test/assets/menu-bundle/BINGO2/script/BingoBalls.ts as cce:/internal/code-quality/cr.mjs.
16:41:10.865 debug: Resolve cc from file:///D:/Game-Engine%20Projects/Blazing7Test/assets/menu-bundle/BINGO2/script/BingoBalls.ts as cce:/internal/x/cc.
16:41:10.865 debug: Resolve cc from file:///D:/Game-Engine%20Projects/Blazing7Test/assets/menu-bundle/BINGO2/script/BingoBalls.ts as cce:/internal/x/cc.
16:41:10.865 debug: Resolve cc from file:///D:/Game-Engine%20Projects/Blazing7Test/assets/menu-bundle/BINGO2/script/BingoBalls.ts as cce:/internal/x/cc.
16:41:10.865 debug: Resolve ./BingoAudio from file:///D:/Game-Engine%20Projects/Blazing7Test/assets/menu-bundle/BINGO2/script/BingoBalls.ts as file:///D:/Game-Engine%20Projects/Blazing7Test/assets/menu-bundle/BINGO2/script/BingoAudio.ts.
16:41:10.865 debug: Resolve cce:/internal/code-quality/cr.mjs from file:///D:/Game-Engine%20Projects/Blazing7Test/assets/menu-bundle/BINGO2/script/BingoBallsScratch.ts as cce:/internal/code-quality/cr.mjs.
16:41:10.865 debug: Resolve cc from file:///D:/Game-Engine%20Projects/Blazing7Test/assets/menu-bundle/BINGO2/script/BingoBallsScratch.ts as cce:/internal/x/cc.
16:41:10.865 debug: Resolve cc from file:///D:/Game-Engine%20Projects/Blazing7Test/assets/menu-bundle/BINGO2/script/BingoBallsScratch.ts as cce:/internal/x/cc.
16:41:10.865 debug: Resolve cc from file:///D:/Game-Engine%20Projects/Blazing7Test/assets/menu-bundle/BINGO2/script/BingoBallsScratch.ts as cce:/internal/x/cc.
16:41:10.865 debug: Resolve ./BingoBalls from file:///D:/Game-Engine%20Projects/Blazing7Test/assets/menu-bundle/BINGO2/script/BingoBallsScratch.ts as file:///D:/Game-Engine%20Projects/Blazing7Test/assets/menu-bundle/BINGO2/script/BingoBalls.ts.
16:41:10.865 debug: Resolve ./BingoAudio from file:///D:/Game-Engine%20Projects/Blazing7Test/assets/menu-bundle/BINGO2/script/BingoBallsScratch.ts as file:///D:/Game-Engine%20Projects/Blazing7Test/assets/menu-bundle/BINGO2/script/BingoAudio.ts.
16:41:10.865 debug: Resolve cce:/internal/code-quality/cr.mjs from file:///D:/Game-Engine%20Projects/Blazing7Test/assets/menu-bundle/BINGO2/script/BingoCard.ts as cce:/internal/code-quality/cr.mjs.
16:41:10.865 debug: Resolve cc from file:///D:/Game-Engine%20Projects/Blazing7Test/assets/menu-bundle/BINGO2/script/BingoCard.ts as cce:/internal/x/cc.
16:41:10.865 debug: Resolve cc from file:///D:/Game-Engine%20Projects/Blazing7Test/assets/menu-bundle/BINGO2/script/BingoCard.ts as cce:/internal/x/cc.
16:41:10.865 debug: Resolve cc from file:///D:/Game-Engine%20Projects/Blazing7Test/assets/menu-bundle/BINGO2/script/BingoCard.ts as cce:/internal/x/cc.
16:41:10.865 debug: Resolve ./BingoBalls from file:///D:/Game-Engine%20Projects/Blazing7Test/assets/menu-bundle/BINGO2/script/BingoCard.ts as file:///D:/Game-Engine%20Projects/Blazing7Test/assets/menu-bundle/BINGO2/script/BingoBalls.ts.
16:41:10.865 debug: Resolve ./BingoNumber from file:///D:/Game-Engine%20Projects/Blazing7Test/assets/menu-bundle/BINGO2/script/BingoCard.ts as file:///D:/Game-Engine%20Projects/Blazing7Test/assets/menu-bundle/BINGO2/script/BingoNumber.ts.
16:41:10.865 debug: Resolve ./BingoExtraball from file:///D:/Game-Engine%20Projects/Blazing7Test/assets/menu-bundle/BINGO2/script/BingoCard.ts as file:///D:/Game-Engine%20Projects/Blazing7Test/assets/menu-bundle/BINGO2/script/BingoExtraball.ts.
16:41:10.865 debug: Resolve ./BingoWinRule from file:///D:/Game-Engine%20Projects/Blazing7Test/assets/menu-bundle/BINGO2/script/BingoCard.ts as file:///D:/Game-Engine%20Projects/Blazing7Test/assets/menu-bundle/BINGO2/script/BingoWinRule.ts.
16:41:10.865 debug: Resolve ./BingoBallsScratch from file:///D:/Game-Engine%20Projects/Blazing7Test/assets/menu-bundle/BINGO2/script/BingoCard.ts as file:///D:/Game-Engine%20Projects/Blazing7Test/assets/menu-bundle/BINGO2/script/BingoBallsScratch.ts.
16:41:10.865 debug: Resolve ./BingoConfig from file:///D:/Game-Engine%20Projects/Blazing7Test/assets/menu-bundle/BINGO2/script/BingoCard.ts as file:///D:/Game-Engine%20Projects/Blazing7Test/assets/menu-bundle/BINGO2/script/BingoConfig.ts.
16:41:10.865 debug: Resolve ./BingoAudio from file:///D:/Game-Engine%20Projects/Blazing7Test/assets/menu-bundle/BINGO2/script/BingoCard.ts as file:///D:/Game-Engine%20Projects/Blazing7Test/assets/menu-bundle/BINGO2/script/BingoAudio.ts.
16:41:10.865 debug: Resolve cce:/internal/code-quality/cr.mjs from file:///D:/Game-Engine%20Projects/Blazing7Test/assets/menu-bundle/BINGO2/script/BingoNumber.ts as cce:/internal/code-quality/cr.mjs.
16:41:10.865 debug: Resolve cc from file:///D:/Game-Engine%20Projects/Blazing7Test/assets/menu-bundle/BINGO2/script/BingoNumber.ts as cce:/internal/x/cc.
16:41:10.865 debug: Resolve cc from file:///D:/Game-Engine%20Projects/Blazing7Test/assets/menu-bundle/BINGO2/script/BingoNumber.ts as cce:/internal/x/cc.
16:41:10.865 debug: Resolve cc from file:///D:/Game-Engine%20Projects/Blazing7Test/assets/menu-bundle/BINGO2/script/BingoNumber.ts as cce:/internal/x/cc.
16:41:10.865 debug: Resolve ./BingoConfig from file:///D:/Game-Engine%20Projects/Blazing7Test/assets/menu-bundle/BINGO2/script/BingoNumber.ts as file:///D:/Game-Engine%20Projects/Blazing7Test/assets/menu-bundle/BINGO2/script/BingoConfig.ts.
16:41:10.865 debug: Resolve ./BingoWinLine from file:///D:/Game-Engine%20Projects/Blazing7Test/assets/menu-bundle/BINGO2/script/BingoNumber.ts as file:///D:/Game-Engine%20Projects/Blazing7Test/assets/menu-bundle/BINGO2/script/BingoWinLine.ts.
16:41:10.866 debug: Resolve ./BingoAudio from file:///D:/Game-Engine%20Projects/Blazing7Test/assets/menu-bundle/BINGO2/script/BingoNumber.ts as file:///D:/Game-Engine%20Projects/Blazing7Test/assets/menu-bundle/BINGO2/script/BingoAudio.ts.
16:41:10.866 debug: Resolve cc from file:///D:/Game-Engine%20Projects/Blazing7Test/assets/menu-bundle/BINGO2/script/BingoConfig.ts as cce:/internal/x/cc.
16:41:10.866 debug: Resolve cce:/internal/code-quality/cr.mjs from file:///D:/Game-Engine%20Projects/Blazing7Test/assets/menu-bundle/BINGO2/script/BingoWinLine.ts as cce:/internal/code-quality/cr.mjs.
16:41:10.866 debug: Resolve cc from file:///D:/Game-Engine%20Projects/Blazing7Test/assets/menu-bundle/BINGO2/script/BingoWinLine.ts as cce:/internal/x/cc.
16:41:10.866 debug: Resolve cc from file:///D:/Game-Engine%20Projects/Blazing7Test/assets/menu-bundle/BINGO2/script/BingoWinLine.ts as cce:/internal/x/cc.
16:41:10.866 debug: Resolve cc from file:///D:/Game-Engine%20Projects/Blazing7Test/assets/menu-bundle/BINGO2/script/BingoWinLine.ts as cce:/internal/x/cc.
16:41:10.866 debug: Resolve ./BingoConfig from file:///D:/Game-Engine%20Projects/Blazing7Test/assets/menu-bundle/BINGO2/script/BingoWinLine.ts as file:///D:/Game-Engine%20Projects/Blazing7Test/assets/menu-bundle/BINGO2/script/BingoConfig.ts.
16:41:10.866 debug: Resolve ./BingoAudio from file:///D:/Game-Engine%20Projects/Blazing7Test/assets/menu-bundle/BINGO2/script/BingoWinLine.ts as file:///D:/Game-Engine%20Projects/Blazing7Test/assets/menu-bundle/BINGO2/script/BingoAudio.ts.
16:41:10.866 debug: Resolve cce:/internal/code-quality/cr.mjs from file:///D:/Game-Engine%20Projects/Blazing7Test/assets/menu-bundle/BINGO2/script/BingoExtraball.ts as cce:/internal/code-quality/cr.mjs.
16:41:10.866 debug: Resolve cc from file:///D:/Game-Engine%20Projects/Blazing7Test/assets/menu-bundle/BINGO2/script/BingoExtraball.ts as cce:/internal/x/cc.
16:41:10.866 debug: Resolve cc from file:///D:/Game-Engine%20Projects/Blazing7Test/assets/menu-bundle/BINGO2/script/BingoExtraball.ts as cce:/internal/x/cc.
16:41:10.866 debug: Resolve cc from file:///D:/Game-Engine%20Projects/Blazing7Test/assets/menu-bundle/BINGO2/script/BingoExtraball.ts as cce:/internal/x/cc.
16:41:10.866 debug: Resolve ./BingoAudio from file:///D:/Game-Engine%20Projects/Blazing7Test/assets/menu-bundle/BINGO2/script/BingoExtraball.ts as file:///D:/Game-Engine%20Projects/Blazing7Test/assets/menu-bundle/BINGO2/script/BingoAudio.ts.
16:41:10.866 debug: Resolve cce:/internal/code-quality/cr.mjs from file:///D:/Game-Engine%20Projects/Blazing7Test/assets/menu-bundle/BINGO2/script/BingoWinRule.ts as cce:/internal/code-quality/cr.mjs.
16:41:10.866 debug: Resolve cc from file:///D:/Game-Engine%20Projects/Blazing7Test/assets/menu-bundle/BINGO2/script/BingoWinRule.ts as cce:/internal/x/cc.
16:41:10.866 debug: Resolve cc from file:///D:/Game-Engine%20Projects/Blazing7Test/assets/menu-bundle/BINGO2/script/BingoWinRule.ts as cce:/internal/x/cc.
16:41:10.866 debug: Resolve cc from file:///D:/Game-Engine%20Projects/Blazing7Test/assets/menu-bundle/BINGO2/script/BingoWinRule.ts as cce:/internal/x/cc.
16:41:10.866 debug: Resolve ./BingoRuleItem from file:///D:/Game-Engine%20Projects/Blazing7Test/assets/menu-bundle/BINGO2/script/BingoWinRule.ts as file:///D:/Game-Engine%20Projects/Blazing7Test/assets/menu-bundle/BINGO2/script/BingoRuleItem.ts.
16:41:10.866 debug: Resolve ./BingoConfig from file:///D:/Game-Engine%20Projects/Blazing7Test/assets/menu-bundle/BINGO2/script/BingoWinRule.ts as file:///D:/Game-Engine%20Projects/Blazing7Test/assets/menu-bundle/BINGO2/script/BingoConfig.ts.
16:41:10.866 debug: Resolve ./BingoRuleSlider from file:///D:/Game-Engine%20Projects/Blazing7Test/assets/menu-bundle/BINGO2/script/BingoWinRule.ts as file:///D:/Game-Engine%20Projects/Blazing7Test/assets/menu-bundle/BINGO2/script/BingoRuleSlider.ts.
16:41:10.866 debug: Resolve cce:/internal/code-quality/cr.mjs from file:///D:/Game-Engine%20Projects/Blazing7Test/assets/menu-bundle/BINGO2/script/BingoRuleItem.ts as cce:/internal/code-quality/cr.mjs.
16:41:10.866 debug: Resolve cc from file:///D:/Game-Engine%20Projects/Blazing7Test/assets/menu-bundle/BINGO2/script/BingoRuleItem.ts as cce:/internal/x/cc.
16:41:10.866 debug: Resolve cc from file:///D:/Game-Engine%20Projects/Blazing7Test/assets/menu-bundle/BINGO2/script/BingoRuleItem.ts as cce:/internal/x/cc.
16:41:10.866 debug: Resolve cc from file:///D:/Game-Engine%20Projects/Blazing7Test/assets/menu-bundle/BINGO2/script/BingoRuleItem.ts as cce:/internal/x/cc.
16:41:10.866 debug: Resolve ./BingoConfig from file:///D:/Game-Engine%20Projects/Blazing7Test/assets/menu-bundle/BINGO2/script/BingoRuleItem.ts as file:///D:/Game-Engine%20Projects/Blazing7Test/assets/menu-bundle/BINGO2/script/BingoConfig.ts.
16:41:10.866 debug: Resolve cc from file:///D:/Game-Engine%20Projects/Blazing7Test/assets/menu-bundle/BINGO2/script/BingoRuleSlider.ts as cce:/internal/x/cc.
16:41:10.866 debug: Resolve cc from file:///D:/Game-Engine%20Projects/Blazing7Test/assets/menu-bundle/BINGO2/script/BingoRuleSlider.ts as cce:/internal/x/cc.
16:41:10.866 debug: Resolve cc from file:///D:/Game-Engine%20Projects/Blazing7Test/assets/menu-bundle/BINGO2/script/BingoRuleSlider.ts as cce:/internal/x/cc.
16:41:10.866 debug: Resolve cce:/internal/code-quality/cr.mjs from file:///D:/Game-Engine%20Projects/Blazing7Test/assets/menu-bundle/BINGO2/script/BingoCardDetails.ts as cce:/internal/code-quality/cr.mjs.
16:41:10.866 debug: Resolve cc from file:///D:/Game-Engine%20Projects/Blazing7Test/assets/menu-bundle/BINGO2/script/BingoCardDetails.ts as cce:/internal/x/cc.
16:41:10.866 debug: Resolve cc from file:///D:/Game-Engine%20Projects/Blazing7Test/assets/menu-bundle/BINGO2/script/BingoCardDetails.ts as cce:/internal/x/cc.
16:41:10.866 debug: Resolve cc from file:///D:/Game-Engine%20Projects/Blazing7Test/assets/menu-bundle/BINGO2/script/BingoCardDetails.ts as cce:/internal/x/cc.
16:41:10.866 debug: Resolve ./BingoNumber from file:///D:/Game-Engine%20Projects/Blazing7Test/assets/menu-bundle/BINGO2/script/BingoCardDetails.ts as file:///D:/Game-Engine%20Projects/Blazing7Test/assets/menu-bundle/BINGO2/script/BingoNumber.ts.
16:41:10.866 debug: Resolve ./BingoBalls from file:///D:/Game-Engine%20Projects/Blazing7Test/assets/menu-bundle/BINGO2/script/BingoCardDetails.ts as file:///D:/Game-Engine%20Projects/Blazing7Test/assets/menu-bundle/BINGO2/script/BingoBalls.ts.
16:41:10.866 debug: Resolve ./BingoBallsScratch from file:///D:/Game-Engine%20Projects/Blazing7Test/assets/menu-bundle/BINGO2/script/BingoCardDetails.ts as file:///D:/Game-Engine%20Projects/Blazing7Test/assets/menu-bundle/BINGO2/script/BingoBallsScratch.ts.
16:41:10.866 debug: Resolve ./BingoExtraball from file:///D:/Game-Engine%20Projects/Blazing7Test/assets/menu-bundle/BINGO2/script/BingoCardDetails.ts as file:///D:/Game-Engine%20Projects/Blazing7Test/assets/menu-bundle/BINGO2/script/BingoExtraball.ts.
16:41:10.866 debug: Resolve ../../script/interfaces/IMenuDependencies from file:///D:/Game-Engine%20Projects/Blazing7Test/assets/menu-bundle/BINGO2/script/BingoCardDetails.ts as file:///D:/Game-Engine%20Projects/Blazing7Test/assets/menu-bundle/script/interfaces/IMenuDependencies.ts.
16:41:10.866 debug: Resolve cce:/internal/code-quality/cr.mjs from file:///D:/Game-Engine%20Projects/Blazing7Test/assets/menu-bundle/BINGO2/script/BingoWinAlert.ts as cce:/internal/code-quality/cr.mjs.
16:41:10.866 debug: Resolve cc from file:///D:/Game-Engine%20Projects/Blazing7Test/assets/menu-bundle/BINGO2/script/BingoWinAlert.ts as cce:/internal/x/cc.
16:41:10.866 debug: Resolve cc from file:///D:/Game-Engine%20Projects/Blazing7Test/assets/menu-bundle/BINGO2/script/BingoWinAlert.ts as cce:/internal/x/cc.
16:41:10.866 debug: Resolve cc from file:///D:/Game-Engine%20Projects/Blazing7Test/assets/menu-bundle/BINGO2/script/BingoWinAlert.ts as cce:/internal/x/cc.
16:41:10.866 debug: Resolve ./BingoCardDetails from file:///D:/Game-Engine%20Projects/Blazing7Test/assets/menu-bundle/BINGO2/script/BingoWinAlert.ts as file:///D:/Game-Engine%20Projects/Blazing7Test/assets/menu-bundle/BINGO2/script/BingoCardDetails.ts.
16:41:10.866 debug: Resolve ../../script/utils/BundleGameUtils from file:///D:/Game-Engine%20Projects/Blazing7Test/assets/menu-bundle/BINGO2/script/BingoWinAlert.ts as file:///D:/Game-Engine%20Projects/Blazing7Test/assets/menu-bundle/script/utils/BundleGameUtils.ts.
16:41:10.866 debug: Resolve cce:/internal/code-quality/cr.mjs from file:///D:/Game-Engine%20Projects/Blazing7Test/assets/menu-bundle/BLAZING_7S_SCRATCH/script/BundleTrajectory7s.ts as cce:/internal/code-quality/cr.mjs.
16:41:10.866 debug: Resolve cc from file:///D:/Game-Engine%20Projects/Blazing7Test/assets/menu-bundle/BLAZING_7S_SCRATCH/script/BundleTrajectory7s.ts as cce:/internal/x/cc.
16:41:10.866 debug: Resolve cc from file:///D:/Game-Engine%20Projects/Blazing7Test/assets/menu-bundle/BLAZING_7S_SCRATCH/script/BundleTrajectory7s.ts as cce:/internal/x/cc.
16:41:10.866 debug: Resolve cc from file:///D:/Game-Engine%20Projects/Blazing7Test/assets/menu-bundle/BLAZING_7S_SCRATCH/script/BundleTrajectory7s.ts as cce:/internal/x/cc.
16:41:10.866 debug: Resolve ./ScratchSystem from file:///D:/Game-Engine%20Projects/Blazing7Test/assets/menu-bundle/BLAZING_7S_SCRATCH/script/BundleTrajectory7s.ts as file:///D:/Game-Engine%20Projects/Blazing7Test/assets/menu-bundle/BLAZING_7S_SCRATCH/script/ScratchSystem.ts.
16:41:10.866 debug: Resolve ./FragmentView from file:///D:/Game-Engine%20Projects/Blazing7Test/assets/menu-bundle/BLAZING_7S_SCRATCH/script/BundleTrajectory7s.ts as file:///D:/Game-Engine%20Projects/Blazing7Test/assets/menu-bundle/BLAZING_7S_SCRATCH/script/FragmentView.ts.
16:41:10.866 debug: Resolve ../../script/base/BundleBasePanel from file:///D:/Game-Engine%20Projects/Blazing7Test/assets/menu-bundle/BLAZING_7S_SCRATCH/script/BundleTrajectory7s.ts as file:///D:/Game-Engine%20Projects/Blazing7Test/assets/menu-bundle/script/base/BundleBasePanel.ts.
16:41:10.866 debug: Resolve ../../script/api/GameApi from file:///D:/Game-Engine%20Projects/Blazing7Test/assets/menu-bundle/BLAZING_7S_SCRATCH/script/BundleTrajectory7s.ts as file:///D:/Game-Engine%20Projects/Blazing7Test/assets/menu-bundle/script/api/GameApi.ts.
16:41:10.866 debug: Resolve ../../script/manager/MessageFlag from file:///D:/Game-Engine%20Projects/Blazing7Test/assets/menu-bundle/BLAZING_7S_SCRATCH/script/BundleTrajectory7s.ts as file:///D:/Game-Engine%20Projects/Blazing7Test/assets/menu-bundle/script/manager/MessageFlag.ts.
16:41:10.866 debug: Resolve ../../script/interfaces/IMenuDependencies from file:///D:/Game-Engine%20Projects/Blazing7Test/assets/menu-bundle/BLAZING_7S_SCRATCH/script/BundleTrajectory7s.ts as file:///D:/Game-Engine%20Projects/Blazing7Test/assets/menu-bundle/script/interfaces/IMenuDependencies.ts.
16:41:10.866 debug: Resolve cce:/internal/code-quality/cr.mjs from file:///D:/Game-Engine%20Projects/Blazing7Test/assets/menu-bundle/BLAZING_7S_SCRATCH/script/ScratchSystem.ts as cce:/internal/code-quality/cr.mjs.
16:41:10.866 debug: Resolve cc from file:///D:/Game-Engine%20Projects/Blazing7Test/assets/menu-bundle/BLAZING_7S_SCRATCH/script/ScratchSystem.ts as cce:/internal/x/cc.
16:41:10.866 debug: Resolve cc from file:///D:/Game-Engine%20Projects/Blazing7Test/assets/menu-bundle/BLAZING_7S_SCRATCH/script/ScratchSystem.ts as cce:/internal/x/cc.
16:41:10.866 debug: Resolve cc from file:///D:/Game-Engine%20Projects/Blazing7Test/assets/menu-bundle/BLAZING_7S_SCRATCH/script/ScratchSystem.ts as cce:/internal/x/cc.
16:41:10.866 debug: Resolve ./ScratchMask from file:///D:/Game-Engine%20Projects/Blazing7Test/assets/menu-bundle/BLAZING_7S_SCRATCH/script/ScratchSystem.ts as file:///D:/Game-Engine%20Projects/Blazing7Test/assets/menu-bundle/BLAZING_7S_SCRATCH/script/ScratchMask.ts.
16:41:10.866 debug: Resolve ./ScratchRenderer from file:///D:/Game-Engine%20Projects/Blazing7Test/assets/menu-bundle/BLAZING_7S_SCRATCH/script/ScratchSystem.ts as file:///D:/Game-Engine%20Projects/Blazing7Test/assets/menu-bundle/BLAZING_7S_SCRATCH/script/ScratchRenderer.ts.
16:41:10.866 debug: Resolve ./ScratchTrajectory from file:///D:/Game-Engine%20Projects/Blazing7Test/assets/menu-bundle/BLAZING_7S_SCRATCH/script/ScratchSystem.ts as file:///D:/Game-Engine%20Projects/Blazing7Test/assets/menu-bundle/BLAZING_7S_SCRATCH/script/ScratchTrajectory.ts.
16:41:10.866 debug: Resolve ../../script/interfaces/IMenuDependencies from file:///D:/Game-Engine%20Projects/Blazing7Test/assets/menu-bundle/BLAZING_7S_SCRATCH/script/ScratchSystem.ts as file:///D:/Game-Engine%20Projects/Blazing7Test/assets/menu-bundle/script/interfaces/IMenuDependencies.ts.
16:41:10.866 debug: Resolve ../../script/manager/MessageFlag from file:///D:/Game-Engine%20Projects/Blazing7Test/assets/menu-bundle/BLAZING_7S_SCRATCH/script/ScratchSystem.ts as file:///D:/Game-Engine%20Projects/Blazing7Test/assets/menu-bundle/script/manager/MessageFlag.ts.
16:41:10.866 debug: Resolve cce:/internal/code-quality/cr.mjs from file:///D:/Game-Engine%20Projects/Blazing7Test/assets/menu-bundle/BLAZING_7S_SCRATCH/script/ScratchMask.ts as cce:/internal/code-quality/cr.mjs.
16:41:10.866 debug: Resolve cc from file:///D:/Game-Engine%20Projects/Blazing7Test/assets/menu-bundle/BLAZING_7S_SCRATCH/script/ScratchMask.ts as cce:/internal/x/cc.
16:41:10.866 debug: Resolve cce:/internal/code-quality/cr.mjs from file:///D:/Game-Engine%20Projects/Blazing7Test/assets/menu-bundle/BLAZING_7S_SCRATCH/script/ScratchRenderer.ts as cce:/internal/code-quality/cr.mjs.
16:41:10.866 debug: Resolve cc from file:///D:/Game-Engine%20Projects/Blazing7Test/assets/menu-bundle/BLAZING_7S_SCRATCH/script/ScratchRenderer.ts as cce:/internal/x/cc.
16:41:10.866 debug: Resolve cc from file:///D:/Game-Engine%20Projects/Blazing7Test/assets/menu-bundle/BLAZING_7S_SCRATCH/script/ScratchRenderer.ts as cce:/internal/x/cc.
16:41:10.866 debug: Resolve cc from file:///D:/Game-Engine%20Projects/Blazing7Test/assets/menu-bundle/BLAZING_7S_SCRATCH/script/ScratchRenderer.ts as cce:/internal/x/cc.
16:41:10.866 debug: Resolve ../../script/manager/MessageFlag from file:///D:/Game-Engine%20Projects/Blazing7Test/assets/menu-bundle/BLAZING_7S_SCRATCH/script/ScratchRenderer.ts as file:///D:/Game-Engine%20Projects/Blazing7Test/assets/menu-bundle/script/manager/MessageFlag.ts.
16:41:10.866 debug: Resolve ../../script/interfaces/IMenuDependencies from file:///D:/Game-Engine%20Projects/Blazing7Test/assets/menu-bundle/BLAZING_7S_SCRATCH/script/ScratchRenderer.ts as file:///D:/Game-Engine%20Projects/Blazing7Test/assets/menu-bundle/script/interfaces/IMenuDependencies.ts.
16:41:10.866 debug: Resolve cce:/internal/code-quality/cr.mjs from file:///D:/Game-Engine%20Projects/Blazing7Test/assets/menu-bundle/BLAZING_7S_SCRATCH/script/ScratchTrajectory.ts as cce:/internal/code-quality/cr.mjs.
16:41:10.866 debug: Resolve cc from file:///D:/Game-Engine%20Projects/Blazing7Test/assets/menu-bundle/BLAZING_7S_SCRATCH/script/ScratchTrajectory.ts as cce:/internal/x/cc.
16:41:10.866 debug: Resolve cce:/internal/code-quality/cr.mjs from file:///D:/Game-Engine%20Projects/Blazing7Test/assets/menu-bundle/BLAZING_7S_SCRATCH/script/FragmentView.ts as cce:/internal/code-quality/cr.mjs.
16:41:10.866 debug: Resolve cc from file:///D:/Game-Engine%20Projects/Blazing7Test/assets/menu-bundle/BLAZING_7S_SCRATCH/script/FragmentView.ts as cce:/internal/x/cc.
16:41:10.866 debug: Resolve cc from file:///D:/Game-Engine%20Projects/Blazing7Test/assets/menu-bundle/BLAZING_7S_SCRATCH/script/FragmentView.ts as cce:/internal/x/cc.
16:41:10.866 debug: Resolve cc from file:///D:/Game-Engine%20Projects/Blazing7Test/assets/menu-bundle/BLAZING_7S_SCRATCH/script/FragmentView.ts as cce:/internal/x/cc.
16:41:10.866 debug: Resolve ../../script/manager/MessageFlag from file:///D:/Game-Engine%20Projects/Blazing7Test/assets/menu-bundle/BLAZING_7S_SCRATCH/script/FragmentView.ts as file:///D:/Game-Engine%20Projects/Blazing7Test/assets/menu-bundle/script/manager/MessageFlag.ts.
16:41:10.866 debug: Resolve ../../script/interfaces/IMenuDependencies from file:///D:/Game-Engine%20Projects/Blazing7Test/assets/menu-bundle/BLAZING_7S_SCRATCH/script/FragmentView.ts as file:///D:/Game-Engine%20Projects/Blazing7Test/assets/menu-bundle/script/interfaces/IMenuDependencies.ts.
16:41:10.866 debug: Resolve cc from file:///D:/Game-Engine%20Projects/Blazing7Test/assets/menu-bundle/BLAZING_7S_SCRATCH/script/CardFragmentView.ts as cce:/internal/x/cc.
16:41:10.866 debug: Resolve cc from file:///D:/Game-Engine%20Projects/Blazing7Test/assets/menu-bundle/BLAZING_7S_SCRATCH/script/CardFragmentView.ts as cce:/internal/x/cc.
16:41:10.866 debug: Resolve cc from file:///D:/Game-Engine%20Projects/Blazing7Test/assets/menu-bundle/BLAZING_7S_SCRATCH/script/CardFragmentView.ts as cce:/internal/x/cc.
16:41:10.866 debug: Resolve cce:/internal/code-quality/cr.mjs from file:///D:/Game-Engine%20Projects/Blazing7Test/assets/menu-bundle/BLAZING_7S_SCRATCH/script/CardReview7s.ts as cce:/internal/code-quality/cr.mjs.
16:41:10.866 debug: Resolve cc from file:///D:/Game-Engine%20Projects/Blazing7Test/assets/menu-bundle/BLAZING_7S_SCRATCH/script/CardReview7s.ts as cce:/internal/x/cc.
16:41:10.866 debug: Resolve cc from file:///D:/Game-Engine%20Projects/Blazing7Test/assets/menu-bundle/BLAZING_7S_SCRATCH/script/CardReview7s.ts as cce:/internal/x/cc.
16:41:10.866 debug: Resolve cc from file:///D:/Game-Engine%20Projects/Blazing7Test/assets/menu-bundle/BLAZING_7S_SCRATCH/script/CardReview7s.ts as cce:/internal/x/cc.
16:41:10.866 debug: Resolve ./CardReviewSystemBlazing from file:///D:/Game-Engine%20Projects/Blazing7Test/assets/menu-bundle/BLAZING_7S_SCRATCH/script/CardReview7s.ts as file:///D:/Game-Engine%20Projects/Blazing7Test/assets/menu-bundle/BLAZING_7S_SCRATCH/script/CardReviewSystemBlazing.ts.
16:41:10.866 debug: Resolve ./CardFragmentView from file:///D:/Game-Engine%20Projects/Blazing7Test/assets/menu-bundle/BLAZING_7S_SCRATCH/script/CardReview7s.ts as file:///D:/Game-Engine%20Projects/Blazing7Test/assets/menu-bundle/BLAZING_7S_SCRATCH/script/CardFragmentView.ts.
16:41:10.866 debug: Resolve ../../script/utils/BundleGameUtils from file:///D:/Game-Engine%20Projects/Blazing7Test/assets/menu-bundle/BLAZING_7S_SCRATCH/script/CardReview7s.ts as file:///D:/Game-Engine%20Projects/Blazing7Test/assets/menu-bundle/script/utils/BundleGameUtils.ts.
16:41:10.866 debug: Resolve cce:/internal/code-quality/cr.mjs from file:///D:/Game-Engine%20Projects/Blazing7Test/assets/menu-bundle/BLAZING_7S_SCRATCH/script/CardReviewSystemBlazing.ts as cce:/internal/code-quality/cr.mjs.
16:41:10.866 debug: Resolve cc from file:///D:/Game-Engine%20Projects/Blazing7Test/assets/menu-bundle/BLAZING_7S_SCRATCH/script/CardReviewSystemBlazing.ts as cce:/internal/x/cc.
16:41:10.866 debug: Resolve cc from file:///D:/Game-Engine%20Projects/Blazing7Test/assets/menu-bundle/BLAZING_7S_SCRATCH/script/CardReviewSystemBlazing.ts as cce:/internal/x/cc.
16:41:10.866 debug: Resolve cc from file:///D:/Game-Engine%20Projects/Blazing7Test/assets/menu-bundle/BLAZING_7S_SCRATCH/script/CardReviewSystemBlazing.ts as cce:/internal/x/cc.
16:41:10.866 debug: Resolve ./CardReviewMask from file:///D:/Game-Engine%20Projects/Blazing7Test/assets/menu-bundle/BLAZING_7S_SCRATCH/script/CardReviewSystemBlazing.ts as file:///D:/Game-Engine%20Projects/Blazing7Test/assets/menu-bundle/BLAZING_7S_SCRATCH/script/CardReviewMask.ts.
16:41:10.866 debug: Resolve ./CardReviewRenderer from file:///D:/Game-Engine%20Projects/Blazing7Test/assets/menu-bundle/BLAZING_7S_SCRATCH/script/CardReviewSystemBlazing.ts as file:///D:/Game-Engine%20Projects/Blazing7Test/assets/menu-bundle/BLAZING_7S_SCRATCH/script/CardReviewRenderer.ts.
16:41:10.866 debug: Resolve cce:/internal/code-quality/cr.mjs from file:///D:/Game-Engine%20Projects/Blazing7Test/assets/menu-bundle/BLAZING_7S_SCRATCH/script/CardReviewMask.ts as cce:/internal/code-quality/cr.mjs.
16:41:10.866 debug: Resolve cc from file:///D:/Game-Engine%20Projects/Blazing7Test/assets/menu-bundle/BLAZING_7S_SCRATCH/script/CardReviewMask.ts as cce:/internal/x/cc.
16:41:10.866 debug: Resolve cce:/internal/code-quality/cr.mjs from file:///D:/Game-Engine%20Projects/Blazing7Test/assets/menu-bundle/BLAZING_7S_SCRATCH/script/CardReviewRenderer.ts as cce:/internal/code-quality/cr.mjs.
16:41:10.866 debug: Resolve cc from file:///D:/Game-Engine%20Projects/Blazing7Test/assets/menu-bundle/BLAZING_7S_SCRATCH/script/CardReviewRenderer.ts as cce:/internal/x/cc.
16:41:10.866 debug: Resolve cc from file:///D:/Game-Engine%20Projects/Blazing7Test/assets/menu-bundle/BLAZING_7S_SCRATCH/script/CardReviewRenderer.ts as cce:/internal/x/cc.
16:41:10.866 debug: Resolve cc from file:///D:/Game-Engine%20Projects/Blazing7Test/assets/menu-bundle/BLAZING_7S_SCRATCH/script/CardReviewRenderer.ts as cce:/internal/x/cc.
16:41:10.866 debug: Resolve cc from file:///D:/Game-Engine%20Projects/Blazing7Test/assets/menu-bundle/BLAZING_7S_SCRATCH/script/CardTypes.ts as cce:/internal/x/cc.
16:41:10.866 debug: Resolve cce:/internal/code-quality/cr.mjs from file:///D:/Game-Engine%20Projects/Blazing7Test/assets/menu-bundle/BLAZING_7S_SCRATCH/script/ScratchAutoPlayer.ts as cce:/internal/code-quality/cr.mjs.
16:41:10.866 debug: Resolve cc from file:///D:/Game-Engine%20Projects/Blazing7Test/assets/menu-bundle/BLAZING_7S_SCRATCH/script/ScratchAutoPlayer.ts as cce:/internal/x/cc.
16:41:10.866 debug: Resolve cce:/internal/code-quality/cr.mjs from file:///D:/Game-Engine%20Projects/Blazing7Test/assets/menu-bundle/BLAZING_7S_SCRATCH/script/ScratchNumber.ts as cce:/internal/code-quality/cr.mjs.
16:41:10.866 debug: Resolve cc from file:///D:/Game-Engine%20Projects/Blazing7Test/assets/menu-bundle/BLAZING_7S_SCRATCH/script/ScratchNumber.ts as cce:/internal/x/cc.
16:41:10.866 debug: Resolve cc from file:///D:/Game-Engine%20Projects/Blazing7Test/assets/menu-bundle/BLAZING_7S_SCRATCH/script/ScratchNumber.ts as cce:/internal/x/cc.
16:41:10.866 debug: Resolve cc from file:///D:/Game-Engine%20Projects/Blazing7Test/assets/menu-bundle/BLAZING_7S_SCRATCH/script/ScratchNumber.ts as cce:/internal/x/cc.
16:41:10.866 debug: Resolve ../../script/interfaces/IMenuDependencies from file:///D:/Game-Engine%20Projects/Blazing7Test/assets/menu-bundle/BLAZING_7S_SCRATCH/script/ScratchNumber.ts as file:///D:/Game-Engine%20Projects/Blazing7Test/assets/menu-bundle/script/interfaces/IMenuDependencies.ts.
16:41:10.866 debug: Resolve cce:/internal/code-quality/cr.mjs from file:///D:/Game-Engine%20Projects/Blazing7Test/assets/menu-bundle/BLAZING_7S_SCRATCH/script/ScratchSound.ts as cce:/internal/code-quality/cr.mjs.
16:41:10.866 debug: Resolve cc from file:///D:/Game-Engine%20Projects/Blazing7Test/assets/menu-bundle/BLAZING_7S_SCRATCH/script/ScratchSound.ts as cce:/internal/x/cc.
16:41:10.866 debug: Resolve cc from file:///D:/Game-Engine%20Projects/Blazing7Test/assets/menu-bundle/BLAZING_7S_SCRATCH/script/ScratchSound.ts as cce:/internal/x/cc.
16:41:10.866 debug: Resolve cc from file:///D:/Game-Engine%20Projects/Blazing7Test/assets/menu-bundle/BLAZING_7S_SCRATCH/script/ScratchSound.ts as cce:/internal/x/cc.
16:41:10.866 debug: Resolve ../../script/interfaces/IMenuDependencies from file:///D:/Game-Engine%20Projects/Blazing7Test/assets/menu-bundle/BLAZING_7S_SCRATCH/script/ScratchSound.ts as file:///D:/Game-Engine%20Projects/Blazing7Test/assets/menu-bundle/script/interfaces/IMenuDependencies.ts.
16:41:10.866 debug: Resolve cc from file:///D:/Game-Engine%20Projects/Blazing7Test/assets/menu-bundle/BLAZING_7S_SCRATCH/script/ScratchTypes.ts as cce:/internal/x/cc.
16:41:10.866 debug: Resolve cce:/internal/code-quality/cr.mjs from file:///D:/Game-Engine%20Projects/Blazing7Test/assets/menu-bundle/BLAZING_7S_SCRATCH/script/Trajectory.ts as cce:/internal/code-quality/cr.mjs.
16:41:10.866 debug: Resolve cc from file:///D:/Game-Engine%20Projects/Blazing7Test/assets/menu-bundle/BLAZING_7S_SCRATCH/script/Trajectory.ts as cce:/internal/x/cc.
16:41:10.866 debug: Resolve cc from file:///D:/Game-Engine%20Projects/Blazing7Test/assets/menu-bundle/BLAZING_7S_SCRATCH/script/Trajectory.ts as cce:/internal/x/cc.
16:41:10.866 debug: Resolve cc from file:///D:/Game-Engine%20Projects/Blazing7Test/assets/menu-bundle/BLAZING_7S_SCRATCH/script/Trajectory.ts as cce:/internal/x/cc.
16:41:10.866 debug: Resolve ./ScratchSystem from file:///D:/Game-Engine%20Projects/Blazing7Test/assets/menu-bundle/BLAZING_7S_SCRATCH/script/Trajectory.ts as file:///D:/Game-Engine%20Projects/Blazing7Test/assets/menu-bundle/BLAZING_7S_SCRATCH/script/ScratchSystem.ts.
16:41:10.866 debug: Resolve ./FragmentView from file:///D:/Game-Engine%20Projects/Blazing7Test/assets/menu-bundle/BLAZING_7S_SCRATCH/script/Trajectory.ts as file:///D:/Game-Engine%20Projects/Blazing7Test/assets/menu-bundle/BLAZING_7S_SCRATCH/script/FragmentView.ts.
16:41:10.867 debug: Resolve ../../script/base/BundleBasePanel from file:///D:/Game-Engine%20Projects/Blazing7Test/assets/menu-bundle/BLAZING_7S_SCRATCH/script/Trajectory.ts as file:///D:/Game-Engine%20Projects/Blazing7Test/assets/menu-bundle/script/base/BundleBasePanel.ts.
16:41:10.867 debug: Resolve ../../script/api/GameApi from file:///D:/Game-Engine%20Projects/Blazing7Test/assets/menu-bundle/BLAZING_7S_SCRATCH/script/Trajectory.ts as file:///D:/Game-Engine%20Projects/Blazing7Test/assets/menu-bundle/script/api/GameApi.ts.
16:41:10.867 debug: Resolve ../../script/manager/MessageFlag from file:///D:/Game-Engine%20Projects/Blazing7Test/assets/menu-bundle/BLAZING_7S_SCRATCH/script/Trajectory.ts as file:///D:/Game-Engine%20Projects/Blazing7Test/assets/menu-bundle/script/manager/MessageFlag.ts.
16:41:10.867 debug: Resolve ../../script/interfaces/IMenuDependencies from file:///D:/Game-Engine%20Projects/Blazing7Test/assets/menu-bundle/BLAZING_7S_SCRATCH/script/Trajectory.ts as file:///D:/Game-Engine%20Projects/Blazing7Test/assets/menu-bundle/script/interfaces/IMenuDependencies.ts.
16:41:10.867 debug: Resolve ../../script/utils/BundleGameUtils from file:///D:/Game-Engine%20Projects/Blazing7Test/assets/menu-bundle/BLAZING_7S_SCRATCH/script/Trajectory.ts as file:///D:/Game-Engine%20Projects/Blazing7Test/assets/menu-bundle/script/utils/BundleGameUtils.ts.
16:41:10.867 debug: Resolve cce:/internal/code-quality/cr.mjs from file:///D:/Game-Engine%20Projects/Blazing7Test/assets/menu-bundle/DEEP_SEA/script/DeepBonusShells.ts as cce:/internal/code-quality/cr.mjs.
16:41:10.867 debug: Resolve cc from file:///D:/Game-Engine%20Projects/Blazing7Test/assets/menu-bundle/DEEP_SEA/script/DeepBonusShells.ts as cce:/internal/x/cc.
16:41:10.867 debug: Resolve cc from file:///D:/Game-Engine%20Projects/Blazing7Test/assets/menu-bundle/DEEP_SEA/script/DeepBonusShells.ts as cce:/internal/x/cc.
16:41:10.867 debug: Resolve cc from file:///D:/Game-Engine%20Projects/Blazing7Test/assets/menu-bundle/DEEP_SEA/script/DeepBonusShells.ts as cce:/internal/x/cc.
16:41:10.867 debug: Resolve ./DeepSeaBonusStone from file:///D:/Game-Engine%20Projects/Blazing7Test/assets/menu-bundle/DEEP_SEA/script/DeepBonusShells.ts as file:///D:/Game-Engine%20Projects/Blazing7Test/assets/menu-bundle/DEEP_SEA/script/DeepSeaBonusStone.ts.
16:41:10.867 debug: Resolve ./data/DeepSeaEvent from file:///D:/Game-Engine%20Projects/Blazing7Test/assets/menu-bundle/DEEP_SEA/script/DeepBonusShells.ts as file:///D:/Game-Engine%20Projects/Blazing7Test/assets/menu-bundle/DEEP_SEA/script/data/DeepSeaEvent.ts.
16:41:10.867 debug: Resolve ./data/DeepSeaCardData from file:///D:/Game-Engine%20Projects/Blazing7Test/assets/menu-bundle/DEEP_SEA/script/DeepBonusShells.ts as file:///D:/Game-Engine%20Projects/Blazing7Test/assets/menu-bundle/DEEP_SEA/script/data/DeepSeaCardData.ts.
16:41:10.867 debug: Resolve cce:/internal/code-quality/cr.mjs from file:///D:/Game-Engine%20Projects/Blazing7Test/assets/menu-bundle/DEEP_SEA/script/DeepSeaBonusStone.ts as cce:/internal/code-quality/cr.mjs.
16:41:10.867 debug: Resolve cc from file:///D:/Game-Engine%20Projects/Blazing7Test/assets/menu-bundle/DEEP_SEA/script/DeepSeaBonusStone.ts as cce:/internal/x/cc.
16:41:10.867 debug: Resolve cc from file:///D:/Game-Engine%20Projects/Blazing7Test/assets/menu-bundle/DEEP_SEA/script/DeepSeaBonusStone.ts as cce:/internal/x/cc.
16:41:10.867 debug: Resolve cc from file:///D:/Game-Engine%20Projects/Blazing7Test/assets/menu-bundle/DEEP_SEA/script/DeepSeaBonusStone.ts as cce:/internal/x/cc.
16:41:10.867 debug: Resolve ./DeepSeaBonusShellItem from file:///D:/Game-Engine%20Projects/Blazing7Test/assets/menu-bundle/DEEP_SEA/script/DeepSeaBonusStone.ts as file:///D:/Game-Engine%20Projects/Blazing7Test/assets/menu-bundle/DEEP_SEA/script/DeepSeaBonusShellItem.ts.
16:41:10.867 debug: Resolve ./data/DeepSeaEvent from file:///D:/Game-Engine%20Projects/Blazing7Test/assets/menu-bundle/DEEP_SEA/script/DeepSeaBonusStone.ts as file:///D:/Game-Engine%20Projects/Blazing7Test/assets/menu-bundle/DEEP_SEA/script/data/DeepSeaEvent.ts.
16:41:10.867 debug: Resolve cce:/internal/code-quality/cr.mjs from file:///D:/Game-Engine%20Projects/Blazing7Test/assets/menu-bundle/DEEP_SEA/script/DeepSeaBonusShellItem.ts as cce:/internal/code-quality/cr.mjs.
16:41:10.867 debug: Resolve cc from file:///D:/Game-Engine%20Projects/Blazing7Test/assets/menu-bundle/DEEP_SEA/script/DeepSeaBonusShellItem.ts as cce:/internal/x/cc.
16:41:10.867 debug: Resolve cc from file:///D:/Game-Engine%20Projects/Blazing7Test/assets/menu-bundle/DEEP_SEA/script/DeepSeaBonusShellItem.ts as cce:/internal/x/cc.
16:41:10.867 debug: Resolve cc from file:///D:/Game-Engine%20Projects/Blazing7Test/assets/menu-bundle/DEEP_SEA/script/DeepSeaBonusShellItem.ts as cce:/internal/x/cc.
16:41:10.867 debug: Resolve ./data/DeepSeaCardData from file:///D:/Game-Engine%20Projects/Blazing7Test/assets/menu-bundle/DEEP_SEA/script/DeepSeaBonusShellItem.ts as file:///D:/Game-Engine%20Projects/Blazing7Test/assets/menu-bundle/DEEP_SEA/script/data/DeepSeaCardData.ts.
16:41:10.867 debug: Resolve ./data/DeepSeaEvent from file:///D:/Game-Engine%20Projects/Blazing7Test/assets/menu-bundle/DEEP_SEA/script/DeepSeaBonusShellItem.ts as file:///D:/Game-Engine%20Projects/Blazing7Test/assets/menu-bundle/DEEP_SEA/script/data/DeepSeaEvent.ts.
16:41:10.867 debug: Resolve ./data/DeepSeaRes from file:///D:/Game-Engine%20Projects/Blazing7Test/assets/menu-bundle/DEEP_SEA/script/DeepSeaBonusShellItem.ts as file:///D:/Game-Engine%20Projects/Blazing7Test/assets/menu-bundle/DEEP_SEA/script/data/DeepSeaRes.ts.
16:41:10.867 debug: Resolve ./data/DeepSeaAudio from file:///D:/Game-Engine%20Projects/Blazing7Test/assets/menu-bundle/DEEP_SEA/script/DeepSeaBonusShellItem.ts as file:///D:/Game-Engine%20Projects/Blazing7Test/assets/menu-bundle/DEEP_SEA/script/data/DeepSeaAudio.ts.
16:41:10.867 debug: Resolve cc from file:///D:/Game-Engine%20Projects/Blazing7Test/assets/menu-bundle/DEEP_SEA/script/data/DeepSeaCardData.ts as cce:/internal/x/cc.
16:41:10.867 debug: Resolve cc from file:///D:/Game-Engine%20Projects/Blazing7Test/assets/menu-bundle/DEEP_SEA/script/data/DeepSeaEvent.ts as cce:/internal/x/cc.
16:41:10.867 debug: Resolve cc from file:///D:/Game-Engine%20Projects/Blazing7Test/assets/menu-bundle/DEEP_SEA/script/data/DeepSeaRes.ts as cce:/internal/x/cc.
16:41:10.867 debug: Resolve cc from file:///D:/Game-Engine%20Projects/Blazing7Test/assets/menu-bundle/DEEP_SEA/script/data/DeepSeaRes.ts as cce:/internal/x/cc.
16:41:10.867 debug: Resolve cc from file:///D:/Game-Engine%20Projects/Blazing7Test/assets/menu-bundle/DEEP_SEA/script/data/DeepSeaRes.ts as cce:/internal/x/cc.
16:41:10.867 debug: Resolve cc from file:///D:/Game-Engine%20Projects/Blazing7Test/assets/menu-bundle/DEEP_SEA/script/data/DeepSeaAudio.ts as cce:/internal/x/cc.
16:41:10.867 debug: Resolve cc from file:///D:/Game-Engine%20Projects/Blazing7Test/assets/menu-bundle/DEEP_SEA/script/data/DeepSeaAudio.ts as cce:/internal/x/cc.
16:41:10.867 debug: Resolve cc from file:///D:/Game-Engine%20Projects/Blazing7Test/assets/menu-bundle/DEEP_SEA/script/data/DeepSeaAudio.ts as cce:/internal/x/cc.
16:41:10.867 debug: Resolve cc from file:///D:/Game-Engine%20Projects/Blazing7Test/assets/menu-bundle/DEEP_SEA/script/DeepSeaBG.ts as cce:/internal/x/cc.
16:41:10.867 debug: Resolve cc from file:///D:/Game-Engine%20Projects/Blazing7Test/assets/menu-bundle/DEEP_SEA/script/DeepSeaBG.ts as cce:/internal/x/cc.
16:41:10.867 debug: Resolve cc from file:///D:/Game-Engine%20Projects/Blazing7Test/assets/menu-bundle/DEEP_SEA/script/DeepSeaBG.ts as cce:/internal/x/cc.
16:41:10.867 debug: Resolve cce:/internal/code-quality/cr.mjs from file:///D:/Game-Engine%20Projects/Blazing7Test/assets/menu-bundle/DEEP_SEA/script/DeepSeaBaseUI.ts as cce:/internal/code-quality/cr.mjs.
16:41:10.867 debug: Resolve cc from file:///D:/Game-Engine%20Projects/Blazing7Test/assets/menu-bundle/DEEP_SEA/script/DeepSeaBaseUI.ts as cce:/internal/x/cc.
16:41:10.867 debug: Resolve cc from file:///D:/Game-Engine%20Projects/Blazing7Test/assets/menu-bundle/DEEP_SEA/script/DeepSeaBaseUI.ts as cce:/internal/x/cc.
16:41:10.867 debug: Resolve cc from file:///D:/Game-Engine%20Projects/Blazing7Test/assets/menu-bundle/DEEP_SEA/script/DeepSeaBaseUI.ts as cce:/internal/x/cc.
16:41:10.867 debug: Resolve ./data/DeepSeaEvent from file:///D:/Game-Engine%20Projects/Blazing7Test/assets/menu-bundle/DEEP_SEA/script/DeepSeaBaseUI.ts as file:///D:/Game-Engine%20Projects/Blazing7Test/assets/menu-bundle/DEEP_SEA/script/data/DeepSeaEvent.ts.
16:41:10.867 debug: Resolve cce:/internal/code-quality/cr.mjs from file:///D:/Game-Engine%20Projects/Blazing7Test/assets/menu-bundle/DEEP_SEA/script/DeepSeaBonus.ts as cce:/internal/code-quality/cr.mjs.
16:41:10.867 debug: Resolve cc from file:///D:/Game-Engine%20Projects/Blazing7Test/assets/menu-bundle/DEEP_SEA/script/DeepSeaBonus.ts as cce:/internal/x/cc.
16:41:10.867 debug: Resolve cc from file:///D:/Game-Engine%20Projects/Blazing7Test/assets/menu-bundle/DEEP_SEA/script/DeepSeaBonus.ts as cce:/internal/x/cc.
16:41:10.867 debug: Resolve cc from file:///D:/Game-Engine%20Projects/Blazing7Test/assets/menu-bundle/DEEP_SEA/script/DeepSeaBonus.ts as cce:/internal/x/cc.
16:41:10.867 debug: Resolve ./data/DeepSeaAudio from file:///D:/Game-Engine%20Projects/Blazing7Test/assets/menu-bundle/DEEP_SEA/script/DeepSeaBonus.ts as file:///D:/Game-Engine%20Projects/Blazing7Test/assets/menu-bundle/DEEP_SEA/script/data/DeepSeaAudio.ts.
16:41:10.867 debug: Resolve cce:/internal/code-quality/cr.mjs from file:///D:/Game-Engine%20Projects/Blazing7Test/assets/menu-bundle/DEEP_SEA/script/DeepSeaBonusGame.ts as cce:/internal/code-quality/cr.mjs.
16:41:10.867 debug: Resolve cc from file:///D:/Game-Engine%20Projects/Blazing7Test/assets/menu-bundle/DEEP_SEA/script/DeepSeaBonusGame.ts as cce:/internal/x/cc.
16:41:10.867 debug: Resolve cc from file:///D:/Game-Engine%20Projects/Blazing7Test/assets/menu-bundle/DEEP_SEA/script/DeepSeaBonusGame.ts as cce:/internal/x/cc.
16:41:10.867 debug: Resolve cc from file:///D:/Game-Engine%20Projects/Blazing7Test/assets/menu-bundle/DEEP_SEA/script/DeepSeaBonusGame.ts as cce:/internal/x/cc.
16:41:10.867 debug: Resolve ./DeepBonusShells from file:///D:/Game-Engine%20Projects/Blazing7Test/assets/menu-bundle/DEEP_SEA/script/DeepSeaBonusGame.ts as file:///D:/Game-Engine%20Projects/Blazing7Test/assets/menu-bundle/DEEP_SEA/script/DeepBonusShells.ts.
16:41:10.867 debug: Resolve ./DeepSeaBonusWin from file:///D:/Game-Engine%20Projects/Blazing7Test/assets/menu-bundle/DEEP_SEA/script/DeepSeaBonusGame.ts as file:///D:/Game-Engine%20Projects/Blazing7Test/assets/menu-bundle/DEEP_SEA/script/DeepSeaBonusWin.ts.
16:41:10.867 debug: Resolve ./data/DeepSeaCardData from file:///D:/Game-Engine%20Projects/Blazing7Test/assets/menu-bundle/DEEP_SEA/script/DeepSeaBonusGame.ts as file:///D:/Game-Engine%20Projects/Blazing7Test/assets/menu-bundle/DEEP_SEA/script/data/DeepSeaCardData.ts.
16:41:10.867 debug: Resolve ./DeepSeaBonusJackpot from file:///D:/Game-Engine%20Projects/Blazing7Test/assets/menu-bundle/DEEP_SEA/script/DeepSeaBonusGame.ts as file:///D:/Game-Engine%20Projects/Blazing7Test/assets/menu-bundle/DEEP_SEA/script/DeepSeaBonusJackpot.ts.
16:41:10.867 debug: Resolve ./data/DeepSeaEvent from file:///D:/Game-Engine%20Projects/Blazing7Test/assets/menu-bundle/DEEP_SEA/script/DeepSeaBonusGame.ts as file:///D:/Game-Engine%20Projects/Blazing7Test/assets/menu-bundle/DEEP_SEA/script/data/DeepSeaEvent.ts.
16:41:10.867 debug: Resolve cce:/internal/code-quality/cr.mjs from file:///D:/Game-Engine%20Projects/Blazing7Test/assets/menu-bundle/DEEP_SEA/script/DeepSeaBonusWin.ts as cce:/internal/code-quality/cr.mjs.
16:41:10.867 debug: Resolve cc from file:///D:/Game-Engine%20Projects/Blazing7Test/assets/menu-bundle/DEEP_SEA/script/DeepSeaBonusWin.ts as cce:/internal/x/cc.
16:41:10.867 debug: Resolve cc from file:///D:/Game-Engine%20Projects/Blazing7Test/assets/menu-bundle/DEEP_SEA/script/DeepSeaBonusWin.ts as cce:/internal/x/cc.
16:41:10.867 debug: Resolve cc from file:///D:/Game-Engine%20Projects/Blazing7Test/assets/menu-bundle/DEEP_SEA/script/DeepSeaBonusWin.ts as cce:/internal/x/cc.
16:41:10.867 debug: Resolve ./DeepSeaBonusWinItem from file:///D:/Game-Engine%20Projects/Blazing7Test/assets/menu-bundle/DEEP_SEA/script/DeepSeaBonusWin.ts as file:///D:/Game-Engine%20Projects/Blazing7Test/assets/menu-bundle/DEEP_SEA/script/DeepSeaBonusWinItem.ts.
16:41:10.867 debug: Resolve ./data/DeepSeaCardData from file:///D:/Game-Engine%20Projects/Blazing7Test/assets/menu-bundle/DEEP_SEA/script/DeepSeaBonusWin.ts as file:///D:/Game-Engine%20Projects/Blazing7Test/assets/menu-bundle/DEEP_SEA/script/data/DeepSeaCardData.ts.
16:41:10.867 debug: Resolve ./data/DeepSeaEvent from file:///D:/Game-Engine%20Projects/Blazing7Test/assets/menu-bundle/DEEP_SEA/script/DeepSeaBonusWin.ts as file:///D:/Game-Engine%20Projects/Blazing7Test/assets/menu-bundle/DEEP_SEA/script/data/DeepSeaEvent.ts.
16:41:10.867 debug: Resolve cce:/internal/code-quality/cr.mjs from file:///D:/Game-Engine%20Projects/Blazing7Test/assets/menu-bundle/DEEP_SEA/script/DeepSeaBonusWinItem.ts as cce:/internal/code-quality/cr.mjs.
16:41:10.867 debug: Resolve cc from file:///D:/Game-Engine%20Projects/Blazing7Test/assets/menu-bundle/DEEP_SEA/script/DeepSeaBonusWinItem.ts as cce:/internal/x/cc.
16:41:10.867 debug: Resolve cc from file:///D:/Game-Engine%20Projects/Blazing7Test/assets/menu-bundle/DEEP_SEA/script/DeepSeaBonusWinItem.ts as cce:/internal/x/cc.
16:41:10.867 debug: Resolve cc from file:///D:/Game-Engine%20Projects/Blazing7Test/assets/menu-bundle/DEEP_SEA/script/DeepSeaBonusWinItem.ts as cce:/internal/x/cc.
16:41:10.867 debug: Resolve ./data/DeepSeaEvent from file:///D:/Game-Engine%20Projects/Blazing7Test/assets/menu-bundle/DEEP_SEA/script/DeepSeaBonusWinItem.ts as file:///D:/Game-Engine%20Projects/Blazing7Test/assets/menu-bundle/DEEP_SEA/script/data/DeepSeaEvent.ts.
16:41:10.867 debug: Resolve ./data/DeepSeaRes from file:///D:/Game-Engine%20Projects/Blazing7Test/assets/menu-bundle/DEEP_SEA/script/DeepSeaBonusWinItem.ts as file:///D:/Game-Engine%20Projects/Blazing7Test/assets/menu-bundle/DEEP_SEA/script/data/DeepSeaRes.ts.
16:41:10.867 debug: Resolve ./data/DeepSeaAudio from file:///D:/Game-Engine%20Projects/Blazing7Test/assets/menu-bundle/DEEP_SEA/script/DeepSeaBonusWinItem.ts as file:///D:/Game-Engine%20Projects/Blazing7Test/assets/menu-bundle/DEEP_SEA/script/data/DeepSeaAudio.ts.
16:41:10.867 debug: Resolve cce:/internal/code-quality/cr.mjs from file:///D:/Game-Engine%20Projects/Blazing7Test/assets/menu-bundle/DEEP_SEA/script/DeepSeaBonusJackpot.ts as cce:/internal/code-quality/cr.mjs.
16:41:10.867 debug: Resolve cc from file:///D:/Game-Engine%20Projects/Blazing7Test/assets/menu-bundle/DEEP_SEA/script/DeepSeaBonusJackpot.ts as cce:/internal/x/cc.
16:41:10.867 debug: Resolve cc from file:///D:/Game-Engine%20Projects/Blazing7Test/assets/menu-bundle/DEEP_SEA/script/DeepSeaBonusJackpot.ts as cce:/internal/x/cc.
16:41:10.867 debug: Resolve cc from file:///D:/Game-Engine%20Projects/Blazing7Test/assets/menu-bundle/DEEP_SEA/script/DeepSeaBonusJackpot.ts as cce:/internal/x/cc.
16:41:10.867 debug: Resolve ./data/DeepSeaCardData from file:///D:/Game-Engine%20Projects/Blazing7Test/assets/menu-bundle/DEEP_SEA/script/DeepSeaBonusJackpot.ts as file:///D:/Game-Engine%20Projects/Blazing7Test/assets/menu-bundle/DEEP_SEA/script/data/DeepSeaCardData.ts.
16:41:10.867 debug: Resolve ./data/DeepSeaEvent from file:///D:/Game-Engine%20Projects/Blazing7Test/assets/menu-bundle/DEEP_SEA/script/DeepSeaBonusJackpot.ts as file:///D:/Game-Engine%20Projects/Blazing7Test/assets/menu-bundle/DEEP_SEA/script/data/DeepSeaEvent.ts.
16:41:10.867 debug: Resolve cc from file:///D:/Game-Engine%20Projects/Blazing7Test/assets/menu-bundle/DEEP_SEA/script/DeepSeaBonusInfo.ts as cce:/internal/x/cc.
16:41:10.867 debug: Resolve cc from file:///D:/Game-Engine%20Projects/Blazing7Test/assets/menu-bundle/DEEP_SEA/script/DeepSeaBonusInfo.ts as cce:/internal/x/cc.
16:41:10.867 debug: Resolve cc from file:///D:/Game-Engine%20Projects/Blazing7Test/assets/menu-bundle/DEEP_SEA/script/DeepSeaBonusInfo.ts as cce:/internal/x/cc.
16:41:10.867 debug: Resolve cce:/internal/code-quality/cr.mjs from file:///D:/Game-Engine%20Projects/Blazing7Test/assets/menu-bundle/DEEP_SEA/script/DeepSeaBubbleNumItem.ts as cce:/internal/code-quality/cr.mjs.
16:41:10.867 debug: Resolve cc from file:///D:/Game-Engine%20Projects/Blazing7Test/assets/menu-bundle/DEEP_SEA/script/DeepSeaBubbleNumItem.ts as cce:/internal/x/cc.
16:41:10.867 debug: Resolve cc from file:///D:/Game-Engine%20Projects/Blazing7Test/assets/menu-bundle/DEEP_SEA/script/DeepSeaBubbleNumItem.ts as cce:/internal/x/cc.
16:41:10.867 debug: Resolve cc from file:///D:/Game-Engine%20Projects/Blazing7Test/assets/menu-bundle/DEEP_SEA/script/DeepSeaBubbleNumItem.ts as cce:/internal/x/cc.
16:41:10.867 debug: Resolve ./data/DeepSeaEvent from file:///D:/Game-Engine%20Projects/Blazing7Test/assets/menu-bundle/DEEP_SEA/script/DeepSeaBubbleNumItem.ts as file:///D:/Game-Engine%20Projects/Blazing7Test/assets/menu-bundle/DEEP_SEA/script/data/DeepSeaEvent.ts.
16:41:10.867 debug: Resolve ./data/DeepSeaCardData from file:///D:/Game-Engine%20Projects/Blazing7Test/assets/menu-bundle/DEEP_SEA/script/DeepSeaBubbleNumItem.ts as file:///D:/Game-Engine%20Projects/Blazing7Test/assets/menu-bundle/DEEP_SEA/script/data/DeepSeaCardData.ts.
16:41:10.867 debug: Resolve cce:/internal/code-quality/cr.mjs from file:///D:/Game-Engine%20Projects/Blazing7Test/assets/menu-bundle/DEEP_SEA/script/DeepSeaBubbleScene.ts as cce:/internal/code-quality/cr.mjs.
16:41:10.867 debug: Resolve cc from file:///D:/Game-Engine%20Projects/Blazing7Test/assets/menu-bundle/DEEP_SEA/script/DeepSeaBubbleScene.ts as cce:/internal/x/cc.
16:41:10.867 debug: Resolve cc from file:///D:/Game-Engine%20Projects/Blazing7Test/assets/menu-bundle/DEEP_SEA/script/DeepSeaBubbleScene.ts as cce:/internal/x/cc.
16:41:10.867 debug: Resolve cc from file:///D:/Game-Engine%20Projects/Blazing7Test/assets/menu-bundle/DEEP_SEA/script/DeepSeaBubbleScene.ts as cce:/internal/x/cc.
16:41:10.867 debug: Resolve ./data/DeepSeaAudio from file:///D:/Game-Engine%20Projects/Blazing7Test/assets/menu-bundle/DEEP_SEA/script/DeepSeaBubbleScene.ts as file:///D:/Game-Engine%20Projects/Blazing7Test/assets/menu-bundle/DEEP_SEA/script/data/DeepSeaAudio.ts.
16:41:10.867 debug: Resolve cc from file:///D:/Game-Engine%20Projects/Blazing7Test/assets/menu-bundle/DEEP_SEA/script/DeepSeaBubbles.ts as cce:/internal/x/cc.
16:41:10.867 debug: Resolve cc from file:///D:/Game-Engine%20Projects/Blazing7Test/assets/menu-bundle/DEEP_SEA/script/DeepSeaBubbles.ts as cce:/internal/x/cc.
16:41:10.867 debug: Resolve cc from file:///D:/Game-Engine%20Projects/Blazing7Test/assets/menu-bundle/DEEP_SEA/script/DeepSeaBubbles.ts as cce:/internal/x/cc.
16:41:10.867 debug: Resolve cce:/internal/code-quality/cr.mjs from file:///D:/Game-Engine%20Projects/Blazing7Test/assets/menu-bundle/DEEP_SEA/script/DeepSeaCard.ts as cce:/internal/code-quality/cr.mjs.
16:41:10.867 debug: Resolve cc from file:///D:/Game-Engine%20Projects/Blazing7Test/assets/menu-bundle/DEEP_SEA/script/DeepSeaCard.ts as cce:/internal/x/cc.
16:41:10.867 debug: Resolve cc from file:///D:/Game-Engine%20Projects/Blazing7Test/assets/menu-bundle/DEEP_SEA/script/DeepSeaCard.ts as cce:/internal/x/cc.
16:41:10.868 debug: Resolve cc from file:///D:/Game-Engine%20Projects/Blazing7Test/assets/menu-bundle/DEEP_SEA/script/DeepSeaCard.ts as cce:/internal/x/cc.
16:41:10.868 debug: Resolve ./DeepSeaSceneTranstion from file:///D:/Game-Engine%20Projects/Blazing7Test/assets/menu-bundle/DEEP_SEA/script/DeepSeaCard.ts as file:///D:/Game-Engine%20Projects/Blazing7Test/assets/menu-bundle/DEEP_SEA/script/DeepSeaSceneTranstion.ts.
16:41:10.868 debug: Resolve ./DeepSeaMainGame from file:///D:/Game-Engine%20Projects/Blazing7Test/assets/menu-bundle/DEEP_SEA/script/DeepSeaCard.ts as file:///D:/Game-Engine%20Projects/Blazing7Test/assets/menu-bundle/DEEP_SEA/script/DeepSeaMainGame.ts.
16:41:10.868 debug: Resolve ./DeepSeaBonusGame from file:///D:/Game-Engine%20Projects/Blazing7Test/assets/menu-bundle/DEEP_SEA/script/DeepSeaCard.ts as file:///D:/Game-Engine%20Projects/Blazing7Test/assets/menu-bundle/DEEP_SEA/script/DeepSeaBonusGame.ts.
16:41:10.868 debug: Resolve ./data/DeepSeaCardData from file:///D:/Game-Engine%20Projects/Blazing7Test/assets/menu-bundle/DEEP_SEA/script/DeepSeaCard.ts as file:///D:/Game-Engine%20Projects/Blazing7Test/assets/menu-bundle/DEEP_SEA/script/data/DeepSeaCardData.ts.
16:41:10.868 debug: Resolve ./DeepSeaSuperBonusGame from file:///D:/Game-Engine%20Projects/Blazing7Test/assets/menu-bundle/DEEP_SEA/script/DeepSeaCard.ts as file:///D:/Game-Engine%20Projects/Blazing7Test/assets/menu-bundle/DEEP_SEA/script/DeepSeaSuperBonusGame.ts.
16:41:10.868 debug: Resolve ./data/DeepSeaEvent from file:///D:/Game-Engine%20Projects/Blazing7Test/assets/menu-bundle/DEEP_SEA/script/DeepSeaCard.ts as file:///D:/Game-Engine%20Projects/Blazing7Test/assets/menu-bundle/DEEP_SEA/script/data/DeepSeaEvent.ts.
16:41:10.868 debug: Resolve ./data/DeepSeaAudio from file:///D:/Game-Engine%20Projects/Blazing7Test/assets/menu-bundle/DEEP_SEA/script/DeepSeaCard.ts as file:///D:/Game-Engine%20Projects/Blazing7Test/assets/menu-bundle/DEEP_SEA/script/data/DeepSeaAudio.ts.
16:41:10.868 debug: Resolve cce:/internal/code-quality/cr.mjs from file:///D:/Game-Engine%20Projects/Blazing7Test/assets/menu-bundle/DEEP_SEA/script/DeepSeaSceneTranstion.ts as cce:/internal/code-quality/cr.mjs.
16:41:10.868 debug: Resolve cc from file:///D:/Game-Engine%20Projects/Blazing7Test/assets/menu-bundle/DEEP_SEA/script/DeepSeaSceneTranstion.ts as cce:/internal/x/cc.
16:41:10.868 debug: Resolve cc from file:///D:/Game-Engine%20Projects/Blazing7Test/assets/menu-bundle/DEEP_SEA/script/DeepSeaSceneTranstion.ts as cce:/internal/x/cc.
16:41:10.868 debug: Resolve cc from file:///D:/Game-Engine%20Projects/Blazing7Test/assets/menu-bundle/DEEP_SEA/script/DeepSeaSceneTranstion.ts as cce:/internal/x/cc.
16:41:10.868 debug: Resolve ./DeepSeaCard from file:///D:/Game-Engine%20Projects/Blazing7Test/assets/menu-bundle/DEEP_SEA/script/DeepSeaSceneTranstion.ts as file:///D:/Game-Engine%20Projects/Blazing7Test/assets/menu-bundle/DEEP_SEA/script/DeepSeaCard.ts.
16:41:10.868 debug: Resolve ./DeepSeaSuperBonusGame from file:///D:/Game-Engine%20Projects/Blazing7Test/assets/menu-bundle/DEEP_SEA/script/DeepSeaSceneTranstion.ts as file:///D:/Game-Engine%20Projects/Blazing7Test/assets/menu-bundle/DEEP_SEA/script/DeepSeaSuperBonusGame.ts.
16:41:10.868 debug: Resolve ./DeepSeaBonusGame from file:///D:/Game-Engine%20Projects/Blazing7Test/assets/menu-bundle/DEEP_SEA/script/DeepSeaSceneTranstion.ts as file:///D:/Game-Engine%20Projects/Blazing7Test/assets/menu-bundle/DEEP_SEA/script/DeepSeaBonusGame.ts.
16:41:10.868 debug: Resolve ./data/DeepSeaEvent from file:///D:/Game-Engine%20Projects/Blazing7Test/assets/menu-bundle/DEEP_SEA/script/DeepSeaSceneTranstion.ts as file:///D:/Game-Engine%20Projects/Blazing7Test/assets/menu-bundle/DEEP_SEA/script/data/DeepSeaEvent.ts.
16:41:10.868 debug: Resolve ./data/DeepSeaRes from file:///D:/Game-Engine%20Projects/Blazing7Test/assets/menu-bundle/DEEP_SEA/script/DeepSeaSceneTranstion.ts as file:///D:/Game-Engine%20Projects/Blazing7Test/assets/menu-bundle/DEEP_SEA/script/data/DeepSeaRes.ts.
16:41:10.868 debug: Resolve ./DeepSeaBubbles from file:///D:/Game-Engine%20Projects/Blazing7Test/assets/menu-bundle/DEEP_SEA/script/DeepSeaSceneTranstion.ts as file:///D:/Game-Engine%20Projects/Blazing7Test/assets/menu-bundle/DEEP_SEA/script/DeepSeaBubbles.ts.
16:41:10.868 debug: Resolve ./data/DeepSeaAudio from file:///D:/Game-Engine%20Projects/Blazing7Test/assets/menu-bundle/DEEP_SEA/script/DeepSeaSceneTranstion.ts as file:///D:/Game-Engine%20Projects/Blazing7Test/assets/menu-bundle/DEEP_SEA/script/data/DeepSeaAudio.ts.
16:41:10.868 debug: Resolve cce:/internal/code-quality/cr.mjs from file:///D:/Game-Engine%20Projects/Blazing7Test/assets/menu-bundle/DEEP_SEA/script/DeepSeaSuperBonusGame.ts as cce:/internal/code-quality/cr.mjs.
16:41:10.868 debug: Resolve cc from file:///D:/Game-Engine%20Projects/Blazing7Test/assets/menu-bundle/DEEP_SEA/script/DeepSeaSuperBonusGame.ts as cce:/internal/x/cc.
16:41:10.868 debug: Resolve cc from file:///D:/Game-Engine%20Projects/Blazing7Test/assets/menu-bundle/DEEP_SEA/script/DeepSeaSuperBonusGame.ts as cce:/internal/x/cc.
16:41:10.868 debug: Resolve cc from file:///D:/Game-Engine%20Projects/Blazing7Test/assets/menu-bundle/DEEP_SEA/script/DeepSeaSuperBonusGame.ts as cce:/internal/x/cc.
16:41:10.868 debug: Resolve ./data/DeepSeaEvent from file:///D:/Game-Engine%20Projects/Blazing7Test/assets/menu-bundle/DEEP_SEA/script/DeepSeaSuperBonusGame.ts as file:///D:/Game-Engine%20Projects/Blazing7Test/assets/menu-bundle/DEEP_SEA/script/data/DeepSeaEvent.ts.
16:41:10.868 debug: Resolve ./data/DeepSeaRes from file:///D:/Game-Engine%20Projects/Blazing7Test/assets/menu-bundle/DEEP_SEA/script/DeepSeaSuperBonusGame.ts as file:///D:/Game-Engine%20Projects/Blazing7Test/assets/menu-bundle/DEEP_SEA/script/data/DeepSeaRes.ts.
16:41:10.868 debug: Resolve ./data/DeepSeaCardData from file:///D:/Game-Engine%20Projects/Blazing7Test/assets/menu-bundle/DEEP_SEA/script/DeepSeaSuperBonusGame.ts as file:///D:/Game-Engine%20Projects/Blazing7Test/assets/menu-bundle/DEEP_SEA/script/data/DeepSeaCardData.ts.
16:41:10.868 debug: Resolve ./data/DeepSeaAudio from file:///D:/Game-Engine%20Projects/Blazing7Test/assets/menu-bundle/DEEP_SEA/script/DeepSeaSuperBonusGame.ts as file:///D:/Game-Engine%20Projects/Blazing7Test/assets/menu-bundle/DEEP_SEA/script/data/DeepSeaAudio.ts.
16:41:10.868 debug: Resolve ./DeepSeaBaseUI from file:///D:/Game-Engine%20Projects/Blazing7Test/assets/menu-bundle/DEEP_SEA/script/DeepSeaSuperBonusGame.ts as file:///D:/Game-Engine%20Projects/Blazing7Test/assets/menu-bundle/DEEP_SEA/script/DeepSeaBaseUI.ts.
16:41:10.868 debug: Resolve cce:/internal/code-quality/cr.mjs from file:///D:/Game-Engine%20Projects/Blazing7Test/assets/menu-bundle/DEEP_SEA/script/DeepSeaMainGame.ts as cce:/internal/code-quality/cr.mjs.
16:41:10.868 debug: Resolve cc from file:///D:/Game-Engine%20Projects/Blazing7Test/assets/menu-bundle/DEEP_SEA/script/DeepSeaMainGame.ts as cce:/internal/x/cc.
16:41:10.868 debug: Resolve cc from file:///D:/Game-Engine%20Projects/Blazing7Test/assets/menu-bundle/DEEP_SEA/script/DeepSeaMainGame.ts as cce:/internal/x/cc.
16:41:10.868 debug: Resolve cc from file:///D:/Game-Engine%20Projects/Blazing7Test/assets/menu-bundle/DEEP_SEA/script/DeepSeaMainGame.ts as cce:/internal/x/cc.
16:41:10.868 debug: Resolve ./DeepSeaMyNumber from file:///D:/Game-Engine%20Projects/Blazing7Test/assets/menu-bundle/DEEP_SEA/script/DeepSeaMainGame.ts as file:///D:/Game-Engine%20Projects/Blazing7Test/assets/menu-bundle/DEEP_SEA/script/DeepSeaMyNumber.ts.
16:41:10.868 debug: Resolve ./DeepSeaWinNum from file:///D:/Game-Engine%20Projects/Blazing7Test/assets/menu-bundle/DEEP_SEA/script/DeepSeaMainGame.ts as file:///D:/Game-Engine%20Projects/Blazing7Test/assets/menu-bundle/DEEP_SEA/script/DeepSeaWinNum.ts.
16:41:10.868 debug: Resolve ./DeepSeaBonus from file:///D:/Game-Engine%20Projects/Blazing7Test/assets/menu-bundle/DEEP_SEA/script/DeepSeaMainGame.ts as file:///D:/Game-Engine%20Projects/Blazing7Test/assets/menu-bundle/DEEP_SEA/script/DeepSeaBonus.ts.
16:41:10.868 debug: Resolve ./DeepSeaSuperBonus from file:///D:/Game-Engine%20Projects/Blazing7Test/assets/menu-bundle/DEEP_SEA/script/DeepSeaMainGame.ts as file:///D:/Game-Engine%20Projects/Blazing7Test/assets/menu-bundle/DEEP_SEA/script/DeepSeaSuperBonus.ts.
16:41:10.868 debug: Resolve ./data/DeepSeaEvent from file:///D:/Game-Engine%20Projects/Blazing7Test/assets/menu-bundle/DEEP_SEA/script/DeepSeaMainGame.ts as file:///D:/Game-Engine%20Projects/Blazing7Test/assets/menu-bundle/DEEP_SEA/script/data/DeepSeaEvent.ts.
16:41:10.868 debug: Resolve ./DeepSeaFish from file:///D:/Game-Engine%20Projects/Blazing7Test/assets/menu-bundle/DEEP_SEA/script/DeepSeaMainGame.ts as file:///D:/Game-Engine%20Projects/Blazing7Test/assets/menu-bundle/DEEP_SEA/script/DeepSeaFish.ts.
16:41:10.868 debug: Resolve ./data/DeepSeaCardData from file:///D:/Game-Engine%20Projects/Blazing7Test/assets/menu-bundle/DEEP_SEA/script/DeepSeaMainGame.ts as file:///D:/Game-Engine%20Projects/Blazing7Test/assets/menu-bundle/DEEP_SEA/script/data/DeepSeaCardData.ts.
16:41:10.868 debug: Resolve cce:/internal/code-quality/cr.mjs from file:///D:/Game-Engine%20Projects/Blazing7Test/assets/menu-bundle/DEEP_SEA/script/DeepSeaMyNumber.ts as cce:/internal/code-quality/cr.mjs.
16:41:10.868 debug: Resolve cc from file:///D:/Game-Engine%20Projects/Blazing7Test/assets/menu-bundle/DEEP_SEA/script/DeepSeaMyNumber.ts as cce:/internal/x/cc.
16:41:10.868 debug: Resolve cc from file:///D:/Game-Engine%20Projects/Blazing7Test/assets/menu-bundle/DEEP_SEA/script/DeepSeaMyNumber.ts as cce:/internal/x/cc.
16:41:10.868 debug: Resolve cc from file:///D:/Game-Engine%20Projects/Blazing7Test/assets/menu-bundle/DEEP_SEA/script/DeepSeaMyNumber.ts as cce:/internal/x/cc.
16:41:10.868 debug: Resolve ./DeepSeaBubbleNumItem from file:///D:/Game-Engine%20Projects/Blazing7Test/assets/menu-bundle/DEEP_SEA/script/DeepSeaMyNumber.ts as file:///D:/Game-Engine%20Projects/Blazing7Test/assets/menu-bundle/DEEP_SEA/script/DeepSeaBubbleNumItem.ts.
16:41:10.868 debug: Resolve ./data/DeepSeaEvent from file:///D:/Game-Engine%20Projects/Blazing7Test/assets/menu-bundle/DEEP_SEA/script/DeepSeaMyNumber.ts as file:///D:/Game-Engine%20Projects/Blazing7Test/assets/menu-bundle/DEEP_SEA/script/data/DeepSeaEvent.ts.
16:41:10.868 debug: Resolve ./data/DeepSeaEvent from file:///D:/Game-Engine%20Projects/Blazing7Test/assets/menu-bundle/DEEP_SEA/script/DeepSeaMyNumber.ts as file:///D:/Game-Engine%20Projects/Blazing7Test/assets/menu-bundle/DEEP_SEA/script/data/DeepSeaEvent.ts.
16:41:10.868 debug: Resolve ./data/DeepSeaAudio from file:///D:/Game-Engine%20Projects/Blazing7Test/assets/menu-bundle/DEEP_SEA/script/DeepSeaMyNumber.ts as file:///D:/Game-Engine%20Projects/Blazing7Test/assets/menu-bundle/DEEP_SEA/script/data/DeepSeaAudio.ts.
16:41:10.868 debug: Resolve cce:/internal/code-quality/cr.mjs from file:///D:/Game-Engine%20Projects/Blazing7Test/assets/menu-bundle/DEEP_SEA/script/DeepSeaWinNum.ts as cce:/internal/code-quality/cr.mjs.
16:41:10.868 debug: Resolve cc from file:///D:/Game-Engine%20Projects/Blazing7Test/assets/menu-bundle/DEEP_SEA/script/DeepSeaWinNum.ts as cce:/internal/x/cc.
16:41:10.868 debug: Resolve cc from file:///D:/Game-Engine%20Projects/Blazing7Test/assets/menu-bundle/DEEP_SEA/script/DeepSeaWinNum.ts as cce:/internal/x/cc.
16:41:10.868 debug: Resolve cc from file:///D:/Game-Engine%20Projects/Blazing7Test/assets/menu-bundle/DEEP_SEA/script/DeepSeaWinNum.ts as cce:/internal/x/cc.
16:41:10.868 debug: Resolve ./data/DeepSeaEvent from file:///D:/Game-Engine%20Projects/Blazing7Test/assets/menu-bundle/DEEP_SEA/script/DeepSeaWinNum.ts as file:///D:/Game-Engine%20Projects/Blazing7Test/assets/menu-bundle/DEEP_SEA/script/data/DeepSeaEvent.ts.
16:41:10.868 debug: Resolve ./data/DeepSeaAudio from file:///D:/Game-Engine%20Projects/Blazing7Test/assets/menu-bundle/DEEP_SEA/script/DeepSeaWinNum.ts as file:///D:/Game-Engine%20Projects/Blazing7Test/assets/menu-bundle/DEEP_SEA/script/data/DeepSeaAudio.ts.
16:41:10.868 debug: Resolve ./data/DeepSeaCardData from file:///D:/Game-Engine%20Projects/Blazing7Test/assets/menu-bundle/DEEP_SEA/script/DeepSeaWinNum.ts as file:///D:/Game-Engine%20Projects/Blazing7Test/assets/menu-bundle/DEEP_SEA/script/data/DeepSeaCardData.ts.
16:41:10.868 debug: Resolve cce:/internal/code-quality/cr.mjs from file:///D:/Game-Engine%20Projects/Blazing7Test/assets/menu-bundle/DEEP_SEA/script/DeepSeaSuperBonus.ts as cce:/internal/code-quality/cr.mjs.
16:41:10.868 debug: Resolve cc from file:///D:/Game-Engine%20Projects/Blazing7Test/assets/menu-bundle/DEEP_SEA/script/DeepSeaSuperBonus.ts as cce:/internal/x/cc.
16:41:10.868 debug: Resolve cc from file:///D:/Game-Engine%20Projects/Blazing7Test/assets/menu-bundle/DEEP_SEA/script/DeepSeaSuperBonus.ts as cce:/internal/x/cc.
16:41:10.868 debug: Resolve cc from file:///D:/Game-Engine%20Projects/Blazing7Test/assets/menu-bundle/DEEP_SEA/script/DeepSeaSuperBonus.ts as cce:/internal/x/cc.
16:41:10.868 debug: Resolve ./data/DeepSeaEvent from file:///D:/Game-Engine%20Projects/Blazing7Test/assets/menu-bundle/DEEP_SEA/script/DeepSeaSuperBonus.ts as file:///D:/Game-Engine%20Projects/Blazing7Test/assets/menu-bundle/DEEP_SEA/script/data/DeepSeaEvent.ts.
16:41:10.868 debug: Resolve ./data/DeepSeaAudio from file:///D:/Game-Engine%20Projects/Blazing7Test/assets/menu-bundle/DEEP_SEA/script/DeepSeaSuperBonus.ts as file:///D:/Game-Engine%20Projects/Blazing7Test/assets/menu-bundle/DEEP_SEA/script/data/DeepSeaAudio.ts.
16:41:10.869 debug: Resolve ./DeepSeaBaseUI from file:///D:/Game-Engine%20Projects/Blazing7Test/assets/menu-bundle/DEEP_SEA/script/DeepSeaSuperBonus.ts as file:///D:/Game-Engine%20Projects/Blazing7Test/assets/menu-bundle/DEEP_SEA/script/DeepSeaBaseUI.ts.
16:41:10.869 debug: Resolve cc from file:///D:/Game-Engine%20Projects/Blazing7Test/assets/menu-bundle/DEEP_SEA/script/DeepSeaFish.ts as cce:/internal/x/cc.
16:41:10.869 debug: Resolve cc from file:///D:/Game-Engine%20Projects/Blazing7Test/assets/menu-bundle/DEEP_SEA/script/DeepSeaFish.ts as cce:/internal/x/cc.
16:41:10.869 debug: Resolve cc from file:///D:/Game-Engine%20Projects/Blazing7Test/assets/menu-bundle/DEEP_SEA/script/DeepSeaFish.ts as cce:/internal/x/cc.
16:41:10.869 debug: Resolve cc/env from file:///D:/Game-Engine%20Projects/Blazing7Test/assets/menu-bundle/DEEP_SEA/script/DeepSeaFish.ts as external dependency cc/env.
16:41:10.869 debug: Resolve cce:/internal/code-quality/cr.mjs from file:///D:/Game-Engine%20Projects/Blazing7Test/assets/menu-bundle/DEEP_SEA/script/DeepSeaCardDetails.ts as cce:/internal/code-quality/cr.mjs.
16:41:10.869 debug: Resolve cc from file:///D:/Game-Engine%20Projects/Blazing7Test/assets/menu-bundle/DEEP_SEA/script/DeepSeaCardDetails.ts as cce:/internal/x/cc.
16:41:10.869 debug: Resolve cc from file:///D:/Game-Engine%20Projects/Blazing7Test/assets/menu-bundle/DEEP_SEA/script/DeepSeaCardDetails.ts as cce:/internal/x/cc.
16:41:10.869 debug: Resolve cc from file:///D:/Game-Engine%20Projects/Blazing7Test/assets/menu-bundle/DEEP_SEA/script/DeepSeaCardDetails.ts as cce:/internal/x/cc.
16:41:10.869 debug: Resolve ./DeepSeaGameRecord from file:///D:/Game-Engine%20Projects/Blazing7Test/assets/menu-bundle/DEEP_SEA/script/DeepSeaCardDetails.ts as file:///D:/Game-Engine%20Projects/Blazing7Test/assets/menu-bundle/DEEP_SEA/script/DeepSeaGameRecord.ts.
16:41:10.869 debug: Resolve ./data/DeepSeaEvent from file:///D:/Game-Engine%20Projects/Blazing7Test/assets/menu-bundle/DEEP_SEA/script/DeepSeaCardDetails.ts as file:///D:/Game-Engine%20Projects/Blazing7Test/assets/menu-bundle/DEEP_SEA/script/data/DeepSeaEvent.ts.
16:41:10.869 debug: Resolve cce:/internal/code-quality/cr.mjs from file:///D:/Game-Engine%20Projects/Blazing7Test/assets/menu-bundle/DEEP_SEA/script/DeepSeaGameRecord.ts as cce:/internal/code-quality/cr.mjs.
16:41:10.869 debug: Resolve cc from file:///D:/Game-Engine%20Projects/Blazing7Test/assets/menu-bundle/DEEP_SEA/script/DeepSeaGameRecord.ts as cce:/internal/x/cc.
16:41:10.869 debug: Resolve cc from file:///D:/Game-Engine%20Projects/Blazing7Test/assets/menu-bundle/DEEP_SEA/script/DeepSeaGameRecord.ts as cce:/internal/x/cc.
16:41:10.869 debug: Resolve cc from file:///D:/Game-Engine%20Projects/Blazing7Test/assets/menu-bundle/DEEP_SEA/script/DeepSeaGameRecord.ts as cce:/internal/x/cc.
16:41:10.869 debug: Resolve ./DeepSeaMyNumber from file:///D:/Game-Engine%20Projects/Blazing7Test/assets/menu-bundle/DEEP_SEA/script/DeepSeaGameRecord.ts as file:///D:/Game-Engine%20Projects/Blazing7Test/assets/menu-bundle/DEEP_SEA/script/DeepSeaMyNumber.ts.
16:41:10.869 debug: Resolve ./DeepSeaWinNum from file:///D:/Game-Engine%20Projects/Blazing7Test/assets/menu-bundle/DEEP_SEA/script/DeepSeaGameRecord.ts as file:///D:/Game-Engine%20Projects/Blazing7Test/assets/menu-bundle/DEEP_SEA/script/DeepSeaWinNum.ts.
16:41:10.869 debug: Resolve ./DeepSeaSuperBonus from file:///D:/Game-Engine%20Projects/Blazing7Test/assets/menu-bundle/DEEP_SEA/script/DeepSeaGameRecord.ts as file:///D:/Game-Engine%20Projects/Blazing7Test/assets/menu-bundle/DEEP_SEA/script/DeepSeaSuperBonus.ts.
16:41:10.869 debug: Resolve ./DeepSeaBonus from file:///D:/Game-Engine%20Projects/Blazing7Test/assets/menu-bundle/DEEP_SEA/script/DeepSeaGameRecord.ts as file:///D:/Game-Engine%20Projects/Blazing7Test/assets/menu-bundle/DEEP_SEA/script/DeepSeaBonus.ts.
16:41:10.869 debug: Resolve ./data/DeepSeaEvent from file:///D:/Game-Engine%20Projects/Blazing7Test/assets/menu-bundle/DEEP_SEA/script/DeepSeaGameRecord.ts as file:///D:/Game-Engine%20Projects/Blazing7Test/assets/menu-bundle/DEEP_SEA/script/data/DeepSeaEvent.ts.
16:41:10.869 debug: Resolve ./data/DeepSeaAudio from file:///D:/Game-Engine%20Projects/Blazing7Test/assets/menu-bundle/DEEP_SEA/script/DeepSeaGameRecord.ts as file:///D:/Game-Engine%20Projects/Blazing7Test/assets/menu-bundle/DEEP_SEA/script/data/DeepSeaAudio.ts.
16:41:10.869 debug: Resolve ./DeepSeaBonusInfo from file:///D:/Game-Engine%20Projects/Blazing7Test/assets/menu-bundle/DEEP_SEA/script/DeepSeaGameRecord.ts as file:///D:/Game-Engine%20Projects/Blazing7Test/assets/menu-bundle/DEEP_SEA/script/DeepSeaBonusInfo.ts.
16:41:10.869 debug: Resolve cc from file:///D:/Game-Engine%20Projects/Blazing7Test/assets/menu-bundle/DEEP_SEA/script/DeepSeaCloudFloat.ts as cce:/internal/x/cc.
16:41:10.869 debug: Resolve cc from file:///D:/Game-Engine%20Projects/Blazing7Test/assets/menu-bundle/DEEP_SEA/script/DeepSeaCloudFloat.ts as cce:/internal/x/cc.
16:41:10.869 debug: Resolve cc from file:///D:/Game-Engine%20Projects/Blazing7Test/assets/menu-bundle/DEEP_SEA/script/DeepSeaCloudFloat.ts as cce:/internal/x/cc.
16:41:10.869 debug: Resolve cce:/internal/code-quality/cr.mjs from file:///D:/Game-Engine%20Projects/Blazing7Test/assets/menu-bundle/DEEP_SEA/script/DeepSeaReview.ts as cce:/internal/code-quality/cr.mjs.
16:41:10.869 debug: Resolve cc from file:///D:/Game-Engine%20Projects/Blazing7Test/assets/menu-bundle/DEEP_SEA/script/DeepSeaReview.ts as cce:/internal/x/cc.
16:41:10.869 debug: Resolve cc from file:///D:/Game-Engine%20Projects/Blazing7Test/assets/menu-bundle/DEEP_SEA/script/DeepSeaReview.ts as cce:/internal/x/cc.
16:41:10.869 debug: Resolve cc from file:///D:/Game-Engine%20Projects/Blazing7Test/assets/menu-bundle/DEEP_SEA/script/DeepSeaReview.ts as cce:/internal/x/cc.
16:41:10.869 debug: Resolve ./DeepSeaCardDetails from file:///D:/Game-Engine%20Projects/Blazing7Test/assets/menu-bundle/DEEP_SEA/script/DeepSeaReview.ts as file:///D:/Game-Engine%20Projects/Blazing7Test/assets/menu-bundle/DEEP_SEA/script/DeepSeaCardDetails.ts.
16:41:10.869 debug: Resolve cc from file:///D:/Game-Engine%20Projects/Blazing7Test/assets/menu-bundle/DEEP_SEA/script/DeepSeaWater.ts as cce:/internal/x/cc.
16:41:10.869 debug: Resolve cc from file:///D:/Game-Engine%20Projects/Blazing7Test/assets/menu-bundle/DEEP_SEA/script/DeepSeaWater.ts as cce:/internal/x/cc.
16:41:10.869 debug: Resolve cc from file:///D:/Game-Engine%20Projects/Blazing7Test/assets/menu-bundle/DEEP_SEA/script/DeepSeaWater.ts as cce:/internal/x/cc.
16:41:10.869 debug: Resolve cce:/internal/code-quality/cr.mjs from file:///D:/Game-Engine%20Projects/Blazing7Test/assets/menu-bundle/GINTO_MATCH/script/BundleTrajectoryGinto.ts as cce:/internal/code-quality/cr.mjs.
16:41:10.869 debug: Resolve cc from file:///D:/Game-Engine%20Projects/Blazing7Test/assets/menu-bundle/GINTO_MATCH/script/BundleTrajectoryGinto.ts as cce:/internal/x/cc.
16:41:10.869 debug: Resolve cc from file:///D:/Game-Engine%20Projects/Blazing7Test/assets/menu-bundle/GINTO_MATCH/script/BundleTrajectoryGinto.ts as cce:/internal/x/cc.
16:41:10.869 debug: Resolve cc from file:///D:/Game-Engine%20Projects/Blazing7Test/assets/menu-bundle/GINTO_MATCH/script/BundleTrajectoryGinto.ts as cce:/internal/x/cc.
16:41:10.869 debug: Resolve ./ScratchSystem from file:///D:/Game-Engine%20Projects/Blazing7Test/assets/menu-bundle/GINTO_MATCH/script/BundleTrajectoryGinto.ts as file:///D:/Game-Engine%20Projects/Blazing7Test/assets/menu-bundle/GINTO_MATCH/script/ScratchSystem.ts.
16:41:10.869 debug: Resolve ./FragmentView from file:///D:/Game-Engine%20Projects/Blazing7Test/assets/menu-bundle/GINTO_MATCH/script/BundleTrajectoryGinto.ts as file:///D:/Game-Engine%20Projects/Blazing7Test/assets/menu-bundle/GINTO_MATCH/script/FragmentView.ts.
16:41:10.869 debug: Resolve ../../script/base/BundleBasePanel from file:///D:/Game-Engine%20Projects/Blazing7Test/assets/menu-bundle/GINTO_MATCH/script/BundleTrajectoryGinto.ts as file:///D:/Game-Engine%20Projects/Blazing7Test/assets/menu-bundle/script/base/BundleBasePanel.ts.
16:41:10.869 debug: Resolve ../../script/api/GameApi from file:///D:/Game-Engine%20Projects/Blazing7Test/assets/menu-bundle/GINTO_MATCH/script/BundleTrajectoryGinto.ts as file:///D:/Game-Engine%20Projects/Blazing7Test/assets/menu-bundle/script/api/GameApi.ts.
16:41:10.869 debug: Resolve ../../script/manager/MessageFlag from file:///D:/Game-Engine%20Projects/Blazing7Test/assets/menu-bundle/GINTO_MATCH/script/BundleTrajectoryGinto.ts as file:///D:/Game-Engine%20Projects/Blazing7Test/assets/menu-bundle/script/manager/MessageFlag.ts.
16:41:10.869 debug: Resolve ../../script/interfaces/IMenuDependencies from file:///D:/Game-Engine%20Projects/Blazing7Test/assets/menu-bundle/GINTO_MATCH/script/BundleTrajectoryGinto.ts as file:///D:/Game-Engine%20Projects/Blazing7Test/assets/menu-bundle/script/interfaces/IMenuDependencies.ts.
16:41:10.869 debug: Resolve cce:/internal/code-quality/cr.mjs from file:///D:/Game-Engine%20Projects/Blazing7Test/assets/menu-bundle/GINTO_MATCH/script/ScratchSystem.ts as cce:/internal/code-quality/cr.mjs.
16:41:10.869 debug: Resolve cc from file:///D:/Game-Engine%20Projects/Blazing7Test/assets/menu-bundle/GINTO_MATCH/script/ScratchSystem.ts as cce:/internal/x/cc.
16:41:10.869 debug: Resolve cc from file:///D:/Game-Engine%20Projects/Blazing7Test/assets/menu-bundle/GINTO_MATCH/script/ScratchSystem.ts as cce:/internal/x/cc.
16:41:10.869 debug: Resolve cc from file:///D:/Game-Engine%20Projects/Blazing7Test/assets/menu-bundle/GINTO_MATCH/script/ScratchSystem.ts as cce:/internal/x/cc.
16:41:10.869 debug: Resolve ./ScratchMask from file:///D:/Game-Engine%20Projects/Blazing7Test/assets/menu-bundle/GINTO_MATCH/script/ScratchSystem.ts as file:///D:/Game-Engine%20Projects/Blazing7Test/assets/menu-bundle/GINTO_MATCH/script/ScratchMask.ts.
16:41:10.869 debug: Resolve ./ScratchRenderer from file:///D:/Game-Engine%20Projects/Blazing7Test/assets/menu-bundle/GINTO_MATCH/script/ScratchSystem.ts as file:///D:/Game-Engine%20Projects/Blazing7Test/assets/menu-bundle/GINTO_MATCH/script/ScratchRenderer.ts.
16:41:10.869 debug: Resolve ./ScratchTrajectory from file:///D:/Game-Engine%20Projects/Blazing7Test/assets/menu-bundle/GINTO_MATCH/script/ScratchSystem.ts as file:///D:/Game-Engine%20Projects/Blazing7Test/assets/menu-bundle/GINTO_MATCH/script/ScratchTrajectory.ts.
16:41:10.869 debug: Resolve ../../script/interfaces/IMenuDependencies from file:///D:/Game-Engine%20Projects/Blazing7Test/assets/menu-bundle/GINTO_MATCH/script/ScratchSystem.ts as file:///D:/Game-Engine%20Projects/Blazing7Test/assets/menu-bundle/script/interfaces/IMenuDependencies.ts.
16:41:10.869 debug: Resolve ../../script/manager/MessageFlag from file:///D:/Game-Engine%20Projects/Blazing7Test/assets/menu-bundle/GINTO_MATCH/script/ScratchSystem.ts as file:///D:/Game-Engine%20Projects/Blazing7Test/assets/menu-bundle/script/manager/MessageFlag.ts.
16:41:10.869 debug: Resolve cce:/internal/code-quality/cr.mjs from file:///D:/Game-Engine%20Projects/Blazing7Test/assets/menu-bundle/GINTO_MATCH/script/ScratchMask.ts as cce:/internal/code-quality/cr.mjs.
16:41:10.869 debug: Resolve cc from file:///D:/Game-Engine%20Projects/Blazing7Test/assets/menu-bundle/GINTO_MATCH/script/ScratchMask.ts as cce:/internal/x/cc.
16:41:10.869 debug: Resolve cce:/internal/code-quality/cr.mjs from file:///D:/Game-Engine%20Projects/Blazing7Test/assets/menu-bundle/GINTO_MATCH/script/ScratchRenderer.ts as cce:/internal/code-quality/cr.mjs.
16:41:10.869 debug: Resolve cc from file:///D:/Game-Engine%20Projects/Blazing7Test/assets/menu-bundle/GINTO_MATCH/script/ScratchRenderer.ts as cce:/internal/x/cc.
16:41:10.869 debug: Resolve cc from file:///D:/Game-Engine%20Projects/Blazing7Test/assets/menu-bundle/GINTO_MATCH/script/ScratchRenderer.ts as cce:/internal/x/cc.
16:41:10.869 debug: Resolve cc from file:///D:/Game-Engine%20Projects/Blazing7Test/assets/menu-bundle/GINTO_MATCH/script/ScratchRenderer.ts as cce:/internal/x/cc.
16:41:10.869 debug: Resolve ../../script/manager/MessageFlag from file:///D:/Game-Engine%20Projects/Blazing7Test/assets/menu-bundle/GINTO_MATCH/script/ScratchRenderer.ts as file:///D:/Game-Engine%20Projects/Blazing7Test/assets/menu-bundle/script/manager/MessageFlag.ts.
16:41:10.869 debug: Resolve ../../script/interfaces/IMenuDependencies from file:///D:/Game-Engine%20Projects/Blazing7Test/assets/menu-bundle/GINTO_MATCH/script/ScratchRenderer.ts as file:///D:/Game-Engine%20Projects/Blazing7Test/assets/menu-bundle/script/interfaces/IMenuDependencies.ts.
16:41:10.869 debug: Resolve cce:/internal/code-quality/cr.mjs from file:///D:/Game-Engine%20Projects/Blazing7Test/assets/menu-bundle/GINTO_MATCH/script/ScratchTrajectory.ts as cce:/internal/code-quality/cr.mjs.
16:41:10.869 debug: Resolve cc from file:///D:/Game-Engine%20Projects/Blazing7Test/assets/menu-bundle/GINTO_MATCH/script/ScratchTrajectory.ts as cce:/internal/x/cc.
16:41:10.869 debug: Resolve cce:/internal/code-quality/cr.mjs from file:///D:/Game-Engine%20Projects/Blazing7Test/assets/menu-bundle/GINTO_MATCH/script/FragmentView.ts as cce:/internal/code-quality/cr.mjs.
16:41:10.869 debug: Resolve cc from file:///D:/Game-Engine%20Projects/Blazing7Test/assets/menu-bundle/GINTO_MATCH/script/FragmentView.ts as cce:/internal/x/cc.
16:41:10.869 debug: Resolve cc from file:///D:/Game-Engine%20Projects/Blazing7Test/assets/menu-bundle/GINTO_MATCH/script/FragmentView.ts as cce:/internal/x/cc.
16:41:10.869 debug: Resolve cc from file:///D:/Game-Engine%20Projects/Blazing7Test/assets/menu-bundle/GINTO_MATCH/script/FragmentView.ts as cce:/internal/x/cc.
16:41:10.869 debug: Resolve ../../script/manager/MessageFlag from file:///D:/Game-Engine%20Projects/Blazing7Test/assets/menu-bundle/GINTO_MATCH/script/FragmentView.ts as file:///D:/Game-Engine%20Projects/Blazing7Test/assets/menu-bundle/script/manager/MessageFlag.ts.
16:41:10.869 debug: Resolve ../../script/interfaces/IMenuDependencies from file:///D:/Game-Engine%20Projects/Blazing7Test/assets/menu-bundle/GINTO_MATCH/script/FragmentView.ts as file:///D:/Game-Engine%20Projects/Blazing7Test/assets/menu-bundle/script/interfaces/IMenuDependencies.ts.
16:41:10.869 debug: Resolve cc from file:///D:/Game-Engine%20Projects/Blazing7Test/assets/menu-bundle/GINTO_MATCH/script/CardFragmentView.ts as cce:/internal/x/cc.
16:41:10.869 debug: Resolve cc from file:///D:/Game-Engine%20Projects/Blazing7Test/assets/menu-bundle/GINTO_MATCH/script/CardFragmentView.ts as cce:/internal/x/cc.
16:41:10.869 debug: Resolve cc from file:///D:/Game-Engine%20Projects/Blazing7Test/assets/menu-bundle/GINTO_MATCH/script/CardFragmentView.ts as cce:/internal/x/cc.
16:41:10.869 debug: Resolve cce:/internal/code-quality/cr.mjs from file:///D:/Game-Engine%20Projects/Blazing7Test/assets/menu-bundle/GINTO_MATCH/script/CardReviewGinto.ts as cce:/internal/code-quality/cr.mjs.
16:41:10.869 debug: Resolve cc from file:///D:/Game-Engine%20Projects/Blazing7Test/assets/menu-bundle/GINTO_MATCH/script/CardReviewGinto.ts as cce:/internal/x/cc.
16:41:10.869 debug: Resolve cc from file:///D:/Game-Engine%20Projects/Blazing7Test/assets/menu-bundle/GINTO_MATCH/script/CardReviewGinto.ts as cce:/internal/x/cc.
16:41:10.869 debug: Resolve cc from file:///D:/Game-Engine%20Projects/Blazing7Test/assets/menu-bundle/GINTO_MATCH/script/CardReviewGinto.ts as cce:/internal/x/cc.
16:41:10.869 debug: Resolve ./CardReviewSystem from file:///D:/Game-Engine%20Projects/Blazing7Test/assets/menu-bundle/GINTO_MATCH/script/CardReviewGinto.ts as file:///D:/Game-Engine%20Projects/Blazing7Test/assets/menu-bundle/GINTO_MATCH/script/CardReviewSystem.ts.
16:41:10.869 debug: Resolve ./CardFragmentView from file:///D:/Game-Engine%20Projects/Blazing7Test/assets/menu-bundle/GINTO_MATCH/script/CardReviewGinto.ts as file:///D:/Game-Engine%20Projects/Blazing7Test/assets/menu-bundle/GINTO_MATCH/script/CardFragmentView.ts.
16:41:10.869 debug: Resolve ../../script/utils/BundleGameUtils from file:///D:/Game-Engine%20Projects/Blazing7Test/assets/menu-bundle/GINTO_MATCH/script/CardReviewGinto.ts as file:///D:/Game-Engine%20Projects/Blazing7Test/assets/menu-bundle/script/utils/BundleGameUtils.ts.
16:41:10.869 debug: Resolve cce:/internal/code-quality/cr.mjs from file:///D:/Game-Engine%20Projects/Blazing7Test/assets/menu-bundle/GINTO_MATCH/script/CardReviewSystem.ts as cce:/internal/code-quality/cr.mjs.
16:41:10.870 debug: Resolve cc from file:///D:/Game-Engine%20Projects/Blazing7Test/assets/menu-bundle/GINTO_MATCH/script/CardReviewSystem.ts as cce:/internal/x/cc.
16:41:10.870 debug: Resolve cc from file:///D:/Game-Engine%20Projects/Blazing7Test/assets/menu-bundle/GINTO_MATCH/script/CardReviewSystem.ts as cce:/internal/x/cc.
16:41:10.870 debug: Resolve cc from file:///D:/Game-Engine%20Projects/Blazing7Test/assets/menu-bundle/GINTO_MATCH/script/CardReviewSystem.ts as cce:/internal/x/cc.
16:41:10.870 debug: Resolve ./CardReviewMask from file:///D:/Game-Engine%20Projects/Blazing7Test/assets/menu-bundle/GINTO_MATCH/script/CardReviewSystem.ts as file:///D:/Game-Engine%20Projects/Blazing7Test/assets/menu-bundle/GINTO_MATCH/script/CardReviewMask.ts.
16:41:10.870 debug: Resolve ./CardReviewRenderer from file:///D:/Game-Engine%20Projects/Blazing7Test/assets/menu-bundle/GINTO_MATCH/script/CardReviewSystem.ts as file:///D:/Game-Engine%20Projects/Blazing7Test/assets/menu-bundle/GINTO_MATCH/script/CardReviewRenderer.ts.
16:41:10.870 debug: Resolve cce:/internal/code-quality/cr.mjs from file:///D:/Game-Engine%20Projects/Blazing7Test/assets/menu-bundle/GINTO_MATCH/script/CardReviewMask.ts as cce:/internal/code-quality/cr.mjs.
16:41:10.870 debug: Resolve cc from file:///D:/Game-Engine%20Projects/Blazing7Test/assets/menu-bundle/GINTO_MATCH/script/CardReviewMask.ts as cce:/internal/x/cc.
16:41:10.870 debug: Resolve cce:/internal/code-quality/cr.mjs from file:///D:/Game-Engine%20Projects/Blazing7Test/assets/menu-bundle/GINTO_MATCH/script/CardReviewRenderer.ts as cce:/internal/code-quality/cr.mjs.
16:41:10.870 debug: Resolve cc from file:///D:/Game-Engine%20Projects/Blazing7Test/assets/menu-bundle/GINTO_MATCH/script/CardReviewRenderer.ts as cce:/internal/x/cc.
16:41:10.870 debug: Resolve cc from file:///D:/Game-Engine%20Projects/Blazing7Test/assets/menu-bundle/GINTO_MATCH/script/CardReviewRenderer.ts as cce:/internal/x/cc.
16:41:10.870 debug: Resolve cc from file:///D:/Game-Engine%20Projects/Blazing7Test/assets/menu-bundle/GINTO_MATCH/script/CardReviewRenderer.ts as cce:/internal/x/cc.
16:41:10.870 debug: Resolve cc from file:///D:/Game-Engine%20Projects/Blazing7Test/assets/menu-bundle/GINTO_MATCH/script/CardTypes.ts as cce:/internal/x/cc.
16:41:10.870 debug: Resolve cce:/internal/code-quality/cr.mjs from file:///D:/Game-Engine%20Projects/Blazing7Test/assets/menu-bundle/GINTO_MATCH/script/ScratchAutoPlayer.ts as cce:/internal/code-quality/cr.mjs.
16:41:10.870 debug: Resolve cc from file:///D:/Game-Engine%20Projects/Blazing7Test/assets/menu-bundle/GINTO_MATCH/script/ScratchAutoPlayer.ts as cce:/internal/x/cc.
16:41:10.870 debug: Resolve cce:/internal/code-quality/cr.mjs from file:///D:/Game-Engine%20Projects/Blazing7Test/assets/menu-bundle/GINTO_MATCH/script/ScratchSound.ts as cce:/internal/code-quality/cr.mjs.
16:41:10.870 debug: Resolve cc from file:///D:/Game-Engine%20Projects/Blazing7Test/assets/menu-bundle/GINTO_MATCH/script/ScratchSound.ts as cce:/internal/x/cc.
16:41:10.870 debug: Resolve cc from file:///D:/Game-Engine%20Projects/Blazing7Test/assets/menu-bundle/GINTO_MATCH/script/ScratchSound.ts as cce:/internal/x/cc.
16:41:10.870 debug: Resolve cc from file:///D:/Game-Engine%20Projects/Blazing7Test/assets/menu-bundle/GINTO_MATCH/script/ScratchSound.ts as cce:/internal/x/cc.
16:41:10.870 debug: Resolve ../../script/interfaces/IMenuDependencies from file:///D:/Game-Engine%20Projects/Blazing7Test/assets/menu-bundle/GINTO_MATCH/script/ScratchSound.ts as file:///D:/Game-Engine%20Projects/Blazing7Test/assets/menu-bundle/script/interfaces/IMenuDependencies.ts.
16:41:10.870 debug: Resolve cc from file:///D:/Game-Engine%20Projects/Blazing7Test/assets/menu-bundle/GINTO_MATCH/script/ScratchTypes.ts as cce:/internal/x/cc.
16:41:10.870 debug: Resolve cc from file:///D:/Game-Engine%20Projects/Blazing7Test/assets/menu-bundle/LUCKY_COLORS2/script/LuckyColor_CCFlopCard.ts as cce:/internal/x/cc.
16:41:10.870 debug: Resolve cc from file:///D:/Game-Engine%20Projects/Blazing7Test/assets/menu-bundle/LUCKY_COLORS2/script/LuckyColor_CCFlopCard.ts as cce:/internal/x/cc.
16:41:10.870 debug: Resolve cc from file:///D:/Game-Engine%20Projects/Blazing7Test/assets/menu-bundle/LUCKY_COLORS2/script/LuckyColor_CCFlopCard.ts as cce:/internal/x/cc.
16:41:10.870 debug: Resolve cc from file:///D:/Game-Engine%20Projects/Blazing7Test/assets/menu-bundle/LUCKY_COLORS2/script/LuckyColor_CCFlopCard.ts as cce:/internal/x/cc.
16:41:10.870 debug: Resolve cce:/internal/code-quality/cr.mjs from file:///D:/Game-Engine%20Projects/Blazing7Test/assets/menu-bundle/LUCKY_COLORS2/script/LuckyColor_Card.ts as cce:/internal/code-quality/cr.mjs.
16:41:10.870 debug: Resolve cc from file:///D:/Game-Engine%20Projects/Blazing7Test/assets/menu-bundle/LUCKY_COLORS2/script/LuckyColor_Card.ts as cce:/internal/x/cc.
16:41:10.870 debug: Resolve cc from file:///D:/Game-Engine%20Projects/Blazing7Test/assets/menu-bundle/LUCKY_COLORS2/script/LuckyColor_Card.ts as cce:/internal/x/cc.
16:41:10.870 debug: Resolve cc from file:///D:/Game-Engine%20Projects/Blazing7Test/assets/menu-bundle/LUCKY_COLORS2/script/LuckyColor_Card.ts as cce:/internal/x/cc.
16:41:10.870 debug: Resolve ./LuckyColor_HelpView from file:///D:/Game-Engine%20Projects/Blazing7Test/assets/menu-bundle/LUCKY_COLORS2/script/LuckyColor_Card.ts as file:///D:/Game-Engine%20Projects/Blazing7Test/assets/menu-bundle/LUCKY_COLORS2/script/LuckyColor_HelpView.ts.
16:41:10.870 debug: Resolve ./LuckyColor_ScratchBonus from file:///D:/Game-Engine%20Projects/Blazing7Test/assets/menu-bundle/LUCKY_COLORS2/script/LuckyColor_Card.ts as file:///D:/Game-Engine%20Projects/Blazing7Test/assets/menu-bundle/LUCKY_COLORS2/script/LuckyColor_ScratchBonus.ts.
16:41:10.870 debug: Resolve ./LuckyColor_CCFlopCard from file:///D:/Game-Engine%20Projects/Blazing7Test/assets/menu-bundle/LUCKY_COLORS2/script/LuckyColor_Card.ts as file:///D:/Game-Engine%20Projects/Blazing7Test/assets/menu-bundle/LUCKY_COLORS2/script/LuckyColor_CCFlopCard.ts.
16:41:10.870 debug: Resolve ./LuckyColor_CardItemColor from file:///D:/Game-Engine%20Projects/Blazing7Test/assets/menu-bundle/LUCKY_COLORS2/script/LuckyColor_Card.ts as file:///D:/Game-Engine%20Projects/Blazing7Test/assets/menu-bundle/LUCKY_COLORS2/script/LuckyColor_CardItemColor.ts.
16:41:10.870 debug: Resolve ./LuckyColor_Color_Win from file:///D:/Game-Engine%20Projects/Blazing7Test/assets/menu-bundle/LUCKY_COLORS2/script/LuckyColor_Card.ts as file:///D:/Game-Engine%20Projects/Blazing7Test/assets/menu-bundle/LUCKY_COLORS2/script/LuckyColor_Color_Win.ts.
16:41:10.870 debug: Resolve ../../script/utils/BundleGameUtils from file:///D:/Game-Engine%20Projects/Blazing7Test/assets/menu-bundle/LUCKY_COLORS2/script/LuckyColor_Card.ts as file:///D:/Game-Engine%20Projects/Blazing7Test/assets/menu-bundle/script/utils/BundleGameUtils.ts.
16:41:10.870 debug: Resolve cc from file:///D:/Game-Engine%20Projects/Blazing7Test/assets/menu-bundle/LUCKY_COLORS2/script/LuckyColor_HelpView.ts as cce:/internal/x/cc.
16:41:10.870 debug: Resolve cc from file:///D:/Game-Engine%20Projects/Blazing7Test/assets/menu-bundle/LUCKY_COLORS2/script/LuckyColor_HelpView.ts as cce:/internal/x/cc.
16:41:10.870 debug: Resolve cc from file:///D:/Game-Engine%20Projects/Blazing7Test/assets/menu-bundle/LUCKY_COLORS2/script/LuckyColor_HelpView.ts as cce:/internal/x/cc.
16:41:10.870 debug: Resolve cc from file:///D:/Game-Engine%20Projects/Blazing7Test/assets/menu-bundle/LUCKY_COLORS2/script/LuckyColor_ScratchBonus.ts as cce:/internal/x/cc.
16:41:10.870 debug: Resolve cc from file:///D:/Game-Engine%20Projects/Blazing7Test/assets/menu-bundle/LUCKY_COLORS2/script/LuckyColor_ScratchBonus.ts as cce:/internal/x/cc.
16:41:10.870 debug: Resolve cc from file:///D:/Game-Engine%20Projects/Blazing7Test/assets/menu-bundle/LUCKY_COLORS2/script/LuckyColor_ScratchBonus.ts as cce:/internal/x/cc.
16:41:10.870 debug: Resolve cce:/internal/code-quality/cr.mjs from file:///D:/Game-Engine%20Projects/Blazing7Test/assets/menu-bundle/LUCKY_COLORS2/script/LuckyColor_CardItemColor.ts as cce:/internal/code-quality/cr.mjs.
16:41:10.870 debug: Resolve cc from file:///D:/Game-Engine%20Projects/Blazing7Test/assets/menu-bundle/LUCKY_COLORS2/script/LuckyColor_CardItemColor.ts as cce:/internal/x/cc.
16:41:10.870 debug: Resolve cc from file:///D:/Game-Engine%20Projects/Blazing7Test/assets/menu-bundle/LUCKY_COLORS2/script/LuckyColor_CardItemColor.ts as cce:/internal/x/cc.
16:41:10.870 debug: Resolve cc from file:///D:/Game-Engine%20Projects/Blazing7Test/assets/menu-bundle/LUCKY_COLORS2/script/LuckyColor_CardItemColor.ts as cce:/internal/x/cc.
16:41:10.870 debug: Resolve ../../script/utils/BundleGameUtils from file:///D:/Game-Engine%20Projects/Blazing7Test/assets/menu-bundle/LUCKY_COLORS2/script/LuckyColor_CardItemColor.ts as file:///D:/Game-Engine%20Projects/Blazing7Test/assets/menu-bundle/script/utils/BundleGameUtils.ts.
16:41:10.870 debug: Resolve cc from file:///D:/Game-Engine%20Projects/Blazing7Test/assets/menu-bundle/LUCKY_COLORS2/script/LuckyColor_Color_Win.ts as cce:/internal/x/cc.
16:41:10.870 debug: Resolve cc from file:///D:/Game-Engine%20Projects/Blazing7Test/assets/menu-bundle/LUCKY_COLORS2/script/LuckyColor_Color_Win.ts as cce:/internal/x/cc.
16:41:10.870 debug: Resolve cc from file:///D:/Game-Engine%20Projects/Blazing7Test/assets/menu-bundle/LUCKY_COLORS2/script/LuckyColor_Color_Win.ts as cce:/internal/x/cc.
16:41:10.870 debug: Resolve cce:/internal/code-quality/cr.mjs from file:///D:/Game-Engine%20Projects/Blazing7Test/assets/menu-bundle/LUCKY_COLORS2/script/LuckyColor_CardReview.ts as cce:/internal/code-quality/cr.mjs.
16:41:10.870 debug: Resolve cc from file:///D:/Game-Engine%20Projects/Blazing7Test/assets/menu-bundle/LUCKY_COLORS2/script/LuckyColor_CardReview.ts as cce:/internal/x/cc.
16:41:10.870 debug: Resolve cc from file:///D:/Game-Engine%20Projects/Blazing7Test/assets/menu-bundle/LUCKY_COLORS2/script/LuckyColor_CardReview.ts as cce:/internal/x/cc.
16:41:10.870 debug: Resolve cc from file:///D:/Game-Engine%20Projects/Blazing7Test/assets/menu-bundle/LUCKY_COLORS2/script/LuckyColor_CardReview.ts as cce:/internal/x/cc.
16:41:10.870 debug: Resolve ../../script/utils/BundleGameUtils from file:///D:/Game-Engine%20Projects/Blazing7Test/assets/menu-bundle/LUCKY_COLORS2/script/LuckyColor_CardReview.ts as file:///D:/Game-Engine%20Projects/Blazing7Test/assets/menu-bundle/script/utils/BundleGameUtils.ts.
16:41:10.870 debug: Resolve ./LuckyColor_Card from file:///D:/Game-Engine%20Projects/Blazing7Test/assets/menu-bundle/LUCKY_COLORS2/script/LuckyColor_CardReview.ts as file:///D:/Game-Engine%20Projects/Blazing7Test/assets/menu-bundle/LUCKY_COLORS2/script/LuckyColor_Card.ts.
16:41:10.870 debug: Resolve cce:/internal/code-quality/cr.mjs from file:///D:/Game-Engine%20Projects/Blazing7Test/assets/menu-bundle/LUCKY_COLORS2/script/LuckyColor_Default_Card.ts as cce:/internal/code-quality/cr.mjs.
16:41:10.870 debug: Resolve cc from file:///D:/Game-Engine%20Projects/Blazing7Test/assets/menu-bundle/LUCKY_COLORS2/script/LuckyColor_Default_Card.ts as cce:/internal/x/cc.
16:41:10.870 debug: Resolve cc from file:///D:/Game-Engine%20Projects/Blazing7Test/assets/menu-bundle/LUCKY_COLORS2/script/LuckyColor_Default_Card.ts as cce:/internal/x/cc.
16:41:10.870 debug: Resolve cc from file:///D:/Game-Engine%20Projects/Blazing7Test/assets/menu-bundle/LUCKY_COLORS2/script/LuckyColor_Default_Card.ts as cce:/internal/x/cc.
16:41:10.870 debug: Resolve ./LuckyColor_CCFlopCard from file:///D:/Game-Engine%20Projects/Blazing7Test/assets/menu-bundle/LUCKY_COLORS2/script/LuckyColor_Default_Card.ts as file:///D:/Game-Engine%20Projects/Blazing7Test/assets/menu-bundle/LUCKY_COLORS2/script/LuckyColor_CCFlopCard.ts.
16:41:10.870 debug: Resolve cce:/internal/code-quality/cr.mjs from file:///D:/Game-Engine%20Projects/Blazing7Test/assets/menu-bundle/PIKA2/script/BundleCardDetailFoodItem.ts as cce:/internal/code-quality/cr.mjs.
16:41:10.870 debug: Resolve cc from file:///D:/Game-Engine%20Projects/Blazing7Test/assets/menu-bundle/PIKA2/script/BundleCardDetailFoodItem.ts as cce:/internal/x/cc.
16:41:10.870 debug: Resolve cc from file:///D:/Game-Engine%20Projects/Blazing7Test/assets/menu-bundle/PIKA2/script/BundleCardDetailFoodItem.ts as cce:/internal/x/cc.
16:41:10.870 debug: Resolve cc from file:///D:/Game-Engine%20Projects/Blazing7Test/assets/menu-bundle/PIKA2/script/BundleCardDetailFoodItem.ts as cce:/internal/x/cc.
16:41:10.870 debug: Resolve ../../script/manager/MessageFlag from file:///D:/Game-Engine%20Projects/Blazing7Test/assets/menu-bundle/PIKA2/script/BundleCardDetailFoodItem.ts as file:///D:/Game-Engine%20Projects/Blazing7Test/assets/menu-bundle/script/manager/MessageFlag.ts.
16:41:10.870 debug: Resolve ../../script/interfaces/IMenuDependencies from file:///D:/Game-Engine%20Projects/Blazing7Test/assets/menu-bundle/PIKA2/script/BundleCardDetailFoodItem.ts as file:///D:/Game-Engine%20Projects/Blazing7Test/assets/menu-bundle/script/interfaces/IMenuDependencies.ts.
16:41:10.870 debug: Resolve ../../script/utils/BundleGameUtils from file:///D:/Game-Engine%20Projects/Blazing7Test/assets/menu-bundle/PIKA2/script/BundleCardDetailFoodItem.ts as file:///D:/Game-Engine%20Projects/Blazing7Test/assets/menu-bundle/script/utils/BundleGameUtils.ts.
16:41:10.870 debug: Resolve cc from file:///D:/Game-Engine%20Projects/Blazing7Test/assets/menu-bundle/PIKA2/script/BundleLeafItem.ts as cce:/internal/x/cc.
16:41:10.870 debug: Resolve cc from file:///D:/Game-Engine%20Projects/Blazing7Test/assets/menu-bundle/PIKA2/script/BundleLeafItem.ts as cce:/internal/x/cc.
16:41:10.870 debug: Resolve cc from file:///D:/Game-Engine%20Projects/Blazing7Test/assets/menu-bundle/PIKA2/script/BundleLeafItem.ts as cce:/internal/x/cc.
16:41:10.870 debug: Resolve cce:/internal/code-quality/cr.mjs from file:///D:/Game-Engine%20Projects/Blazing7Test/assets/menu-bundle/PIKA2/script/BundleLeafManager.ts as cce:/internal/code-quality/cr.mjs.
16:41:10.870 debug: Resolve cc from file:///D:/Game-Engine%20Projects/Blazing7Test/assets/menu-bundle/PIKA2/script/BundleLeafManager.ts as cce:/internal/x/cc.
16:41:10.870 debug: Resolve cc from file:///D:/Game-Engine%20Projects/Blazing7Test/assets/menu-bundle/PIKA2/script/BundleLeafManager.ts as cce:/internal/x/cc.
16:41:10.870 debug: Resolve cc from file:///D:/Game-Engine%20Projects/Blazing7Test/assets/menu-bundle/PIKA2/script/BundleLeafManager.ts as cce:/internal/x/cc.
16:41:10.870 debug: Resolve ../../script/manager/MessageFlag from file:///D:/Game-Engine%20Projects/Blazing7Test/assets/menu-bundle/PIKA2/script/BundleLeafManager.ts as file:///D:/Game-Engine%20Projects/Blazing7Test/assets/menu-bundle/script/manager/MessageFlag.ts.
16:41:10.870 debug: Resolve ../../script/interfaces/IMenuDependencies from file:///D:/Game-Engine%20Projects/Blazing7Test/assets/menu-bundle/PIKA2/script/BundleLeafManager.ts as file:///D:/Game-Engine%20Projects/Blazing7Test/assets/menu-bundle/script/interfaces/IMenuDependencies.ts.
16:41:10.870 debug: Resolve ./BundleLeafItem from file:///D:/Game-Engine%20Projects/Blazing7Test/assets/menu-bundle/PIKA2/script/BundleLeafManager.ts as file:///D:/Game-Engine%20Projects/Blazing7Test/assets/menu-bundle/PIKA2/script/BundleLeafItem.ts.
16:41:10.870 debug: Resolve cce:/internal/code-quality/cr.mjs from file:///D:/Game-Engine%20Projects/Blazing7Test/assets/menu-bundle/PIKA2/script/BundlePikaCardTrajectoryComponent.ts as cce:/internal/code-quality/cr.mjs.
16:41:10.870 debug: Resolve cc from file:///D:/Game-Engine%20Projects/Blazing7Test/assets/menu-bundle/PIKA2/script/BundlePikaCardTrajectoryComponent.ts as cce:/internal/x/cc.
16:41:10.870 debug: Resolve cc from file:///D:/Game-Engine%20Projects/Blazing7Test/assets/menu-bundle/PIKA2/script/BundlePikaCardTrajectoryComponent.ts as cce:/internal/x/cc.
16:41:10.870 debug: Resolve cc from file:///D:/Game-Engine%20Projects/Blazing7Test/assets/menu-bundle/PIKA2/script/BundlePikaCardTrajectoryComponent.ts as cce:/internal/x/cc.
16:41:10.870 debug: Resolve ../../script/interfaces/IMenuDependencies from file:///D:/Game-Engine%20Projects/Blazing7Test/assets/menu-bundle/PIKA2/script/BundlePikaCardTrajectoryComponent.ts as file:///D:/Game-Engine%20Projects/Blazing7Test/assets/menu-bundle/script/interfaces/IMenuDependencies.ts.
16:41:10.870 debug: Resolve ../../script/manager/MessageFlag from file:///D:/Game-Engine%20Projects/Blazing7Test/assets/menu-bundle/PIKA2/script/BundlePikaCardTrajectoryComponent.ts as file:///D:/Game-Engine%20Projects/Blazing7Test/assets/menu-bundle/script/manager/MessageFlag.ts.
16:41:10.871 debug: Resolve ./BundleCardDetailFoodItem from file:///D:/Game-Engine%20Projects/Blazing7Test/assets/menu-bundle/PIKA2/script/BundlePikaCardTrajectoryComponent.ts as file:///D:/Game-Engine%20Projects/Blazing7Test/assets/menu-bundle/PIKA2/script/BundleCardDetailFoodItem.ts.
16:41:10.871 debug: Resolve cce:/internal/code-quality/cr.mjs from file:///D:/Game-Engine%20Projects/Blazing7Test/assets/menu-bundle/PIKA2/script/BundleTrajectory.ts as cce:/internal/code-quality/cr.mjs.
16:41:10.871 debug: Resolve cc from file:///D:/Game-Engine%20Projects/Blazing7Test/assets/menu-bundle/PIKA2/script/BundleTrajectory.ts as cce:/internal/x/cc.
16:41:10.871 debug: Resolve cc from file:///D:/Game-Engine%20Projects/Blazing7Test/assets/menu-bundle/PIKA2/script/BundleTrajectory.ts as cce:/internal/x/cc.
16:41:10.871 debug: Resolve cc from file:///D:/Game-Engine%20Projects/Blazing7Test/assets/menu-bundle/PIKA2/script/BundleTrajectory.ts as cce:/internal/x/cc.
16:41:10.871 debug: Resolve ../../script/base/BundleBasePanel from file:///D:/Game-Engine%20Projects/Blazing7Test/assets/menu-bundle/PIKA2/script/BundleTrajectory.ts as file:///D:/Game-Engine%20Projects/Blazing7Test/assets/menu-bundle/script/base/BundleBasePanel.ts.
16:41:10.871 debug: Resolve ../../script/types/AniType from file:///D:/Game-Engine%20Projects/Blazing7Test/assets/menu-bundle/PIKA2/script/BundleTrajectory.ts as file:///D:/Game-Engine%20Projects/Blazing7Test/assets/menu-bundle/script/types/AniType.ts.
16:41:10.871 debug: Resolve ../../script/api/GameApi from file:///D:/Game-Engine%20Projects/Blazing7Test/assets/menu-bundle/PIKA2/script/BundleTrajectory.ts as file:///D:/Game-Engine%20Projects/Blazing7Test/assets/menu-bundle/script/api/GameApi.ts.
16:41:10.871 debug: Resolve ../../script/utils/BundleGameUtils from file:///D:/Game-Engine%20Projects/Blazing7Test/assets/menu-bundle/PIKA2/script/BundleTrajectory.ts as file:///D:/Game-Engine%20Projects/Blazing7Test/assets/menu-bundle/script/utils/BundleGameUtils.ts.
16:41:10.871 debug: Resolve ../../script/manager/MessageFlag from file:///D:/Game-Engine%20Projects/Blazing7Test/assets/menu-bundle/PIKA2/script/BundleTrajectory.ts as file:///D:/Game-Engine%20Projects/Blazing7Test/assets/menu-bundle/script/manager/MessageFlag.ts.
16:41:10.871 debug: Resolve ./BundlePikaCardTrajectoryComponent from file:///D:/Game-Engine%20Projects/Blazing7Test/assets/menu-bundle/PIKA2/script/BundleTrajectory.ts as file:///D:/Game-Engine%20Projects/Blazing7Test/assets/menu-bundle/PIKA2/script/BundlePikaCardTrajectoryComponent.ts.
16:41:10.871 debug: Resolve ../../script/interfaces/IMenuDependencies from file:///D:/Game-Engine%20Projects/Blazing7Test/assets/menu-bundle/PIKA2/script/BundleTrajectory.ts as file:///D:/Game-Engine%20Projects/Blazing7Test/assets/menu-bundle/script/interfaces/IMenuDependencies.ts.
16:41:10.871 debug: Resolve cc from file:///D:/Game-Engine%20Projects/Blazing7Test/assets/menu-bundle/script/base/BundleSingleButton.ts as cce:/internal/x/cc.
16:41:10.871 debug: Resolve cc from file:///D:/Game-Engine%20Projects/Blazing7Test/assets/menu-bundle/script/base/BundleSingleButton.ts as cce:/internal/x/cc.
16:41:10.871 debug: Resolve cc from file:///D:/Game-Engine%20Projects/Blazing7Test/assets/menu-bundle/script/base/BundleSingleButton.ts as cce:/internal/x/cc.
16:41:10.871 debug: Resolve cc from file:///D:/Game-Engine%20Projects/Blazing7Test/assets/menu-bundle/script/eui/BundleUIKeys.ts as cce:/internal/x/cc.
16:41:10.871 debug: Resolve cc from file:///D:/Game-Engine%20Projects/Blazing7Test/assets/menu-bundle/script/utils/analytics_bridge.ts as cce:/internal/x/cc.
16:41:10.871 debug: Resolve cc from file:///D:/Game-Engine%20Projects/Blazing7Test/assets/menu-bundle/script/utils/logger.ts as cce:/internal/x/cc.
16:41:10.871 debug: Resolve cce:/internal/code-quality/cr.mjs from file:///D:/Game-Engine%20Projects/Blazing7Test/assets/menu-bundle/script/view/BundleBigWin.ts as cce:/internal/code-quality/cr.mjs.
16:41:10.871 debug: Resolve cc from file:///D:/Game-Engine%20Projects/Blazing7Test/assets/menu-bundle/script/view/BundleBigWin.ts as cce:/internal/x/cc.
16:41:10.871 debug: Resolve cc from file:///D:/Game-Engine%20Projects/Blazing7Test/assets/menu-bundle/script/view/BundleBigWin.ts as cce:/internal/x/cc.
16:41:10.871 debug: Resolve cc from file:///D:/Game-Engine%20Projects/Blazing7Test/assets/menu-bundle/script/view/BundleBigWin.ts as cce:/internal/x/cc.
16:41:10.871 debug: Resolve ../base/BundleBasePanel from file:///D:/Game-Engine%20Projects/Blazing7Test/assets/menu-bundle/script/view/BundleBigWin.ts as file:///D:/Game-Engine%20Projects/Blazing7Test/assets/menu-bundle/script/base/BundleBasePanel.ts.
16:41:10.871 debug: Resolve ../types/AniType from file:///D:/Game-Engine%20Projects/Blazing7Test/assets/menu-bundle/script/view/BundleBigWin.ts as file:///D:/Game-Engine%20Projects/Blazing7Test/assets/menu-bundle/script/types/AniType.ts.
16:41:10.871 debug: Resolve ../interfaces/IMenuDependencies from file:///D:/Game-Engine%20Projects/Blazing7Test/assets/menu-bundle/script/view/BundleBigWin.ts as file:///D:/Game-Engine%20Projects/Blazing7Test/assets/menu-bundle/script/interfaces/IMenuDependencies.ts.
16:41:10.871 debug: Resolve ../api/GameApi from file:///D:/Game-Engine%20Projects/Blazing7Test/assets/menu-bundle/script/view/BundleBigWin.ts as file:///D:/Game-Engine%20Projects/Blazing7Test/assets/menu-bundle/script/api/GameApi.ts.
16:41:10.871 debug: Resolve cce:/internal/code-quality/cr.mjs from file:///D:/Game-Engine%20Projects/Blazing7Test/assets/menu-bundle/script/view/BundleBigWinItem.ts as cce:/internal/code-quality/cr.mjs.
16:41:10.871 debug: Resolve cc from file:///D:/Game-Engine%20Projects/Blazing7Test/assets/menu-bundle/script/view/BundleBigWinItem.ts as cce:/internal/x/cc.
16:41:10.871 debug: Resolve cc from file:///D:/Game-Engine%20Projects/Blazing7Test/assets/menu-bundle/script/view/BundleBigWinItem.ts as cce:/internal/x/cc.
16:41:10.871 debug: Resolve cc from file:///D:/Game-Engine%20Projects/Blazing7Test/assets/menu-bundle/script/view/BundleBigWinItem.ts as cce:/internal/x/cc.
16:41:10.871 debug: Resolve ../interfaces/IMenuDependencies from file:///D:/Game-Engine%20Projects/Blazing7Test/assets/menu-bundle/script/view/BundleBigWinItem.ts as file:///D:/Game-Engine%20Projects/Blazing7Test/assets/menu-bundle/script/interfaces/IMenuDependencies.ts.
16:41:10.871 debug: Resolve ../manager/MessageFlag from file:///D:/Game-Engine%20Projects/Blazing7Test/assets/menu-bundle/script/view/BundleBigWinItem.ts as file:///D:/Game-Engine%20Projects/Blazing7Test/assets/menu-bundle/script/manager/MessageFlag.ts.
16:41:10.871 debug: Resolve ../utils/BundleGameUtils from file:///D:/Game-Engine%20Projects/Blazing7Test/assets/menu-bundle/script/view/BundleBigWinItem.ts as file:///D:/Game-Engine%20Projects/Blazing7Test/assets/menu-bundle/script/utils/BundleGameUtils.ts.
16:41:10.871 debug: Resolve cce:/internal/code-quality/cr.mjs from file:///D:/Game-Engine%20Projects/Blazing7Test/assets/menu-bundle/script/view/BundleCardDetail.ts as cce:/internal/code-quality/cr.mjs.
16:41:10.871 debug: Resolve cc from file:///D:/Game-Engine%20Projects/Blazing7Test/assets/menu-bundle/script/view/BundleCardDetail.ts as cce:/internal/x/cc.
16:41:10.871 debug: Resolve cc from file:///D:/Game-Engine%20Projects/Blazing7Test/assets/menu-bundle/script/view/BundleCardDetail.ts as cce:/internal/x/cc.
16:41:10.871 debug: Resolve cc from file:///D:/Game-Engine%20Projects/Blazing7Test/assets/menu-bundle/script/view/BundleCardDetail.ts as cce:/internal/x/cc.
16:41:10.871 debug: Resolve ../base/BundleBasePanel from file:///D:/Game-Engine%20Projects/Blazing7Test/assets/menu-bundle/script/view/BundleCardDetail.ts as file:///D:/Game-Engine%20Projects/Blazing7Test/assets/menu-bundle/script/base/BundleBasePanel.ts.
16:41:10.871 debug: Resolve ../types/AniType from file:///D:/Game-Engine%20Projects/Blazing7Test/assets/menu-bundle/script/view/BundleCardDetail.ts as file:///D:/Game-Engine%20Projects/Blazing7Test/assets/menu-bundle/script/types/AniType.ts.
16:41:10.871 debug: Resolve ../api/GameApi from file:///D:/Game-Engine%20Projects/Blazing7Test/assets/menu-bundle/script/view/BundleCardDetail.ts as file:///D:/Game-Engine%20Projects/Blazing7Test/assets/menu-bundle/script/api/GameApi.ts.
16:41:10.871 debug: Resolve ../interfaces/IMenuDependencies from file:///D:/Game-Engine%20Projects/Blazing7Test/assets/menu-bundle/script/view/BundleCardDetail.ts as file:///D:/Game-Engine%20Projects/Blazing7Test/assets/menu-bundle/script/interfaces/IMenuDependencies.ts.
16:41:10.871 debug: Resolve ../utils/BundleGameUtils from file:///D:/Game-Engine%20Projects/Blazing7Test/assets/menu-bundle/script/view/BundleCardDetail.ts as file:///D:/Game-Engine%20Projects/Blazing7Test/assets/menu-bundle/script/utils/BundleGameUtils.ts.
16:41:10.871 debug: Resolve ../manager/MessageFlag from file:///D:/Game-Engine%20Projects/Blazing7Test/assets/menu-bundle/script/view/BundleCardDetail.ts as file:///D:/Game-Engine%20Projects/Blazing7Test/assets/menu-bundle/script/manager/MessageFlag.ts.
16:41:10.871 debug: Resolve ../../BANANACRAZE/script/BundleCardTrajectory from file:///D:/Game-Engine%20Projects/Blazing7Test/assets/menu-bundle/script/view/BundleCardDetail.ts as file:///D:/Game-Engine%20Projects/Blazing7Test/assets/menu-bundle/BANANACRAZE/script/BundleCardTrajectory.ts.
16:41:10.871 debug: Resolve ../../BLAZING_7S_SCRATCH/script/CardReview7s from file:///D:/Game-Engine%20Projects/Blazing7Test/assets/menu-bundle/script/view/BundleCardDetail.ts as file:///D:/Game-Engine%20Projects/Blazing7Test/assets/menu-bundle/BLAZING_7S_SCRATCH/script/CardReview7s.ts.
16:41:10.871 debug: Resolve ../../GINTO_MATCH/script/CardReviewGinto from file:///D:/Game-Engine%20Projects/Blazing7Test/assets/menu-bundle/script/view/BundleCardDetail.ts as file:///D:/Game-Engine%20Projects/Blazing7Test/assets/menu-bundle/GINTO_MATCH/script/CardReviewGinto.ts.
16:41:10.871 debug: Resolve ../../PIKA2/script/BundlePikaCardTrajectoryComponent from file:///D:/Game-Engine%20Projects/Blazing7Test/assets/menu-bundle/script/view/BundleCardDetail.ts as file:///D:/Game-Engine%20Projects/Blazing7Test/assets/menu-bundle/PIKA2/script/BundlePikaCardTrajectoryComponent.ts.
16:41:10.871 debug: Resolve ../../LUCKY_COLORS2/script/LuckyColor_CardReview from file:///D:/Game-Engine%20Projects/Blazing7Test/assets/menu-bundle/script/view/BundleCardDetail.ts as file:///D:/Game-Engine%20Projects/Blazing7Test/assets/menu-bundle/LUCKY_COLORS2/script/LuckyColor_CardReview.ts.
16:41:10.871 debug: Resolve ../../DEEP_SEA/script/DeepSeaCardDetails from file:///D:/Game-Engine%20Projects/Blazing7Test/assets/menu-bundle/script/view/BundleCardDetail.ts as file:///D:/Game-Engine%20Projects/Blazing7Test/assets/menu-bundle/DEEP_SEA/script/DeepSeaCardDetails.ts.
16:41:10.871 debug: Resolve ../utils/logger from file:///D:/Game-Engine%20Projects/Blazing7Test/assets/menu-bundle/script/view/BundleCardDetail.ts as file:///D:/Game-Engine%20Projects/Blazing7Test/assets/menu-bundle/script/utils/logger.ts.
16:41:10.871 debug: Resolve cce:/internal/code-quality/cr.mjs from file:///D:/Game-Engine%20Projects/Blazing7Test/assets/menu-bundle/script/view/BundleCardInfoItem.ts as cce:/internal/code-quality/cr.mjs.
16:41:10.871 debug: Resolve cc from file:///D:/Game-Engine%20Projects/Blazing7Test/assets/menu-bundle/script/view/BundleCardInfoItem.ts as cce:/internal/x/cc.
16:41:10.871 debug: Resolve cc from file:///D:/Game-Engine%20Projects/Blazing7Test/assets/menu-bundle/script/view/BundleCardInfoItem.ts as cce:/internal/x/cc.
16:41:10.871 debug: Resolve cc from file:///D:/Game-Engine%20Projects/Blazing7Test/assets/menu-bundle/script/view/BundleCardInfoItem.ts as cce:/internal/x/cc.
16:41:10.871 debug: Resolve ../utils/BundleGameUtils from file:///D:/Game-Engine%20Projects/Blazing7Test/assets/menu-bundle/script/view/BundleCardInfoItem.ts as file:///D:/Game-Engine%20Projects/Blazing7Test/assets/menu-bundle/script/utils/BundleGameUtils.ts.
16:41:10.871 debug: Resolve cce:/internal/code-quality/cr.mjs from file:///D:/Game-Engine%20Projects/Blazing7Test/assets/menu-bundle/script/view/BundleCardSale.ts as cce:/internal/code-quality/cr.mjs.
16:41:10.871 debug: Resolve cc from file:///D:/Game-Engine%20Projects/Blazing7Test/assets/menu-bundle/script/view/BundleCardSale.ts as cce:/internal/x/cc.
16:41:10.871 debug: Resolve cc from file:///D:/Game-Engine%20Projects/Blazing7Test/assets/menu-bundle/script/view/BundleCardSale.ts as cce:/internal/x/cc.
16:41:10.871 debug: Resolve cc from file:///D:/Game-Engine%20Projects/Blazing7Test/assets/menu-bundle/script/view/BundleCardSale.ts as cce:/internal/x/cc.
16:41:10.871 debug: Resolve ../base/BundleBasePanel from file:///D:/Game-Engine%20Projects/Blazing7Test/assets/menu-bundle/script/view/BundleCardSale.ts as file:///D:/Game-Engine%20Projects/Blazing7Test/assets/menu-bundle/script/base/BundleBasePanel.ts.
16:41:10.871 debug: Resolve ../types/AniType from file:///D:/Game-Engine%20Projects/Blazing7Test/assets/menu-bundle/script/view/BundleCardSale.ts as file:///D:/Game-Engine%20Projects/Blazing7Test/assets/menu-bundle/script/types/AniType.ts.
16:41:10.872 debug: Resolve ../interfaces/IMenuDependencies from file:///D:/Game-Engine%20Projects/Blazing7Test/assets/menu-bundle/script/view/BundleCardSale.ts as file:///D:/Game-Engine%20Projects/Blazing7Test/assets/menu-bundle/script/interfaces/IMenuDependencies.ts.
16:41:10.872 debug: Resolve ../api/GameApi from file:///D:/Game-Engine%20Projects/Blazing7Test/assets/menu-bundle/script/view/BundleCardSale.ts as file:///D:/Game-Engine%20Projects/Blazing7Test/assets/menu-bundle/script/api/GameApi.ts.
16:41:10.872 debug: Resolve cce:/internal/code-quality/cr.mjs from file:///D:/Game-Engine%20Projects/Blazing7Test/assets/menu-bundle/script/view/BundleCardSaleItem.ts as cce:/internal/code-quality/cr.mjs.
16:41:10.872 debug: Resolve cc from file:///D:/Game-Engine%20Projects/Blazing7Test/assets/menu-bundle/script/view/BundleCardSaleItem.ts as cce:/internal/x/cc.
16:41:10.872 debug: Resolve cc from file:///D:/Game-Engine%20Projects/Blazing7Test/assets/menu-bundle/script/view/BundleCardSaleItem.ts as cce:/internal/x/cc.
16:41:10.872 debug: Resolve cc from file:///D:/Game-Engine%20Projects/Blazing7Test/assets/menu-bundle/script/view/BundleCardSaleItem.ts as cce:/internal/x/cc.
16:41:10.872 debug: Resolve ../manager/MessageFlag from file:///D:/Game-Engine%20Projects/Blazing7Test/assets/menu-bundle/script/view/BundleCardSaleItem.ts as file:///D:/Game-Engine%20Projects/Blazing7Test/assets/menu-bundle/script/manager/MessageFlag.ts.
16:41:10.872 debug: Resolve ../utils/BundleGameUtils from file:///D:/Game-Engine%20Projects/Blazing7Test/assets/menu-bundle/script/view/BundleCardSaleItem.ts as file:///D:/Game-Engine%20Projects/Blazing7Test/assets/menu-bundle/script/utils/BundleGameUtils.ts.
16:41:10.872 debug: Resolve ../interfaces/IMenuDependencies from file:///D:/Game-Engine%20Projects/Blazing7Test/assets/menu-bundle/script/view/BundleCardSaleItem.ts as file:///D:/Game-Engine%20Projects/Blazing7Test/assets/menu-bundle/script/interfaces/IMenuDependencies.ts.
16:41:10.872 debug: Resolve ../utils/logger from file:///D:/Game-Engine%20Projects/Blazing7Test/assets/menu-bundle/script/view/BundleCardSaleItem.ts as file:///D:/Game-Engine%20Projects/Blazing7Test/assets/menu-bundle/script/utils/logger.ts.
16:41:10.872 debug: Resolve cce:/internal/code-quality/cr.mjs from file:///D:/Game-Engine%20Projects/Blazing7Test/assets/menu-bundle/script/view/BundleFiltter.ts as cce:/internal/code-quality/cr.mjs.
16:41:10.872 debug: Resolve cc from file:///D:/Game-Engine%20Projects/Blazing7Test/assets/menu-bundle/script/view/BundleFiltter.ts as cce:/internal/x/cc.
16:41:10.872 debug: Resolve cc from file:///D:/Game-Engine%20Projects/Blazing7Test/assets/menu-bundle/script/view/BundleFiltter.ts as cce:/internal/x/cc.
16:41:10.872 debug: Resolve cc from file:///D:/Game-Engine%20Projects/Blazing7Test/assets/menu-bundle/script/view/BundleFiltter.ts as cce:/internal/x/cc.
16:41:10.872 debug: Resolve ../manager/MessageFlag from file:///D:/Game-Engine%20Projects/Blazing7Test/assets/menu-bundle/script/view/BundleFiltter.ts as file:///D:/Game-Engine%20Projects/Blazing7Test/assets/menu-bundle/script/manager/MessageFlag.ts.
16:41:10.872 debug: Resolve ../interfaces/IMenuDependencies from file:///D:/Game-Engine%20Projects/Blazing7Test/assets/menu-bundle/script/view/BundleFiltter.ts as file:///D:/Game-Engine%20Projects/Blazing7Test/assets/menu-bundle/script/interfaces/IMenuDependencies.ts.
16:41:10.873 debug: Resolve cce:/internal/code-quality/cr.mjs from file:///D:/Game-Engine%20Projects/Blazing7Test/assets/menu-bundle/script/view/BundleGameItem.ts as cce:/internal/code-quality/cr.mjs.
16:41:10.873 debug: Resolve cc from file:///D:/Game-Engine%20Projects/Blazing7Test/assets/menu-bundle/script/view/BundleGameItem.ts as cce:/internal/x/cc.
16:41:10.873 debug: Resolve cc from file:///D:/Game-Engine%20Projects/Blazing7Test/assets/menu-bundle/script/view/BundleGameItem.ts as cce:/internal/x/cc.
16:41:10.873 debug: Resolve cc from file:///D:/Game-Engine%20Projects/Blazing7Test/assets/menu-bundle/script/view/BundleGameItem.ts as cce:/internal/x/cc.
16:41:10.873 debug: Resolve ../interfaces/IMenuDependencies from file:///D:/Game-Engine%20Projects/Blazing7Test/assets/menu-bundle/script/view/BundleGameItem.ts as file:///D:/Game-Engine%20Projects/Blazing7Test/assets/menu-bundle/script/interfaces/IMenuDependencies.ts.
16:41:10.873 debug: Resolve ../utils/BundleGameUtils from file:///D:/Game-Engine%20Projects/Blazing7Test/assets/menu-bundle/script/view/BundleGameItem.ts as file:///D:/Game-Engine%20Projects/Blazing7Test/assets/menu-bundle/script/utils/BundleGameUtils.ts.
16:41:10.873 debug: Resolve ../utils/logger from file:///D:/Game-Engine%20Projects/Blazing7Test/assets/menu-bundle/script/view/BundleGameItem.ts as file:///D:/Game-Engine%20Projects/Blazing7Test/assets/menu-bundle/script/utils/logger.ts.
16:41:10.873 debug: Resolve cce:/internal/code-quality/cr.mjs from file:///D:/Game-Engine%20Projects/Blazing7Test/assets/menu-bundle/script/view/BundleGameRecords.ts as cce:/internal/code-quality/cr.mjs.
16:41:10.873 debug: Resolve cc from file:///D:/Game-Engine%20Projects/Blazing7Test/assets/menu-bundle/script/view/BundleGameRecords.ts as cce:/internal/x/cc.
16:41:10.874 debug: Resolve cc from file:///D:/Game-Engine%20Projects/Blazing7Test/assets/menu-bundle/script/view/BundleGameRecords.ts as cce:/internal/x/cc.
16:41:10.874 debug: Resolve cc from file:///D:/Game-Engine%20Projects/Blazing7Test/assets/menu-bundle/script/view/BundleGameRecords.ts as cce:/internal/x/cc.
16:41:10.874 debug: Resolve ../base/BundleBasePanel from file:///D:/Game-Engine%20Projects/Blazing7Test/assets/menu-bundle/script/view/BundleGameRecords.ts as file:///D:/Game-Engine%20Projects/Blazing7Test/assets/menu-bundle/script/base/BundleBasePanel.ts.
16:41:10.874 debug: Resolve ../types/AniType from file:///D:/Game-Engine%20Projects/Blazing7Test/assets/menu-bundle/script/view/BundleGameRecords.ts as file:///D:/Game-Engine%20Projects/Blazing7Test/assets/menu-bundle/script/types/AniType.ts.
16:41:10.874 debug: Resolve ../interfaces/IMenuDependencies from file:///D:/Game-Engine%20Projects/Blazing7Test/assets/menu-bundle/script/view/BundleGameRecords.ts as file:///D:/Game-Engine%20Projects/Blazing7Test/assets/menu-bundle/script/interfaces/IMenuDependencies.ts.
16:41:10.874 debug: Resolve ../manager/MessageFlag from file:///D:/Game-Engine%20Projects/Blazing7Test/assets/menu-bundle/script/view/BundleGameRecords.ts as file:///D:/Game-Engine%20Projects/Blazing7Test/assets/menu-bundle/script/manager/MessageFlag.ts.
16:41:10.874 debug: Resolve ../api/GameApi from file:///D:/Game-Engine%20Projects/Blazing7Test/assets/menu-bundle/script/view/BundleGameRecords.ts as file:///D:/Game-Engine%20Projects/Blazing7Test/assets/menu-bundle/script/api/GameApi.ts.
16:41:10.874 debug: Resolve ../utils/BundleGameUtils from file:///D:/Game-Engine%20Projects/Blazing7Test/assets/menu-bundle/script/view/BundleGameRecords.ts as file:///D:/Game-Engine%20Projects/Blazing7Test/assets/menu-bundle/script/utils/BundleGameUtils.ts.
16:41:10.874 debug: Resolve cce:/internal/code-quality/cr.mjs from file:///D:/Game-Engine%20Projects/Blazing7Test/assets/menu-bundle/script/view/BundleGameRules.ts as cce:/internal/code-quality/cr.mjs.
16:41:10.874 debug: Resolve cc from file:///D:/Game-Engine%20Projects/Blazing7Test/assets/menu-bundle/script/view/BundleGameRules.ts as cce:/internal/x/cc.
16:41:10.874 debug: Resolve cc from file:///D:/Game-Engine%20Projects/Blazing7Test/assets/menu-bundle/script/view/BundleGameRules.ts as cce:/internal/x/cc.
16:41:10.874 debug: Resolve cc from file:///D:/Game-Engine%20Projects/Blazing7Test/assets/menu-bundle/script/view/BundleGameRules.ts as cce:/internal/x/cc.
16:41:10.874 debug: Resolve ../base/BundleBasePanel from file:///D:/Game-Engine%20Projects/Blazing7Test/assets/menu-bundle/script/view/BundleGameRules.ts as file:///D:/Game-Engine%20Projects/Blazing7Test/assets/menu-bundle/script/base/BundleBasePanel.ts.
16:41:10.874 debug: Resolve ../types/AniType from file:///D:/Game-Engine%20Projects/Blazing7Test/assets/menu-bundle/script/view/BundleGameRules.ts as file:///D:/Game-Engine%20Projects/Blazing7Test/assets/menu-bundle/script/types/AniType.ts.
16:41:10.874 debug: Resolve ../interfaces/IMenuDependencies from file:///D:/Game-Engine%20Projects/Blazing7Test/assets/menu-bundle/script/view/BundleGameRules.ts as file:///D:/Game-Engine%20Projects/Blazing7Test/assets/menu-bundle/script/interfaces/IMenuDependencies.ts.
16:41:10.874 debug: Resolve cce:/internal/code-quality/cr.mjs from file:///D:/Game-Engine%20Projects/Blazing7Test/assets/menu-bundle/script/view/BundleGrandPirzeItem.ts as cce:/internal/code-quality/cr.mjs.
16:41:10.874 debug: Resolve cc from file:///D:/Game-Engine%20Projects/Blazing7Test/assets/menu-bundle/script/view/BundleGrandPirzeItem.ts as cce:/internal/x/cc.
16:41:10.874 debug: Resolve cc from file:///D:/Game-Engine%20Projects/Blazing7Test/assets/menu-bundle/script/view/BundleGrandPirzeItem.ts as cce:/internal/x/cc.
16:41:10.874 debug: Resolve cc from file:///D:/Game-Engine%20Projects/Blazing7Test/assets/menu-bundle/script/view/BundleGrandPirzeItem.ts as cce:/internal/x/cc.
16:41:10.874 debug: Resolve ../interfaces/IMenuDependencies from file:///D:/Game-Engine%20Projects/Blazing7Test/assets/menu-bundle/script/view/BundleGrandPirzeItem.ts as file:///D:/Game-Engine%20Projects/Blazing7Test/assets/menu-bundle/script/interfaces/IMenuDependencies.ts.
16:41:10.874 debug: Resolve ../manager/MessageFlag from file:///D:/Game-Engine%20Projects/Blazing7Test/assets/menu-bundle/script/view/BundleGrandPirzeItem.ts as file:///D:/Game-Engine%20Projects/Blazing7Test/assets/menu-bundle/script/manager/MessageFlag.ts.
16:41:10.874 debug: Resolve ../utils/BundleGameUtils from file:///D:/Game-Engine%20Projects/Blazing7Test/assets/menu-bundle/script/view/BundleGrandPirzeItem.ts as file:///D:/Game-Engine%20Projects/Blazing7Test/assets/menu-bundle/script/utils/BundleGameUtils.ts.
16:41:10.874 debug: Resolve cce:/internal/code-quality/cr.mjs from file:///D:/Game-Engine%20Projects/Blazing7Test/assets/menu-bundle/script/view/BundleGrandPrize.ts as cce:/internal/code-quality/cr.mjs.
16:41:10.874 debug: Resolve cc from file:///D:/Game-Engine%20Projects/Blazing7Test/assets/menu-bundle/script/view/BundleGrandPrize.ts as cce:/internal/x/cc.
16:41:10.874 debug: Resolve cc from file:///D:/Game-Engine%20Projects/Blazing7Test/assets/menu-bundle/script/view/BundleGrandPrize.ts as cce:/internal/x/cc.
16:41:10.874 debug: Resolve cc from file:///D:/Game-Engine%20Projects/Blazing7Test/assets/menu-bundle/script/view/BundleGrandPrize.ts as cce:/internal/x/cc.
16:41:10.874 debug: Resolve ../base/BundleBasePanel from file:///D:/Game-Engine%20Projects/Blazing7Test/assets/menu-bundle/script/view/BundleGrandPrize.ts as file:///D:/Game-Engine%20Projects/Blazing7Test/assets/menu-bundle/script/base/BundleBasePanel.ts.
16:41:10.874 debug: Resolve ../types/AniType from file:///D:/Game-Engine%20Projects/Blazing7Test/assets/menu-bundle/script/view/BundleGrandPrize.ts as file:///D:/Game-Engine%20Projects/Blazing7Test/assets/menu-bundle/script/types/AniType.ts.
16:41:10.874 debug: Resolve ../interfaces/IMenuDependencies from file:///D:/Game-Engine%20Projects/Blazing7Test/assets/menu-bundle/script/view/BundleGrandPrize.ts as file:///D:/Game-Engine%20Projects/Blazing7Test/assets/menu-bundle/script/interfaces/IMenuDependencies.ts.
16:41:10.874 debug: Resolve ../api/GameApi from file:///D:/Game-Engine%20Projects/Blazing7Test/assets/menu-bundle/script/view/BundleGrandPrize.ts as file:///D:/Game-Engine%20Projects/Blazing7Test/assets/menu-bundle/script/api/GameApi.ts.
16:41:10.874 debug: Resolve cce:/internal/code-quality/cr.mjs from file:///D:/Game-Engine%20Projects/Blazing7Test/assets/menu-bundle/script/view/BundleHonorBoard.ts as cce:/internal/code-quality/cr.mjs.
16:41:10.874 debug: Resolve cc from file:///D:/Game-Engine%20Projects/Blazing7Test/assets/menu-bundle/script/view/BundleHonorBoard.ts as cce:/internal/x/cc.
16:41:10.874 debug: Resolve cc from file:///D:/Game-Engine%20Projects/Blazing7Test/assets/menu-bundle/script/view/BundleHonorBoard.ts as cce:/internal/x/cc.
16:41:10.874 debug: Resolve cc from file:///D:/Game-Engine%20Projects/Blazing7Test/assets/menu-bundle/script/view/BundleHonorBoard.ts as cce:/internal/x/cc.
16:41:10.874 debug: Resolve ../base/BundleBasePanel from file:///D:/Game-Engine%20Projects/Blazing7Test/assets/menu-bundle/script/view/BundleHonorBoard.ts as file:///D:/Game-Engine%20Projects/Blazing7Test/assets/menu-bundle/script/base/BundleBasePanel.ts.
16:41:10.874 debug: Resolve ../types/AniType from file:///D:/Game-Engine%20Projects/Blazing7Test/assets/menu-bundle/script/view/BundleHonorBoard.ts as file:///D:/Game-Engine%20Projects/Blazing7Test/assets/menu-bundle/script/types/AniType.ts.
16:41:10.874 debug: Resolve ../interfaces/IMenuDependencies from file:///D:/Game-Engine%20Projects/Blazing7Test/assets/menu-bundle/script/view/BundleHonorBoard.ts as file:///D:/Game-Engine%20Projects/Blazing7Test/assets/menu-bundle/script/interfaces/IMenuDependencies.ts.
16:41:10.874 debug: Resolve ../eui/BundleUIKeys from file:///D:/Game-Engine%20Projects/Blazing7Test/assets/menu-bundle/script/view/BundleHonorBoard.ts as file:///D:/Game-Engine%20Projects/Blazing7Test/assets/menu-bundle/script/eui/BundleUIKeys.ts.
16:41:10.874 debug: Resolve cce:/internal/code-quality/cr.mjs from file:///D:/Game-Engine%20Projects/Blazing7Test/assets/menu-bundle/script/view/BundleMenu.ts as cce:/internal/code-quality/cr.mjs.
16:41:10.874 debug: Resolve cc from file:///D:/Game-Engine%20Projects/Blazing7Test/assets/menu-bundle/script/view/BundleMenu.ts as cce:/internal/x/cc.
16:41:10.874 debug: Resolve cc from file:///D:/Game-Engine%20Projects/Blazing7Test/assets/menu-bundle/script/view/BundleMenu.ts as cce:/internal/x/cc.
16:41:10.874 debug: Resolve cc from file:///D:/Game-Engine%20Projects/Blazing7Test/assets/menu-bundle/script/view/BundleMenu.ts as cce:/internal/x/cc.
16:41:10.874 debug: Resolve ../base/BundleBasePanel from file:///D:/Game-Engine%20Projects/Blazing7Test/assets/menu-bundle/script/view/BundleMenu.ts as file:///D:/Game-Engine%20Projects/Blazing7Test/assets/menu-bundle/script/base/BundleBasePanel.ts.
16:41:10.874 debug: Resolve ../types/AniType from file:///D:/Game-Engine%20Projects/Blazing7Test/assets/menu-bundle/script/view/BundleMenu.ts as file:///D:/Game-Engine%20Projects/Blazing7Test/assets/menu-bundle/script/types/AniType.ts.
16:41:10.874 debug: Resolve ../interfaces/IMenuDependencies from file:///D:/Game-Engine%20Projects/Blazing7Test/assets/menu-bundle/script/view/BundleMenu.ts as file:///D:/Game-Engine%20Projects/Blazing7Test/assets/menu-bundle/script/interfaces/IMenuDependencies.ts.
16:41:10.874 debug: Resolve ../manager/MessageFlag from file:///D:/Game-Engine%20Projects/Blazing7Test/assets/menu-bundle/script/view/BundleMenu.ts as file:///D:/Game-Engine%20Projects/Blazing7Test/assets/menu-bundle/script/manager/MessageFlag.ts.
16:41:10.874 debug: Resolve ../eui/BundleUIKeys from file:///D:/Game-Engine%20Projects/Blazing7Test/assets/menu-bundle/script/view/BundleMenu.ts as file:///D:/Game-Engine%20Projects/Blazing7Test/assets/menu-bundle/script/eui/BundleUIKeys.ts.
16:41:10.874 debug: Resolve cce:/internal/code-quality/cr.mjs from file:///D:/Game-Engine%20Projects/Blazing7Test/assets/menu-bundle/script/view/BundleOtherGames.ts as cce:/internal/code-quality/cr.mjs.
16:41:10.874 debug: Resolve cc from file:///D:/Game-Engine%20Projects/Blazing7Test/assets/menu-bundle/script/view/BundleOtherGames.ts as cce:/internal/x/cc.
16:41:10.874 debug: Resolve cc from file:///D:/Game-Engine%20Projects/Blazing7Test/assets/menu-bundle/script/view/BundleOtherGames.ts as cce:/internal/x/cc.
16:41:10.874 debug: Resolve cc from file:///D:/Game-Engine%20Projects/Blazing7Test/assets/menu-bundle/script/view/BundleOtherGames.ts as cce:/internal/x/cc.
16:41:10.874 debug: Resolve ../base/BundleBasePanel from file:///D:/Game-Engine%20Projects/Blazing7Test/assets/menu-bundle/script/view/BundleOtherGames.ts as file:///D:/Game-Engine%20Projects/Blazing7Test/assets/menu-bundle/script/base/BundleBasePanel.ts.
16:41:10.874 debug: Resolve ../types/AniType from file:///D:/Game-Engine%20Projects/Blazing7Test/assets/menu-bundle/script/view/BundleOtherGames.ts as file:///D:/Game-Engine%20Projects/Blazing7Test/assets/menu-bundle/script/types/AniType.ts.
16:41:10.874 debug: Resolve ../interfaces/IMenuDependencies from file:///D:/Game-Engine%20Projects/Blazing7Test/assets/menu-bundle/script/view/BundleOtherGames.ts as file:///D:/Game-Engine%20Projects/Blazing7Test/assets/menu-bundle/script/interfaces/IMenuDependencies.ts.
16:41:10.874 debug: Resolve ../manager/MessageFlag from file:///D:/Game-Engine%20Projects/Blazing7Test/assets/menu-bundle/script/view/BundleOtherGames.ts as file:///D:/Game-Engine%20Projects/Blazing7Test/assets/menu-bundle/script/manager/MessageFlag.ts.
16:41:10.874 debug: Resolve cce:/internal/code-quality/cr.mjs from file:///D:/Game-Engine%20Projects/Blazing7Test/assets/menu-bundle/script/view/BundleRecordItem.ts as cce:/internal/code-quality/cr.mjs.
16:41:10.874 debug: Resolve cc from file:///D:/Game-Engine%20Projects/Blazing7Test/assets/menu-bundle/script/view/BundleRecordItem.ts as cce:/internal/x/cc.
16:41:10.874 debug: Resolve cc from file:///D:/Game-Engine%20Projects/Blazing7Test/assets/menu-bundle/script/view/BundleRecordItem.ts as cce:/internal/x/cc.
16:41:10.874 debug: Resolve cc from file:///D:/Game-Engine%20Projects/Blazing7Test/assets/menu-bundle/script/view/BundleRecordItem.ts as cce:/internal/x/cc.
16:41:10.874 debug: Resolve ../interfaces/IMenuDependencies from file:///D:/Game-Engine%20Projects/Blazing7Test/assets/menu-bundle/script/view/BundleRecordItem.ts as file:///D:/Game-Engine%20Projects/Blazing7Test/assets/menu-bundle/script/interfaces/IMenuDependencies.ts.
16:41:10.874 debug: Resolve ../manager/MessageFlag from file:///D:/Game-Engine%20Projects/Blazing7Test/assets/menu-bundle/script/view/BundleRecordItem.ts as file:///D:/Game-Engine%20Projects/Blazing7Test/assets/menu-bundle/script/manager/MessageFlag.ts.
16:41:10.874 debug: Resolve ../utils/BundleGameUtils from file:///D:/Game-Engine%20Projects/Blazing7Test/assets/menu-bundle/script/view/BundleRecordItem.ts as file:///D:/Game-Engine%20Projects/Blazing7Test/assets/menu-bundle/script/utils/BundleGameUtils.ts.
16:41:10.874 debug: Resolve cce:/internal/code-quality/cr.mjs from file:///D:/Game-Engine%20Projects/Blazing7Test/assets/menu-bundle/script/view/BundleTopItem.ts as cce:/internal/code-quality/cr.mjs.
16:41:10.874 debug: Resolve cc from file:///D:/Game-Engine%20Projects/Blazing7Test/assets/menu-bundle/script/view/BundleTopItem.ts as cce:/internal/x/cc.
16:41:10.874 debug: Resolve cc from file:///D:/Game-Engine%20Projects/Blazing7Test/assets/menu-bundle/script/view/BundleTopItem.ts as cce:/internal/x/cc.
16:41:10.874 debug: Resolve cc from file:///D:/Game-Engine%20Projects/Blazing7Test/assets/menu-bundle/script/view/BundleTopItem.ts as cce:/internal/x/cc.
16:41:10.874 debug: Resolve ../utils/BundleGameUtils from file:///D:/Game-Engine%20Projects/Blazing7Test/assets/menu-bundle/script/view/BundleTopItem.ts as file:///D:/Game-Engine%20Projects/Blazing7Test/assets/menu-bundle/script/utils/BundleGameUtils.ts.
16:41:10.874 debug: Resolve ../interfaces/IMenuDependencies from file:///D:/Game-Engine%20Projects/Blazing7Test/assets/menu-bundle/script/view/BundleTopItem.ts as file:///D:/Game-Engine%20Projects/Blazing7Test/assets/menu-bundle/script/interfaces/IMenuDependencies.ts.
16:41:10.874 debug: Resolve ../manager/MessageFlag from file:///D:/Game-Engine%20Projects/Blazing7Test/assets/menu-bundle/script/view/BundleTopItem.ts as file:///D:/Game-Engine%20Projects/Blazing7Test/assets/menu-bundle/script/manager/MessageFlag.ts.
16:41:10.874 debug: Resolve cce:/internal/code-quality/cr.mjs from file:///D:/Game-Engine%20Projects/Blazing7Test/assets/menu-bundle/script/view/BundleTopItemCardSale.ts as cce:/internal/code-quality/cr.mjs.
16:41:10.874 debug: Resolve cc from file:///D:/Game-Engine%20Projects/Blazing7Test/assets/menu-bundle/script/view/BundleTopItemCardSale.ts as cce:/internal/x/cc.
16:41:10.874 debug: Resolve cc from file:///D:/Game-Engine%20Projects/Blazing7Test/assets/menu-bundle/script/view/BundleTopItemCardSale.ts as cce:/internal/x/cc.
16:41:10.874 debug: Resolve cc from file:///D:/Game-Engine%20Projects/Blazing7Test/assets/menu-bundle/script/view/BundleTopItemCardSale.ts as cce:/internal/x/cc.
16:41:10.874 debug: Resolve ../utils/BundleGameUtils from file:///D:/Game-Engine%20Projects/Blazing7Test/assets/menu-bundle/script/view/BundleTopItemCardSale.ts as file:///D:/Game-Engine%20Projects/Blazing7Test/assets/menu-bundle/script/utils/BundleGameUtils.ts.
16:41:10.874 debug: Resolve ../interfaces/IMenuDependencies from file:///D:/Game-Engine%20Projects/Blazing7Test/assets/menu-bundle/script/view/BundleTopItemCardSale.ts as file:///D:/Game-Engine%20Projects/Blazing7Test/assets/menu-bundle/script/interfaces/IMenuDependencies.ts.
16:41:10.874 debug: Resolve ../manager/MessageFlag from file:///D:/Game-Engine%20Projects/Blazing7Test/assets/menu-bundle/script/view/BundleTopItemCardSale.ts as file:///D:/Game-Engine%20Projects/Blazing7Test/assets/menu-bundle/script/manager/MessageFlag.ts.
16:41:10.874 debug: Resolve ../utils/logger from file:///D:/Game-Engine%20Projects/Blazing7Test/assets/menu-bundle/script/view/BundleTopItemCardSale.ts as file:///D:/Game-Engine%20Projects/Blazing7Test/assets/menu-bundle/script/utils/logger.ts.
16:41:10.874 debug: Resolve cce:/internal/code-quality/cr.mjs from file:///D:/Game-Engine%20Projects/Blazing7Test/assets/menu-bundle/script/view/PopupCardDetail.ts as cce:/internal/code-quality/cr.mjs.
16:41:10.874 debug: Resolve cc from file:///D:/Game-Engine%20Projects/Blazing7Test/assets/menu-bundle/script/view/PopupCardDetail.ts as cce:/internal/x/cc.
16:41:10.874 debug: Resolve cc from file:///D:/Game-Engine%20Projects/Blazing7Test/assets/menu-bundle/script/view/PopupCardDetail.ts as cce:/internal/x/cc.
16:41:10.874 debug: Resolve cc from file:///D:/Game-Engine%20Projects/Blazing7Test/assets/menu-bundle/script/view/PopupCardDetail.ts as cce:/internal/x/cc.
16:41:10.874 debug: Resolve ../base/BundleBasePanel from file:///D:/Game-Engine%20Projects/Blazing7Test/assets/menu-bundle/script/view/PopupCardDetail.ts as file:///D:/Game-Engine%20Projects/Blazing7Test/assets/menu-bundle/script/base/BundleBasePanel.ts.
16:41:10.874 debug: Resolve ../types/AniType from file:///D:/Game-Engine%20Projects/Blazing7Test/assets/menu-bundle/script/view/PopupCardDetail.ts as file:///D:/Game-Engine%20Projects/Blazing7Test/assets/menu-bundle/script/types/AniType.ts.
16:41:10.874 debug: Resolve ../api/GameApi from file:///D:/Game-Engine%20Projects/Blazing7Test/assets/menu-bundle/script/view/PopupCardDetail.ts as file:///D:/Game-Engine%20Projects/Blazing7Test/assets/menu-bundle/script/api/GameApi.ts.
16:41:10.874 debug: Resolve ../interfaces/IMenuDependencies from file:///D:/Game-Engine%20Projects/Blazing7Test/assets/menu-bundle/script/view/PopupCardDetail.ts as file:///D:/Game-Engine%20Projects/Blazing7Test/assets/menu-bundle/script/interfaces/IMenuDependencies.ts.
16:41:10.874 debug: Resolve ../utils/BundleGameUtils from file:///D:/Game-Engine%20Projects/Blazing7Test/assets/menu-bundle/script/view/PopupCardDetail.ts as file:///D:/Game-Engine%20Projects/Blazing7Test/assets/menu-bundle/script/utils/BundleGameUtils.ts.
16:41:10.874 debug: Resolve ../manager/MessageFlag from file:///D:/Game-Engine%20Projects/Blazing7Test/assets/menu-bundle/script/view/PopupCardDetail.ts as file:///D:/Game-Engine%20Projects/Blazing7Test/assets/menu-bundle/script/manager/MessageFlag.ts.
16:41:10.874 debug: Resolve ../../BLAZING_7S_SCRATCH/script/FragmentView from file:///D:/Game-Engine%20Projects/Blazing7Test/assets/menu-bundle/script/view/PopupCardDetail.ts as file:///D:/Game-Engine%20Projects/Blazing7Test/assets/menu-bundle/BLAZING_7S_SCRATCH/script/FragmentView.ts.
16:41:10.874 debug: Resolve ../../GINTO_MATCH/script/CardFragmentView from file:///D:/Game-Engine%20Projects/Blazing7Test/assets/menu-bundle/script/view/PopupCardDetail.ts as file:///D:/Game-Engine%20Projects/Blazing7Test/assets/menu-bundle/GINTO_MATCH/script/CardFragmentView.ts.
16:41:10.874 debug: Resolve ../utils/logger from file:///D:/Game-Engine%20Projects/Blazing7Test/assets/menu-bundle/script/view/PopupCardDetail.ts as file:///D:/Game-Engine%20Projects/Blazing7Test/assets/menu-bundle/script/utils/logger.ts.
16:41:10.874 debug: Target(preview) ends with cost 231.70759999999973ms.
16:41:11.428 debug: Pulling asset-db.
16:41:11.905 debug: Fetch asset-db cost: 477.65219999999954ms.
16:41:11.909 debug: Build iteration starts.
Number of accumulated asset changes: 189
Feature changed: false
16:41:11.910 debug: Target(editor) build started.
16:41:11.911 debug: Detected change: cce:/internal/x/prerequisite-imports. Last mtime: Thu Jan 01 1970 08:00:04 GMT+0800 (Philippine Standard Time), Current mtime: Thu Jan 01 1970 08:00:06 GMT+0800 (Philippine Standard Time)
16:41:11.911 debug: Inspect cce:/internal/x/prerequisite-imports
16:41:11.943 debug: transform url: 'cce:/internal/x/prerequisite-imports' costs: 32.00 ms
16:41:11.945 debug: Resolve file:///C:/ProgramData/cocos/editors/Creator/3.8.5/resources/resources/3d/engine/editor/assets/default_renderpipeline/builtin-dof-pass.ts from cce:/internal/x/prerequisite-imports as file:///C:/ProgramData/cocos/editors/Creator/3.8.5/resources/resources/3d/engine/editor/assets/default_renderpipeline/builtin-dof-pass.ts.
16:41:11.945 debug: Resolve file:///C:/ProgramData/cocos/editors/Creator/3.8.5/resources/resources/3d/engine/editor/assets/default_renderpipeline/builtin-pipeline-pass.ts from cce:/internal/x/prerequisite-imports as file:///C:/ProgramData/cocos/editors/Creator/3.8.5/resources/resources/3d/engine/editor/assets/default_renderpipeline/builtin-pipeline-pass.ts.
16:41:11.946 debug: Resolve file:///C:/ProgramData/cocos/editors/Creator/3.8.5/resources/resources/3d/engine/editor/assets/default_renderpipeline/builtin-pipeline-settings.ts from cce:/internal/x/prerequisite-imports as file:///C:/ProgramData/cocos/editors/Creator/3.8.5/resources/resources/3d/engine/editor/assets/default_renderpipeline/builtin-pipeline-settings.ts.
16:41:11.946 debug: Resolve file:///C:/ProgramData/cocos/editors/Creator/3.8.5/resources/resources/3d/engine/editor/assets/default_renderpipeline/builtin-pipeline-types.ts from cce:/internal/x/prerequisite-imports as file:///C:/ProgramData/cocos/editors/Creator/3.8.5/resources/resources/3d/engine/editor/assets/default_renderpipeline/builtin-pipeline-types.ts.
16:41:11.946 debug: Resolve file:///C:/ProgramData/cocos/editors/Creator/3.8.5/resources/resources/3d/engine/editor/assets/default_renderpipeline/builtin-pipeline.ts from cce:/internal/x/prerequisite-imports as file:///C:/ProgramData/cocos/editors/Creator/3.8.5/resources/resources/3d/engine/editor/assets/default_renderpipeline/builtin-pipeline.ts.
16:41:11.946 debug: Resolve file:///C:/ProgramData/cocos/editors/Creator/3.8.5/resources/resources/3d/engine/editor/assets/tools/debug-view-runtime-control.ts from cce:/internal/x/prerequisite-imports as file:///C:/ProgramData/cocos/editors/Creator/3.8.5/resources/resources/3d/engine/editor/assets/tools/debug-view-runtime-control.ts.
16:41:11.947 debug: Resolve file:///D:/Game-Engine%20Projects/Blazing7Test/assets/Scripts/Api/ApiCore.ts from cce:/internal/x/prerequisite-imports as file:///D:/Game-Engine%20Projects/Blazing7Test/assets/Scripts/Api/ApiCore.ts.
16:41:11.947 debug: Resolve file:///D:/Game-Engine%20Projects/Blazing7Test/assets/Scripts/Api/ApiError.ts from cce:/internal/x/prerequisite-imports as file:///D:/Game-Engine%20Projects/Blazing7Test/assets/Scripts/Api/ApiError.ts.
16:41:11.947 debug: Resolve file:///D:/Game-Engine%20Projects/Blazing7Test/assets/Scripts/Api/ApiManager.ts from cce:/internal/x/prerequisite-imports as file:///D:/Game-Engine%20Projects/Blazing7Test/assets/Scripts/Api/ApiManager.ts.
16:41:11.947 debug: Resolve file:///D:/Game-Engine%20Projects/Blazing7Test/assets/Scripts/Api/GameApi.ts from cce:/internal/x/prerequisite-imports as file:///D:/Game-Engine%20Projects/Blazing7Test/assets/Scripts/Api/GameApi.ts.
16:41:11.947 debug: Resolve file:///D:/Game-Engine%20Projects/Blazing7Test/assets/Scripts/Card/NumberCardView.ts from cce:/internal/x/prerequisite-imports as file:///D:/Game-Engine%20Projects/Blazing7Test/assets/Scripts/Card/NumberCardView.ts.
16:41:11.948 debug: Resolve file:///D:/Game-Engine%20Projects/Blazing7Test/assets/Scripts/Card/ScratchCard.ts from cce:/internal/x/prerequisite-imports as file:///D:/Game-Engine%20Projects/Blazing7Test/assets/Scripts/Card/ScratchCard.ts.
16:41:11.948 debug: Resolve file:///D:/Game-Engine%20Projects/Blazing7Test/assets/Scripts/Card/ScratchCardView.ts from cce:/internal/x/prerequisite-imports as file:///D:/Game-Engine%20Projects/Blazing7Test/assets/Scripts/Card/ScratchCardView.ts.
16:41:11.948 debug: Resolve file:///D:/Game-Engine%20Projects/Blazing7Test/assets/Scripts/Data/GameData.ts from cce:/internal/x/prerequisite-imports as file:///D:/Game-Engine%20Projects/Blazing7Test/assets/Scripts/Data/GameData.ts.
16:41:11.948 debug: Resolve file:///D:/Game-Engine%20Projects/Blazing7Test/assets/Scripts/Data/GameUserInfo.ts from cce:/internal/x/prerequisite-imports as file:///D:/Game-Engine%20Projects/Blazing7Test/assets/Scripts/Data/GameUserInfo.ts.
16:41:11.949 debug: Resolve file:///D:/Game-Engine%20Projects/Blazing7Test/assets/Scripts/Data/TicketData.ts from cce:/internal/x/prerequisite-imports as file:///D:/Game-Engine%20Projects/Blazing7Test/assets/Scripts/Data/TicketData.ts.
16:41:11.949 debug: Resolve file:///D:/Game-Engine%20Projects/Blazing7Test/assets/Scripts/Data/TicketItem.ts from cce:/internal/x/prerequisite-imports as file:///D:/Game-Engine%20Projects/Blazing7Test/assets/Scripts/Data/TicketItem.ts.
16:41:11.949 debug: Resolve file:///D:/Game-Engine%20Projects/Blazing7Test/assets/Scripts/EventListener/BaseEventListener.ts from cce:/internal/x/prerequisite-imports as file:///D:/Game-Engine%20Projects/Blazing7Test/assets/Scripts/EventListener/BaseEventListener.ts.
16:41:11.949 debug: Resolve file:///D:/Game-Engine%20Projects/Blazing7Test/assets/Scripts/Game/DragonsEyeIntro.ts from cce:/internal/x/prerequisite-imports as file:///D:/Game-Engine%20Projects/Blazing7Test/assets/Scripts/Game/DragonsEyeIntro.ts.
16:41:11.949 debug: Resolve file:///D:/Game-Engine%20Projects/Blazing7Test/assets/Scripts/Game/Game.ts from cce:/internal/x/prerequisite-imports as file:///D:/Game-Engine%20Projects/Blazing7Test/assets/Scripts/Game/Game.ts.
16:41:11.949 debug: Resolve file:///D:/Game-Engine%20Projects/Blazing7Test/assets/Scripts/Game/GameOptions.ts from cce:/internal/x/prerequisite-imports as file:///D:/Game-Engine%20Projects/Blazing7Test/assets/Scripts/Game/GameOptions.ts.
16:41:11.949 debug: Resolve file:///D:/Game-Engine%20Projects/Blazing7Test/assets/Scripts/Game/PricePopUpOptions.ts from cce:/internal/x/prerequisite-imports as file:///D:/Game-Engine%20Projects/Blazing7Test/assets/Scripts/Game/PricePopUpOptions.ts.
16:41:11.950 debug: Resolve file:///D:/Game-Engine%20Projects/Blazing7Test/assets/Scripts/Managers/AudioManager.ts from cce:/internal/x/prerequisite-imports as file:///D:/Game-Engine%20Projects/Blazing7Test/assets/Scripts/Managers/AudioManager.ts.
16:41:11.950 debug: Resolve file:///D:/Game-Engine%20Projects/Blazing7Test/assets/Scripts/Managers/GameManager.ts from cce:/internal/x/prerequisite-imports as file:///D:/Game-Engine%20Projects/Blazing7Test/assets/Scripts/Managers/GameManager.ts.
16:41:11.950 debug: Resolve file:///D:/Game-Engine%20Projects/Blazing7Test/assets/Scripts/Managers/PopUpManager.ts from cce:/internal/x/prerequisite-imports as file:///D:/Game-Engine%20Projects/Blazing7Test/assets/Scripts/Managers/PopUpManager.ts.
16:41:11.951 debug: Resolve file:///D:/Game-Engine%20Projects/Blazing7Test/assets/Scripts/Managers/ResourceManager.ts from cce:/internal/x/prerequisite-imports as file:///D:/Game-Engine%20Projects/Blazing7Test/assets/Scripts/Managers/ResourceManager.ts.
16:41:11.951 debug: Resolve file:///D:/Game-Engine%20Projects/Blazing7Test/assets/Scripts/Managers/SceneManager.ts from cce:/internal/x/prerequisite-imports as file:///D:/Game-Engine%20Projects/Blazing7Test/assets/Scripts/Managers/SceneManager.ts.
16:41:11.951 debug: Resolve file:///D:/Game-Engine%20Projects/Blazing7Test/assets/Scripts/Managers/Services.ts from cce:/internal/x/prerequisite-imports as file:///D:/Game-Engine%20Projects/Blazing7Test/assets/Scripts/Managers/Services.ts.
16:41:11.951 debug: Resolve file:///D:/Game-Engine%20Projects/Blazing7Test/assets/Scripts/Managers/WebsocketManager.ts from cce:/internal/x/prerequisite-imports as file:///D:/Game-Engine%20Projects/Blazing7Test/assets/Scripts/Managers/WebsocketManager.ts.
16:41:11.951 debug: Resolve file:///D:/Game-Engine%20Projects/Blazing7Test/assets/Scripts/Managers/WinBroadcastManager.ts from cce:/internal/x/prerequisite-imports as file:///D:/Game-Engine%20Projects/Blazing7Test/assets/Scripts/Managers/WinBroadcastManager.ts.
16:41:11.951 debug: Resolve file:///D:/Game-Engine%20Projects/Blazing7Test/assets/Scripts/Managers/WsConfig.ts from cce:/internal/x/prerequisite-imports as file:///D:/Game-Engine%20Projects/Blazing7Test/assets/Scripts/Managers/WsConfig.ts.
16:41:11.952 debug: Resolve file:///D:/Game-Engine%20Projects/Blazing7Test/assets/Scripts/Scratch/FragmentView.ts from cce:/internal/x/prerequisite-imports as file:///D:/Game-Engine%20Projects/Blazing7Test/assets/Scripts/Scratch/FragmentView.ts.
16:41:11.952 debug: Resolve file:///D:/Game-Engine%20Projects/Blazing7Test/assets/Scripts/Scratch/ScratchMask.ts from cce:/internal/x/prerequisite-imports as file:///D:/Game-Engine%20Projects/Blazing7Test/assets/Scripts/Scratch/ScratchMask.ts.
16:41:11.952 debug: Resolve file:///D:/Game-Engine%20Projects/Blazing7Test/assets/Scripts/Scratch/ScratchRenderer.ts from cce:/internal/x/prerequisite-imports as file:///D:/Game-Engine%20Projects/Blazing7Test/assets/Scripts/Scratch/ScratchRenderer.ts.
16:41:11.952 debug: Resolve file:///D:/Game-Engine%20Projects/Blazing7Test/assets/Scripts/Scratch/ScratchSystem.ts from cce:/internal/x/prerequisite-imports as file:///D:/Game-Engine%20Projects/Blazing7Test/assets/Scripts/Scratch/ScratchSystem.ts.
16:41:11.952 debug: Resolve file:///D:/Game-Engine%20Projects/Blazing7Test/assets/Scripts/Scratch/ScratchTrajectory.ts from cce:/internal/x/prerequisite-imports as file:///D:/Game-Engine%20Projects/Blazing7Test/assets/Scripts/Scratch/ScratchTrajectory.ts.
16:41:11.952 debug: Resolve file:///D:/Game-Engine%20Projects/Blazing7Test/assets/Scripts/Scratch/ScratchTypes.ts from cce:/internal/x/prerequisite-imports as file:///D:/Game-Engine%20Projects/Blazing7Test/assets/Scripts/Scratch/ScratchTypes.ts.
16:41:11.952 debug: Resolve file:///D:/Game-Engine%20Projects/Blazing7Test/assets/Scripts/Types/announcement.types.ts from cce:/internal/x/prerequisite-imports as file:///D:/Game-Engine%20Projects/Blazing7Test/assets/Scripts/Types/announcement.types.ts.
16:41:11.953 debug: Resolve file:///D:/Game-Engine%20Projects/Blazing7Test/assets/Scripts/Types/api.types.ts from cce:/internal/x/prerequisite-imports as file:///D:/Game-Engine%20Projects/Blazing7Test/assets/Scripts/Types/api.types.ts.
16:41:11.953 debug: Resolve file:///D:/Game-Engine%20Projects/Blazing7Test/assets/Scripts/Types/card.types.ts from cce:/internal/x/prerequisite-imports as file:///D:/Game-Engine%20Projects/Blazing7Test/assets/Scripts/Types/card.types.ts.
16:41:11.953 debug: Resolve file:///D:/Game-Engine%20Projects/Blazing7Test/assets/Scripts/Types/game.types.ts from cce:/internal/x/prerequisite-imports as file:///D:/Game-Engine%20Projects/Blazing7Test/assets/Scripts/Types/game.types.ts.
16:41:11.957 debug: Resolve file:///D:/Game-Engine%20Projects/Blazing7Test/assets/Scripts/Types/index.ts from cce:/internal/x/prerequisite-imports as file:///D:/Game-Engine%20Projects/Blazing7Test/assets/Scripts/Types/index.ts.
16:41:11.958 debug: Resolve file:///D:/Game-Engine%20Projects/Blazing7Test/assets/Scripts/Types/ranking.types.ts from cce:/internal/x/prerequisite-imports as file:///D:/Game-Engine%20Projects/Blazing7Test/assets/Scripts/Types/ranking.types.ts.
16:41:11.958 debug: Resolve file:///D:/Game-Engine%20Projects/Blazing7Test/assets/Scripts/Types/ticket.types.ts from cce:/internal/x/prerequisite-imports as file:///D:/Game-Engine%20Projects/Blazing7Test/assets/Scripts/Types/ticket.types.ts.
16:41:11.958 debug: Resolve file:///D:/Game-Engine%20Projects/Blazing7Test/assets/Scripts/Types/ui.types.ts from cce:/internal/x/prerequisite-imports as file:///D:/Game-Engine%20Projects/Blazing7Test/assets/Scripts/Types/ui.types.ts.
16:41:11.959 debug: Resolve file:///D:/Game-Engine%20Projects/Blazing7Test/assets/Scripts/Types/user.types.ts from cce:/internal/x/prerequisite-imports as file:///D:/Game-Engine%20Projects/Blazing7Test/assets/Scripts/Types/user.types.ts.
16:41:11.959 debug: Resolve file:///D:/Game-Engine%20Projects/Blazing7Test/assets/Scripts/UI/InteractableUIs/SingleButton.ts from cce:/internal/x/prerequisite-imports as file:///D:/Game-Engine%20Projects/Blazing7Test/assets/Scripts/UI/InteractableUIs/SingleButton.ts.
16:41:11.959 debug: Resolve file:///D:/Game-Engine%20Projects/Blazing7Test/assets/Scripts/UI/LastWin.ts from cce:/internal/x/prerequisite-imports as file:///D:/Game-Engine%20Projects/Blazing7Test/assets/Scripts/UI/LastWin.ts.
16:41:11.963 debug: Resolve file:///D:/Game-Engine%20Projects/Blazing7Test/assets/Scripts/UI/PopUp/MaxWinToasterPopUp.ts from cce:/internal/x/prerequisite-imports as file:///D:/Game-Engine%20Projects/Blazing7Test/assets/Scripts/UI/PopUp/MaxWinToasterPopUp.ts.
16:41:11.963 debug: Resolve file:///D:/Game-Engine%20Projects/Blazing7Test/assets/Scripts/UI/PopUp/WinPopUp.ts from cce:/internal/x/prerequisite-imports as file:///D:/Game-Engine%20Projects/Blazing7Test/assets/Scripts/UI/PopUp/WinPopUp.ts.
16:41:11.964 debug: Resolve file:///D:/Game-Engine%20Projects/Blazing7Test/assets/Scripts/UI/PopUp/WinnerBroadcastPopUp.ts from cce:/internal/x/prerequisite-imports as file:///D:/Game-Engine%20Projects/Blazing7Test/assets/Scripts/UI/PopUp/WinnerBroadcastPopUp.ts.
16:41:11.964 debug: Resolve file:///D:/Game-Engine%20Projects/Blazing7Test/assets/Scripts/UI/Scenes/Game/ScrollingBackground.ts from cce:/internal/x/prerequisite-imports as file:///D:/Game-Engine%20Projects/Blazing7Test/assets/Scripts/UI/Scenes/Game/ScrollingBackground.ts.
16:41:11.964 debug: Resolve file:///D:/Game-Engine%20Projects/Blazing7Test/assets/Scripts/UI/Scenes/Loading/LoadingBar.ts from cce:/internal/x/prerequisite-imports as file:///D:/Game-Engine%20Projects/Blazing7Test/assets/Scripts/UI/Scenes/Loading/LoadingBar.ts.
16:41:11.965 debug: Resolve file:///D:/Game-Engine%20Projects/Blazing7Test/assets/Scripts/UI/Scenes/Loading/LoadingScene.ts from cce:/internal/x/prerequisite-imports as file:///D:/Game-Engine%20Projects/Blazing7Test/assets/Scripts/UI/Scenes/Loading/LoadingScene.ts.
16:41:11.965 debug: Resolve file:///D:/Game-Engine%20Projects/Blazing7Test/assets/Scripts/UI/Scenes/NewPlayerGuide.ts from cce:/internal/x/prerequisite-imports as file:///D:/Game-Engine%20Projects/Blazing7Test/assets/Scripts/UI/Scenes/NewPlayerGuide.ts.
16:41:11.965 debug: Resolve file:///D:/Game-Engine%20Projects/Blazing7Test/assets/Scripts/UI/UIRoot.ts from cce:/internal/x/prerequisite-imports as file:///D:/Game-Engine%20Projects/Blazing7Test/assets/Scripts/UI/UIRoot.ts.
16:41:11.965 debug: Resolve file:///D:/Game-Engine%20Projects/Blazing7Test/assets/Scripts/UI/VisualFx/DragonBreathing.ts from cce:/internal/x/prerequisite-imports as file:///D:/Game-Engine%20Projects/Blazing7Test/assets/Scripts/UI/VisualFx/DragonBreathing.ts.
16:41:11.966 debug: Resolve file:///D:/Game-Engine%20Projects/Blazing7Test/assets/Scripts/UI/VisualFx/HelpView.ts from cce:/internal/x/prerequisite-imports as file:///D:/Game-Engine%20Projects/Blazing7Test/assets/Scripts/UI/VisualFx/HelpView.ts.
16:41:11.966 debug: Resolve file:///D:/Game-Engine%20Projects/Blazing7Test/assets/Scripts/UI/VisualFx/NodeMovement.ts from cce:/internal/x/prerequisite-imports as file:///D:/Game-Engine%20Projects/Blazing7Test/assets/Scripts/UI/VisualFx/NodeMovement.ts.
16:41:11.966 debug: Resolve file:///D:/Game-Engine%20Projects/Blazing7Test/assets/Scripts/utils/NumberFormatter.ts from cce:/internal/x/prerequisite-imports as file:///D:/Game-Engine%20Projects/Blazing7Test/assets/Scripts/utils/NumberFormatter.ts.
16:41:11.966 debug: Resolve file:///D:/Game-Engine%20Projects/Blazing7Test/assets/Scripts/utils/logger.ts from cce:/internal/x/prerequisite-imports as file:///D:/Game-Engine%20Projects/Blazing7Test/assets/Scripts/utils/logger.ts.
16:41:11.967 debug: Resolve file:///D:/Game-Engine%20Projects/Blazing7Test/assets/menu-bundle/BANANACRAZE/script/BundleBonusItem.ts from cce:/internal/x/prerequisite-imports as file:///D:/Game-Engine%20Projects/Blazing7Test/assets/menu-bundle/BANANACRAZE/script/BundleBonusItem.ts.
16:41:11.967 debug: Resolve file:///D:/Game-Engine%20Projects/Blazing7Test/assets/menu-bundle/BANANACRAZE/script/BundleBonusTrajectory.ts from cce:/internal/x/prerequisite-imports as file:///D:/Game-Engine%20Projects/Blazing7Test/assets/menu-bundle/BANANACRAZE/script/BundleBonusTrajectory.ts.
16:41:11.967 debug: Resolve file:///D:/Game-Engine%20Projects/Blazing7Test/assets/menu-bundle/BANANACRAZE/script/BundleCardTrajectory.ts from cce:/internal/x/prerequisite-imports as file:///D:/Game-Engine%20Projects/Blazing7Test/assets/menu-bundle/BANANACRAZE/script/BundleCardTrajectory.ts.
16:41:11.967 debug: Resolve file:///D:/Game-Engine%20Projects/Blazing7Test/assets/menu-bundle/BANANACRAZE/script/BundleLeafItem.ts from cce:/internal/x/prerequisite-imports as file:///D:/Game-Engine%20Projects/Blazing7Test/assets/menu-bundle/BANANACRAZE/script/BundleLeafItem.ts.
16:41:11.968 debug: Resolve file:///D:/Game-Engine%20Projects/Blazing7Test/assets/menu-bundle/BANANACRAZE/script/BundleLeafManagerTrajectory.ts from cce:/internal/x/prerequisite-imports as file:///D:/Game-Engine%20Projects/Blazing7Test/assets/menu-bundle/BANANACRAZE/script/BundleLeafManagerTrajectory.ts.
16:41:11.968 debug: Resolve file:///D:/Game-Engine%20Projects/Blazing7Test/assets/menu-bundle/BANANACRAZE/script/BundleTrajectory.ts from cce:/internal/x/prerequisite-imports as file:///D:/Game-Engine%20Projects/Blazing7Test/assets/menu-bundle/BANANACRAZE/script/BundleTrajectory.ts.
16:41:11.968 debug: Resolve file:///D:/Game-Engine%20Projects/Blazing7Test/assets/menu-bundle/BANANACRAZE/script/BundleYourNumberItem.ts from cce:/internal/x/prerequisite-imports as file:///D:/Game-Engine%20Projects/Blazing7Test/assets/menu-bundle/BANANACRAZE/script/BundleYourNumberItem.ts.
16:41:11.969 debug: Resolve file:///D:/Game-Engine%20Projects/Blazing7Test/assets/menu-bundle/BANANACRAZE/script/BundleYourNumbersTrajectory.ts from cce:/internal/x/prerequisite-imports as file:///D:/Game-Engine%20Projects/Blazing7Test/assets/menu-bundle/BANANACRAZE/script/BundleYourNumbersTrajectory.ts.
16:41:11.969 debug: Resolve file:///D:/Game-Engine%20Projects/Blazing7Test/assets/menu-bundle/BINGO2/script/BingoAudio.ts from cce:/internal/x/prerequisite-imports as file:///D:/Game-Engine%20Projects/Blazing7Test/assets/menu-bundle/BINGO2/script/BingoAudio.ts.
16:41:11.969 debug: Resolve file:///D:/Game-Engine%20Projects/Blazing7Test/assets/menu-bundle/BINGO2/script/BingoBalls.ts from cce:/internal/x/prerequisite-imports as file:///D:/Game-Engine%20Projects/Blazing7Test/assets/menu-bundle/BINGO2/script/BingoBalls.ts.
16:41:11.969 debug: Resolve file:///D:/Game-Engine%20Projects/Blazing7Test/assets/menu-bundle/BINGO2/script/BingoBallsScratch.ts from cce:/internal/x/prerequisite-imports as file:///D:/Game-Engine%20Projects/Blazing7Test/assets/menu-bundle/BINGO2/script/BingoBallsScratch.ts.
16:41:11.970 debug: Resolve file:///D:/Game-Engine%20Projects/Blazing7Test/assets/menu-bundle/BINGO2/script/BingoCard.ts from cce:/internal/x/prerequisite-imports as file:///D:/Game-Engine%20Projects/Blazing7Test/assets/menu-bundle/BINGO2/script/BingoCard.ts.
16:41:11.970 debug: Resolve file:///D:/Game-Engine%20Projects/Blazing7Test/assets/menu-bundle/BINGO2/script/BingoCardDetails.ts from cce:/internal/x/prerequisite-imports as file:///D:/Game-Engine%20Projects/Blazing7Test/assets/menu-bundle/BINGO2/script/BingoCardDetails.ts.
16:41:11.970 debug: Resolve file:///D:/Game-Engine%20Projects/Blazing7Test/assets/menu-bundle/BINGO2/script/BingoConfig.ts from cce:/internal/x/prerequisite-imports as file:///D:/Game-Engine%20Projects/Blazing7Test/assets/menu-bundle/BINGO2/script/BingoConfig.ts.
16:41:11.970 debug: Resolve file:///D:/Game-Engine%20Projects/Blazing7Test/assets/menu-bundle/BINGO2/script/BingoExtraball.ts from cce:/internal/x/prerequisite-imports as file:///D:/Game-Engine%20Projects/Blazing7Test/assets/menu-bundle/BINGO2/script/BingoExtraball.ts.
16:41:11.971 debug: Resolve file:///D:/Game-Engine%20Projects/Blazing7Test/assets/menu-bundle/BINGO2/script/BingoNumber.ts from cce:/internal/x/prerequisite-imports as file:///D:/Game-Engine%20Projects/Blazing7Test/assets/menu-bundle/BINGO2/script/BingoNumber.ts.
16:41:11.971 debug: Resolve file:///D:/Game-Engine%20Projects/Blazing7Test/assets/menu-bundle/BINGO2/script/BingoRuleItem.ts from cce:/internal/x/prerequisite-imports as file:///D:/Game-Engine%20Projects/Blazing7Test/assets/menu-bundle/BINGO2/script/BingoRuleItem.ts.
16:41:11.971 debug: Resolve file:///D:/Game-Engine%20Projects/Blazing7Test/assets/menu-bundle/BINGO2/script/BingoRuleSlider.ts from cce:/internal/x/prerequisite-imports as file:///D:/Game-Engine%20Projects/Blazing7Test/assets/menu-bundle/BINGO2/script/BingoRuleSlider.ts.
16:41:11.971 debug: Resolve file:///D:/Game-Engine%20Projects/Blazing7Test/assets/menu-bundle/BINGO2/script/BingoWinAlert.ts from cce:/internal/x/prerequisite-imports as file:///D:/Game-Engine%20Projects/Blazing7Test/assets/menu-bundle/BINGO2/script/BingoWinAlert.ts.
16:41:11.972 debug: Resolve file:///D:/Game-Engine%20Projects/Blazing7Test/assets/menu-bundle/BINGO2/script/BingoWinLine.ts from cce:/internal/x/prerequisite-imports as file:///D:/Game-Engine%20Projects/Blazing7Test/assets/menu-bundle/BINGO2/script/BingoWinLine.ts.
16:41:11.972 debug: Resolve file:///D:/Game-Engine%20Projects/Blazing7Test/assets/menu-bundle/BINGO2/script/BingoWinRule.ts from cce:/internal/x/prerequisite-imports as file:///D:/Game-Engine%20Projects/Blazing7Test/assets/menu-bundle/BINGO2/script/BingoWinRule.ts.
16:41:11.973 debug: Resolve file:///D:/Game-Engine%20Projects/Blazing7Test/assets/menu-bundle/BLAZING_7S_SCRATCH/script/BundleTrajectory7s.ts from cce:/internal/x/prerequisite-imports as file:///D:/Game-Engine%20Projects/Blazing7Test/assets/menu-bundle/BLAZING_7S_SCRATCH/script/BundleTrajectory7s.ts.
16:41:11.973 debug: Resolve file:///D:/Game-Engine%20Projects/Blazing7Test/assets/menu-bundle/BLAZING_7S_SCRATCH/script/CardFragmentView.ts from cce:/internal/x/prerequisite-imports as file:///D:/Game-Engine%20Projects/Blazing7Test/assets/menu-bundle/BLAZING_7S_SCRATCH/script/CardFragmentView.ts.
16:41:11.973 debug: Resolve file:///D:/Game-Engine%20Projects/Blazing7Test/assets/menu-bundle/BLAZING_7S_SCRATCH/script/CardReview7s.ts from cce:/internal/x/prerequisite-imports as file:///D:/Game-Engine%20Projects/Blazing7Test/assets/menu-bundle/BLAZING_7S_SCRATCH/script/CardReview7s.ts.
16:41:11.974 debug: Resolve file:///D:/Game-Engine%20Projects/Blazing7Test/assets/menu-bundle/BLAZING_7S_SCRATCH/script/CardReviewMask.ts from cce:/internal/x/prerequisite-imports as file:///D:/Game-Engine%20Projects/Blazing7Test/assets/menu-bundle/BLAZING_7S_SCRATCH/script/CardReviewMask.ts.
16:41:11.974 debug: Resolve file:///D:/Game-Engine%20Projects/Blazing7Test/assets/menu-bundle/BLAZING_7S_SCRATCH/script/CardReviewRenderer.ts from cce:/internal/x/prerequisite-imports as file:///D:/Game-Engine%20Projects/Blazing7Test/assets/menu-bundle/BLAZING_7S_SCRATCH/script/CardReviewRenderer.ts.
16:41:11.974 debug: Resolve file:///D:/Game-Engine%20Projects/Blazing7Test/assets/menu-bundle/BLAZING_7S_SCRATCH/script/CardReviewSystemBlazing.ts from cce:/internal/x/prerequisite-imports as file:///D:/Game-Engine%20Projects/Blazing7Test/assets/menu-bundle/BLAZING_7S_SCRATCH/script/CardReviewSystemBlazing.ts.
16:41:11.974 debug: Resolve file:///D:/Game-Engine%20Projects/Blazing7Test/assets/menu-bundle/BLAZING_7S_SCRATCH/script/CardTypes.ts from cce:/internal/x/prerequisite-imports as file:///D:/Game-Engine%20Projects/Blazing7Test/assets/menu-bundle/BLAZING_7S_SCRATCH/script/CardTypes.ts.
16:41:11.975 debug: Resolve file:///D:/Game-Engine%20Projects/Blazing7Test/assets/menu-bundle/BLAZING_7S_SCRATCH/script/FragmentView.ts from cce:/internal/x/prerequisite-imports as file:///D:/Game-Engine%20Projects/Blazing7Test/assets/menu-bundle/BLAZING_7S_SCRATCH/script/FragmentView.ts.
16:41:11.975 debug: Resolve file:///D:/Game-Engine%20Projects/Blazing7Test/assets/menu-bundle/BLAZING_7S_SCRATCH/script/ScratchAutoPlayer.ts from cce:/internal/x/prerequisite-imports as file:///D:/Game-Engine%20Projects/Blazing7Test/assets/menu-bundle/BLAZING_7S_SCRATCH/script/ScratchAutoPlayer.ts.
16:41:11.975 debug: Resolve file:///D:/Game-Engine%20Projects/Blazing7Test/assets/menu-bundle/BLAZING_7S_SCRATCH/script/ScratchMask.ts from cce:/internal/x/prerequisite-imports as file:///D:/Game-Engine%20Projects/Blazing7Test/assets/menu-bundle/BLAZING_7S_SCRATCH/script/ScratchMask.ts.
16:41:11.976 debug: Resolve file:///D:/Game-Engine%20Projects/Blazing7Test/assets/menu-bundle/BLAZING_7S_SCRATCH/script/ScratchNumber.ts from cce:/internal/x/prerequisite-imports as file:///D:/Game-Engine%20Projects/Blazing7Test/assets/menu-bundle/BLAZING_7S_SCRATCH/script/ScratchNumber.ts.
16:41:11.976 debug: Resolve file:///D:/Game-Engine%20Projects/Blazing7Test/assets/menu-bundle/BLAZING_7S_SCRATCH/script/ScratchRenderer.ts from cce:/internal/x/prerequisite-imports as file:///D:/Game-Engine%20Projects/Blazing7Test/assets/menu-bundle/BLAZING_7S_SCRATCH/script/ScratchRenderer.ts.
16:41:11.976 debug: Resolve file:///D:/Game-Engine%20Projects/Blazing7Test/assets/menu-bundle/BLAZING_7S_SCRATCH/script/ScratchSound.ts from cce:/internal/x/prerequisite-imports as file:///D:/Game-Engine%20Projects/Blazing7Test/assets/menu-bundle/BLAZING_7S_SCRATCH/script/ScratchSound.ts.
16:41:11.977 debug: Resolve file:///D:/Game-Engine%20Projects/Blazing7Test/assets/menu-bundle/BLAZING_7S_SCRATCH/script/ScratchSystem.ts from cce:/internal/x/prerequisite-imports as file:///D:/Game-Engine%20Projects/Blazing7Test/assets/menu-bundle/BLAZING_7S_SCRATCH/script/ScratchSystem.ts.
16:41:11.977 debug: Resolve file:///D:/Game-Engine%20Projects/Blazing7Test/assets/menu-bundle/BLAZING_7S_SCRATCH/script/ScratchTrajectory.ts from cce:/internal/x/prerequisite-imports as file:///D:/Game-Engine%20Projects/Blazing7Test/assets/menu-bundle/BLAZING_7S_SCRATCH/script/ScratchTrajectory.ts.
16:41:11.977 debug: Resolve file:///D:/Game-Engine%20Projects/Blazing7Test/assets/menu-bundle/BLAZING_7S_SCRATCH/script/ScratchTypes.ts from cce:/internal/x/prerequisite-imports as file:///D:/Game-Engine%20Projects/Blazing7Test/assets/menu-bundle/BLAZING_7S_SCRATCH/script/ScratchTypes.ts.
16:41:11.977 debug: Resolve file:///D:/Game-Engine%20Projects/Blazing7Test/assets/menu-bundle/BLAZING_7S_SCRATCH/script/Trajectory.ts from cce:/internal/x/prerequisite-imports as file:///D:/Game-Engine%20Projects/Blazing7Test/assets/menu-bundle/BLAZING_7S_SCRATCH/script/Trajectory.ts.
16:41:11.978 debug: Resolve file:///D:/Game-Engine%20Projects/Blazing7Test/assets/menu-bundle/DEEP_SEA/script/DeepBonusShells.ts from cce:/internal/x/prerequisite-imports as file:///D:/Game-Engine%20Projects/Blazing7Test/assets/menu-bundle/DEEP_SEA/script/DeepBonusShells.ts.
16:41:11.978 debug: Resolve file:///D:/Game-Engine%20Projects/Blazing7Test/assets/menu-bundle/DEEP_SEA/script/DeepSeaBG.ts from cce:/internal/x/prerequisite-imports as file:///D:/Game-Engine%20Projects/Blazing7Test/assets/menu-bundle/DEEP_SEA/script/DeepSeaBG.ts.
16:41:11.978 debug: Resolve file:///D:/Game-Engine%20Projects/Blazing7Test/assets/menu-bundle/DEEP_SEA/script/DeepSeaBaseUI.ts from cce:/internal/x/prerequisite-imports as file:///D:/Game-Engine%20Projects/Blazing7Test/assets/menu-bundle/DEEP_SEA/script/DeepSeaBaseUI.ts.
16:41:11.978 debug: Resolve file:///D:/Game-Engine%20Projects/Blazing7Test/assets/menu-bundle/DEEP_SEA/script/DeepSeaBonus.ts from cce:/internal/x/prerequisite-imports as file:///D:/Game-Engine%20Projects/Blazing7Test/assets/menu-bundle/DEEP_SEA/script/DeepSeaBonus.ts.
16:41:11.979 debug: Resolve file:///D:/Game-Engine%20Projects/Blazing7Test/assets/menu-bundle/DEEP_SEA/script/DeepSeaBonusGame.ts from cce:/internal/x/prerequisite-imports as file:///D:/Game-Engine%20Projects/Blazing7Test/assets/menu-bundle/DEEP_SEA/script/DeepSeaBonusGame.ts.
16:41:11.979 debug: Resolve file:///D:/Game-Engine%20Projects/Blazing7Test/assets/menu-bundle/DEEP_SEA/script/DeepSeaBonusInfo.ts from cce:/internal/x/prerequisite-imports as file:///D:/Game-Engine%20Projects/Blazing7Test/assets/menu-bundle/DEEP_SEA/script/DeepSeaBonusInfo.ts.
16:41:11.979 debug: Resolve file:///D:/Game-Engine%20Projects/Blazing7Test/assets/menu-bundle/DEEP_SEA/script/DeepSeaBonusJackpot.ts from cce:/internal/x/prerequisite-imports as file:///D:/Game-Engine%20Projects/Blazing7Test/assets/menu-bundle/DEEP_SEA/script/DeepSeaBonusJackpot.ts.
16:41:11.980 debug: Resolve file:///D:/Game-Engine%20Projects/Blazing7Test/assets/menu-bundle/DEEP_SEA/script/DeepSeaBonusShellItem.ts from cce:/internal/x/prerequisite-imports as file:///D:/Game-Engine%20Projects/Blazing7Test/assets/menu-bundle/DEEP_SEA/script/DeepSeaBonusShellItem.ts.
16:41:11.980 debug: Resolve file:///D:/Game-Engine%20Projects/Blazing7Test/assets/menu-bundle/DEEP_SEA/script/DeepSeaBonusStone.ts from cce:/internal/x/prerequisite-imports as file:///D:/Game-Engine%20Projects/Blazing7Test/assets/menu-bundle/DEEP_SEA/script/DeepSeaBonusStone.ts.
16:41:11.980 debug: Resolve file:///D:/Game-Engine%20Projects/Blazing7Test/assets/menu-bundle/DEEP_SEA/script/DeepSeaBonusWin.ts from cce:/internal/x/prerequisite-imports as file:///D:/Game-Engine%20Projects/Blazing7Test/assets/menu-bundle/DEEP_SEA/script/DeepSeaBonusWin.ts.
16:41:11.981 debug: Resolve file:///D:/Game-Engine%20Projects/Blazing7Test/assets/menu-bundle/DEEP_SEA/script/DeepSeaBonusWinItem.ts from cce:/internal/x/prerequisite-imports as file:///D:/Game-Engine%20Projects/Blazing7Test/assets/menu-bundle/DEEP_SEA/script/DeepSeaBonusWinItem.ts.
16:41:11.981 debug: Resolve file:///D:/Game-Engine%20Projects/Blazing7Test/assets/menu-bundle/DEEP_SEA/script/DeepSeaBubbleNumItem.ts from cce:/internal/x/prerequisite-imports as file:///D:/Game-Engine%20Projects/Blazing7Test/assets/menu-bundle/DEEP_SEA/script/DeepSeaBubbleNumItem.ts.
16:41:11.981 debug: Resolve file:///D:/Game-Engine%20Projects/Blazing7Test/assets/menu-bundle/DEEP_SEA/script/DeepSeaBubbleScene.ts from cce:/internal/x/prerequisite-imports as file:///D:/Game-Engine%20Projects/Blazing7Test/assets/menu-bundle/DEEP_SEA/script/DeepSeaBubbleScene.ts.
16:41:11.981 debug: Resolve file:///D:/Game-Engine%20Projects/Blazing7Test/assets/menu-bundle/DEEP_SEA/script/DeepSeaBubbles.ts from cce:/internal/x/prerequisite-imports as file:///D:/Game-Engine%20Projects/Blazing7Test/assets/menu-bundle/DEEP_SEA/script/DeepSeaBubbles.ts.
16:41:11.981 debug: Resolve file:///D:/Game-Engine%20Projects/Blazing7Test/assets/menu-bundle/DEEP_SEA/script/DeepSeaCard.ts from cce:/internal/x/prerequisite-imports as file:///D:/Game-Engine%20Projects/Blazing7Test/assets/menu-bundle/DEEP_SEA/script/DeepSeaCard.ts.
16:41:11.982 debug: Resolve file:///D:/Game-Engine%20Projects/Blazing7Test/assets/menu-bundle/DEEP_SEA/script/DeepSeaCardDetails.ts from cce:/internal/x/prerequisite-imports as file:///D:/Game-Engine%20Projects/Blazing7Test/assets/menu-bundle/DEEP_SEA/script/DeepSeaCardDetails.ts.
16:41:11.982 debug: Resolve file:///D:/Game-Engine%20Projects/Blazing7Test/assets/menu-bundle/DEEP_SEA/script/DeepSeaCloudFloat.ts from cce:/internal/x/prerequisite-imports as file:///D:/Game-Engine%20Projects/Blazing7Test/assets/menu-bundle/DEEP_SEA/script/DeepSeaCloudFloat.ts.
16:41:11.982 debug: Resolve file:///D:/Game-Engine%20Projects/Blazing7Test/assets/menu-bundle/DEEP_SEA/script/DeepSeaFish.ts from cce:/internal/x/prerequisite-imports as file:///D:/Game-Engine%20Projects/Blazing7Test/assets/menu-bundle/DEEP_SEA/script/DeepSeaFish.ts.
16:41:11.982 debug: Resolve file:///D:/Game-Engine%20Projects/Blazing7Test/assets/menu-bundle/DEEP_SEA/script/DeepSeaGameRecord.ts from cce:/internal/x/prerequisite-imports as file:///D:/Game-Engine%20Projects/Blazing7Test/assets/menu-bundle/DEEP_SEA/script/DeepSeaGameRecord.ts.
16:41:11.982 debug: Resolve file:///D:/Game-Engine%20Projects/Blazing7Test/assets/menu-bundle/DEEP_SEA/script/DeepSeaMainGame.ts from cce:/internal/x/prerequisite-imports as file:///D:/Game-Engine%20Projects/Blazing7Test/assets/menu-bundle/DEEP_SEA/script/DeepSeaMainGame.ts.
16:41:11.982 debug: Resolve file:///D:/Game-Engine%20Projects/Blazing7Test/assets/menu-bundle/DEEP_SEA/script/DeepSeaMyNumber.ts from cce:/internal/x/prerequisite-imports as file:///D:/Game-Engine%20Projects/Blazing7Test/assets/menu-bundle/DEEP_SEA/script/DeepSeaMyNumber.ts.
16:41:11.982 debug: Resolve file:///D:/Game-Engine%20Projects/Blazing7Test/assets/menu-bundle/DEEP_SEA/script/DeepSeaReview.ts from cce:/internal/x/prerequisite-imports as file:///D:/Game-Engine%20Projects/Blazing7Test/assets/menu-bundle/DEEP_SEA/script/DeepSeaReview.ts.
16:41:11.983 debug: Resolve file:///D:/Game-Engine%20Projects/Blazing7Test/assets/menu-bundle/DEEP_SEA/script/DeepSeaSceneTranstion.ts from cce:/internal/x/prerequisite-imports as file:///D:/Game-Engine%20Projects/Blazing7Test/assets/menu-bundle/DEEP_SEA/script/DeepSeaSceneTranstion.ts.
16:41:11.983 debug: Resolve file:///D:/Game-Engine%20Projects/Blazing7Test/assets/menu-bundle/DEEP_SEA/script/DeepSeaSuperBonus.ts from cce:/internal/x/prerequisite-imports as file:///D:/Game-Engine%20Projects/Blazing7Test/assets/menu-bundle/DEEP_SEA/script/DeepSeaSuperBonus.ts.
16:41:11.983 debug: Resolve file:///D:/Game-Engine%20Projects/Blazing7Test/assets/menu-bundle/DEEP_SEA/script/DeepSeaSuperBonusGame.ts from cce:/internal/x/prerequisite-imports as file:///D:/Game-Engine%20Projects/Blazing7Test/assets/menu-bundle/DEEP_SEA/script/DeepSeaSuperBonusGame.ts.
16:41:11.983 debug: Resolve file:///D:/Game-Engine%20Projects/Blazing7Test/assets/menu-bundle/DEEP_SEA/script/DeepSeaWater.ts from cce:/internal/x/prerequisite-imports as file:///D:/Game-Engine%20Projects/Blazing7Test/assets/menu-bundle/DEEP_SEA/script/DeepSeaWater.ts.
16:41:11.983 debug: Resolve file:///D:/Game-Engine%20Projects/Blazing7Test/assets/menu-bundle/DEEP_SEA/script/DeepSeaWinNum.ts from cce:/internal/x/prerequisite-imports as file:///D:/Game-Engine%20Projects/Blazing7Test/assets/menu-bundle/DEEP_SEA/script/DeepSeaWinNum.ts.
16:41:11.983 debug: Resolve file:///D:/Game-Engine%20Projects/Blazing7Test/assets/menu-bundle/DEEP_SEA/script/data/DeepSeaAudio.ts from cce:/internal/x/prerequisite-imports as file:///D:/Game-Engine%20Projects/Blazing7Test/assets/menu-bundle/DEEP_SEA/script/data/DeepSeaAudio.ts.
16:41:11.984 debug: Resolve file:///D:/Game-Engine%20Projects/Blazing7Test/assets/menu-bundle/DEEP_SEA/script/data/DeepSeaCardData.ts from cce:/internal/x/prerequisite-imports as file:///D:/Game-Engine%20Projects/Blazing7Test/assets/menu-bundle/DEEP_SEA/script/data/DeepSeaCardData.ts.
16:41:11.984 debug: Resolve file:///D:/Game-Engine%20Projects/Blazing7Test/assets/menu-bundle/DEEP_SEA/script/data/DeepSeaEvent.ts from cce:/internal/x/prerequisite-imports as file:///D:/Game-Engine%20Projects/Blazing7Test/assets/menu-bundle/DEEP_SEA/script/data/DeepSeaEvent.ts.
16:41:11.984 debug: Resolve file:///D:/Game-Engine%20Projects/Blazing7Test/assets/menu-bundle/DEEP_SEA/script/data/DeepSeaRes.ts from cce:/internal/x/prerequisite-imports as file:///D:/Game-Engine%20Projects/Blazing7Test/assets/menu-bundle/DEEP_SEA/script/data/DeepSeaRes.ts.
16:41:11.984 debug: Resolve file:///D:/Game-Engine%20Projects/Blazing7Test/assets/menu-bundle/GINTO_MATCH/script/BundleTrajectoryGinto.ts from cce:/internal/x/prerequisite-imports as file:///D:/Game-Engine%20Projects/Blazing7Test/assets/menu-bundle/GINTO_MATCH/script/BundleTrajectoryGinto.ts.
16:41:11.984 debug: Resolve file:///D:/Game-Engine%20Projects/Blazing7Test/assets/menu-bundle/GINTO_MATCH/script/CardFragmentView.ts from cce:/internal/x/prerequisite-imports as file:///D:/Game-Engine%20Projects/Blazing7Test/assets/menu-bundle/GINTO_MATCH/script/CardFragmentView.ts.
16:41:11.984 debug: Resolve file:///D:/Game-Engine%20Projects/Blazing7Test/assets/menu-bundle/GINTO_MATCH/script/CardReviewGinto.ts from cce:/internal/x/prerequisite-imports as file:///D:/Game-Engine%20Projects/Blazing7Test/assets/menu-bundle/GINTO_MATCH/script/CardReviewGinto.ts.
16:41:11.985 debug: Resolve file:///D:/Game-Engine%20Projects/Blazing7Test/assets/menu-bundle/GINTO_MATCH/script/CardReviewMask.ts from cce:/internal/x/prerequisite-imports as file:///D:/Game-Engine%20Projects/Blazing7Test/assets/menu-bundle/GINTO_MATCH/script/CardReviewMask.ts.
16:41:11.985 debug: Resolve file:///D:/Game-Engine%20Projects/Blazing7Test/assets/menu-bundle/GINTO_MATCH/script/CardReviewRenderer.ts from cce:/internal/x/prerequisite-imports as file:///D:/Game-Engine%20Projects/Blazing7Test/assets/menu-bundle/GINTO_MATCH/script/CardReviewRenderer.ts.
16:41:11.985 debug: Resolve file:///D:/Game-Engine%20Projects/Blazing7Test/assets/menu-bundle/GINTO_MATCH/script/CardReviewSystem.ts from cce:/internal/x/prerequisite-imports as file:///D:/Game-Engine%20Projects/Blazing7Test/assets/menu-bundle/GINTO_MATCH/script/CardReviewSystem.ts.
16:41:11.985 debug: Resolve file:///D:/Game-Engine%20Projects/Blazing7Test/assets/menu-bundle/GINTO_MATCH/script/CardTypes.ts from cce:/internal/x/prerequisite-imports as file:///D:/Game-Engine%20Projects/Blazing7Test/assets/menu-bundle/GINTO_MATCH/script/CardTypes.ts.
16:41:11.985 debug: Resolve file:///D:/Game-Engine%20Projects/Blazing7Test/assets/menu-bundle/GINTO_MATCH/script/FragmentView.ts from cce:/internal/x/prerequisite-imports as file:///D:/Game-Engine%20Projects/Blazing7Test/assets/menu-bundle/GINTO_MATCH/script/FragmentView.ts.
16:41:11.985 debug: Resolve file:///D:/Game-Engine%20Projects/Blazing7Test/assets/menu-bundle/GINTO_MATCH/script/ScratchAutoPlayer.ts from cce:/internal/x/prerequisite-imports as file:///D:/Game-Engine%20Projects/Blazing7Test/assets/menu-bundle/GINTO_MATCH/script/ScratchAutoPlayer.ts.
16:41:11.986 debug: Resolve file:///D:/Game-Engine%20Projects/Blazing7Test/assets/menu-bundle/GINTO_MATCH/script/ScratchMask.ts from cce:/internal/x/prerequisite-imports as file:///D:/Game-Engine%20Projects/Blazing7Test/assets/menu-bundle/GINTO_MATCH/script/ScratchMask.ts.
16:41:11.986 debug: Resolve file:///D:/Game-Engine%20Projects/Blazing7Test/assets/menu-bundle/GINTO_MATCH/script/ScratchRenderer.ts from cce:/internal/x/prerequisite-imports as file:///D:/Game-Engine%20Projects/Blazing7Test/assets/menu-bundle/GINTO_MATCH/script/ScratchRenderer.ts.
16:41:11.986 debug: Resolve file:///D:/Game-Engine%20Projects/Blazing7Test/assets/menu-bundle/GINTO_MATCH/script/ScratchSound.ts from cce:/internal/x/prerequisite-imports as file:///D:/Game-Engine%20Projects/Blazing7Test/assets/menu-bundle/GINTO_MATCH/script/ScratchSound.ts.
16:41:11.986 debug: Resolve file:///D:/Game-Engine%20Projects/Blazing7Test/assets/menu-bundle/GINTO_MATCH/script/ScratchSystem.ts from cce:/internal/x/prerequisite-imports as file:///D:/Game-Engine%20Projects/Blazing7Test/assets/menu-bundle/GINTO_MATCH/script/ScratchSystem.ts.
16:41:11.986 debug: Resolve file:///D:/Game-Engine%20Projects/Blazing7Test/assets/menu-bundle/GINTO_MATCH/script/ScratchTrajectory.ts from cce:/internal/x/prerequisite-imports as file:///D:/Game-Engine%20Projects/Blazing7Test/assets/menu-bundle/GINTO_MATCH/script/ScratchTrajectory.ts.
16:41:11.986 debug: Resolve file:///D:/Game-Engine%20Projects/Blazing7Test/assets/menu-bundle/GINTO_MATCH/script/ScratchTypes.ts from cce:/internal/x/prerequisite-imports as file:///D:/Game-Engine%20Projects/Blazing7Test/assets/menu-bundle/GINTO_MATCH/script/ScratchTypes.ts.
16:41:11.986 debug: Resolve file:///D:/Game-Engine%20Projects/Blazing7Test/assets/menu-bundle/LUCKY_COLORS2/script/LuckyColor_CCFlopCard.ts from cce:/internal/x/prerequisite-imports as file:///D:/Game-Engine%20Projects/Blazing7Test/assets/menu-bundle/LUCKY_COLORS2/script/LuckyColor_CCFlopCard.ts.
16:41:11.987 debug: Resolve file:///D:/Game-Engine%20Projects/Blazing7Test/assets/menu-bundle/LUCKY_COLORS2/script/LuckyColor_Card.ts from cce:/internal/x/prerequisite-imports as file:///D:/Game-Engine%20Projects/Blazing7Test/assets/menu-bundle/LUCKY_COLORS2/script/LuckyColor_Card.ts.
16:41:11.987 debug: Resolve file:///D:/Game-Engine%20Projects/Blazing7Test/assets/menu-bundle/LUCKY_COLORS2/script/LuckyColor_CardItemColor.ts from cce:/internal/x/prerequisite-imports as file:///D:/Game-Engine%20Projects/Blazing7Test/assets/menu-bundle/LUCKY_COLORS2/script/LuckyColor_CardItemColor.ts.
16:41:11.987 debug: Resolve file:///D:/Game-Engine%20Projects/Blazing7Test/assets/menu-bundle/LUCKY_COLORS2/script/LuckyColor_CardReview.ts from cce:/internal/x/prerequisite-imports as file:///D:/Game-Engine%20Projects/Blazing7Test/assets/menu-bundle/LUCKY_COLORS2/script/LuckyColor_CardReview.ts.
16:41:11.987 debug: Resolve file:///D:/Game-Engine%20Projects/Blazing7Test/assets/menu-bundle/LUCKY_COLORS2/script/LuckyColor_Color_Win.ts from cce:/internal/x/prerequisite-imports as file:///D:/Game-Engine%20Projects/Blazing7Test/assets/menu-bundle/LUCKY_COLORS2/script/LuckyColor_Color_Win.ts.
16:41:11.988 debug: Resolve file:///D:/Game-Engine%20Projects/Blazing7Test/assets/menu-bundle/LUCKY_COLORS2/script/LuckyColor_Default_Card.ts from cce:/internal/x/prerequisite-imports as file:///D:/Game-Engine%20Projects/Blazing7Test/assets/menu-bundle/LUCKY_COLORS2/script/LuckyColor_Default_Card.ts.
16:41:11.988 debug: Resolve file:///D:/Game-Engine%20Projects/Blazing7Test/assets/menu-bundle/LUCKY_COLORS2/script/LuckyColor_HelpView.ts from cce:/internal/x/prerequisite-imports as file:///D:/Game-Engine%20Projects/Blazing7Test/assets/menu-bundle/LUCKY_COLORS2/script/LuckyColor_HelpView.ts.
16:41:11.988 debug: Resolve file:///D:/Game-Engine%20Projects/Blazing7Test/assets/menu-bundle/LUCKY_COLORS2/script/LuckyColor_ScratchBonus.ts from cce:/internal/x/prerequisite-imports as file:///D:/Game-Engine%20Projects/Blazing7Test/assets/menu-bundle/LUCKY_COLORS2/script/LuckyColor_ScratchBonus.ts.
16:41:11.988 debug: Resolve file:///D:/Game-Engine%20Projects/Blazing7Test/assets/menu-bundle/PIKA2/script/BundleCardDetailFoodItem.ts from cce:/internal/x/prerequisite-imports as file:///D:/Game-Engine%20Projects/Blazing7Test/assets/menu-bundle/PIKA2/script/BundleCardDetailFoodItem.ts.
16:41:11.988 debug: Resolve file:///D:/Game-Engine%20Projects/Blazing7Test/assets/menu-bundle/PIKA2/script/BundleLeafItem.ts from cce:/internal/x/prerequisite-imports as file:///D:/Game-Engine%20Projects/Blazing7Test/assets/menu-bundle/PIKA2/script/BundleLeafItem.ts.
16:41:11.988 debug: Resolve file:///D:/Game-Engine%20Projects/Blazing7Test/assets/menu-bundle/PIKA2/script/BundleLeafManager.ts from cce:/internal/x/prerequisite-imports as file:///D:/Game-Engine%20Projects/Blazing7Test/assets/menu-bundle/PIKA2/script/BundleLeafManager.ts.
16:41:11.989 debug: Resolve file:///D:/Game-Engine%20Projects/Blazing7Test/assets/menu-bundle/PIKA2/script/BundlePikaCardTrajectoryComponent.ts from cce:/internal/x/prerequisite-imports as file:///D:/Game-Engine%20Projects/Blazing7Test/assets/menu-bundle/PIKA2/script/BundlePikaCardTrajectoryComponent.ts.
16:41:11.989 debug: Resolve file:///D:/Game-Engine%20Projects/Blazing7Test/assets/menu-bundle/PIKA2/script/BundleTrajectory.ts from cce:/internal/x/prerequisite-imports as file:///D:/Game-Engine%20Projects/Blazing7Test/assets/menu-bundle/PIKA2/script/BundleTrajectory.ts.
16:41:11.990 debug: Resolve file:///D:/Game-Engine%20Projects/Blazing7Test/assets/menu-bundle/script/api/GameApi.ts from cce:/internal/x/prerequisite-imports as file:///D:/Game-Engine%20Projects/Blazing7Test/assets/menu-bundle/script/api/GameApi.ts.
16:41:11.990 debug: Resolve file:///D:/Game-Engine%20Projects/Blazing7Test/assets/menu-bundle/script/base/BundleBasePanel.ts from cce:/internal/x/prerequisite-imports as file:///D:/Game-Engine%20Projects/Blazing7Test/assets/menu-bundle/script/base/BundleBasePanel.ts.
16:41:11.990 debug: Resolve file:///D:/Game-Engine%20Projects/Blazing7Test/assets/menu-bundle/script/base/BundleBaseUI.ts from cce:/internal/x/prerequisite-imports as file:///D:/Game-Engine%20Projects/Blazing7Test/assets/menu-bundle/script/base/BundleBaseUI.ts.
16:41:11.990 debug: Resolve file:///D:/Game-Engine%20Projects/Blazing7Test/assets/menu-bundle/script/base/BundleSingleButton.ts from cce:/internal/x/prerequisite-imports as file:///D:/Game-Engine%20Projects/Blazing7Test/assets/menu-bundle/script/base/BundleSingleButton.ts.
16:41:11.990 debug: Resolve file:///D:/Game-Engine%20Projects/Blazing7Test/assets/menu-bundle/script/eui/BundleUIKeys.ts from cce:/internal/x/prerequisite-imports as file:///D:/Game-Engine%20Projects/Blazing7Test/assets/menu-bundle/script/eui/BundleUIKeys.ts.
16:41:11.990 debug: Resolve file:///D:/Game-Engine%20Projects/Blazing7Test/assets/menu-bundle/script/interfaces/IMenuDependencies.ts from cce:/internal/x/prerequisite-imports as file:///D:/Game-Engine%20Projects/Blazing7Test/assets/menu-bundle/script/interfaces/IMenuDependencies.ts.
16:41:11.991 debug: Resolve file:///D:/Game-Engine%20Projects/Blazing7Test/assets/menu-bundle/script/manager/MessageFlag.ts from cce:/internal/x/prerequisite-imports as file:///D:/Game-Engine%20Projects/Blazing7Test/assets/menu-bundle/script/manager/MessageFlag.ts.
16:41:11.991 debug: Resolve file:///D:/Game-Engine%20Projects/Blazing7Test/assets/menu-bundle/script/types/AniType.ts from cce:/internal/x/prerequisite-imports as file:///D:/Game-Engine%20Projects/Blazing7Test/assets/menu-bundle/script/types/AniType.ts.
16:41:11.991 debug: Resolve file:///D:/Game-Engine%20Projects/Blazing7Test/assets/menu-bundle/script/utils/BundleGameUtils.ts from cce:/internal/x/prerequisite-imports as file:///D:/Game-Engine%20Projects/Blazing7Test/assets/menu-bundle/script/utils/BundleGameUtils.ts.
16:41:11.991 debug: Resolve file:///D:/Game-Engine%20Projects/Blazing7Test/assets/menu-bundle/script/utils/analytics_bridge.ts from cce:/internal/x/prerequisite-imports as file:///D:/Game-Engine%20Projects/Blazing7Test/assets/menu-bundle/script/utils/analytics_bridge.ts.
16:41:11.992 debug: Resolve file:///D:/Game-Engine%20Projects/Blazing7Test/assets/menu-bundle/script/utils/logger.ts from cce:/internal/x/prerequisite-imports as file:///D:/Game-Engine%20Projects/Blazing7Test/assets/menu-bundle/script/utils/logger.ts.
16:41:11.992 debug: Resolve file:///D:/Game-Engine%20Projects/Blazing7Test/assets/menu-bundle/script/view/BundleBigWin.ts from cce:/internal/x/prerequisite-imports as file:///D:/Game-Engine%20Projects/Blazing7Test/assets/menu-bundle/script/view/BundleBigWin.ts.
16:41:11.992 debug: Resolve file:///D:/Game-Engine%20Projects/Blazing7Test/assets/menu-bundle/script/view/BundleBigWinItem.ts from cce:/internal/x/prerequisite-imports as file:///D:/Game-Engine%20Projects/Blazing7Test/assets/menu-bundle/script/view/BundleBigWinItem.ts.
16:41:11.992 debug: Resolve file:///D:/Game-Engine%20Projects/Blazing7Test/assets/menu-bundle/script/view/BundleCardDetail.ts from cce:/internal/x/prerequisite-imports as file:///D:/Game-Engine%20Projects/Blazing7Test/assets/menu-bundle/script/view/BundleCardDetail.ts.
16:41:11.993 debug: Resolve file:///D:/Game-Engine%20Projects/Blazing7Test/assets/menu-bundle/script/view/BundleCardInfoItem.ts from cce:/internal/x/prerequisite-imports as file:///D:/Game-Engine%20Projects/Blazing7Test/assets/menu-bundle/script/view/BundleCardInfoItem.ts.
16:41:11.993 debug: Resolve file:///D:/Game-Engine%20Projects/Blazing7Test/assets/menu-bundle/script/view/BundleCardSale.ts from cce:/internal/x/prerequisite-imports as file:///D:/Game-Engine%20Projects/Blazing7Test/assets/menu-bundle/script/view/BundleCardSale.ts.
16:41:11.993 debug: Resolve file:///D:/Game-Engine%20Projects/Blazing7Test/assets/menu-bundle/script/view/BundleCardSaleItem.ts from cce:/internal/x/prerequisite-imports as file:///D:/Game-Engine%20Projects/Blazing7Test/assets/menu-bundle/script/view/BundleCardSaleItem.ts.
16:41:11.993 debug: Resolve file:///D:/Game-Engine%20Projects/Blazing7Test/assets/menu-bundle/script/view/BundleFiltter.ts from cce:/internal/x/prerequisite-imports as file:///D:/Game-Engine%20Projects/Blazing7Test/assets/menu-bundle/script/view/BundleFiltter.ts.
16:41:11.993 debug: Resolve file:///D:/Game-Engine%20Projects/Blazing7Test/assets/menu-bundle/script/view/BundleGameItem.ts from cce:/internal/x/prerequisite-imports as file:///D:/Game-Engine%20Projects/Blazing7Test/assets/menu-bundle/script/view/BundleGameItem.ts.
16:41:11.993 debug: Resolve file:///D:/Game-Engine%20Projects/Blazing7Test/assets/menu-bundle/script/view/BundleGameRecords.ts from cce:/internal/x/prerequisite-imports as file:///D:/Game-Engine%20Projects/Blazing7Test/assets/menu-bundle/script/view/BundleGameRecords.ts.
16:41:11.993 debug: Resolve file:///D:/Game-Engine%20Projects/Blazing7Test/assets/menu-bundle/script/view/BundleGameRules.ts from cce:/internal/x/prerequisite-imports as file:///D:/Game-Engine%20Projects/Blazing7Test/assets/menu-bundle/script/view/BundleGameRules.ts.
16:41:11.994 debug: Resolve file:///D:/Game-Engine%20Projects/Blazing7Test/assets/menu-bundle/script/view/BundleGrandPirzeItem.ts from cce:/internal/x/prerequisite-imports as file:///D:/Game-Engine%20Projects/Blazing7Test/assets/menu-bundle/script/view/BundleGrandPirzeItem.ts.
16:41:12.049 debug: Resolve file:///D:/Game-Engine%20Projects/Blazing7Test/assets/menu-bundle/script/view/BundleGrandPrize.ts from cce:/internal/x/prerequisite-imports as file:///D:/Game-Engine%20Projects/Blazing7Test/assets/menu-bundle/script/view/BundleGrandPrize.ts.
16:41:12.049 debug: Resolve file:///D:/Game-Engine%20Projects/Blazing7Test/assets/menu-bundle/script/view/BundleHonorBoard.ts from cce:/internal/x/prerequisite-imports as file:///D:/Game-Engine%20Projects/Blazing7Test/assets/menu-bundle/script/view/BundleHonorBoard.ts.
16:41:12.049 debug: Resolve file:///D:/Game-Engine%20Projects/Blazing7Test/assets/menu-bundle/script/view/BundleMenu.ts from cce:/internal/x/prerequisite-imports as file:///D:/Game-Engine%20Projects/Blazing7Test/assets/menu-bundle/script/view/BundleMenu.ts.
16:41:12.049 debug: Resolve file:///D:/Game-Engine%20Projects/Blazing7Test/assets/menu-bundle/script/view/BundleOtherGames.ts from cce:/internal/x/prerequisite-imports as file:///D:/Game-Engine%20Projects/Blazing7Test/assets/menu-bundle/script/view/BundleOtherGames.ts.
16:41:12.049 debug: Resolve file:///D:/Game-Engine%20Projects/Blazing7Test/assets/menu-bundle/script/view/BundleRecordItem.ts from cce:/internal/x/prerequisite-imports as file:///D:/Game-Engine%20Projects/Blazing7Test/assets/menu-bundle/script/view/BundleRecordItem.ts.
16:41:12.049 debug: Resolve file:///D:/Game-Engine%20Projects/Blazing7Test/assets/menu-bundle/script/view/BundleTopItem.ts from cce:/internal/x/prerequisite-imports as file:///D:/Game-Engine%20Projects/Blazing7Test/assets/menu-bundle/script/view/BundleTopItem.ts.
16:41:12.049 debug: Resolve file:///D:/Game-Engine%20Projects/Blazing7Test/assets/menu-bundle/script/view/BundleTopItemCardSale.ts from cce:/internal/x/prerequisite-imports as file:///D:/Game-Engine%20Projects/Blazing7Test/assets/menu-bundle/script/view/BundleTopItemCardSale.ts.
16:41:12.049 debug: Resolve file:///D:/Game-Engine%20Projects/Blazing7Test/assets/menu-bundle/script/view/PopupCardDetail.ts from cce:/internal/x/prerequisite-imports as file:///D:/Game-Engine%20Projects/Blazing7Test/assets/menu-bundle/script/view/PopupCardDetail.ts.
16:41:12.051 debug: Target(editor) ends with cost 141.54249999999956ms.
16:41:12.053 debug: Target(preview) build started.
16:41:12.055 debug: Detected change: cce:/internal/x/prerequisite-imports. Last mtime: Thu Jan 01 1970 08:00:05 GMT+0800 (Philippine Standard Time), Current mtime: Thu Jan 01 1970 08:00:06 GMT+0800 (Philippine Standard Time)
16:41:12.055 debug: Inspect cce:/internal/x/prerequisite-imports
16:41:12.098 debug: transform url: 'cce:/internal/x/prerequisite-imports' costs: 42.60 ms
16:41:12.099 debug: Resolve file:///C:/ProgramData/cocos/editors/Creator/3.8.5/resources/resources/3d/engine/editor/assets/default_renderpipeline/builtin-dof-pass.ts from cce:/internal/x/prerequisite-imports as file:///C:/ProgramData/cocos/editors/Creator/3.8.5/resources/resources/3d/engine/editor/assets/default_renderpipeline/builtin-dof-pass.ts.
16:41:12.099 debug: Resolve file:///C:/ProgramData/cocos/editors/Creator/3.8.5/resources/resources/3d/engine/editor/assets/default_renderpipeline/builtin-pipeline-pass.ts from cce:/internal/x/prerequisite-imports as file:///C:/ProgramData/cocos/editors/Creator/3.8.5/resources/resources/3d/engine/editor/assets/default_renderpipeline/builtin-pipeline-pass.ts.
16:41:12.099 debug: Resolve file:///C:/ProgramData/cocos/editors/Creator/3.8.5/resources/resources/3d/engine/editor/assets/default_renderpipeline/builtin-pipeline-settings.ts from cce:/internal/x/prerequisite-imports as file:///C:/ProgramData/cocos/editors/Creator/3.8.5/resources/resources/3d/engine/editor/assets/default_renderpipeline/builtin-pipeline-settings.ts.
16:41:12.100 debug: Resolve file:///C:/ProgramData/cocos/editors/Creator/3.8.5/resources/resources/3d/engine/editor/assets/default_renderpipeline/builtin-pipeline-types.ts from cce:/internal/x/prerequisite-imports as file:///C:/ProgramData/cocos/editors/Creator/3.8.5/resources/resources/3d/engine/editor/assets/default_renderpipeline/builtin-pipeline-types.ts.
16:41:12.100 debug: Resolve file:///C:/ProgramData/cocos/editors/Creator/3.8.5/resources/resources/3d/engine/editor/assets/default_renderpipeline/builtin-pipeline.ts from cce:/internal/x/prerequisite-imports as file:///C:/ProgramData/cocos/editors/Creator/3.8.5/resources/resources/3d/engine/editor/assets/default_renderpipeline/builtin-pipeline.ts.
16:41:12.100 debug: Resolve file:///C:/ProgramData/cocos/editors/Creator/3.8.5/resources/resources/3d/engine/editor/assets/tools/debug-view-runtime-control.ts from cce:/internal/x/prerequisite-imports as file:///C:/ProgramData/cocos/editors/Creator/3.8.5/resources/resources/3d/engine/editor/assets/tools/debug-view-runtime-control.ts.
16:41:12.100 debug: Resolve file:///D:/Game-Engine%20Projects/Blazing7Test/assets/Scripts/Api/ApiCore.ts from cce:/internal/x/prerequisite-imports as file:///D:/Game-Engine%20Projects/Blazing7Test/assets/Scripts/Api/ApiCore.ts.
16:41:12.100 debug: Resolve file:///D:/Game-Engine%20Projects/Blazing7Test/assets/Scripts/Api/ApiError.ts from cce:/internal/x/prerequisite-imports as file:///D:/Game-Engine%20Projects/Blazing7Test/assets/Scripts/Api/ApiError.ts.
16:41:12.100 debug: Resolve file:///D:/Game-Engine%20Projects/Blazing7Test/assets/Scripts/Api/ApiManager.ts from cce:/internal/x/prerequisite-imports as file:///D:/Game-Engine%20Projects/Blazing7Test/assets/Scripts/Api/ApiManager.ts.
16:41:12.101 debug: Resolve file:///D:/Game-Engine%20Projects/Blazing7Test/assets/Scripts/Api/GameApi.ts from cce:/internal/x/prerequisite-imports as file:///D:/Game-Engine%20Projects/Blazing7Test/assets/Scripts/Api/GameApi.ts.
16:41:12.101 debug: Resolve file:///D:/Game-Engine%20Projects/Blazing7Test/assets/Scripts/Card/NumberCardView.ts from cce:/internal/x/prerequisite-imports as file:///D:/Game-Engine%20Projects/Blazing7Test/assets/Scripts/Card/NumberCardView.ts.
16:41:12.101 debug: Resolve file:///D:/Game-Engine%20Projects/Blazing7Test/assets/Scripts/Card/ScratchCard.ts from cce:/internal/x/prerequisite-imports as file:///D:/Game-Engine%20Projects/Blazing7Test/assets/Scripts/Card/ScratchCard.ts.
16:41:12.101 debug: Resolve file:///D:/Game-Engine%20Projects/Blazing7Test/assets/Scripts/Card/ScratchCardView.ts from cce:/internal/x/prerequisite-imports as file:///D:/Game-Engine%20Projects/Blazing7Test/assets/Scripts/Card/ScratchCardView.ts.
16:41:12.101 debug: Resolve file:///D:/Game-Engine%20Projects/Blazing7Test/assets/Scripts/Data/GameData.ts from cce:/internal/x/prerequisite-imports as file:///D:/Game-Engine%20Projects/Blazing7Test/assets/Scripts/Data/GameData.ts.
16:41:12.101 debug: Resolve file:///D:/Game-Engine%20Projects/Blazing7Test/assets/Scripts/Data/GameUserInfo.ts from cce:/internal/x/prerequisite-imports as file:///D:/Game-Engine%20Projects/Blazing7Test/assets/Scripts/Data/GameUserInfo.ts.
16:41:12.102 debug: Resolve file:///D:/Game-Engine%20Projects/Blazing7Test/assets/Scripts/Data/TicketData.ts from cce:/internal/x/prerequisite-imports as file:///D:/Game-Engine%20Projects/Blazing7Test/assets/Scripts/Data/TicketData.ts.
16:41:12.102 debug: Resolve file:///D:/Game-Engine%20Projects/Blazing7Test/assets/Scripts/Data/TicketItem.ts from cce:/internal/x/prerequisite-imports as file:///D:/Game-Engine%20Projects/Blazing7Test/assets/Scripts/Data/TicketItem.ts.
16:41:12.102 debug: Resolve file:///D:/Game-Engine%20Projects/Blazing7Test/assets/Scripts/EventListener/BaseEventListener.ts from cce:/internal/x/prerequisite-imports as file:///D:/Game-Engine%20Projects/Blazing7Test/assets/Scripts/EventListener/BaseEventListener.ts.
16:41:12.102 debug: Resolve file:///D:/Game-Engine%20Projects/Blazing7Test/assets/Scripts/Game/DragonsEyeIntro.ts from cce:/internal/x/prerequisite-imports as file:///D:/Game-Engine%20Projects/Blazing7Test/assets/Scripts/Game/DragonsEyeIntro.ts.
16:41:12.102 debug: Resolve file:///D:/Game-Engine%20Projects/Blazing7Test/assets/Scripts/Game/Game.ts from cce:/internal/x/prerequisite-imports as file:///D:/Game-Engine%20Projects/Blazing7Test/assets/Scripts/Game/Game.ts.
16:41:12.102 debug: Resolve file:///D:/Game-Engine%20Projects/Blazing7Test/assets/Scripts/Game/GameOptions.ts from cce:/internal/x/prerequisite-imports as file:///D:/Game-Engine%20Projects/Blazing7Test/assets/Scripts/Game/GameOptions.ts.
16:41:12.102 debug: Resolve file:///D:/Game-Engine%20Projects/Blazing7Test/assets/Scripts/Game/PricePopUpOptions.ts from cce:/internal/x/prerequisite-imports as file:///D:/Game-Engine%20Projects/Blazing7Test/assets/Scripts/Game/PricePopUpOptions.ts.
16:41:12.102 debug: Resolve file:///D:/Game-Engine%20Projects/Blazing7Test/assets/Scripts/Managers/AudioManager.ts from cce:/internal/x/prerequisite-imports as file:///D:/Game-Engine%20Projects/Blazing7Test/assets/Scripts/Managers/AudioManager.ts.
16:41:12.103 debug: Resolve file:///D:/Game-Engine%20Projects/Blazing7Test/assets/Scripts/Managers/GameManager.ts from cce:/internal/x/prerequisite-imports as file:///D:/Game-Engine%20Projects/Blazing7Test/assets/Scripts/Managers/GameManager.ts.
16:41:12.103 debug: Resolve file:///D:/Game-Engine%20Projects/Blazing7Test/assets/Scripts/Managers/PopUpManager.ts from cce:/internal/x/prerequisite-imports as file:///D:/Game-Engine%20Projects/Blazing7Test/assets/Scripts/Managers/PopUpManager.ts.
16:41:12.103 debug: Resolve file:///D:/Game-Engine%20Projects/Blazing7Test/assets/Scripts/Managers/ResourceManager.ts from cce:/internal/x/prerequisite-imports as file:///D:/Game-Engine%20Projects/Blazing7Test/assets/Scripts/Managers/ResourceManager.ts.
16:41:12.103 debug: Resolve file:///D:/Game-Engine%20Projects/Blazing7Test/assets/Scripts/Managers/SceneManager.ts from cce:/internal/x/prerequisite-imports as file:///D:/Game-Engine%20Projects/Blazing7Test/assets/Scripts/Managers/SceneManager.ts.
16:41:12.103 debug: Resolve file:///D:/Game-Engine%20Projects/Blazing7Test/assets/Scripts/Managers/Services.ts from cce:/internal/x/prerequisite-imports as file:///D:/Game-Engine%20Projects/Blazing7Test/assets/Scripts/Managers/Services.ts.
16:41:12.103 debug: Resolve file:///D:/Game-Engine%20Projects/Blazing7Test/assets/Scripts/Managers/WebsocketManager.ts from cce:/internal/x/prerequisite-imports as file:///D:/Game-Engine%20Projects/Blazing7Test/assets/Scripts/Managers/WebsocketManager.ts.
16:41:12.103 debug: Resolve file:///D:/Game-Engine%20Projects/Blazing7Test/assets/Scripts/Managers/WinBroadcastManager.ts from cce:/internal/x/prerequisite-imports as file:///D:/Game-Engine%20Projects/Blazing7Test/assets/Scripts/Managers/WinBroadcastManager.ts.
16:41:12.103 debug: Resolve file:///D:/Game-Engine%20Projects/Blazing7Test/assets/Scripts/Managers/WsConfig.ts from cce:/internal/x/prerequisite-imports as file:///D:/Game-Engine%20Projects/Blazing7Test/assets/Scripts/Managers/WsConfig.ts.
16:41:12.104 debug: Resolve file:///D:/Game-Engine%20Projects/Blazing7Test/assets/Scripts/Scratch/FragmentView.ts from cce:/internal/x/prerequisite-imports as file:///D:/Game-Engine%20Projects/Blazing7Test/assets/Scripts/Scratch/FragmentView.ts.
16:41:12.104 debug: Resolve file:///D:/Game-Engine%20Projects/Blazing7Test/assets/Scripts/Scratch/ScratchMask.ts from cce:/internal/x/prerequisite-imports as file:///D:/Game-Engine%20Projects/Blazing7Test/assets/Scripts/Scratch/ScratchMask.ts.
16:41:12.104 debug: Resolve file:///D:/Game-Engine%20Projects/Blazing7Test/assets/Scripts/Scratch/ScratchRenderer.ts from cce:/internal/x/prerequisite-imports as file:///D:/Game-Engine%20Projects/Blazing7Test/assets/Scripts/Scratch/ScratchRenderer.ts.
16:41:12.104 debug: Resolve file:///D:/Game-Engine%20Projects/Blazing7Test/assets/Scripts/Scratch/ScratchSystem.ts from cce:/internal/x/prerequisite-imports as file:///D:/Game-Engine%20Projects/Blazing7Test/assets/Scripts/Scratch/ScratchSystem.ts.
16:41:12.104 debug: Resolve file:///D:/Game-Engine%20Projects/Blazing7Test/assets/Scripts/Scratch/ScratchTrajectory.ts from cce:/internal/x/prerequisite-imports as file:///D:/Game-Engine%20Projects/Blazing7Test/assets/Scripts/Scratch/ScratchTrajectory.ts.
16:41:12.104 debug: Resolve file:///D:/Game-Engine%20Projects/Blazing7Test/assets/Scripts/Scratch/ScratchTypes.ts from cce:/internal/x/prerequisite-imports as file:///D:/Game-Engine%20Projects/Blazing7Test/assets/Scripts/Scratch/ScratchTypes.ts.
16:41:12.106 debug: Resolve file:///D:/Game-Engine%20Projects/Blazing7Test/assets/Scripts/Types/announcement.types.ts from cce:/internal/x/prerequisite-imports as file:///D:/Game-Engine%20Projects/Blazing7Test/assets/Scripts/Types/announcement.types.ts.
16:41:12.106 debug: Resolve file:///D:/Game-Engine%20Projects/Blazing7Test/assets/Scripts/Types/api.types.ts from cce:/internal/x/prerequisite-imports as file:///D:/Game-Engine%20Projects/Blazing7Test/assets/Scripts/Types/api.types.ts.
16:41:12.107 debug: Resolve file:///D:/Game-Engine%20Projects/Blazing7Test/assets/Scripts/Types/card.types.ts from cce:/internal/x/prerequisite-imports as file:///D:/Game-Engine%20Projects/Blazing7Test/assets/Scripts/Types/card.types.ts.
16:41:12.107 debug: Resolve file:///D:/Game-Engine%20Projects/Blazing7Test/assets/Scripts/Types/game.types.ts from cce:/internal/x/prerequisite-imports as file:///D:/Game-Engine%20Projects/Blazing7Test/assets/Scripts/Types/game.types.ts.
16:41:12.107 debug: Resolve file:///D:/Game-Engine%20Projects/Blazing7Test/assets/Scripts/Types/index.ts from cce:/internal/x/prerequisite-imports as file:///D:/Game-Engine%20Projects/Blazing7Test/assets/Scripts/Types/index.ts.
16:41:12.107 debug: Resolve file:///D:/Game-Engine%20Projects/Blazing7Test/assets/Scripts/Types/ranking.types.ts from cce:/internal/x/prerequisite-imports as file:///D:/Game-Engine%20Projects/Blazing7Test/assets/Scripts/Types/ranking.types.ts.
16:41:12.108 debug: Resolve file:///D:/Game-Engine%20Projects/Blazing7Test/assets/Scripts/Types/ticket.types.ts from cce:/internal/x/prerequisite-imports as file:///D:/Game-Engine%20Projects/Blazing7Test/assets/Scripts/Types/ticket.types.ts.
16:41:12.108 debug: Resolve file:///D:/Game-Engine%20Projects/Blazing7Test/assets/Scripts/Types/ui.types.ts from cce:/internal/x/prerequisite-imports as file:///D:/Game-Engine%20Projects/Blazing7Test/assets/Scripts/Types/ui.types.ts.
16:41:12.108 debug: Resolve file:///D:/Game-Engine%20Projects/Blazing7Test/assets/Scripts/Types/user.types.ts from cce:/internal/x/prerequisite-imports as file:///D:/Game-Engine%20Projects/Blazing7Test/assets/Scripts/Types/user.types.ts.
16:41:12.108 debug: Resolve file:///D:/Game-Engine%20Projects/Blazing7Test/assets/Scripts/UI/InteractableUIs/SingleButton.ts from cce:/internal/x/prerequisite-imports as file:///D:/Game-Engine%20Projects/Blazing7Test/assets/Scripts/UI/InteractableUIs/SingleButton.ts.
16:41:12.108 debug: Resolve file:///D:/Game-Engine%20Projects/Blazing7Test/assets/Scripts/UI/LastWin.ts from cce:/internal/x/prerequisite-imports as file:///D:/Game-Engine%20Projects/Blazing7Test/assets/Scripts/UI/LastWin.ts.
16:41:12.109 debug: Resolve file:///D:/Game-Engine%20Projects/Blazing7Test/assets/Scripts/UI/PopUp/MaxWinToasterPopUp.ts from cce:/internal/x/prerequisite-imports as file:///D:/Game-Engine%20Projects/Blazing7Test/assets/Scripts/UI/PopUp/MaxWinToasterPopUp.ts.
16:41:12.109 debug: Resolve file:///D:/Game-Engine%20Projects/Blazing7Test/assets/Scripts/UI/PopUp/WinPopUp.ts from cce:/internal/x/prerequisite-imports as file:///D:/Game-Engine%20Projects/Blazing7Test/assets/Scripts/UI/PopUp/WinPopUp.ts.
16:41:12.109 debug: Resolve file:///D:/Game-Engine%20Projects/Blazing7Test/assets/Scripts/UI/PopUp/WinnerBroadcastPopUp.ts from cce:/internal/x/prerequisite-imports as file:///D:/Game-Engine%20Projects/Blazing7Test/assets/Scripts/UI/PopUp/WinnerBroadcastPopUp.ts.
16:41:12.110 debug: Resolve file:///D:/Game-Engine%20Projects/Blazing7Test/assets/Scripts/UI/Scenes/Game/ScrollingBackground.ts from cce:/internal/x/prerequisite-imports as file:///D:/Game-Engine%20Projects/Blazing7Test/assets/Scripts/UI/Scenes/Game/ScrollingBackground.ts.
16:41:12.110 debug: Resolve file:///D:/Game-Engine%20Projects/Blazing7Test/assets/Scripts/UI/Scenes/Loading/LoadingBar.ts from cce:/internal/x/prerequisite-imports as file:///D:/Game-Engine%20Projects/Blazing7Test/assets/Scripts/UI/Scenes/Loading/LoadingBar.ts.
16:41:12.110 debug: Resolve file:///D:/Game-Engine%20Projects/Blazing7Test/assets/Scripts/UI/Scenes/Loading/LoadingScene.ts from cce:/internal/x/prerequisite-imports as file:///D:/Game-Engine%20Projects/Blazing7Test/assets/Scripts/UI/Scenes/Loading/LoadingScene.ts.
16:41:12.111 debug: Resolve file:///D:/Game-Engine%20Projects/Blazing7Test/assets/Scripts/UI/Scenes/NewPlayerGuide.ts from cce:/internal/x/prerequisite-imports as file:///D:/Game-Engine%20Projects/Blazing7Test/assets/Scripts/UI/Scenes/NewPlayerGuide.ts.
16:41:12.111 debug: Resolve file:///D:/Game-Engine%20Projects/Blazing7Test/assets/Scripts/UI/UIRoot.ts from cce:/internal/x/prerequisite-imports as file:///D:/Game-Engine%20Projects/Blazing7Test/assets/Scripts/UI/UIRoot.ts.
16:41:12.111 debug: Resolve file:///D:/Game-Engine%20Projects/Blazing7Test/assets/Scripts/UI/VisualFx/DragonBreathing.ts from cce:/internal/x/prerequisite-imports as file:///D:/Game-Engine%20Projects/Blazing7Test/assets/Scripts/UI/VisualFx/DragonBreathing.ts.
16:41:12.111 debug: Resolve file:///D:/Game-Engine%20Projects/Blazing7Test/assets/Scripts/UI/VisualFx/HelpView.ts from cce:/internal/x/prerequisite-imports as file:///D:/Game-Engine%20Projects/Blazing7Test/assets/Scripts/UI/VisualFx/HelpView.ts.
16:41:12.111 debug: Resolve file:///D:/Game-Engine%20Projects/Blazing7Test/assets/Scripts/UI/VisualFx/NodeMovement.ts from cce:/internal/x/prerequisite-imports as file:///D:/Game-Engine%20Projects/Blazing7Test/assets/Scripts/UI/VisualFx/NodeMovement.ts.
16:41:12.111 debug: Resolve file:///D:/Game-Engine%20Projects/Blazing7Test/assets/Scripts/utils/NumberFormatter.ts from cce:/internal/x/prerequisite-imports as file:///D:/Game-Engine%20Projects/Blazing7Test/assets/Scripts/utils/NumberFormatter.ts.
16:41:12.111 debug: Resolve file:///D:/Game-Engine%20Projects/Blazing7Test/assets/Scripts/utils/logger.ts from cce:/internal/x/prerequisite-imports as file:///D:/Game-Engine%20Projects/Blazing7Test/assets/Scripts/utils/logger.ts.
16:41:12.112 debug: Resolve file:///D:/Game-Engine%20Projects/Blazing7Test/assets/menu-bundle/BANANACRAZE/script/BundleBonusItem.ts from cce:/internal/x/prerequisite-imports as file:///D:/Game-Engine%20Projects/Blazing7Test/assets/menu-bundle/BANANACRAZE/script/BundleBonusItem.ts.
16:41:12.112 debug: Resolve file:///D:/Game-Engine%20Projects/Blazing7Test/assets/menu-bundle/BANANACRAZE/script/BundleBonusTrajectory.ts from cce:/internal/x/prerequisite-imports as file:///D:/Game-Engine%20Projects/Blazing7Test/assets/menu-bundle/BANANACRAZE/script/BundleBonusTrajectory.ts.
16:41:12.112 debug: Resolve file:///D:/Game-Engine%20Projects/Blazing7Test/assets/menu-bundle/BANANACRAZE/script/BundleCardTrajectory.ts from cce:/internal/x/prerequisite-imports as file:///D:/Game-Engine%20Projects/Blazing7Test/assets/menu-bundle/BANANACRAZE/script/BundleCardTrajectory.ts.
16:41:12.112 debug: Resolve file:///D:/Game-Engine%20Projects/Blazing7Test/assets/menu-bundle/BANANACRAZE/script/BundleLeafItem.ts from cce:/internal/x/prerequisite-imports as file:///D:/Game-Engine%20Projects/Blazing7Test/assets/menu-bundle/BANANACRAZE/script/BundleLeafItem.ts.
16:41:12.112 debug: Resolve file:///D:/Game-Engine%20Projects/Blazing7Test/assets/menu-bundle/BANANACRAZE/script/BundleLeafManagerTrajectory.ts from cce:/internal/x/prerequisite-imports as file:///D:/Game-Engine%20Projects/Blazing7Test/assets/menu-bundle/BANANACRAZE/script/BundleLeafManagerTrajectory.ts.
16:41:12.112 debug: Resolve file:///D:/Game-Engine%20Projects/Blazing7Test/assets/menu-bundle/BANANACRAZE/script/BundleTrajectory.ts from cce:/internal/x/prerequisite-imports as file:///D:/Game-Engine%20Projects/Blazing7Test/assets/menu-bundle/BANANACRAZE/script/BundleTrajectory.ts.
16:41:12.113 debug: Resolve file:///D:/Game-Engine%20Projects/Blazing7Test/assets/menu-bundle/BANANACRAZE/script/BundleYourNumberItem.ts from cce:/internal/x/prerequisite-imports as file:///D:/Game-Engine%20Projects/Blazing7Test/assets/menu-bundle/BANANACRAZE/script/BundleYourNumberItem.ts.
16:41:12.113 debug: Resolve file:///D:/Game-Engine%20Projects/Blazing7Test/assets/menu-bundle/BANANACRAZE/script/BundleYourNumbersTrajectory.ts from cce:/internal/x/prerequisite-imports as file:///D:/Game-Engine%20Projects/Blazing7Test/assets/menu-bundle/BANANACRAZE/script/BundleYourNumbersTrajectory.ts.
16:41:12.113 debug: Resolve file:///D:/Game-Engine%20Projects/Blazing7Test/assets/menu-bundle/BINGO2/script/BingoAudio.ts from cce:/internal/x/prerequisite-imports as file:///D:/Game-Engine%20Projects/Blazing7Test/assets/menu-bundle/BINGO2/script/BingoAudio.ts.
16:41:12.113 debug: Resolve file:///D:/Game-Engine%20Projects/Blazing7Test/assets/menu-bundle/BINGO2/script/BingoBalls.ts from cce:/internal/x/prerequisite-imports as file:///D:/Game-Engine%20Projects/Blazing7Test/assets/menu-bundle/BINGO2/script/BingoBalls.ts.
16:41:12.113 debug: Resolve file:///D:/Game-Engine%20Projects/Blazing7Test/assets/menu-bundle/BINGO2/script/BingoBallsScratch.ts from cce:/internal/x/prerequisite-imports as file:///D:/Game-Engine%20Projects/Blazing7Test/assets/menu-bundle/BINGO2/script/BingoBallsScratch.ts.
16:41:12.113 debug: Resolve file:///D:/Game-Engine%20Projects/Blazing7Test/assets/menu-bundle/BINGO2/script/BingoCard.ts from cce:/internal/x/prerequisite-imports as file:///D:/Game-Engine%20Projects/Blazing7Test/assets/menu-bundle/BINGO2/script/BingoCard.ts.
16:41:12.113 debug: Resolve file:///D:/Game-Engine%20Projects/Blazing7Test/assets/menu-bundle/BINGO2/script/BingoCardDetails.ts from cce:/internal/x/prerequisite-imports as file:///D:/Game-Engine%20Projects/Blazing7Test/assets/menu-bundle/BINGO2/script/BingoCardDetails.ts.
16:41:12.113 debug: Resolve file:///D:/Game-Engine%20Projects/Blazing7Test/assets/menu-bundle/BINGO2/script/BingoConfig.ts from cce:/internal/x/prerequisite-imports as file:///D:/Game-Engine%20Projects/Blazing7Test/assets/menu-bundle/BINGO2/script/BingoConfig.ts.
16:41:12.114 debug: Resolve file:///D:/Game-Engine%20Projects/Blazing7Test/assets/menu-bundle/BINGO2/script/BingoExtraball.ts from cce:/internal/x/prerequisite-imports as file:///D:/Game-Engine%20Projects/Blazing7Test/assets/menu-bundle/BINGO2/script/BingoExtraball.ts.
16:41:12.114 debug: Resolve file:///D:/Game-Engine%20Projects/Blazing7Test/assets/menu-bundle/BINGO2/script/BingoNumber.ts from cce:/internal/x/prerequisite-imports as file:///D:/Game-Engine%20Projects/Blazing7Test/assets/menu-bundle/BINGO2/script/BingoNumber.ts.
16:41:12.114 debug: Resolve file:///D:/Game-Engine%20Projects/Blazing7Test/assets/menu-bundle/BINGO2/script/BingoRuleItem.ts from cce:/internal/x/prerequisite-imports as file:///D:/Game-Engine%20Projects/Blazing7Test/assets/menu-bundle/BINGO2/script/BingoRuleItem.ts.
16:41:12.114 debug: Resolve file:///D:/Game-Engine%20Projects/Blazing7Test/assets/menu-bundle/BINGO2/script/BingoRuleSlider.ts from cce:/internal/x/prerequisite-imports as file:///D:/Game-Engine%20Projects/Blazing7Test/assets/menu-bundle/BINGO2/script/BingoRuleSlider.ts.
16:41:12.114 debug: Resolve file:///D:/Game-Engine%20Projects/Blazing7Test/assets/menu-bundle/BINGO2/script/BingoWinAlert.ts from cce:/internal/x/prerequisite-imports as file:///D:/Game-Engine%20Projects/Blazing7Test/assets/menu-bundle/BINGO2/script/BingoWinAlert.ts.
16:41:12.114 debug: Resolve file:///D:/Game-Engine%20Projects/Blazing7Test/assets/menu-bundle/BINGO2/script/BingoWinLine.ts from cce:/internal/x/prerequisite-imports as file:///D:/Game-Engine%20Projects/Blazing7Test/assets/menu-bundle/BINGO2/script/BingoWinLine.ts.
16:41:12.114 debug: Resolve file:///D:/Game-Engine%20Projects/Blazing7Test/assets/menu-bundle/BINGO2/script/BingoWinRule.ts from cce:/internal/x/prerequisite-imports as file:///D:/Game-Engine%20Projects/Blazing7Test/assets/menu-bundle/BINGO2/script/BingoWinRule.ts.
16:41:12.114 debug: Resolve file:///D:/Game-Engine%20Projects/Blazing7Test/assets/menu-bundle/BLAZING_7S_SCRATCH/script/BundleTrajectory7s.ts from cce:/internal/x/prerequisite-imports as file:///D:/Game-Engine%20Projects/Blazing7Test/assets/menu-bundle/BLAZING_7S_SCRATCH/script/BundleTrajectory7s.ts.
16:41:12.115 debug: Resolve file:///D:/Game-Engine%20Projects/Blazing7Test/assets/menu-bundle/BLAZING_7S_SCRATCH/script/CardFragmentView.ts from cce:/internal/x/prerequisite-imports as file:///D:/Game-Engine%20Projects/Blazing7Test/assets/menu-bundle/BLAZING_7S_SCRATCH/script/CardFragmentView.ts.
16:41:12.115 debug: Resolve file:///D:/Game-Engine%20Projects/Blazing7Test/assets/menu-bundle/BLAZING_7S_SCRATCH/script/CardReview7s.ts from cce:/internal/x/prerequisite-imports as file:///D:/Game-Engine%20Projects/Blazing7Test/assets/menu-bundle/BLAZING_7S_SCRATCH/script/CardReview7s.ts.
16:41:12.115 debug: Resolve file:///D:/Game-Engine%20Projects/Blazing7Test/assets/menu-bundle/BLAZING_7S_SCRATCH/script/CardReviewMask.ts from cce:/internal/x/prerequisite-imports as file:///D:/Game-Engine%20Projects/Blazing7Test/assets/menu-bundle/BLAZING_7S_SCRATCH/script/CardReviewMask.ts.
16:41:12.116 debug: Resolve file:///D:/Game-Engine%20Projects/Blazing7Test/assets/menu-bundle/BLAZING_7S_SCRATCH/script/CardReviewRenderer.ts from cce:/internal/x/prerequisite-imports as file:///D:/Game-Engine%20Projects/Blazing7Test/assets/menu-bundle/BLAZING_7S_SCRATCH/script/CardReviewRenderer.ts.
16:41:12.116 debug: Resolve file:///D:/Game-Engine%20Projects/Blazing7Test/assets/menu-bundle/BLAZING_7S_SCRATCH/script/CardReviewSystemBlazing.ts from cce:/internal/x/prerequisite-imports as file:///D:/Game-Engine%20Projects/Blazing7Test/assets/menu-bundle/BLAZING_7S_SCRATCH/script/CardReviewSystemBlazing.ts.
16:41:12.116 debug: Resolve file:///D:/Game-Engine%20Projects/Blazing7Test/assets/menu-bundle/BLAZING_7S_SCRATCH/script/CardTypes.ts from cce:/internal/x/prerequisite-imports as file:///D:/Game-Engine%20Projects/Blazing7Test/assets/menu-bundle/BLAZING_7S_SCRATCH/script/CardTypes.ts.
16:41:12.116 debug: Resolve file:///D:/Game-Engine%20Projects/Blazing7Test/assets/menu-bundle/BLAZING_7S_SCRATCH/script/FragmentView.ts from cce:/internal/x/prerequisite-imports as file:///D:/Game-Engine%20Projects/Blazing7Test/assets/menu-bundle/BLAZING_7S_SCRATCH/script/FragmentView.ts.
16:41:12.116 debug: Resolve file:///D:/Game-Engine%20Projects/Blazing7Test/assets/menu-bundle/BLAZING_7S_SCRATCH/script/ScratchAutoPlayer.ts from cce:/internal/x/prerequisite-imports as file:///D:/Game-Engine%20Projects/Blazing7Test/assets/menu-bundle/BLAZING_7S_SCRATCH/script/ScratchAutoPlayer.ts.
16:41:12.116 debug: Resolve file:///D:/Game-Engine%20Projects/Blazing7Test/assets/menu-bundle/BLAZING_7S_SCRATCH/script/ScratchMask.ts from cce:/internal/x/prerequisite-imports as file:///D:/Game-Engine%20Projects/Blazing7Test/assets/menu-bundle/BLAZING_7S_SCRATCH/script/ScratchMask.ts.
16:41:12.116 debug: Resolve file:///D:/Game-Engine%20Projects/Blazing7Test/assets/menu-bundle/BLAZING_7S_SCRATCH/script/ScratchNumber.ts from cce:/internal/x/prerequisite-imports as file:///D:/Game-Engine%20Projects/Blazing7Test/assets/menu-bundle/BLAZING_7S_SCRATCH/script/ScratchNumber.ts.
16:41:12.117 debug: Resolve file:///D:/Game-Engine%20Projects/Blazing7Test/assets/menu-bundle/BLAZING_7S_SCRATCH/script/ScratchRenderer.ts from cce:/internal/x/prerequisite-imports as file:///D:/Game-Engine%20Projects/Blazing7Test/assets/menu-bundle/BLAZING_7S_SCRATCH/script/ScratchRenderer.ts.
16:41:12.117 debug: Resolve file:///D:/Game-Engine%20Projects/Blazing7Test/assets/menu-bundle/BLAZING_7S_SCRATCH/script/ScratchSound.ts from cce:/internal/x/prerequisite-imports as file:///D:/Game-Engine%20Projects/Blazing7Test/assets/menu-bundle/BLAZING_7S_SCRATCH/script/ScratchSound.ts.
16:41:12.117 debug: Resolve file:///D:/Game-Engine%20Projects/Blazing7Test/assets/menu-bundle/BLAZING_7S_SCRATCH/script/ScratchSystem.ts from cce:/internal/x/prerequisite-imports as file:///D:/Game-Engine%20Projects/Blazing7Test/assets/menu-bundle/BLAZING_7S_SCRATCH/script/ScratchSystem.ts.
16:41:12.117 debug: Resolve file:///D:/Game-Engine%20Projects/Blazing7Test/assets/menu-bundle/BLAZING_7S_SCRATCH/script/ScratchTrajectory.ts from cce:/internal/x/prerequisite-imports as file:///D:/Game-Engine%20Projects/Blazing7Test/assets/menu-bundle/BLAZING_7S_SCRATCH/script/ScratchTrajectory.ts.
16:41:12.117 debug: Resolve file:///D:/Game-Engine%20Projects/Blazing7Test/assets/menu-bundle/BLAZING_7S_SCRATCH/script/ScratchTypes.ts from cce:/internal/x/prerequisite-imports as file:///D:/Game-Engine%20Projects/Blazing7Test/assets/menu-bundle/BLAZING_7S_SCRATCH/script/ScratchTypes.ts.
16:41:12.117 debug: Resolve file:///D:/Game-Engine%20Projects/Blazing7Test/assets/menu-bundle/BLAZING_7S_SCRATCH/script/Trajectory.ts from cce:/internal/x/prerequisite-imports as file:///D:/Game-Engine%20Projects/Blazing7Test/assets/menu-bundle/BLAZING_7S_SCRATCH/script/Trajectory.ts.
16:41:12.117 debug: Resolve file:///D:/Game-Engine%20Projects/Blazing7Test/assets/menu-bundle/DEEP_SEA/script/DeepBonusShells.ts from cce:/internal/x/prerequisite-imports as file:///D:/Game-Engine%20Projects/Blazing7Test/assets/menu-bundle/DEEP_SEA/script/DeepBonusShells.ts.
16:41:12.117 debug: Resolve file:///D:/Game-Engine%20Projects/Blazing7Test/assets/menu-bundle/DEEP_SEA/script/DeepSeaBG.ts from cce:/internal/x/prerequisite-imports as file:///D:/Game-Engine%20Projects/Blazing7Test/assets/menu-bundle/DEEP_SEA/script/DeepSeaBG.ts.
16:41:12.118 debug: Resolve file:///D:/Game-Engine%20Projects/Blazing7Test/assets/menu-bundle/DEEP_SEA/script/DeepSeaBaseUI.ts from cce:/internal/x/prerequisite-imports as file:///D:/Game-Engine%20Projects/Blazing7Test/assets/menu-bundle/DEEP_SEA/script/DeepSeaBaseUI.ts.
16:41:12.118 debug: Resolve file:///D:/Game-Engine%20Projects/Blazing7Test/assets/menu-bundle/DEEP_SEA/script/DeepSeaBonus.ts from cce:/internal/x/prerequisite-imports as file:///D:/Game-Engine%20Projects/Blazing7Test/assets/menu-bundle/DEEP_SEA/script/DeepSeaBonus.ts.
16:41:12.118 debug: Resolve file:///D:/Game-Engine%20Projects/Blazing7Test/assets/menu-bundle/DEEP_SEA/script/DeepSeaBonusGame.ts from cce:/internal/x/prerequisite-imports as file:///D:/Game-Engine%20Projects/Blazing7Test/assets/menu-bundle/DEEP_SEA/script/DeepSeaBonusGame.ts.
16:41:12.118 debug: Resolve file:///D:/Game-Engine%20Projects/Blazing7Test/assets/menu-bundle/DEEP_SEA/script/DeepSeaBonusInfo.ts from cce:/internal/x/prerequisite-imports as file:///D:/Game-Engine%20Projects/Blazing7Test/assets/menu-bundle/DEEP_SEA/script/DeepSeaBonusInfo.ts.
16:41:12.118 debug: Resolve file:///D:/Game-Engine%20Projects/Blazing7Test/assets/menu-bundle/DEEP_SEA/script/DeepSeaBonusJackpot.ts from cce:/internal/x/prerequisite-imports as file:///D:/Game-Engine%20Projects/Blazing7Test/assets/menu-bundle/DEEP_SEA/script/DeepSeaBonusJackpot.ts.
16:41:12.118 debug: Resolve file:///D:/Game-Engine%20Projects/Blazing7Test/assets/menu-bundle/DEEP_SEA/script/DeepSeaBonusShellItem.ts from cce:/internal/x/prerequisite-imports as file:///D:/Game-Engine%20Projects/Blazing7Test/assets/menu-bundle/DEEP_SEA/script/DeepSeaBonusShellItem.ts.
16:41:12.118 debug: Resolve file:///D:/Game-Engine%20Projects/Blazing7Test/assets/menu-bundle/DEEP_SEA/script/DeepSeaBonusStone.ts from cce:/internal/x/prerequisite-imports as file:///D:/Game-Engine%20Projects/Blazing7Test/assets/menu-bundle/DEEP_SEA/script/DeepSeaBonusStone.ts.
16:41:12.118 debug: Resolve file:///D:/Game-Engine%20Projects/Blazing7Test/assets/menu-bundle/DEEP_SEA/script/DeepSeaBonusWin.ts from cce:/internal/x/prerequisite-imports as file:///D:/Game-Engine%20Projects/Blazing7Test/assets/menu-bundle/DEEP_SEA/script/DeepSeaBonusWin.ts.
16:41:12.119 debug: Resolve file:///D:/Game-Engine%20Projects/Blazing7Test/assets/menu-bundle/DEEP_SEA/script/DeepSeaBonusWinItem.ts from cce:/internal/x/prerequisite-imports as file:///D:/Game-Engine%20Projects/Blazing7Test/assets/menu-bundle/DEEP_SEA/script/DeepSeaBonusWinItem.ts.
16:41:12.119 debug: Resolve file:///D:/Game-Engine%20Projects/Blazing7Test/assets/menu-bundle/DEEP_SEA/script/DeepSeaBubbleNumItem.ts from cce:/internal/x/prerequisite-imports as file:///D:/Game-Engine%20Projects/Blazing7Test/assets/menu-bundle/DEEP_SEA/script/DeepSeaBubbleNumItem.ts.
16:41:12.119 debug: Resolve file:///D:/Game-Engine%20Projects/Blazing7Test/assets/menu-bundle/DEEP_SEA/script/DeepSeaBubbleScene.ts from cce:/internal/x/prerequisite-imports as file:///D:/Game-Engine%20Projects/Blazing7Test/assets/menu-bundle/DEEP_SEA/script/DeepSeaBubbleScene.ts.
16:41:12.119 debug: Resolve file:///D:/Game-Engine%20Projects/Blazing7Test/assets/menu-bundle/DEEP_SEA/script/DeepSeaBubbles.ts from cce:/internal/x/prerequisite-imports as file:///D:/Game-Engine%20Projects/Blazing7Test/assets/menu-bundle/DEEP_SEA/script/DeepSeaBubbles.ts.
16:41:12.119 debug: Resolve file:///D:/Game-Engine%20Projects/Blazing7Test/assets/menu-bundle/DEEP_SEA/script/DeepSeaCard.ts from cce:/internal/x/prerequisite-imports as file:///D:/Game-Engine%20Projects/Blazing7Test/assets/menu-bundle/DEEP_SEA/script/DeepSeaCard.ts.
16:41:12.119 debug: Resolve file:///D:/Game-Engine%20Projects/Blazing7Test/assets/menu-bundle/DEEP_SEA/script/DeepSeaCardDetails.ts from cce:/internal/x/prerequisite-imports as file:///D:/Game-Engine%20Projects/Blazing7Test/assets/menu-bundle/DEEP_SEA/script/DeepSeaCardDetails.ts.
16:41:12.119 debug: Resolve file:///D:/Game-Engine%20Projects/Blazing7Test/assets/menu-bundle/DEEP_SEA/script/DeepSeaCloudFloat.ts from cce:/internal/x/prerequisite-imports as file:///D:/Game-Engine%20Projects/Blazing7Test/assets/menu-bundle/DEEP_SEA/script/DeepSeaCloudFloat.ts.
16:41:12.120 debug: Resolve file:///D:/Game-Engine%20Projects/Blazing7Test/assets/menu-bundle/DEEP_SEA/script/DeepSeaFish.ts from cce:/internal/x/prerequisite-imports as file:///D:/Game-Engine%20Projects/Blazing7Test/assets/menu-bundle/DEEP_SEA/script/DeepSeaFish.ts.
16:41:12.120 debug: Resolve file:///D:/Game-Engine%20Projects/Blazing7Test/assets/menu-bundle/DEEP_SEA/script/DeepSeaGameRecord.ts from cce:/internal/x/prerequisite-imports as file:///D:/Game-Engine%20Projects/Blazing7Test/assets/menu-bundle/DEEP_SEA/script/DeepSeaGameRecord.ts.
16:41:12.120 debug: Resolve file:///D:/Game-Engine%20Projects/Blazing7Test/assets/menu-bundle/DEEP_SEA/script/DeepSeaMainGame.ts from cce:/internal/x/prerequisite-imports as file:///D:/Game-Engine%20Projects/Blazing7Test/assets/menu-bundle/DEEP_SEA/script/DeepSeaMainGame.ts.
16:41:12.120 debug: Resolve file:///D:/Game-Engine%20Projects/Blazing7Test/assets/menu-bundle/DEEP_SEA/script/DeepSeaMyNumber.ts from cce:/internal/x/prerequisite-imports as file:///D:/Game-Engine%20Projects/Blazing7Test/assets/menu-bundle/DEEP_SEA/script/DeepSeaMyNumber.ts.
16:41:12.120 debug: Resolve file:///D:/Game-Engine%20Projects/Blazing7Test/assets/menu-bundle/DEEP_SEA/script/DeepSeaReview.ts from cce:/internal/x/prerequisite-imports as file:///D:/Game-Engine%20Projects/Blazing7Test/assets/menu-bundle/DEEP_SEA/script/DeepSeaReview.ts.
16:41:12.121 debug: Resolve file:///D:/Game-Engine%20Projects/Blazing7Test/assets/menu-bundle/DEEP_SEA/script/DeepSeaSceneTranstion.ts from cce:/internal/x/prerequisite-imports as file:///D:/Game-Engine%20Projects/Blazing7Test/assets/menu-bundle/DEEP_SEA/script/DeepSeaSceneTranstion.ts.
16:41:12.121 debug: Resolve file:///D:/Game-Engine%20Projects/Blazing7Test/assets/menu-bundle/DEEP_SEA/script/DeepSeaSuperBonus.ts from cce:/internal/x/prerequisite-imports as file:///D:/Game-Engine%20Projects/Blazing7Test/assets/menu-bundle/DEEP_SEA/script/DeepSeaSuperBonus.ts.
16:41:12.121 debug: Resolve file:///D:/Game-Engine%20Projects/Blazing7Test/assets/menu-bundle/DEEP_SEA/script/DeepSeaSuperBonusGame.ts from cce:/internal/x/prerequisite-imports as file:///D:/Game-Engine%20Projects/Blazing7Test/assets/menu-bundle/DEEP_SEA/script/DeepSeaSuperBonusGame.ts.
16:41:12.121 debug: Resolve file:///D:/Game-Engine%20Projects/Blazing7Test/assets/menu-bundle/DEEP_SEA/script/DeepSeaWater.ts from cce:/internal/x/prerequisite-imports as file:///D:/Game-Engine%20Projects/Blazing7Test/assets/menu-bundle/DEEP_SEA/script/DeepSeaWater.ts.
16:41:12.121 debug: Resolve file:///D:/Game-Engine%20Projects/Blazing7Test/assets/menu-bundle/DEEP_SEA/script/DeepSeaWinNum.ts from cce:/internal/x/prerequisite-imports as file:///D:/Game-Engine%20Projects/Blazing7Test/assets/menu-bundle/DEEP_SEA/script/DeepSeaWinNum.ts.
16:41:12.121 debug: Resolve file:///D:/Game-Engine%20Projects/Blazing7Test/assets/menu-bundle/DEEP_SEA/script/data/DeepSeaAudio.ts from cce:/internal/x/prerequisite-imports as file:///D:/Game-Engine%20Projects/Blazing7Test/assets/menu-bundle/DEEP_SEA/script/data/DeepSeaAudio.ts.
16:41:12.121 debug: Resolve file:///D:/Game-Engine%20Projects/Blazing7Test/assets/menu-bundle/DEEP_SEA/script/data/DeepSeaCardData.ts from cce:/internal/x/prerequisite-imports as file:///D:/Game-Engine%20Projects/Blazing7Test/assets/menu-bundle/DEEP_SEA/script/data/DeepSeaCardData.ts.
16:41:12.122 debug: Resolve file:///D:/Game-Engine%20Projects/Blazing7Test/assets/menu-bundle/DEEP_SEA/script/data/DeepSeaEvent.ts from cce:/internal/x/prerequisite-imports as file:///D:/Game-Engine%20Projects/Blazing7Test/assets/menu-bundle/DEEP_SEA/script/data/DeepSeaEvent.ts.
16:41:12.122 debug: Resolve file:///D:/Game-Engine%20Projects/Blazing7Test/assets/menu-bundle/DEEP_SEA/script/data/DeepSeaRes.ts from cce:/internal/x/prerequisite-imports as file:///D:/Game-Engine%20Projects/Blazing7Test/assets/menu-bundle/DEEP_SEA/script/data/DeepSeaRes.ts.
16:41:12.122 debug: Resolve file:///D:/Game-Engine%20Projects/Blazing7Test/assets/menu-bundle/GINTO_MATCH/script/BundleTrajectoryGinto.ts from cce:/internal/x/prerequisite-imports as file:///D:/Game-Engine%20Projects/Blazing7Test/assets/menu-bundle/GINTO_MATCH/script/BundleTrajectoryGinto.ts.
16:41:12.123 debug: Resolve file:///D:/Game-Engine%20Projects/Blazing7Test/assets/menu-bundle/GINTO_MATCH/script/CardFragmentView.ts from cce:/internal/x/prerequisite-imports as file:///D:/Game-Engine%20Projects/Blazing7Test/assets/menu-bundle/GINTO_MATCH/script/CardFragmentView.ts.
16:41:12.123 debug: Resolve file:///D:/Game-Engine%20Projects/Blazing7Test/assets/menu-bundle/GINTO_MATCH/script/CardReviewGinto.ts from cce:/internal/x/prerequisite-imports as file:///D:/Game-Engine%20Projects/Blazing7Test/assets/menu-bundle/GINTO_MATCH/script/CardReviewGinto.ts.
16:41:12.123 debug: Resolve file:///D:/Game-Engine%20Projects/Blazing7Test/assets/menu-bundle/GINTO_MATCH/script/CardReviewMask.ts from cce:/internal/x/prerequisite-imports as file:///D:/Game-Engine%20Projects/Blazing7Test/assets/menu-bundle/GINTO_MATCH/script/CardReviewMask.ts.
16:41:12.123 debug: Resolve file:///D:/Game-Engine%20Projects/Blazing7Test/assets/menu-bundle/GINTO_MATCH/script/CardReviewRenderer.ts from cce:/internal/x/prerequisite-imports as file:///D:/Game-Engine%20Projects/Blazing7Test/assets/menu-bundle/GINTO_MATCH/script/CardReviewRenderer.ts.
16:41:12.124 debug: Resolve file:///D:/Game-Engine%20Projects/Blazing7Test/assets/menu-bundle/GINTO_MATCH/script/CardReviewSystem.ts from cce:/internal/x/prerequisite-imports as file:///D:/Game-Engine%20Projects/Blazing7Test/assets/menu-bundle/GINTO_MATCH/script/CardReviewSystem.ts.
16:41:12.124 debug: Resolve file:///D:/Game-Engine%20Projects/Blazing7Test/assets/menu-bundle/GINTO_MATCH/script/CardTypes.ts from cce:/internal/x/prerequisite-imports as file:///D:/Game-Engine%20Projects/Blazing7Test/assets/menu-bundle/GINTO_MATCH/script/CardTypes.ts.
16:41:12.124 debug: Resolve file:///D:/Game-Engine%20Projects/Blazing7Test/assets/menu-bundle/GINTO_MATCH/script/FragmentView.ts from cce:/internal/x/prerequisite-imports as file:///D:/Game-Engine%20Projects/Blazing7Test/assets/menu-bundle/GINTO_MATCH/script/FragmentView.ts.
16:41:12.124 debug: Resolve file:///D:/Game-Engine%20Projects/Blazing7Test/assets/menu-bundle/GINTO_MATCH/script/ScratchAutoPlayer.ts from cce:/internal/x/prerequisite-imports as file:///D:/Game-Engine%20Projects/Blazing7Test/assets/menu-bundle/GINTO_MATCH/script/ScratchAutoPlayer.ts.
16:41:12.125 debug: Resolve file:///D:/Game-Engine%20Projects/Blazing7Test/assets/menu-bundle/GINTO_MATCH/script/ScratchMask.ts from cce:/internal/x/prerequisite-imports as file:///D:/Game-Engine%20Projects/Blazing7Test/assets/menu-bundle/GINTO_MATCH/script/ScratchMask.ts.
16:41:12.125 debug: Resolve file:///D:/Game-Engine%20Projects/Blazing7Test/assets/menu-bundle/GINTO_MATCH/script/ScratchRenderer.ts from cce:/internal/x/prerequisite-imports as file:///D:/Game-Engine%20Projects/Blazing7Test/assets/menu-bundle/GINTO_MATCH/script/ScratchRenderer.ts.
16:41:12.125 debug: Resolve file:///D:/Game-Engine%20Projects/Blazing7Test/assets/menu-bundle/GINTO_MATCH/script/ScratchSound.ts from cce:/internal/x/prerequisite-imports as file:///D:/Game-Engine%20Projects/Blazing7Test/assets/menu-bundle/GINTO_MATCH/script/ScratchSound.ts.
16:41:12.126 debug: Resolve file:///D:/Game-Engine%20Projects/Blazing7Test/assets/menu-bundle/GINTO_MATCH/script/ScratchSystem.ts from cce:/internal/x/prerequisite-imports as file:///D:/Game-Engine%20Projects/Blazing7Test/assets/menu-bundle/GINTO_MATCH/script/ScratchSystem.ts.
16:41:12.126 debug: Resolve file:///D:/Game-Engine%20Projects/Blazing7Test/assets/menu-bundle/GINTO_MATCH/script/ScratchTrajectory.ts from cce:/internal/x/prerequisite-imports as file:///D:/Game-Engine%20Projects/Blazing7Test/assets/menu-bundle/GINTO_MATCH/script/ScratchTrajectory.ts.
16:41:12.126 debug: Resolve file:///D:/Game-Engine%20Projects/Blazing7Test/assets/menu-bundle/GINTO_MATCH/script/ScratchTypes.ts from cce:/internal/x/prerequisite-imports as file:///D:/Game-Engine%20Projects/Blazing7Test/assets/menu-bundle/GINTO_MATCH/script/ScratchTypes.ts.
16:41:12.126 debug: Resolve file:///D:/Game-Engine%20Projects/Blazing7Test/assets/menu-bundle/LUCKY_COLORS2/script/LuckyColor_CCFlopCard.ts from cce:/internal/x/prerequisite-imports as file:///D:/Game-Engine%20Projects/Blazing7Test/assets/menu-bundle/LUCKY_COLORS2/script/LuckyColor_CCFlopCard.ts.
16:41:12.127 debug: Resolve file:///D:/Game-Engine%20Projects/Blazing7Test/assets/menu-bundle/LUCKY_COLORS2/script/LuckyColor_Card.ts from cce:/internal/x/prerequisite-imports as file:///D:/Game-Engine%20Projects/Blazing7Test/assets/menu-bundle/LUCKY_COLORS2/script/LuckyColor_Card.ts.
16:41:12.127 debug: Resolve file:///D:/Game-Engine%20Projects/Blazing7Test/assets/menu-bundle/LUCKY_COLORS2/script/LuckyColor_CardItemColor.ts from cce:/internal/x/prerequisite-imports as file:///D:/Game-Engine%20Projects/Blazing7Test/assets/menu-bundle/LUCKY_COLORS2/script/LuckyColor_CardItemColor.ts.
16:41:12.127 debug: Resolve file:///D:/Game-Engine%20Projects/Blazing7Test/assets/menu-bundle/LUCKY_COLORS2/script/LuckyColor_CardReview.ts from cce:/internal/x/prerequisite-imports as file:///D:/Game-Engine%20Projects/Blazing7Test/assets/menu-bundle/LUCKY_COLORS2/script/LuckyColor_CardReview.ts.
16:41:12.127 debug: Resolve file:///D:/Game-Engine%20Projects/Blazing7Test/assets/menu-bundle/LUCKY_COLORS2/script/LuckyColor_Color_Win.ts from cce:/internal/x/prerequisite-imports as file:///D:/Game-Engine%20Projects/Blazing7Test/assets/menu-bundle/LUCKY_COLORS2/script/LuckyColor_Color_Win.ts.
16:41:12.127 debug: Resolve file:///D:/Game-Engine%20Projects/Blazing7Test/assets/menu-bundle/LUCKY_COLORS2/script/LuckyColor_Default_Card.ts from cce:/internal/x/prerequisite-imports as file:///D:/Game-Engine%20Projects/Blazing7Test/assets/menu-bundle/LUCKY_COLORS2/script/LuckyColor_Default_Card.ts.
16:41:12.127 debug: Resolve file:///D:/Game-Engine%20Projects/Blazing7Test/assets/menu-bundle/LUCKY_COLORS2/script/LuckyColor_HelpView.ts from cce:/internal/x/prerequisite-imports as file:///D:/Game-Engine%20Projects/Blazing7Test/assets/menu-bundle/LUCKY_COLORS2/script/LuckyColor_HelpView.ts.
16:41:12.128 debug: Resolve file:///D:/Game-Engine%20Projects/Blazing7Test/assets/menu-bundle/LUCKY_COLORS2/script/LuckyColor_ScratchBonus.ts from cce:/internal/x/prerequisite-imports as file:///D:/Game-Engine%20Projects/Blazing7Test/assets/menu-bundle/LUCKY_COLORS2/script/LuckyColor_ScratchBonus.ts.
16:41:12.128 debug: Resolve file:///D:/Game-Engine%20Projects/Blazing7Test/assets/menu-bundle/PIKA2/script/BundleCardDetailFoodItem.ts from cce:/internal/x/prerequisite-imports as file:///D:/Game-Engine%20Projects/Blazing7Test/assets/menu-bundle/PIKA2/script/BundleCardDetailFoodItem.ts.
16:41:12.128 debug: Resolve file:///D:/Game-Engine%20Projects/Blazing7Test/assets/menu-bundle/PIKA2/script/BundleLeafItem.ts from cce:/internal/x/prerequisite-imports as file:///D:/Game-Engine%20Projects/Blazing7Test/assets/menu-bundle/PIKA2/script/BundleLeafItem.ts.
16:41:12.128 debug: Resolve file:///D:/Game-Engine%20Projects/Blazing7Test/assets/menu-bundle/PIKA2/script/BundleLeafManager.ts from cce:/internal/x/prerequisite-imports as file:///D:/Game-Engine%20Projects/Blazing7Test/assets/menu-bundle/PIKA2/script/BundleLeafManager.ts.
16:41:12.128 debug: Resolve file:///D:/Game-Engine%20Projects/Blazing7Test/assets/menu-bundle/PIKA2/script/BundlePikaCardTrajectoryComponent.ts from cce:/internal/x/prerequisite-imports as file:///D:/Game-Engine%20Projects/Blazing7Test/assets/menu-bundle/PIKA2/script/BundlePikaCardTrajectoryComponent.ts.
16:41:12.128 debug: Resolve file:///D:/Game-Engine%20Projects/Blazing7Test/assets/menu-bundle/PIKA2/script/BundleTrajectory.ts from cce:/internal/x/prerequisite-imports as file:///D:/Game-Engine%20Projects/Blazing7Test/assets/menu-bundle/PIKA2/script/BundleTrajectory.ts.
16:41:12.128 debug: Resolve file:///D:/Game-Engine%20Projects/Blazing7Test/assets/menu-bundle/script/api/GameApi.ts from cce:/internal/x/prerequisite-imports as file:///D:/Game-Engine%20Projects/Blazing7Test/assets/menu-bundle/script/api/GameApi.ts.
16:41:12.129 debug: Resolve file:///D:/Game-Engine%20Projects/Blazing7Test/assets/menu-bundle/script/base/BundleBasePanel.ts from cce:/internal/x/prerequisite-imports as file:///D:/Game-Engine%20Projects/Blazing7Test/assets/menu-bundle/script/base/BundleBasePanel.ts.
16:41:12.129 debug: Resolve file:///D:/Game-Engine%20Projects/Blazing7Test/assets/menu-bundle/script/base/BundleBaseUI.ts from cce:/internal/x/prerequisite-imports as file:///D:/Game-Engine%20Projects/Blazing7Test/assets/menu-bundle/script/base/BundleBaseUI.ts.
16:41:12.129 debug: Resolve file:///D:/Game-Engine%20Projects/Blazing7Test/assets/menu-bundle/script/base/BundleSingleButton.ts from cce:/internal/x/prerequisite-imports as file:///D:/Game-Engine%20Projects/Blazing7Test/assets/menu-bundle/script/base/BundleSingleButton.ts.
16:41:12.129 debug: Resolve file:///D:/Game-Engine%20Projects/Blazing7Test/assets/menu-bundle/script/eui/BundleUIKeys.ts from cce:/internal/x/prerequisite-imports as file:///D:/Game-Engine%20Projects/Blazing7Test/assets/menu-bundle/script/eui/BundleUIKeys.ts.
16:41:12.129 debug: Resolve file:///D:/Game-Engine%20Projects/Blazing7Test/assets/menu-bundle/script/interfaces/IMenuDependencies.ts from cce:/internal/x/prerequisite-imports as file:///D:/Game-Engine%20Projects/Blazing7Test/assets/menu-bundle/script/interfaces/IMenuDependencies.ts.
16:41:12.129 debug: Resolve file:///D:/Game-Engine%20Projects/Blazing7Test/assets/menu-bundle/script/manager/MessageFlag.ts from cce:/internal/x/prerequisite-imports as file:///D:/Game-Engine%20Projects/Blazing7Test/assets/menu-bundle/script/manager/MessageFlag.ts.
16:41:12.129 debug: Resolve file:///D:/Game-Engine%20Projects/Blazing7Test/assets/menu-bundle/script/types/AniType.ts from cce:/internal/x/prerequisite-imports as file:///D:/Game-Engine%20Projects/Blazing7Test/assets/menu-bundle/script/types/AniType.ts.
16:41:12.129 debug: Resolve file:///D:/Game-Engine%20Projects/Blazing7Test/assets/menu-bundle/script/utils/BundleGameUtils.ts from cce:/internal/x/prerequisite-imports as file:///D:/Game-Engine%20Projects/Blazing7Test/assets/menu-bundle/script/utils/BundleGameUtils.ts.
16:41:12.130 debug: Resolve file:///D:/Game-Engine%20Projects/Blazing7Test/assets/menu-bundle/script/utils/analytics_bridge.ts from cce:/internal/x/prerequisite-imports as file:///D:/Game-Engine%20Projects/Blazing7Test/assets/menu-bundle/script/utils/analytics_bridge.ts.
16:41:12.130 debug: Resolve file:///D:/Game-Engine%20Projects/Blazing7Test/assets/menu-bundle/script/utils/logger.ts from cce:/internal/x/prerequisite-imports as file:///D:/Game-Engine%20Projects/Blazing7Test/assets/menu-bundle/script/utils/logger.ts.
16:41:12.130 debug: Resolve file:///D:/Game-Engine%20Projects/Blazing7Test/assets/menu-bundle/script/view/BundleBigWin.ts from cce:/internal/x/prerequisite-imports as file:///D:/Game-Engine%20Projects/Blazing7Test/assets/menu-bundle/script/view/BundleBigWin.ts.
16:41:12.130 debug: Resolve file:///D:/Game-Engine%20Projects/Blazing7Test/assets/menu-bundle/script/view/BundleBigWinItem.ts from cce:/internal/x/prerequisite-imports as file:///D:/Game-Engine%20Projects/Blazing7Test/assets/menu-bundle/script/view/BundleBigWinItem.ts.
16:41:12.130 debug: Resolve file:///D:/Game-Engine%20Projects/Blazing7Test/assets/menu-bundle/script/view/BundleCardDetail.ts from cce:/internal/x/prerequisite-imports as file:///D:/Game-Engine%20Projects/Blazing7Test/assets/menu-bundle/script/view/BundleCardDetail.ts.
16:41:12.130 debug: Resolve file:///D:/Game-Engine%20Projects/Blazing7Test/assets/menu-bundle/script/view/BundleCardInfoItem.ts from cce:/internal/x/prerequisite-imports as file:///D:/Game-Engine%20Projects/Blazing7Test/assets/menu-bundle/script/view/BundleCardInfoItem.ts.
16:41:12.130 debug: Resolve file:///D:/Game-Engine%20Projects/Blazing7Test/assets/menu-bundle/script/view/BundleCardSale.ts from cce:/internal/x/prerequisite-imports as file:///D:/Game-Engine%20Projects/Blazing7Test/assets/menu-bundle/script/view/BundleCardSale.ts.
16:41:12.130 debug: Resolve file:///D:/Game-Engine%20Projects/Blazing7Test/assets/menu-bundle/script/view/BundleCardSaleItem.ts from cce:/internal/x/prerequisite-imports as file:///D:/Game-Engine%20Projects/Blazing7Test/assets/menu-bundle/script/view/BundleCardSaleItem.ts.
16:41:12.131 debug: Resolve file:///D:/Game-Engine%20Projects/Blazing7Test/assets/menu-bundle/script/view/BundleFiltter.ts from cce:/internal/x/prerequisite-imports as file:///D:/Game-Engine%20Projects/Blazing7Test/assets/menu-bundle/script/view/BundleFiltter.ts.
16:41:12.131 debug: Resolve file:///D:/Game-Engine%20Projects/Blazing7Test/assets/menu-bundle/script/view/BundleGameItem.ts from cce:/internal/x/prerequisite-imports as file:///D:/Game-Engine%20Projects/Blazing7Test/assets/menu-bundle/script/view/BundleGameItem.ts.
16:41:12.131 debug: Resolve file:///D:/Game-Engine%20Projects/Blazing7Test/assets/menu-bundle/script/view/BundleGameRecords.ts from cce:/internal/x/prerequisite-imports as file:///D:/Game-Engine%20Projects/Blazing7Test/assets/menu-bundle/script/view/BundleGameRecords.ts.
16:41:12.131 debug: Resolve file:///D:/Game-Engine%20Projects/Blazing7Test/assets/menu-bundle/script/view/BundleGameRules.ts from cce:/internal/x/prerequisite-imports as file:///D:/Game-Engine%20Projects/Blazing7Test/assets/menu-bundle/script/view/BundleGameRules.ts.
16:41:12.131 debug: Resolve file:///D:/Game-Engine%20Projects/Blazing7Test/assets/menu-bundle/script/view/BundleGrandPirzeItem.ts from cce:/internal/x/prerequisite-imports as file:///D:/Game-Engine%20Projects/Blazing7Test/assets/menu-bundle/script/view/BundleGrandPirzeItem.ts.
16:41:12.167 debug: Resolve file:///D:/Game-Engine%20Projects/Blazing7Test/assets/menu-bundle/script/view/BundleGrandPrize.ts from cce:/internal/x/prerequisite-imports as file:///D:/Game-Engine%20Projects/Blazing7Test/assets/menu-bundle/script/view/BundleGrandPrize.ts.
16:41:12.167 debug: Resolve file:///D:/Game-Engine%20Projects/Blazing7Test/assets/menu-bundle/script/view/BundleHonorBoard.ts from cce:/internal/x/prerequisite-imports as file:///D:/Game-Engine%20Projects/Blazing7Test/assets/menu-bundle/script/view/BundleHonorBoard.ts.
16:41:12.167 debug: Resolve file:///D:/Game-Engine%20Projects/Blazing7Test/assets/menu-bundle/script/view/BundleMenu.ts from cce:/internal/x/prerequisite-imports as file:///D:/Game-Engine%20Projects/Blazing7Test/assets/menu-bundle/script/view/BundleMenu.ts.
16:41:12.167 debug: Resolve file:///D:/Game-Engine%20Projects/Blazing7Test/assets/menu-bundle/script/view/BundleOtherGames.ts from cce:/internal/x/prerequisite-imports as file:///D:/Game-Engine%20Projects/Blazing7Test/assets/menu-bundle/script/view/BundleOtherGames.ts.
16:41:12.167 debug: Resolve file:///D:/Game-Engine%20Projects/Blazing7Test/assets/menu-bundle/script/view/BundleRecordItem.ts from cce:/internal/x/prerequisite-imports as file:///D:/Game-Engine%20Projects/Blazing7Test/assets/menu-bundle/script/view/BundleRecordItem.ts.
16:41:12.167 debug: Resolve file:///D:/Game-Engine%20Projects/Blazing7Test/assets/menu-bundle/script/view/BundleTopItem.ts from cce:/internal/x/prerequisite-imports as file:///D:/Game-Engine%20Projects/Blazing7Test/assets/menu-bundle/script/view/BundleTopItem.ts.
16:41:12.167 debug: Resolve file:///D:/Game-Engine%20Projects/Blazing7Test/assets/menu-bundle/script/view/BundleTopItemCardSale.ts from cce:/internal/x/prerequisite-imports as file:///D:/Game-Engine%20Projects/Blazing7Test/assets/menu-bundle/script/view/BundleTopItemCardSale.ts.
16:41:12.167 debug: Resolve file:///D:/Game-Engine%20Projects/Blazing7Test/assets/menu-bundle/script/view/PopupCardDetail.ts from cce:/internal/x/prerequisite-imports as file:///D:/Game-Engine%20Projects/Blazing7Test/assets/menu-bundle/script/view/PopupCardDetail.ts.
16:41:12.170 debug: Target(preview) ends with cost 116.85829999999987ms.
16:42:35.281 debug: Dispatch build request for time accumulated 2 asset changes.
16:42:35.282 debug: Build iteration starts.
Number of accumulated asset changes: 2
Feature changed: false
16:42:35.283 debug: Target(editor) build started.
16:42:35.284 debug: Detected change: cce:/internal/x/prerequisite-imports. Last mtime: Thu Jan 01 1970 08:00:06 GMT+0800 (Philippine Standard Time), Current mtime: Thu Jan 01 1970 08:01:29 GMT+0800 (Philippine Standard Time)
16:42:35.284 debug: Inspect cce:/internal/x/prerequisite-imports
16:42:35.329 debug: transform url: 'cce:/internal/x/prerequisite-imports' costs: 44.70 ms
16:42:35.331 debug: Resolve file:///C:/ProgramData/cocos/editors/Creator/3.8.5/resources/resources/3d/engine/editor/assets/default_renderpipeline/builtin-dof-pass.ts from cce:/internal/x/prerequisite-imports as file:///C:/ProgramData/cocos/editors/Creator/3.8.5/resources/resources/3d/engine/editor/assets/default_renderpipeline/builtin-dof-pass.ts.
16:42:35.331 debug: Resolve file:///C:/ProgramData/cocos/editors/Creator/3.8.5/resources/resources/3d/engine/editor/assets/default_renderpipeline/builtin-pipeline-pass.ts from cce:/internal/x/prerequisite-imports as file:///C:/ProgramData/cocos/editors/Creator/3.8.5/resources/resources/3d/engine/editor/assets/default_renderpipeline/builtin-pipeline-pass.ts.
16:42:35.332 debug: Resolve file:///C:/ProgramData/cocos/editors/Creator/3.8.5/resources/resources/3d/engine/editor/assets/default_renderpipeline/builtin-pipeline-settings.ts from cce:/internal/x/prerequisite-imports as file:///C:/ProgramData/cocos/editors/Creator/3.8.5/resources/resources/3d/engine/editor/assets/default_renderpipeline/builtin-pipeline-settings.ts.
16:42:35.332 debug: Resolve file:///C:/ProgramData/cocos/editors/Creator/3.8.5/resources/resources/3d/engine/editor/assets/default_renderpipeline/builtin-pipeline-types.ts from cce:/internal/x/prerequisite-imports as file:///C:/ProgramData/cocos/editors/Creator/3.8.5/resources/resources/3d/engine/editor/assets/default_renderpipeline/builtin-pipeline-types.ts.
16:42:35.333 debug: Resolve file:///C:/ProgramData/cocos/editors/Creator/3.8.5/resources/resources/3d/engine/editor/assets/default_renderpipeline/builtin-pipeline.ts from cce:/internal/x/prerequisite-imports as file:///C:/ProgramData/cocos/editors/Creator/3.8.5/resources/resources/3d/engine/editor/assets/default_renderpipeline/builtin-pipeline.ts.
16:42:35.333 debug: Resolve file:///C:/ProgramData/cocos/editors/Creator/3.8.5/resources/resources/3d/engine/editor/assets/tools/debug-view-runtime-control.ts from cce:/internal/x/prerequisite-imports as file:///C:/ProgramData/cocos/editors/Creator/3.8.5/resources/resources/3d/engine/editor/assets/tools/debug-view-runtime-control.ts.
16:42:35.333 debug: Resolve file:///D:/Game-Engine%20Projects/Blazing7Test/assets/Scripts/Api/ApiCore.ts from cce:/internal/x/prerequisite-imports as file:///D:/Game-Engine%20Projects/Blazing7Test/assets/Scripts/Api/ApiCore.ts.
16:42:35.334 debug: Resolve file:///D:/Game-Engine%20Projects/Blazing7Test/assets/Scripts/Api/ApiError.ts from cce:/internal/x/prerequisite-imports as file:///D:/Game-Engine%20Projects/Blazing7Test/assets/Scripts/Api/ApiError.ts.
16:42:35.334 debug: Resolve file:///D:/Game-Engine%20Projects/Blazing7Test/assets/Scripts/Api/ApiManager.ts from cce:/internal/x/prerequisite-imports as file:///D:/Game-Engine%20Projects/Blazing7Test/assets/Scripts/Api/ApiManager.ts.
16:42:35.334 debug: Resolve file:///D:/Game-Engine%20Projects/Blazing7Test/assets/Scripts/Api/GameApi.ts from cce:/internal/x/prerequisite-imports as file:///D:/Game-Engine%20Projects/Blazing7Test/assets/Scripts/Api/GameApi.ts.
16:42:35.334 debug: Resolve file:///D:/Game-Engine%20Projects/Blazing7Test/assets/Scripts/Card/NumberCardView.ts from cce:/internal/x/prerequisite-imports as file:///D:/Game-Engine%20Projects/Blazing7Test/assets/Scripts/Card/NumberCardView.ts.
16:42:35.334 debug: Resolve file:///D:/Game-Engine%20Projects/Blazing7Test/assets/Scripts/Card/ScratchCard.ts from cce:/internal/x/prerequisite-imports as file:///D:/Game-Engine%20Projects/Blazing7Test/assets/Scripts/Card/ScratchCard.ts.
16:42:35.335 debug: Resolve file:///D:/Game-Engine%20Projects/Blazing7Test/assets/Scripts/Card/ScratchCardView.ts from cce:/internal/x/prerequisite-imports as file:///D:/Game-Engine%20Projects/Blazing7Test/assets/Scripts/Card/ScratchCardView.ts.
16:42:35.335 debug: Resolve file:///D:/Game-Engine%20Projects/Blazing7Test/assets/Scripts/Data/GameData.ts from cce:/internal/x/prerequisite-imports as file:///D:/Game-Engine%20Projects/Blazing7Test/assets/Scripts/Data/GameData.ts.
16:42:35.335 debug: Resolve file:///D:/Game-Engine%20Projects/Blazing7Test/assets/Scripts/Data/GameUserInfo.ts from cce:/internal/x/prerequisite-imports as file:///D:/Game-Engine%20Projects/Blazing7Test/assets/Scripts/Data/GameUserInfo.ts.
16:42:35.335 debug: Resolve file:///D:/Game-Engine%20Projects/Blazing7Test/assets/Scripts/Data/TicketData.ts from cce:/internal/x/prerequisite-imports as file:///D:/Game-Engine%20Projects/Blazing7Test/assets/Scripts/Data/TicketData.ts.
16:42:35.335 debug: Resolve file:///D:/Game-Engine%20Projects/Blazing7Test/assets/Scripts/Data/TicketItem.ts from cce:/internal/x/prerequisite-imports as file:///D:/Game-Engine%20Projects/Blazing7Test/assets/Scripts/Data/TicketItem.ts.
16:42:35.336 debug: Resolve file:///D:/Game-Engine%20Projects/Blazing7Test/assets/Scripts/EventListener/BaseEventListener.ts from cce:/internal/x/prerequisite-imports as file:///D:/Game-Engine%20Projects/Blazing7Test/assets/Scripts/EventListener/BaseEventListener.ts.
16:42:35.336 debug: Resolve file:///D:/Game-Engine%20Projects/Blazing7Test/assets/Scripts/Game/DragonsEyeIntro.ts from cce:/internal/x/prerequisite-imports as file:///D:/Game-Engine%20Projects/Blazing7Test/assets/Scripts/Game/DragonsEyeIntro.ts.
16:42:35.336 debug: Resolve file:///D:/Game-Engine%20Projects/Blazing7Test/assets/Scripts/Game/Game.ts from cce:/internal/x/prerequisite-imports as file:///D:/Game-Engine%20Projects/Blazing7Test/assets/Scripts/Game/Game.ts.
16:42:35.336 debug: Detected change: file:///D:/Game-Engine%20Projects/Blazing7Test/assets/Scripts/Game/Game.ts. Last mtime: Thu May 14 2026 16:40:37 GMT+0800 (Philippine Standard Time)@e6f142da-2203-4097-b483-6c047c4bf6da, Current mtime: Thu May 14 2026 16:42:34 GMT+0800 (Philippine Standard Time)@e6f142da-2203-4097-b483-6c047c4bf6da
16:42:35.336 debug: Inspect file:///D:/Game-Engine%20Projects/Blazing7Test/assets/Scripts/Game/Game.ts
16:42:35.434 debug: transform url: 'file:///D:/Game-Engine%20Projects/Blazing7Test/assets/Scripts/Game/Game.ts' costs: 97.30 ms
16:42:35.435 debug: Resolve file:///D:/Game-Engine%20Projects/Blazing7Test/assets/Scripts/Game/GameOptions.ts from cce:/internal/x/prerequisite-imports as file:///D:/Game-Engine%20Projects/Blazing7Test/assets/Scripts/Game/GameOptions.ts.
16:42:35.436 debug: Resolve file:///D:/Game-Engine%20Projects/Blazing7Test/assets/Scripts/Game/PricePopUpOptions.ts from cce:/internal/x/prerequisite-imports as file:///D:/Game-Engine%20Projects/Blazing7Test/assets/Scripts/Game/PricePopUpOptions.ts.
16:42:35.436 debug: Resolve file:///D:/Game-Engine%20Projects/Blazing7Test/assets/Scripts/Managers/AudioManager.ts from cce:/internal/x/prerequisite-imports as file:///D:/Game-Engine%20Projects/Blazing7Test/assets/Scripts/Managers/AudioManager.ts.
16:42:35.436 debug: Resolve file:///D:/Game-Engine%20Projects/Blazing7Test/assets/Scripts/Managers/GameManager.ts from cce:/internal/x/prerequisite-imports as file:///D:/Game-Engine%20Projects/Blazing7Test/assets/Scripts/Managers/GameManager.ts.
16:42:35.436 debug: Resolve file:///D:/Game-Engine%20Projects/Blazing7Test/assets/Scripts/Managers/PopUpManager.ts from cce:/internal/x/prerequisite-imports as file:///D:/Game-Engine%20Projects/Blazing7Test/assets/Scripts/Managers/PopUpManager.ts.
16:42:35.437 debug: Resolve file:///D:/Game-Engine%20Projects/Blazing7Test/assets/Scripts/Managers/ResourceManager.ts from cce:/internal/x/prerequisite-imports as file:///D:/Game-Engine%20Projects/Blazing7Test/assets/Scripts/Managers/ResourceManager.ts.
16:42:35.437 debug: Resolve file:///D:/Game-Engine%20Projects/Blazing7Test/assets/Scripts/Managers/SceneManager.ts from cce:/internal/x/prerequisite-imports as file:///D:/Game-Engine%20Projects/Blazing7Test/assets/Scripts/Managers/SceneManager.ts.
16:42:35.437 debug: Resolve file:///D:/Game-Engine%20Projects/Blazing7Test/assets/Scripts/Managers/Services.ts from cce:/internal/x/prerequisite-imports as file:///D:/Game-Engine%20Projects/Blazing7Test/assets/Scripts/Managers/Services.ts.
16:42:35.438 debug: Resolve file:///D:/Game-Engine%20Projects/Blazing7Test/assets/Scripts/Managers/WebsocketManager.ts from cce:/internal/x/prerequisite-imports as file:///D:/Game-Engine%20Projects/Blazing7Test/assets/Scripts/Managers/WebsocketManager.ts.
16:42:35.438 debug: Resolve file:///D:/Game-Engine%20Projects/Blazing7Test/assets/Scripts/Managers/WinBroadcastManager.ts from cce:/internal/x/prerequisite-imports as file:///D:/Game-Engine%20Projects/Blazing7Test/assets/Scripts/Managers/WinBroadcastManager.ts.
16:42:35.438 debug: Resolve file:///D:/Game-Engine%20Projects/Blazing7Test/assets/Scripts/Managers/WsConfig.ts from cce:/internal/x/prerequisite-imports as file:///D:/Game-Engine%20Projects/Blazing7Test/assets/Scripts/Managers/WsConfig.ts.
16:42:35.438 debug: Resolve file:///D:/Game-Engine%20Projects/Blazing7Test/assets/Scripts/Scratch/FragmentView.ts from cce:/internal/x/prerequisite-imports as file:///D:/Game-Engine%20Projects/Blazing7Test/assets/Scripts/Scratch/FragmentView.ts.
16:42:35.439 debug: Resolve file:///D:/Game-Engine%20Projects/Blazing7Test/assets/Scripts/Scratch/ScratchMask.ts from cce:/internal/x/prerequisite-imports as file:///D:/Game-Engine%20Projects/Blazing7Test/assets/Scripts/Scratch/ScratchMask.ts.
16:42:35.439 debug: Resolve file:///D:/Game-Engine%20Projects/Blazing7Test/assets/Scripts/Scratch/ScratchRenderer.ts from cce:/internal/x/prerequisite-imports as file:///D:/Game-Engine%20Projects/Blazing7Test/assets/Scripts/Scratch/ScratchRenderer.ts.
16:42:35.440 debug: Resolve file:///D:/Game-Engine%20Projects/Blazing7Test/assets/Scripts/Scratch/ScratchSystem.ts from cce:/internal/x/prerequisite-imports as file:///D:/Game-Engine%20Projects/Blazing7Test/assets/Scripts/Scratch/ScratchSystem.ts.
16:42:35.440 debug: Resolve file:///D:/Game-Engine%20Projects/Blazing7Test/assets/Scripts/Scratch/ScratchTrajectory.ts from cce:/internal/x/prerequisite-imports as file:///D:/Game-Engine%20Projects/Blazing7Test/assets/Scripts/Scratch/ScratchTrajectory.ts.
16:42:35.440 debug: Resolve file:///D:/Game-Engine%20Projects/Blazing7Test/assets/Scripts/Scratch/ScratchTypes.ts from cce:/internal/x/prerequisite-imports as file:///D:/Game-Engine%20Projects/Blazing7Test/assets/Scripts/Scratch/ScratchTypes.ts.
16:42:35.441 debug: Resolve file:///D:/Game-Engine%20Projects/Blazing7Test/assets/Scripts/Types/announcement.types.ts from cce:/internal/x/prerequisite-imports as file:///D:/Game-Engine%20Projects/Blazing7Test/assets/Scripts/Types/announcement.types.ts.
16:42:35.441 debug: Resolve file:///D:/Game-Engine%20Projects/Blazing7Test/assets/Scripts/Types/api.types.ts from cce:/internal/x/prerequisite-imports as file:///D:/Game-Engine%20Projects/Blazing7Test/assets/Scripts/Types/api.types.ts.
16:42:35.441 debug: Resolve file:///D:/Game-Engine%20Projects/Blazing7Test/assets/Scripts/Types/card.types.ts from cce:/internal/x/prerequisite-imports as file:///D:/Game-Engine%20Projects/Blazing7Test/assets/Scripts/Types/card.types.ts.
16:42:35.441 debug: Resolve file:///D:/Game-Engine%20Projects/Blazing7Test/assets/Scripts/Types/game.types.ts from cce:/internal/x/prerequisite-imports as file:///D:/Game-Engine%20Projects/Blazing7Test/assets/Scripts/Types/game.types.ts.
16:42:35.442 debug: Resolve file:///D:/Game-Engine%20Projects/Blazing7Test/assets/Scripts/Types/index.ts from cce:/internal/x/prerequisite-imports as file:///D:/Game-Engine%20Projects/Blazing7Test/assets/Scripts/Types/index.ts.
16:42:35.442 debug: Resolve file:///D:/Game-Engine%20Projects/Blazing7Test/assets/Scripts/Types/ranking.types.ts from cce:/internal/x/prerequisite-imports as file:///D:/Game-Engine%20Projects/Blazing7Test/assets/Scripts/Types/ranking.types.ts.
16:42:35.442 debug: Resolve file:///D:/Game-Engine%20Projects/Blazing7Test/assets/Scripts/Types/ticket.types.ts from cce:/internal/x/prerequisite-imports as file:///D:/Game-Engine%20Projects/Blazing7Test/assets/Scripts/Types/ticket.types.ts.
16:42:35.442 debug: Resolve file:///D:/Game-Engine%20Projects/Blazing7Test/assets/Scripts/Types/ui.types.ts from cce:/internal/x/prerequisite-imports as file:///D:/Game-Engine%20Projects/Blazing7Test/assets/Scripts/Types/ui.types.ts.
16:42:35.443 debug: Resolve file:///D:/Game-Engine%20Projects/Blazing7Test/assets/Scripts/Types/user.types.ts from cce:/internal/x/prerequisite-imports as file:///D:/Game-Engine%20Projects/Blazing7Test/assets/Scripts/Types/user.types.ts.
16:42:35.443 debug: Resolve file:///D:/Game-Engine%20Projects/Blazing7Test/assets/Scripts/UI/InteractableUIs/SingleButton.ts from cce:/internal/x/prerequisite-imports as file:///D:/Game-Engine%20Projects/Blazing7Test/assets/Scripts/UI/InteractableUIs/SingleButton.ts.
16:42:35.443 debug: Resolve file:///D:/Game-Engine%20Projects/Blazing7Test/assets/Scripts/UI/LastWin.ts from cce:/internal/x/prerequisite-imports as file:///D:/Game-Engine%20Projects/Blazing7Test/assets/Scripts/UI/LastWin.ts.
16:42:35.443 debug: Resolve file:///D:/Game-Engine%20Projects/Blazing7Test/assets/Scripts/UI/PopUp/MaxWinToasterPopUp.ts from cce:/internal/x/prerequisite-imports as file:///D:/Game-Engine%20Projects/Blazing7Test/assets/Scripts/UI/PopUp/MaxWinToasterPopUp.ts.
16:42:35.443 debug: Resolve file:///D:/Game-Engine%20Projects/Blazing7Test/assets/Scripts/UI/PopUp/WinPopUp.ts from cce:/internal/x/prerequisite-imports as file:///D:/Game-Engine%20Projects/Blazing7Test/assets/Scripts/UI/PopUp/WinPopUp.ts.
16:42:35.444 debug: Resolve file:///D:/Game-Engine%20Projects/Blazing7Test/assets/Scripts/UI/PopUp/WinnerBroadcastPopUp.ts from cce:/internal/x/prerequisite-imports as file:///D:/Game-Engine%20Projects/Blazing7Test/assets/Scripts/UI/PopUp/WinnerBroadcastPopUp.ts.
16:42:35.444 debug: Resolve file:///D:/Game-Engine%20Projects/Blazing7Test/assets/Scripts/UI/Scenes/Game/ScrollingBackground.ts from cce:/internal/x/prerequisite-imports as file:///D:/Game-Engine%20Projects/Blazing7Test/assets/Scripts/UI/Scenes/Game/ScrollingBackground.ts.
16:42:35.444 debug: Resolve file:///D:/Game-Engine%20Projects/Blazing7Test/assets/Scripts/UI/Scenes/Loading/LoadingBar.ts from cce:/internal/x/prerequisite-imports as file:///D:/Game-Engine%20Projects/Blazing7Test/assets/Scripts/UI/Scenes/Loading/LoadingBar.ts.
16:42:35.444 debug: Resolve file:///D:/Game-Engine%20Projects/Blazing7Test/assets/Scripts/UI/Scenes/Loading/LoadingScene.ts from cce:/internal/x/prerequisite-imports as file:///D:/Game-Engine%20Projects/Blazing7Test/assets/Scripts/UI/Scenes/Loading/LoadingScene.ts.
16:42:35.444 debug: Resolve file:///D:/Game-Engine%20Projects/Blazing7Test/assets/Scripts/UI/Scenes/NewPlayerGuide.ts from cce:/internal/x/prerequisite-imports as file:///D:/Game-Engine%20Projects/Blazing7Test/assets/Scripts/UI/Scenes/NewPlayerGuide.ts.
16:42:35.444 debug: Resolve file:///D:/Game-Engine%20Projects/Blazing7Test/assets/Scripts/UI/UIRoot.ts from cce:/internal/x/prerequisite-imports as file:///D:/Game-Engine%20Projects/Blazing7Test/assets/Scripts/UI/UIRoot.ts.
16:42:35.445 debug: Resolve file:///D:/Game-Engine%20Projects/Blazing7Test/assets/Scripts/UI/VisualFx/DragonBreathing.ts from cce:/internal/x/prerequisite-imports as file:///D:/Game-Engine%20Projects/Blazing7Test/assets/Scripts/UI/VisualFx/DragonBreathing.ts.
16:42:35.445 debug: Resolve file:///D:/Game-Engine%20Projects/Blazing7Test/assets/Scripts/UI/VisualFx/HelpView.ts from cce:/internal/x/prerequisite-imports as file:///D:/Game-Engine%20Projects/Blazing7Test/assets/Scripts/UI/VisualFx/HelpView.ts.
16:42:35.445 debug: Resolve file:///D:/Game-Engine%20Projects/Blazing7Test/assets/Scripts/UI/VisualFx/NodeMovement.ts from cce:/internal/x/prerequisite-imports as file:///D:/Game-Engine%20Projects/Blazing7Test/assets/Scripts/UI/VisualFx/NodeMovement.ts.
16:42:35.445 debug: Resolve file:///D:/Game-Engine%20Projects/Blazing7Test/assets/Scripts/utils/NumberFormatter.ts from cce:/internal/x/prerequisite-imports as file:///D:/Game-Engine%20Projects/Blazing7Test/assets/Scripts/utils/NumberFormatter.ts.
16:42:35.445 debug: Detected change: file:///D:/Game-Engine%20Projects/Blazing7Test/assets/Scripts/utils/NumberFormatter.ts. Last mtime: Thu May 14 2026 16:03:08 GMT+0800 (Philippine Standard Time)@73e54186-e599-483e-8076-9dedcd12848b, Current mtime: Thu May 14 2026 16:42:33 GMT+0800 (Philippine Standard Time)@73e54186-e599-483e-8076-9dedcd12848b
16:42:35.445 debug: Inspect file:///D:/Game-Engine%20Projects/Blazing7Test/assets/Scripts/utils/NumberFormatter.ts
16:42:35.477 debug: transform url: 'file:///D:/Game-Engine%20Projects/Blazing7Test/assets/Scripts/utils/NumberFormatter.ts' costs: 31.70 ms
16:42:35.479 debug: Resolve file:///D:/Game-Engine%20Projects/Blazing7Test/assets/Scripts/utils/logger.ts from cce:/internal/x/prerequisite-imports as file:///D:/Game-Engine%20Projects/Blazing7Test/assets/Scripts/utils/logger.ts.
16:42:35.479 debug: Resolve file:///D:/Game-Engine%20Projects/Blazing7Test/assets/menu-bundle/BANANACRAZE/script/BundleBonusItem.ts from cce:/internal/x/prerequisite-imports as file:///D:/Game-Engine%20Projects/Blazing7Test/assets/menu-bundle/BANANACRAZE/script/BundleBonusItem.ts.
16:42:35.479 debug: Resolve file:///D:/Game-Engine%20Projects/Blazing7Test/assets/menu-bundle/BANANACRAZE/script/BundleBonusTrajectory.ts from cce:/internal/x/prerequisite-imports as file:///D:/Game-Engine%20Projects/Blazing7Test/assets/menu-bundle/BANANACRAZE/script/BundleBonusTrajectory.ts.
16:42:35.479 debug: Resolve file:///D:/Game-Engine%20Projects/Blazing7Test/assets/menu-bundle/BANANACRAZE/script/BundleCardTrajectory.ts from cce:/internal/x/prerequisite-imports as file:///D:/Game-Engine%20Projects/Blazing7Test/assets/menu-bundle/BANANACRAZE/script/BundleCardTrajectory.ts.
16:42:35.480 debug: Resolve file:///D:/Game-Engine%20Projects/Blazing7Test/assets/menu-bundle/BANANACRAZE/script/BundleLeafItem.ts from cce:/internal/x/prerequisite-imports as file:///D:/Game-Engine%20Projects/Blazing7Test/assets/menu-bundle/BANANACRAZE/script/BundleLeafItem.ts.
16:42:35.480 debug: Resolve file:///D:/Game-Engine%20Projects/Blazing7Test/assets/menu-bundle/BANANACRAZE/script/BundleLeafManagerTrajectory.ts from cce:/internal/x/prerequisite-imports as file:///D:/Game-Engine%20Projects/Blazing7Test/assets/menu-bundle/BANANACRAZE/script/BundleLeafManagerTrajectory.ts.
16:42:35.480 debug: Resolve file:///D:/Game-Engine%20Projects/Blazing7Test/assets/menu-bundle/BANANACRAZE/script/BundleTrajectory.ts from cce:/internal/x/prerequisite-imports as file:///D:/Game-Engine%20Projects/Blazing7Test/assets/menu-bundle/BANANACRAZE/script/BundleTrajectory.ts.
16:42:35.486 debug: Resolve file:///D:/Game-Engine%20Projects/Blazing7Test/assets/menu-bundle/BANANACRAZE/script/BundleYourNumberItem.ts from cce:/internal/x/prerequisite-imports as file:///D:/Game-Engine%20Projects/Blazing7Test/assets/menu-bundle/BANANACRAZE/script/BundleYourNumberItem.ts.
16:42:35.486 debug: Resolve file:///D:/Game-Engine%20Projects/Blazing7Test/assets/menu-bundle/BANANACRAZE/script/BundleYourNumbersTrajectory.ts from cce:/internal/x/prerequisite-imports as file:///D:/Game-Engine%20Projects/Blazing7Test/assets/menu-bundle/BANANACRAZE/script/BundleYourNumbersTrajectory.ts.
16:42:35.486 debug: Resolve file:///D:/Game-Engine%20Projects/Blazing7Test/assets/menu-bundle/BINGO2/script/BingoAudio.ts from cce:/internal/x/prerequisite-imports as file:///D:/Game-Engine%20Projects/Blazing7Test/assets/menu-bundle/BINGO2/script/BingoAudio.ts.
16:42:35.487 debug: Resolve file:///D:/Game-Engine%20Projects/Blazing7Test/assets/menu-bundle/BINGO2/script/BingoBalls.ts from cce:/internal/x/prerequisite-imports as file:///D:/Game-Engine%20Projects/Blazing7Test/assets/menu-bundle/BINGO2/script/BingoBalls.ts.
16:42:35.487 debug: Resolve file:///D:/Game-Engine%20Projects/Blazing7Test/assets/menu-bundle/BINGO2/script/BingoBallsScratch.ts from cce:/internal/x/prerequisite-imports as file:///D:/Game-Engine%20Projects/Blazing7Test/assets/menu-bundle/BINGO2/script/BingoBallsScratch.ts.
16:42:35.487 debug: Resolve file:///D:/Game-Engine%20Projects/Blazing7Test/assets/menu-bundle/BINGO2/script/BingoCard.ts from cce:/internal/x/prerequisite-imports as file:///D:/Game-Engine%20Projects/Blazing7Test/assets/menu-bundle/BINGO2/script/BingoCard.ts.
16:42:35.487 debug: Resolve file:///D:/Game-Engine%20Projects/Blazing7Test/assets/menu-bundle/BINGO2/script/BingoCardDetails.ts from cce:/internal/x/prerequisite-imports as file:///D:/Game-Engine%20Projects/Blazing7Test/assets/menu-bundle/BINGO2/script/BingoCardDetails.ts.
16:42:35.487 debug: Resolve file:///D:/Game-Engine%20Projects/Blazing7Test/assets/menu-bundle/BINGO2/script/BingoConfig.ts from cce:/internal/x/prerequisite-imports as file:///D:/Game-Engine%20Projects/Blazing7Test/assets/menu-bundle/BINGO2/script/BingoConfig.ts.
16:42:35.487 debug: Resolve file:///D:/Game-Engine%20Projects/Blazing7Test/assets/menu-bundle/BINGO2/script/BingoExtraball.ts from cce:/internal/x/prerequisite-imports as file:///D:/Game-Engine%20Projects/Blazing7Test/assets/menu-bundle/BINGO2/script/BingoExtraball.ts.
16:42:35.487 debug: Resolve file:///D:/Game-Engine%20Projects/Blazing7Test/assets/menu-bundle/BINGO2/script/BingoNumber.ts from cce:/internal/x/prerequisite-imports as file:///D:/Game-Engine%20Projects/Blazing7Test/assets/menu-bundle/BINGO2/script/BingoNumber.ts.
16:42:35.488 debug: Resolve file:///D:/Game-Engine%20Projects/Blazing7Test/assets/menu-bundle/BINGO2/script/BingoRuleItem.ts from cce:/internal/x/prerequisite-imports as file:///D:/Game-Engine%20Projects/Blazing7Test/assets/menu-bundle/BINGO2/script/BingoRuleItem.ts.
16:42:35.488 debug: Resolve file:///D:/Game-Engine%20Projects/Blazing7Test/assets/menu-bundle/BINGO2/script/BingoRuleSlider.ts from cce:/internal/x/prerequisite-imports as file:///D:/Game-Engine%20Projects/Blazing7Test/assets/menu-bundle/BINGO2/script/BingoRuleSlider.ts.
16:42:35.488 debug: Resolve file:///D:/Game-Engine%20Projects/Blazing7Test/assets/menu-bundle/BINGO2/script/BingoWinAlert.ts from cce:/internal/x/prerequisite-imports as file:///D:/Game-Engine%20Projects/Blazing7Test/assets/menu-bundle/BINGO2/script/BingoWinAlert.ts.
16:42:35.488 debug: Resolve file:///D:/Game-Engine%20Projects/Blazing7Test/assets/menu-bundle/BINGO2/script/BingoWinLine.ts from cce:/internal/x/prerequisite-imports as file:///D:/Game-Engine%20Projects/Blazing7Test/assets/menu-bundle/BINGO2/script/BingoWinLine.ts.
16:42:35.488 debug: Resolve file:///D:/Game-Engine%20Projects/Blazing7Test/assets/menu-bundle/BINGO2/script/BingoWinRule.ts from cce:/internal/x/prerequisite-imports as file:///D:/Game-Engine%20Projects/Blazing7Test/assets/menu-bundle/BINGO2/script/BingoWinRule.ts.
16:42:35.488 debug: Resolve file:///D:/Game-Engine%20Projects/Blazing7Test/assets/menu-bundle/BLAZING_7S_SCRATCH/script/BundleTrajectory7s.ts from cce:/internal/x/prerequisite-imports as file:///D:/Game-Engine%20Projects/Blazing7Test/assets/menu-bundle/BLAZING_7S_SCRATCH/script/BundleTrajectory7s.ts.
16:42:35.489 debug: Resolve file:///D:/Game-Engine%20Projects/Blazing7Test/assets/menu-bundle/BLAZING_7S_SCRATCH/script/CardFragmentView.ts from cce:/internal/x/prerequisite-imports as file:///D:/Game-Engine%20Projects/Blazing7Test/assets/menu-bundle/BLAZING_7S_SCRATCH/script/CardFragmentView.ts.
16:42:35.489 debug: Resolve file:///D:/Game-Engine%20Projects/Blazing7Test/assets/menu-bundle/BLAZING_7S_SCRATCH/script/CardReview7s.ts from cce:/internal/x/prerequisite-imports as file:///D:/Game-Engine%20Projects/Blazing7Test/assets/menu-bundle/BLAZING_7S_SCRATCH/script/CardReview7s.ts.
16:42:35.489 debug: Resolve file:///D:/Game-Engine%20Projects/Blazing7Test/assets/menu-bundle/BLAZING_7S_SCRATCH/script/CardReviewMask.ts from cce:/internal/x/prerequisite-imports as file:///D:/Game-Engine%20Projects/Blazing7Test/assets/menu-bundle/BLAZING_7S_SCRATCH/script/CardReviewMask.ts.
16:42:35.489 debug: Resolve file:///D:/Game-Engine%20Projects/Blazing7Test/assets/menu-bundle/BLAZING_7S_SCRATCH/script/CardReviewRenderer.ts from cce:/internal/x/prerequisite-imports as file:///D:/Game-Engine%20Projects/Blazing7Test/assets/menu-bundle/BLAZING_7S_SCRATCH/script/CardReviewRenderer.ts.
16:42:35.490 debug: Resolve file:///D:/Game-Engine%20Projects/Blazing7Test/assets/menu-bundle/BLAZING_7S_SCRATCH/script/CardReviewSystemBlazing.ts from cce:/internal/x/prerequisite-imports as file:///D:/Game-Engine%20Projects/Blazing7Test/assets/menu-bundle/BLAZING_7S_SCRATCH/script/CardReviewSystemBlazing.ts.
16:42:35.490 debug: Resolve file:///D:/Game-Engine%20Projects/Blazing7Test/assets/menu-bundle/BLAZING_7S_SCRATCH/script/CardTypes.ts from cce:/internal/x/prerequisite-imports as file:///D:/Game-Engine%20Projects/Blazing7Test/assets/menu-bundle/BLAZING_7S_SCRATCH/script/CardTypes.ts.
16:42:35.490 debug: Resolve file:///D:/Game-Engine%20Projects/Blazing7Test/assets/menu-bundle/BLAZING_7S_SCRATCH/script/FragmentView.ts from cce:/internal/x/prerequisite-imports as file:///D:/Game-Engine%20Projects/Blazing7Test/assets/menu-bundle/BLAZING_7S_SCRATCH/script/FragmentView.ts.
16:42:35.490 debug: Resolve file:///D:/Game-Engine%20Projects/Blazing7Test/assets/menu-bundle/BLAZING_7S_SCRATCH/script/ScratchAutoPlayer.ts from cce:/internal/x/prerequisite-imports as file:///D:/Game-Engine%20Projects/Blazing7Test/assets/menu-bundle/BLAZING_7S_SCRATCH/script/ScratchAutoPlayer.ts.
16:42:35.491 debug: Resolve file:///D:/Game-Engine%20Projects/Blazing7Test/assets/menu-bundle/BLAZING_7S_SCRATCH/script/ScratchMask.ts from cce:/internal/x/prerequisite-imports as file:///D:/Game-Engine%20Projects/Blazing7Test/assets/menu-bundle/BLAZING_7S_SCRATCH/script/ScratchMask.ts.
16:42:35.491 debug: Resolve file:///D:/Game-Engine%20Projects/Blazing7Test/assets/menu-bundle/BLAZING_7S_SCRATCH/script/ScratchNumber.ts from cce:/internal/x/prerequisite-imports as file:///D:/Game-Engine%20Projects/Blazing7Test/assets/menu-bundle/BLAZING_7S_SCRATCH/script/ScratchNumber.ts.
16:42:35.491 debug: Resolve file:///D:/Game-Engine%20Projects/Blazing7Test/assets/menu-bundle/BLAZING_7S_SCRATCH/script/ScratchRenderer.ts from cce:/internal/x/prerequisite-imports as file:///D:/Game-Engine%20Projects/Blazing7Test/assets/menu-bundle/BLAZING_7S_SCRATCH/script/ScratchRenderer.ts.
16:42:35.492 debug: Resolve file:///D:/Game-Engine%20Projects/Blazing7Test/assets/menu-bundle/BLAZING_7S_SCRATCH/script/ScratchSound.ts from cce:/internal/x/prerequisite-imports as file:///D:/Game-Engine%20Projects/Blazing7Test/assets/menu-bundle/BLAZING_7S_SCRATCH/script/ScratchSound.ts.
16:42:35.492 debug: Resolve file:///D:/Game-Engine%20Projects/Blazing7Test/assets/menu-bundle/BLAZING_7S_SCRATCH/script/ScratchSystem.ts from cce:/internal/x/prerequisite-imports as file:///D:/Game-Engine%20Projects/Blazing7Test/assets/menu-bundle/BLAZING_7S_SCRATCH/script/ScratchSystem.ts.
16:42:35.492 debug: Resolve file:///D:/Game-Engine%20Projects/Blazing7Test/assets/menu-bundle/BLAZING_7S_SCRATCH/script/ScratchTrajectory.ts from cce:/internal/x/prerequisite-imports as file:///D:/Game-Engine%20Projects/Blazing7Test/assets/menu-bundle/BLAZING_7S_SCRATCH/script/ScratchTrajectory.ts.
16:42:35.492 debug: Resolve file:///D:/Game-Engine%20Projects/Blazing7Test/assets/menu-bundle/BLAZING_7S_SCRATCH/script/ScratchTypes.ts from cce:/internal/x/prerequisite-imports as file:///D:/Game-Engine%20Projects/Blazing7Test/assets/menu-bundle/BLAZING_7S_SCRATCH/script/ScratchTypes.ts.
16:42:35.492 debug: Resolve file:///D:/Game-Engine%20Projects/Blazing7Test/assets/menu-bundle/BLAZING_7S_SCRATCH/script/Trajectory.ts from cce:/internal/x/prerequisite-imports as file:///D:/Game-Engine%20Projects/Blazing7Test/assets/menu-bundle/BLAZING_7S_SCRATCH/script/Trajectory.ts.
16:42:35.493 debug: Resolve file:///D:/Game-Engine%20Projects/Blazing7Test/assets/menu-bundle/DEEP_SEA/script/DeepBonusShells.ts from cce:/internal/x/prerequisite-imports as file:///D:/Game-Engine%20Projects/Blazing7Test/assets/menu-bundle/DEEP_SEA/script/DeepBonusShells.ts.
16:42:35.493 debug: Resolve file:///D:/Game-Engine%20Projects/Blazing7Test/assets/menu-bundle/DEEP_SEA/script/DeepSeaBG.ts from cce:/internal/x/prerequisite-imports as file:///D:/Game-Engine%20Projects/Blazing7Test/assets/menu-bundle/DEEP_SEA/script/DeepSeaBG.ts.
16:42:35.493 debug: Resolve file:///D:/Game-Engine%20Projects/Blazing7Test/assets/menu-bundle/DEEP_SEA/script/DeepSeaBaseUI.ts from cce:/internal/x/prerequisite-imports as file:///D:/Game-Engine%20Projects/Blazing7Test/assets/menu-bundle/DEEP_SEA/script/DeepSeaBaseUI.ts.
16:42:35.493 debug: Resolve file:///D:/Game-Engine%20Projects/Blazing7Test/assets/menu-bundle/DEEP_SEA/script/DeepSeaBonus.ts from cce:/internal/x/prerequisite-imports as file:///D:/Game-Engine%20Projects/Blazing7Test/assets/menu-bundle/DEEP_SEA/script/DeepSeaBonus.ts.
16:42:35.493 debug: Resolve file:///D:/Game-Engine%20Projects/Blazing7Test/assets/menu-bundle/DEEP_SEA/script/DeepSeaBonusGame.ts from cce:/internal/x/prerequisite-imports as file:///D:/Game-Engine%20Projects/Blazing7Test/assets/menu-bundle/DEEP_SEA/script/DeepSeaBonusGame.ts.
16:42:35.493 debug: Resolve file:///D:/Game-Engine%20Projects/Blazing7Test/assets/menu-bundle/DEEP_SEA/script/DeepSeaBonusInfo.ts from cce:/internal/x/prerequisite-imports as file:///D:/Game-Engine%20Projects/Blazing7Test/assets/menu-bundle/DEEP_SEA/script/DeepSeaBonusInfo.ts.
16:42:35.493 debug: Resolve file:///D:/Game-Engine%20Projects/Blazing7Test/assets/menu-bundle/DEEP_SEA/script/DeepSeaBonusJackpot.ts from cce:/internal/x/prerequisite-imports as file:///D:/Game-Engine%20Projects/Blazing7Test/assets/menu-bundle/DEEP_SEA/script/DeepSeaBonusJackpot.ts.
16:42:35.494 debug: Resolve file:///D:/Game-Engine%20Projects/Blazing7Test/assets/menu-bundle/DEEP_SEA/script/DeepSeaBonusShellItem.ts from cce:/internal/x/prerequisite-imports as file:///D:/Game-Engine%20Projects/Blazing7Test/assets/menu-bundle/DEEP_SEA/script/DeepSeaBonusShellItem.ts.
16:42:35.494 debug: Resolve file:///D:/Game-Engine%20Projects/Blazing7Test/assets/menu-bundle/DEEP_SEA/script/DeepSeaBonusStone.ts from cce:/internal/x/prerequisite-imports as file:///D:/Game-Engine%20Projects/Blazing7Test/assets/menu-bundle/DEEP_SEA/script/DeepSeaBonusStone.ts.
16:42:35.494 debug: Resolve file:///D:/Game-Engine%20Projects/Blazing7Test/assets/menu-bundle/DEEP_SEA/script/DeepSeaBonusWin.ts from cce:/internal/x/prerequisite-imports as file:///D:/Game-Engine%20Projects/Blazing7Test/assets/menu-bundle/DEEP_SEA/script/DeepSeaBonusWin.ts.
16:42:35.494 debug: Resolve file:///D:/Game-Engine%20Projects/Blazing7Test/assets/menu-bundle/DEEP_SEA/script/DeepSeaBonusWinItem.ts from cce:/internal/x/prerequisite-imports as file:///D:/Game-Engine%20Projects/Blazing7Test/assets/menu-bundle/DEEP_SEA/script/DeepSeaBonusWinItem.ts.
16:42:35.494 debug: Resolve file:///D:/Game-Engine%20Projects/Blazing7Test/assets/menu-bundle/DEEP_SEA/script/DeepSeaBubbleNumItem.ts from cce:/internal/x/prerequisite-imports as file:///D:/Game-Engine%20Projects/Blazing7Test/assets/menu-bundle/DEEP_SEA/script/DeepSeaBubbleNumItem.ts.
16:42:35.494 debug: Resolve file:///D:/Game-Engine%20Projects/Blazing7Test/assets/menu-bundle/DEEP_SEA/script/DeepSeaBubbleScene.ts from cce:/internal/x/prerequisite-imports as file:///D:/Game-Engine%20Projects/Blazing7Test/assets/menu-bundle/DEEP_SEA/script/DeepSeaBubbleScene.ts.
16:42:35.494 debug: Resolve file:///D:/Game-Engine%20Projects/Blazing7Test/assets/menu-bundle/DEEP_SEA/script/DeepSeaBubbles.ts from cce:/internal/x/prerequisite-imports as file:///D:/Game-Engine%20Projects/Blazing7Test/assets/menu-bundle/DEEP_SEA/script/DeepSeaBubbles.ts.
16:42:35.495 debug: Resolve file:///D:/Game-Engine%20Projects/Blazing7Test/assets/menu-bundle/DEEP_SEA/script/DeepSeaCard.ts from cce:/internal/x/prerequisite-imports as file:///D:/Game-Engine%20Projects/Blazing7Test/assets/menu-bundle/DEEP_SEA/script/DeepSeaCard.ts.
16:42:35.495 debug: Resolve file:///D:/Game-Engine%20Projects/Blazing7Test/assets/menu-bundle/DEEP_SEA/script/DeepSeaCardDetails.ts from cce:/internal/x/prerequisite-imports as file:///D:/Game-Engine%20Projects/Blazing7Test/assets/menu-bundle/DEEP_SEA/script/DeepSeaCardDetails.ts.
16:42:35.495 debug: Resolve file:///D:/Game-Engine%20Projects/Blazing7Test/assets/menu-bundle/DEEP_SEA/script/DeepSeaCloudFloat.ts from cce:/internal/x/prerequisite-imports as file:///D:/Game-Engine%20Projects/Blazing7Test/assets/menu-bundle/DEEP_SEA/script/DeepSeaCloudFloat.ts.
16:42:35.495 debug: Resolve file:///D:/Game-Engine%20Projects/Blazing7Test/assets/menu-bundle/DEEP_SEA/script/DeepSeaFish.ts from cce:/internal/x/prerequisite-imports as file:///D:/Game-Engine%20Projects/Blazing7Test/assets/menu-bundle/DEEP_SEA/script/DeepSeaFish.ts.
16:42:35.495 debug: Resolve file:///D:/Game-Engine%20Projects/Blazing7Test/assets/menu-bundle/DEEP_SEA/script/DeepSeaGameRecord.ts from cce:/internal/x/prerequisite-imports as file:///D:/Game-Engine%20Projects/Blazing7Test/assets/menu-bundle/DEEP_SEA/script/DeepSeaGameRecord.ts.
16:42:35.495 debug: Resolve file:///D:/Game-Engine%20Projects/Blazing7Test/assets/menu-bundle/DEEP_SEA/script/DeepSeaMainGame.ts from cce:/internal/x/prerequisite-imports as file:///D:/Game-Engine%20Projects/Blazing7Test/assets/menu-bundle/DEEP_SEA/script/DeepSeaMainGame.ts.
16:42:35.495 debug: Resolve file:///D:/Game-Engine%20Projects/Blazing7Test/assets/menu-bundle/DEEP_SEA/script/DeepSeaMyNumber.ts from cce:/internal/x/prerequisite-imports as file:///D:/Game-Engine%20Projects/Blazing7Test/assets/menu-bundle/DEEP_SEA/script/DeepSeaMyNumber.ts.
16:42:35.495 debug: Resolve file:///D:/Game-Engine%20Projects/Blazing7Test/assets/menu-bundle/DEEP_SEA/script/DeepSeaReview.ts from cce:/internal/x/prerequisite-imports as file:///D:/Game-Engine%20Projects/Blazing7Test/assets/menu-bundle/DEEP_SEA/script/DeepSeaReview.ts.
16:42:35.496 debug: Resolve file:///D:/Game-Engine%20Projects/Blazing7Test/assets/menu-bundle/DEEP_SEA/script/DeepSeaSceneTranstion.ts from cce:/internal/x/prerequisite-imports as file:///D:/Game-Engine%20Projects/Blazing7Test/assets/menu-bundle/DEEP_SEA/script/DeepSeaSceneTranstion.ts.
16:42:35.496 debug: Resolve file:///D:/Game-Engine%20Projects/Blazing7Test/assets/menu-bundle/DEEP_SEA/script/DeepSeaSuperBonus.ts from cce:/internal/x/prerequisite-imports as file:///D:/Game-Engine%20Projects/Blazing7Test/assets/menu-bundle/DEEP_SEA/script/DeepSeaSuperBonus.ts.
16:42:35.496 debug: Resolve file:///D:/Game-Engine%20Projects/Blazing7Test/assets/menu-bundle/DEEP_SEA/script/DeepSeaSuperBonusGame.ts from cce:/internal/x/prerequisite-imports as file:///D:/Game-Engine%20Projects/Blazing7Test/assets/menu-bundle/DEEP_SEA/script/DeepSeaSuperBonusGame.ts.
16:42:35.496 debug: Resolve file:///D:/Game-Engine%20Projects/Blazing7Test/assets/menu-bundle/DEEP_SEA/script/DeepSeaWater.ts from cce:/internal/x/prerequisite-imports as file:///D:/Game-Engine%20Projects/Blazing7Test/assets/menu-bundle/DEEP_SEA/script/DeepSeaWater.ts.
16:42:35.497 debug: Resolve file:///D:/Game-Engine%20Projects/Blazing7Test/assets/menu-bundle/DEEP_SEA/script/DeepSeaWinNum.ts from cce:/internal/x/prerequisite-imports as file:///D:/Game-Engine%20Projects/Blazing7Test/assets/menu-bundle/DEEP_SEA/script/DeepSeaWinNum.ts.
16:42:35.497 debug: Resolve file:///D:/Game-Engine%20Projects/Blazing7Test/assets/menu-bundle/DEEP_SEA/script/data/DeepSeaAudio.ts from cce:/internal/x/prerequisite-imports as file:///D:/Game-Engine%20Projects/Blazing7Test/assets/menu-bundle/DEEP_SEA/script/data/DeepSeaAudio.ts.
16:42:35.497 debug: Resolve file:///D:/Game-Engine%20Projects/Blazing7Test/assets/menu-bundle/DEEP_SEA/script/data/DeepSeaCardData.ts from cce:/internal/x/prerequisite-imports as file:///D:/Game-Engine%20Projects/Blazing7Test/assets/menu-bundle/DEEP_SEA/script/data/DeepSeaCardData.ts.
16:42:35.497 debug: Resolve file:///D:/Game-Engine%20Projects/Blazing7Test/assets/menu-bundle/DEEP_SEA/script/data/DeepSeaEvent.ts from cce:/internal/x/prerequisite-imports as file:///D:/Game-Engine%20Projects/Blazing7Test/assets/menu-bundle/DEEP_SEA/script/data/DeepSeaEvent.ts.
16:42:35.497 debug: Resolve file:///D:/Game-Engine%20Projects/Blazing7Test/assets/menu-bundle/DEEP_SEA/script/data/DeepSeaRes.ts from cce:/internal/x/prerequisite-imports as file:///D:/Game-Engine%20Projects/Blazing7Test/assets/menu-bundle/DEEP_SEA/script/data/DeepSeaRes.ts.
16:42:35.497 debug: Resolve file:///D:/Game-Engine%20Projects/Blazing7Test/assets/menu-bundle/GINTO_MATCH/script/BundleTrajectoryGinto.ts from cce:/internal/x/prerequisite-imports as file:///D:/Game-Engine%20Projects/Blazing7Test/assets/menu-bundle/GINTO_MATCH/script/BundleTrajectoryGinto.ts.
16:42:35.498 debug: Resolve file:///D:/Game-Engine%20Projects/Blazing7Test/assets/menu-bundle/GINTO_MATCH/script/CardFragmentView.ts from cce:/internal/x/prerequisite-imports as file:///D:/Game-Engine%20Projects/Blazing7Test/assets/menu-bundle/GINTO_MATCH/script/CardFragmentView.ts.
16:42:35.498 debug: Resolve file:///D:/Game-Engine%20Projects/Blazing7Test/assets/menu-bundle/GINTO_MATCH/script/CardReviewGinto.ts from cce:/internal/x/prerequisite-imports as file:///D:/Game-Engine%20Projects/Blazing7Test/assets/menu-bundle/GINTO_MATCH/script/CardReviewGinto.ts.
16:42:35.498 debug: Resolve file:///D:/Game-Engine%20Projects/Blazing7Test/assets/menu-bundle/GINTO_MATCH/script/CardReviewMask.ts from cce:/internal/x/prerequisite-imports as file:///D:/Game-Engine%20Projects/Blazing7Test/assets/menu-bundle/GINTO_MATCH/script/CardReviewMask.ts.
16:42:35.498 debug: Resolve file:///D:/Game-Engine%20Projects/Blazing7Test/assets/menu-bundle/GINTO_MATCH/script/CardReviewRenderer.ts from cce:/internal/x/prerequisite-imports as file:///D:/Game-Engine%20Projects/Blazing7Test/assets/menu-bundle/GINTO_MATCH/script/CardReviewRenderer.ts.
16:42:35.498 debug: Resolve file:///D:/Game-Engine%20Projects/Blazing7Test/assets/menu-bundle/GINTO_MATCH/script/CardReviewSystem.ts from cce:/internal/x/prerequisite-imports as file:///D:/Game-Engine%20Projects/Blazing7Test/assets/menu-bundle/GINTO_MATCH/script/CardReviewSystem.ts.
16:42:35.498 debug: Resolve file:///D:/Game-Engine%20Projects/Blazing7Test/assets/menu-bundle/GINTO_MATCH/script/CardTypes.ts from cce:/internal/x/prerequisite-imports as file:///D:/Game-Engine%20Projects/Blazing7Test/assets/menu-bundle/GINTO_MATCH/script/CardTypes.ts.
16:42:35.498 debug: Resolve file:///D:/Game-Engine%20Projects/Blazing7Test/assets/menu-bundle/GINTO_MATCH/script/FragmentView.ts from cce:/internal/x/prerequisite-imports as file:///D:/Game-Engine%20Projects/Blazing7Test/assets/menu-bundle/GINTO_MATCH/script/FragmentView.ts.
16:42:35.498 debug: Resolve file:///D:/Game-Engine%20Projects/Blazing7Test/assets/menu-bundle/GINTO_MATCH/script/ScratchAutoPlayer.ts from cce:/internal/x/prerequisite-imports as file:///D:/Game-Engine%20Projects/Blazing7Test/assets/menu-bundle/GINTO_MATCH/script/ScratchAutoPlayer.ts.
16:42:35.499 debug: Resolve file:///D:/Game-Engine%20Projects/Blazing7Test/assets/menu-bundle/GINTO_MATCH/script/ScratchMask.ts from cce:/internal/x/prerequisite-imports as file:///D:/Game-Engine%20Projects/Blazing7Test/assets/menu-bundle/GINTO_MATCH/script/ScratchMask.ts.
16:42:35.499 debug: Resolve file:///D:/Game-Engine%20Projects/Blazing7Test/assets/menu-bundle/GINTO_MATCH/script/ScratchRenderer.ts from cce:/internal/x/prerequisite-imports as file:///D:/Game-Engine%20Projects/Blazing7Test/assets/menu-bundle/GINTO_MATCH/script/ScratchRenderer.ts.
16:42:35.499 debug: Resolve file:///D:/Game-Engine%20Projects/Blazing7Test/assets/menu-bundle/GINTO_MATCH/script/ScratchSound.ts from cce:/internal/x/prerequisite-imports as file:///D:/Game-Engine%20Projects/Blazing7Test/assets/menu-bundle/GINTO_MATCH/script/ScratchSound.ts.
16:42:35.499 debug: Resolve file:///D:/Game-Engine%20Projects/Blazing7Test/assets/menu-bundle/GINTO_MATCH/script/ScratchSystem.ts from cce:/internal/x/prerequisite-imports as file:///D:/Game-Engine%20Projects/Blazing7Test/assets/menu-bundle/GINTO_MATCH/script/ScratchSystem.ts.
16:42:35.499 debug: Resolve file:///D:/Game-Engine%20Projects/Blazing7Test/assets/menu-bundle/GINTO_MATCH/script/ScratchTrajectory.ts from cce:/internal/x/prerequisite-imports as file:///D:/Game-Engine%20Projects/Blazing7Test/assets/menu-bundle/GINTO_MATCH/script/ScratchTrajectory.ts.
16:42:35.499 debug: Resolve file:///D:/Game-Engine%20Projects/Blazing7Test/assets/menu-bundle/GINTO_MATCH/script/ScratchTypes.ts from cce:/internal/x/prerequisite-imports as file:///D:/Game-Engine%20Projects/Blazing7Test/assets/menu-bundle/GINTO_MATCH/script/ScratchTypes.ts.
16:42:35.499 debug: Resolve file:///D:/Game-Engine%20Projects/Blazing7Test/assets/menu-bundle/LUCKY_COLORS2/script/LuckyColor_CCFlopCard.ts from cce:/internal/x/prerequisite-imports as file:///D:/Game-Engine%20Projects/Blazing7Test/assets/menu-bundle/LUCKY_COLORS2/script/LuckyColor_CCFlopCard.ts.
16:42:35.500 debug: Resolve file:///D:/Game-Engine%20Projects/Blazing7Test/assets/menu-bundle/LUCKY_COLORS2/script/LuckyColor_Card.ts from cce:/internal/x/prerequisite-imports as file:///D:/Game-Engine%20Projects/Blazing7Test/assets/menu-bundle/LUCKY_COLORS2/script/LuckyColor_Card.ts.
16:42:35.500 debug: Resolve file:///D:/Game-Engine%20Projects/Blazing7Test/assets/menu-bundle/LUCKY_COLORS2/script/LuckyColor_CardItemColor.ts from cce:/internal/x/prerequisite-imports as file:///D:/Game-Engine%20Projects/Blazing7Test/assets/menu-bundle/LUCKY_COLORS2/script/LuckyColor_CardItemColor.ts.
16:42:35.500 debug: Resolve file:///D:/Game-Engine%20Projects/Blazing7Test/assets/menu-bundle/LUCKY_COLORS2/script/LuckyColor_CardReview.ts from cce:/internal/x/prerequisite-imports as file:///D:/Game-Engine%20Projects/Blazing7Test/assets/menu-bundle/LUCKY_COLORS2/script/LuckyColor_CardReview.ts.
16:42:35.500 debug: Resolve file:///D:/Game-Engine%20Projects/Blazing7Test/assets/menu-bundle/LUCKY_COLORS2/script/LuckyColor_Color_Win.ts from cce:/internal/x/prerequisite-imports as file:///D:/Game-Engine%20Projects/Blazing7Test/assets/menu-bundle/LUCKY_COLORS2/script/LuckyColor_Color_Win.ts.
16:42:35.500 debug: Resolve file:///D:/Game-Engine%20Projects/Blazing7Test/assets/menu-bundle/LUCKY_COLORS2/script/LuckyColor_Default_Card.ts from cce:/internal/x/prerequisite-imports as file:///D:/Game-Engine%20Projects/Blazing7Test/assets/menu-bundle/LUCKY_COLORS2/script/LuckyColor_Default_Card.ts.
16:42:35.500 debug: Resolve file:///D:/Game-Engine%20Projects/Blazing7Test/assets/menu-bundle/LUCKY_COLORS2/script/LuckyColor_HelpView.ts from cce:/internal/x/prerequisite-imports as file:///D:/Game-Engine%20Projects/Blazing7Test/assets/menu-bundle/LUCKY_COLORS2/script/LuckyColor_HelpView.ts.
16:42:35.501 debug: Resolve file:///D:/Game-Engine%20Projects/Blazing7Test/assets/menu-bundle/LUCKY_COLORS2/script/LuckyColor_ScratchBonus.ts from cce:/internal/x/prerequisite-imports as file:///D:/Game-Engine%20Projects/Blazing7Test/assets/menu-bundle/LUCKY_COLORS2/script/LuckyColor_ScratchBonus.ts.
16:42:35.501 debug: Resolve file:///D:/Game-Engine%20Projects/Blazing7Test/assets/menu-bundle/PIKA2/script/BundleCardDetailFoodItem.ts from cce:/internal/x/prerequisite-imports as file:///D:/Game-Engine%20Projects/Blazing7Test/assets/menu-bundle/PIKA2/script/BundleCardDetailFoodItem.ts.
16:42:35.501 debug: Resolve file:///D:/Game-Engine%20Projects/Blazing7Test/assets/menu-bundle/PIKA2/script/BundleLeafItem.ts from cce:/internal/x/prerequisite-imports as file:///D:/Game-Engine%20Projects/Blazing7Test/assets/menu-bundle/PIKA2/script/BundleLeafItem.ts.
16:42:35.501 debug: Resolve file:///D:/Game-Engine%20Projects/Blazing7Test/assets/menu-bundle/PIKA2/script/BundleLeafManager.ts from cce:/internal/x/prerequisite-imports as file:///D:/Game-Engine%20Projects/Blazing7Test/assets/menu-bundle/PIKA2/script/BundleLeafManager.ts.
16:42:35.501 debug: Resolve file:///D:/Game-Engine%20Projects/Blazing7Test/assets/menu-bundle/PIKA2/script/BundlePikaCardTrajectoryComponent.ts from cce:/internal/x/prerequisite-imports as file:///D:/Game-Engine%20Projects/Blazing7Test/assets/menu-bundle/PIKA2/script/BundlePikaCardTrajectoryComponent.ts.
16:42:35.501 debug: Resolve file:///D:/Game-Engine%20Projects/Blazing7Test/assets/menu-bundle/PIKA2/script/BundleTrajectory.ts from cce:/internal/x/prerequisite-imports as file:///D:/Game-Engine%20Projects/Blazing7Test/assets/menu-bundle/PIKA2/script/BundleTrajectory.ts.
16:42:35.501 debug: Resolve file:///D:/Game-Engine%20Projects/Blazing7Test/assets/menu-bundle/script/api/GameApi.ts from cce:/internal/x/prerequisite-imports as file:///D:/Game-Engine%20Projects/Blazing7Test/assets/menu-bundle/script/api/GameApi.ts.
16:42:35.502 debug: Resolve file:///D:/Game-Engine%20Projects/Blazing7Test/assets/menu-bundle/script/base/BundleBasePanel.ts from cce:/internal/x/prerequisite-imports as file:///D:/Game-Engine%20Projects/Blazing7Test/assets/menu-bundle/script/base/BundleBasePanel.ts.
16:42:35.502 debug: Resolve file:///D:/Game-Engine%20Projects/Blazing7Test/assets/menu-bundle/script/base/BundleBaseUI.ts from cce:/internal/x/prerequisite-imports as file:///D:/Game-Engine%20Projects/Blazing7Test/assets/menu-bundle/script/base/BundleBaseUI.ts.
16:42:35.502 debug: Resolve file:///D:/Game-Engine%20Projects/Blazing7Test/assets/menu-bundle/script/base/BundleSingleButton.ts from cce:/internal/x/prerequisite-imports as file:///D:/Game-Engine%20Projects/Blazing7Test/assets/menu-bundle/script/base/BundleSingleButton.ts.
16:42:35.502 debug: Resolve file:///D:/Game-Engine%20Projects/Blazing7Test/assets/menu-bundle/script/eui/BundleUIKeys.ts from cce:/internal/x/prerequisite-imports as file:///D:/Game-Engine%20Projects/Blazing7Test/assets/menu-bundle/script/eui/BundleUIKeys.ts.
16:42:35.502 debug: Resolve file:///D:/Game-Engine%20Projects/Blazing7Test/assets/menu-bundle/script/interfaces/IMenuDependencies.ts from cce:/internal/x/prerequisite-imports as file:///D:/Game-Engine%20Projects/Blazing7Test/assets/menu-bundle/script/interfaces/IMenuDependencies.ts.
16:42:35.502 debug: Resolve file:///D:/Game-Engine%20Projects/Blazing7Test/assets/menu-bundle/script/manager/MessageFlag.ts from cce:/internal/x/prerequisite-imports as file:///D:/Game-Engine%20Projects/Blazing7Test/assets/menu-bundle/script/manager/MessageFlag.ts.
16:42:35.502 debug: Resolve file:///D:/Game-Engine%20Projects/Blazing7Test/assets/menu-bundle/script/types/AniType.ts from cce:/internal/x/prerequisite-imports as file:///D:/Game-Engine%20Projects/Blazing7Test/assets/menu-bundle/script/types/AniType.ts.
16:42:35.502 debug: Resolve file:///D:/Game-Engine%20Projects/Blazing7Test/assets/menu-bundle/script/utils/BundleGameUtils.ts from cce:/internal/x/prerequisite-imports as file:///D:/Game-Engine%20Projects/Blazing7Test/assets/menu-bundle/script/utils/BundleGameUtils.ts.
16:42:35.503 debug: Resolve file:///D:/Game-Engine%20Projects/Blazing7Test/assets/menu-bundle/script/utils/analytics_bridge.ts from cce:/internal/x/prerequisite-imports as file:///D:/Game-Engine%20Projects/Blazing7Test/assets/menu-bundle/script/utils/analytics_bridge.ts.
16:42:35.503 debug: Resolve file:///D:/Game-Engine%20Projects/Blazing7Test/assets/menu-bundle/script/utils/logger.ts from cce:/internal/x/prerequisite-imports as file:///D:/Game-Engine%20Projects/Blazing7Test/assets/menu-bundle/script/utils/logger.ts.
16:42:35.503 debug: Resolve file:///D:/Game-Engine%20Projects/Blazing7Test/assets/menu-bundle/script/view/BundleBigWin.ts from cce:/internal/x/prerequisite-imports as file:///D:/Game-Engine%20Projects/Blazing7Test/assets/menu-bundle/script/view/BundleBigWin.ts.
16:42:35.503 debug: Resolve file:///D:/Game-Engine%20Projects/Blazing7Test/assets/menu-bundle/script/view/BundleBigWinItem.ts from cce:/internal/x/prerequisite-imports as file:///D:/Game-Engine%20Projects/Blazing7Test/assets/menu-bundle/script/view/BundleBigWinItem.ts.
16:42:35.503 debug: Resolve file:///D:/Game-Engine%20Projects/Blazing7Test/assets/menu-bundle/script/view/BundleCardDetail.ts from cce:/internal/x/prerequisite-imports as file:///D:/Game-Engine%20Projects/Blazing7Test/assets/menu-bundle/script/view/BundleCardDetail.ts.
16:42:35.503 debug: Resolve file:///D:/Game-Engine%20Projects/Blazing7Test/assets/menu-bundle/script/view/BundleCardInfoItem.ts from cce:/internal/x/prerequisite-imports as file:///D:/Game-Engine%20Projects/Blazing7Test/assets/menu-bundle/script/view/BundleCardInfoItem.ts.
16:42:35.503 debug: Resolve file:///D:/Game-Engine%20Projects/Blazing7Test/assets/menu-bundle/script/view/BundleCardSale.ts from cce:/internal/x/prerequisite-imports as file:///D:/Game-Engine%20Projects/Blazing7Test/assets/menu-bundle/script/view/BundleCardSale.ts.
16:42:35.504 debug: Resolve file:///D:/Game-Engine%20Projects/Blazing7Test/assets/menu-bundle/script/view/BundleCardSaleItem.ts from cce:/internal/x/prerequisite-imports as file:///D:/Game-Engine%20Projects/Blazing7Test/assets/menu-bundle/script/view/BundleCardSaleItem.ts.
16:42:35.535 debug: Resolve file:///D:/Game-Engine%20Projects/Blazing7Test/assets/menu-bundle/script/view/BundleFiltter.ts from cce:/internal/x/prerequisite-imports as file:///D:/Game-Engine%20Projects/Blazing7Test/assets/menu-bundle/script/view/BundleFiltter.ts.
16:42:35.535 debug: Resolve file:///D:/Game-Engine%20Projects/Blazing7Test/assets/menu-bundle/script/view/BundleGameItem.ts from cce:/internal/x/prerequisite-imports as file:///D:/Game-Engine%20Projects/Blazing7Test/assets/menu-bundle/script/view/BundleGameItem.ts.
16:42:35.535 debug: Resolve file:///D:/Game-Engine%20Projects/Blazing7Test/assets/menu-bundle/script/view/BundleGameRecords.ts from cce:/internal/x/prerequisite-imports as file:///D:/Game-Engine%20Projects/Blazing7Test/assets/menu-bundle/script/view/BundleGameRecords.ts.
16:42:35.535 debug: Resolve file:///D:/Game-Engine%20Projects/Blazing7Test/assets/menu-bundle/script/view/BundleGameRules.ts from cce:/internal/x/prerequisite-imports as file:///D:/Game-Engine%20Projects/Blazing7Test/assets/menu-bundle/script/view/BundleGameRules.ts.
16:42:35.535 debug: Resolve file:///D:/Game-Engine%20Projects/Blazing7Test/assets/menu-bundle/script/view/BundleGrandPirzeItem.ts from cce:/internal/x/prerequisite-imports as file:///D:/Game-Engine%20Projects/Blazing7Test/assets/menu-bundle/script/view/BundleGrandPirzeItem.ts.
16:42:35.535 debug: Resolve file:///D:/Game-Engine%20Projects/Blazing7Test/assets/menu-bundle/script/view/BundleGrandPrize.ts from cce:/internal/x/prerequisite-imports as file:///D:/Game-Engine%20Projects/Blazing7Test/assets/menu-bundle/script/view/BundleGrandPrize.ts.
16:42:35.535 debug: Resolve file:///D:/Game-Engine%20Projects/Blazing7Test/assets/menu-bundle/script/view/BundleHonorBoard.ts from cce:/internal/x/prerequisite-imports as file:///D:/Game-Engine%20Projects/Blazing7Test/assets/menu-bundle/script/view/BundleHonorBoard.ts.
16:42:35.535 debug: Resolve file:///D:/Game-Engine%20Projects/Blazing7Test/assets/menu-bundle/script/view/BundleMenu.ts from cce:/internal/x/prerequisite-imports as file:///D:/Game-Engine%20Projects/Blazing7Test/assets/menu-bundle/script/view/BundleMenu.ts.
16:42:35.535 debug: Resolve file:///D:/Game-Engine%20Projects/Blazing7Test/assets/menu-bundle/script/view/BundleOtherGames.ts from cce:/internal/x/prerequisite-imports as file:///D:/Game-Engine%20Projects/Blazing7Test/assets/menu-bundle/script/view/BundleOtherGames.ts.
16:42:35.535 debug: Resolve file:///D:/Game-Engine%20Projects/Blazing7Test/assets/menu-bundle/script/view/BundleRecordItem.ts from cce:/internal/x/prerequisite-imports as file:///D:/Game-Engine%20Projects/Blazing7Test/assets/menu-bundle/script/view/BundleRecordItem.ts.
16:42:35.535 debug: Resolve file:///D:/Game-Engine%20Projects/Blazing7Test/assets/menu-bundle/script/view/BundleTopItem.ts from cce:/internal/x/prerequisite-imports as file:///D:/Game-Engine%20Projects/Blazing7Test/assets/menu-bundle/script/view/BundleTopItem.ts.
16:42:35.535 debug: Resolve file:///D:/Game-Engine%20Projects/Blazing7Test/assets/menu-bundle/script/view/BundleTopItemCardSale.ts from cce:/internal/x/prerequisite-imports as file:///D:/Game-Engine%20Projects/Blazing7Test/assets/menu-bundle/script/view/BundleTopItemCardSale.ts.
16:42:35.535 debug: Resolve file:///D:/Game-Engine%20Projects/Blazing7Test/assets/menu-bundle/script/view/PopupCardDetail.ts from cce:/internal/x/prerequisite-imports as file:///D:/Game-Engine%20Projects/Blazing7Test/assets/menu-bundle/script/view/PopupCardDetail.ts.
16:42:35.536 debug: Resolve cce:/internal/code-quality/cr.mjs from file:///D:/Game-Engine%20Projects/Blazing7Test/assets/Scripts/Game/Game.ts as cce:/internal/code-quality/cr.mjs.
16:42:35.536 debug: Resolve cc from file:///D:/Game-Engine%20Projects/Blazing7Test/assets/Scripts/Game/Game.ts as cce:/internal/x/cc.
16:42:35.536 debug: Resolve cc from file:///D:/Game-Engine%20Projects/Blazing7Test/assets/Scripts/Game/Game.ts as cce:/internal/x/cc.
16:42:35.536 debug: Resolve cc from file:///D:/Game-Engine%20Projects/Blazing7Test/assets/Scripts/Game/Game.ts as cce:/internal/x/cc.
16:42:35.536 debug: Resolve ../Managers/AudioManager from file:///D:/Game-Engine%20Projects/Blazing7Test/assets/Scripts/Game/Game.ts as file:///D:/Game-Engine%20Projects/Blazing7Test/assets/Scripts/Managers/AudioManager.ts.
16:42:35.536 debug: Resolve ../Managers/Services from file:///D:/Game-Engine%20Projects/Blazing7Test/assets/Scripts/Game/Game.ts as file:///D:/Game-Engine%20Projects/Blazing7Test/assets/Scripts/Managers/Services.ts.
16:42:35.536 debug: Resolve ../Managers/PopUpManager from file:///D:/Game-Engine%20Projects/Blazing7Test/assets/Scripts/Game/Game.ts as file:///D:/Game-Engine%20Projects/Blazing7Test/assets/Scripts/Managers/PopUpManager.ts.
16:42:35.536 debug: Resolve ../utils/NumberFormatter from file:///D:/Game-Engine%20Projects/Blazing7Test/assets/Scripts/Game/Game.ts as file:///D:/Game-Engine%20Projects/Blazing7Test/assets/Scripts/utils/NumberFormatter.ts.
16:42:35.536 debug: Resolve cc from file:///D:/Game-Engine%20Projects/Blazing7Test/assets/Scripts/utils/NumberFormatter.ts as cce:/internal/x/cc.
16:42:35.536 debug: Resolve cc from file:///D:/Game-Engine%20Projects/Blazing7Test/assets/Scripts/utils/NumberFormatter.ts as cce:/internal/x/cc.
16:42:35.536 debug: Resolve cc from file:///D:/Game-Engine%20Projects/Blazing7Test/assets/Scripts/utils/NumberFormatter.ts as cce:/internal/x/cc.
16:42:35.538 debug: Target(editor) ends with cost 254.70370000001276ms.
16:42:35.538 debug: Target(preview) build started.
16:42:35.540 debug: Detected change: cce:/internal/x/prerequisite-imports. Last mtime: Thu Jan 01 1970 08:00:06 GMT+0800 (Philippine Standard Time), Current mtime: Thu Jan 01 1970 08:01:30 GMT+0800 (Philippine Standard Time)
16:42:35.540 debug: Inspect cce:/internal/x/prerequisite-imports
16:42:35.567 debug: transform url: 'cce:/internal/x/prerequisite-imports' costs: 26.70 ms
16:42:35.568 debug: Resolve file:///C:/ProgramData/cocos/editors/Creator/3.8.5/resources/resources/3d/engine/editor/assets/default_renderpipeline/builtin-dof-pass.ts from cce:/internal/x/prerequisite-imports as file:///C:/ProgramData/cocos/editors/Creator/3.8.5/resources/resources/3d/engine/editor/assets/default_renderpipeline/builtin-dof-pass.ts.
16:42:35.568 debug: Resolve file:///C:/ProgramData/cocos/editors/Creator/3.8.5/resources/resources/3d/engine/editor/assets/default_renderpipeline/builtin-pipeline-pass.ts from cce:/internal/x/prerequisite-imports as file:///C:/ProgramData/cocos/editors/Creator/3.8.5/resources/resources/3d/engine/editor/assets/default_renderpipeline/builtin-pipeline-pass.ts.
16:42:35.569 debug: Resolve file:///C:/ProgramData/cocos/editors/Creator/3.8.5/resources/resources/3d/engine/editor/assets/default_renderpipeline/builtin-pipeline-settings.ts from cce:/internal/x/prerequisite-imports as file:///C:/ProgramData/cocos/editors/Creator/3.8.5/resources/resources/3d/engine/editor/assets/default_renderpipeline/builtin-pipeline-settings.ts.
16:42:35.569 debug: Resolve file:///C:/ProgramData/cocos/editors/Creator/3.8.5/resources/resources/3d/engine/editor/assets/default_renderpipeline/builtin-pipeline-types.ts from cce:/internal/x/prerequisite-imports as file:///C:/ProgramData/cocos/editors/Creator/3.8.5/resources/resources/3d/engine/editor/assets/default_renderpipeline/builtin-pipeline-types.ts.
16:42:35.569 debug: Resolve file:///C:/ProgramData/cocos/editors/Creator/3.8.5/resources/resources/3d/engine/editor/assets/default_renderpipeline/builtin-pipeline.ts from cce:/internal/x/prerequisite-imports as file:///C:/ProgramData/cocos/editors/Creator/3.8.5/resources/resources/3d/engine/editor/assets/default_renderpipeline/builtin-pipeline.ts.
16:42:35.570 debug: Resolve file:///C:/ProgramData/cocos/editors/Creator/3.8.5/resources/resources/3d/engine/editor/assets/tools/debug-view-runtime-control.ts from cce:/internal/x/prerequisite-imports as file:///C:/ProgramData/cocos/editors/Creator/3.8.5/resources/resources/3d/engine/editor/assets/tools/debug-view-runtime-control.ts.
16:42:35.570 debug: Resolve file:///D:/Game-Engine%20Projects/Blazing7Test/assets/Scripts/Api/ApiCore.ts from cce:/internal/x/prerequisite-imports as file:///D:/Game-Engine%20Projects/Blazing7Test/assets/Scripts/Api/ApiCore.ts.
16:42:35.570 debug: Resolve file:///D:/Game-Engine%20Projects/Blazing7Test/assets/Scripts/Api/ApiError.ts from cce:/internal/x/prerequisite-imports as file:///D:/Game-Engine%20Projects/Blazing7Test/assets/Scripts/Api/ApiError.ts.
16:42:35.570 debug: Resolve file:///D:/Game-Engine%20Projects/Blazing7Test/assets/Scripts/Api/ApiManager.ts from cce:/internal/x/prerequisite-imports as file:///D:/Game-Engine%20Projects/Blazing7Test/assets/Scripts/Api/ApiManager.ts.
16:42:35.570 debug: Resolve file:///D:/Game-Engine%20Projects/Blazing7Test/assets/Scripts/Api/GameApi.ts from cce:/internal/x/prerequisite-imports as file:///D:/Game-Engine%20Projects/Blazing7Test/assets/Scripts/Api/GameApi.ts.
16:42:35.570 debug: Resolve file:///D:/Game-Engine%20Projects/Blazing7Test/assets/Scripts/Card/NumberCardView.ts from cce:/internal/x/prerequisite-imports as file:///D:/Game-Engine%20Projects/Blazing7Test/assets/Scripts/Card/NumberCardView.ts.
16:42:35.570 debug: Resolve file:///D:/Game-Engine%20Projects/Blazing7Test/assets/Scripts/Card/ScratchCard.ts from cce:/internal/x/prerequisite-imports as file:///D:/Game-Engine%20Projects/Blazing7Test/assets/Scripts/Card/ScratchCard.ts.
16:42:35.571 debug: Resolve file:///D:/Game-Engine%20Projects/Blazing7Test/assets/Scripts/Card/ScratchCardView.ts from cce:/internal/x/prerequisite-imports as file:///D:/Game-Engine%20Projects/Blazing7Test/assets/Scripts/Card/ScratchCardView.ts.
16:42:35.571 debug: Resolve file:///D:/Game-Engine%20Projects/Blazing7Test/assets/Scripts/Data/GameData.ts from cce:/internal/x/prerequisite-imports as file:///D:/Game-Engine%20Projects/Blazing7Test/assets/Scripts/Data/GameData.ts.
16:42:35.571 debug: Resolve file:///D:/Game-Engine%20Projects/Blazing7Test/assets/Scripts/Data/GameUserInfo.ts from cce:/internal/x/prerequisite-imports as file:///D:/Game-Engine%20Projects/Blazing7Test/assets/Scripts/Data/GameUserInfo.ts.
16:42:35.571 debug: Resolve file:///D:/Game-Engine%20Projects/Blazing7Test/assets/Scripts/Data/TicketData.ts from cce:/internal/x/prerequisite-imports as file:///D:/Game-Engine%20Projects/Blazing7Test/assets/Scripts/Data/TicketData.ts.
16:42:35.571 debug: Resolve file:///D:/Game-Engine%20Projects/Blazing7Test/assets/Scripts/Data/TicketItem.ts from cce:/internal/x/prerequisite-imports as file:///D:/Game-Engine%20Projects/Blazing7Test/assets/Scripts/Data/TicketItem.ts.
16:42:35.571 debug: Resolve file:///D:/Game-Engine%20Projects/Blazing7Test/assets/Scripts/EventListener/BaseEventListener.ts from cce:/internal/x/prerequisite-imports as file:///D:/Game-Engine%20Projects/Blazing7Test/assets/Scripts/EventListener/BaseEventListener.ts.
16:42:35.571 debug: Resolve file:///D:/Game-Engine%20Projects/Blazing7Test/assets/Scripts/Game/DragonsEyeIntro.ts from cce:/internal/x/prerequisite-imports as file:///D:/Game-Engine%20Projects/Blazing7Test/assets/Scripts/Game/DragonsEyeIntro.ts.
16:42:35.572 debug: Resolve file:///D:/Game-Engine%20Projects/Blazing7Test/assets/Scripts/Game/Game.ts from cce:/internal/x/prerequisite-imports as file:///D:/Game-Engine%20Projects/Blazing7Test/assets/Scripts/Game/Game.ts.
16:42:35.572 debug: Detected change: file:///D:/Game-Engine%20Projects/Blazing7Test/assets/Scripts/Game/Game.ts. Last mtime: Thu May 14 2026 16:40:37 GMT+0800 (Philippine Standard Time)@e6f142da-2203-4097-b483-6c047c4bf6da, Current mtime: Thu May 14 2026 16:42:34 GMT+0800 (Philippine Standard Time)@e6f142da-2203-4097-b483-6c047c4bf6da
16:42:35.572 debug: Inspect file:///D:/Game-Engine%20Projects/Blazing7Test/assets/Scripts/Game/Game.ts
16:42:35.678 debug: transform url: 'file:///D:/Game-Engine%20Projects/Blazing7Test/assets/Scripts/Game/Game.ts' costs: 106.40 ms
16:42:35.681 debug: Resolve file:///D:/Game-Engine%20Projects/Blazing7Test/assets/Scripts/Game/GameOptions.ts from cce:/internal/x/prerequisite-imports as file:///D:/Game-Engine%20Projects/Blazing7Test/assets/Scripts/Game/GameOptions.ts.
16:42:35.681 debug: Resolve file:///D:/Game-Engine%20Projects/Blazing7Test/assets/Scripts/Game/PricePopUpOptions.ts from cce:/internal/x/prerequisite-imports as file:///D:/Game-Engine%20Projects/Blazing7Test/assets/Scripts/Game/PricePopUpOptions.ts.
16:42:35.682 debug: Resolve file:///D:/Game-Engine%20Projects/Blazing7Test/assets/Scripts/Managers/AudioManager.ts from cce:/internal/x/prerequisite-imports as file:///D:/Game-Engine%20Projects/Blazing7Test/assets/Scripts/Managers/AudioManager.ts.
16:42:35.682 debug: Resolve file:///D:/Game-Engine%20Projects/Blazing7Test/assets/Scripts/Managers/GameManager.ts from cce:/internal/x/prerequisite-imports as file:///D:/Game-Engine%20Projects/Blazing7Test/assets/Scripts/Managers/GameManager.ts.
16:42:35.683 debug: Resolve file:///D:/Game-Engine%20Projects/Blazing7Test/assets/Scripts/Managers/PopUpManager.ts from cce:/internal/x/prerequisite-imports as file:///D:/Game-Engine%20Projects/Blazing7Test/assets/Scripts/Managers/PopUpManager.ts.
16:42:35.683 debug: Resolve file:///D:/Game-Engine%20Projects/Blazing7Test/assets/Scripts/Managers/ResourceManager.ts from cce:/internal/x/prerequisite-imports as file:///D:/Game-Engine%20Projects/Blazing7Test/assets/Scripts/Managers/ResourceManager.ts.
16:42:35.684 debug: Resolve file:///D:/Game-Engine%20Projects/Blazing7Test/assets/Scripts/Managers/SceneManager.ts from cce:/internal/x/prerequisite-imports as file:///D:/Game-Engine%20Projects/Blazing7Test/assets/Scripts/Managers/SceneManager.ts.
16:42:35.684 debug: Resolve file:///D:/Game-Engine%20Projects/Blazing7Test/assets/Scripts/Managers/Services.ts from cce:/internal/x/prerequisite-imports as file:///D:/Game-Engine%20Projects/Blazing7Test/assets/Scripts/Managers/Services.ts.
16:42:35.685 debug: Resolve file:///D:/Game-Engine%20Projects/Blazing7Test/assets/Scripts/Managers/WebsocketManager.ts from cce:/internal/x/prerequisite-imports as file:///D:/Game-Engine%20Projects/Blazing7Test/assets/Scripts/Managers/WebsocketManager.ts.
16:42:35.685 debug: Resolve file:///D:/Game-Engine%20Projects/Blazing7Test/assets/Scripts/Managers/WinBroadcastManager.ts from cce:/internal/x/prerequisite-imports as file:///D:/Game-Engine%20Projects/Blazing7Test/assets/Scripts/Managers/WinBroadcastManager.ts.
16:42:35.685 debug: Resolve file:///D:/Game-Engine%20Projects/Blazing7Test/assets/Scripts/Managers/WsConfig.ts from cce:/internal/x/prerequisite-imports as file:///D:/Game-Engine%20Projects/Blazing7Test/assets/Scripts/Managers/WsConfig.ts.
16:42:35.686 debug: Resolve file:///D:/Game-Engine%20Projects/Blazing7Test/assets/Scripts/Scratch/FragmentView.ts from cce:/internal/x/prerequisite-imports as file:///D:/Game-Engine%20Projects/Blazing7Test/assets/Scripts/Scratch/FragmentView.ts.
16:42:35.686 debug: Resolve file:///D:/Game-Engine%20Projects/Blazing7Test/assets/Scripts/Scratch/ScratchMask.ts from cce:/internal/x/prerequisite-imports as file:///D:/Game-Engine%20Projects/Blazing7Test/assets/Scripts/Scratch/ScratchMask.ts.
16:42:35.686 debug: Resolve file:///D:/Game-Engine%20Projects/Blazing7Test/assets/Scripts/Scratch/ScratchRenderer.ts from cce:/internal/x/prerequisite-imports as file:///D:/Game-Engine%20Projects/Blazing7Test/assets/Scripts/Scratch/ScratchRenderer.ts.
16:42:35.687 debug: Resolve file:///D:/Game-Engine%20Projects/Blazing7Test/assets/Scripts/Scratch/ScratchSystem.ts from cce:/internal/x/prerequisite-imports as file:///D:/Game-Engine%20Projects/Blazing7Test/assets/Scripts/Scratch/ScratchSystem.ts.
16:42:35.687 debug: Resolve file:///D:/Game-Engine%20Projects/Blazing7Test/assets/Scripts/Scratch/ScratchTrajectory.ts from cce:/internal/x/prerequisite-imports as file:///D:/Game-Engine%20Projects/Blazing7Test/assets/Scripts/Scratch/ScratchTrajectory.ts.
16:42:35.687 debug: Resolve file:///D:/Game-Engine%20Projects/Blazing7Test/assets/Scripts/Scratch/ScratchTypes.ts from cce:/internal/x/prerequisite-imports as file:///D:/Game-Engine%20Projects/Blazing7Test/assets/Scripts/Scratch/ScratchTypes.ts.
16:42:35.687 debug: Resolve file:///D:/Game-Engine%20Projects/Blazing7Test/assets/Scripts/Types/announcement.types.ts from cce:/internal/x/prerequisite-imports as file:///D:/Game-Engine%20Projects/Blazing7Test/assets/Scripts/Types/announcement.types.ts.
16:42:35.687 debug: Resolve file:///D:/Game-Engine%20Projects/Blazing7Test/assets/Scripts/Types/api.types.ts from cce:/internal/x/prerequisite-imports as file:///D:/Game-Engine%20Projects/Blazing7Test/assets/Scripts/Types/api.types.ts.
16:42:35.688 debug: Resolve file:///D:/Game-Engine%20Projects/Blazing7Test/assets/Scripts/Types/card.types.ts from cce:/internal/x/prerequisite-imports as file:///D:/Game-Engine%20Projects/Blazing7Test/assets/Scripts/Types/card.types.ts.
16:42:35.688 debug: Resolve file:///D:/Game-Engine%20Projects/Blazing7Test/assets/Scripts/Types/game.types.ts from cce:/internal/x/prerequisite-imports as file:///D:/Game-Engine%20Projects/Blazing7Test/assets/Scripts/Types/game.types.ts.
16:42:35.688 debug: Resolve file:///D:/Game-Engine%20Projects/Blazing7Test/assets/Scripts/Types/index.ts from cce:/internal/x/prerequisite-imports as file:///D:/Game-Engine%20Projects/Blazing7Test/assets/Scripts/Types/index.ts.
16:42:35.688 debug: Resolve file:///D:/Game-Engine%20Projects/Blazing7Test/assets/Scripts/Types/ranking.types.ts from cce:/internal/x/prerequisite-imports as file:///D:/Game-Engine%20Projects/Blazing7Test/assets/Scripts/Types/ranking.types.ts.
16:42:35.689 debug: Resolve file:///D:/Game-Engine%20Projects/Blazing7Test/assets/Scripts/Types/ticket.types.ts from cce:/internal/x/prerequisite-imports as file:///D:/Game-Engine%20Projects/Blazing7Test/assets/Scripts/Types/ticket.types.ts.
16:42:35.689 debug: Resolve file:///D:/Game-Engine%20Projects/Blazing7Test/assets/Scripts/Types/ui.types.ts from cce:/internal/x/prerequisite-imports as file:///D:/Game-Engine%20Projects/Blazing7Test/assets/Scripts/Types/ui.types.ts.
16:42:35.690 debug: Resolve file:///D:/Game-Engine%20Projects/Blazing7Test/assets/Scripts/Types/user.types.ts from cce:/internal/x/prerequisite-imports as file:///D:/Game-Engine%20Projects/Blazing7Test/assets/Scripts/Types/user.types.ts.
16:42:35.690 debug: Resolve file:///D:/Game-Engine%20Projects/Blazing7Test/assets/Scripts/UI/InteractableUIs/SingleButton.ts from cce:/internal/x/prerequisite-imports as file:///D:/Game-Engine%20Projects/Blazing7Test/assets/Scripts/UI/InteractableUIs/SingleButton.ts.
16:42:35.690 debug: Resolve file:///D:/Game-Engine%20Projects/Blazing7Test/assets/Scripts/UI/LastWin.ts from cce:/internal/x/prerequisite-imports as file:///D:/Game-Engine%20Projects/Blazing7Test/assets/Scripts/UI/LastWin.ts.
16:42:35.690 debug: Resolve file:///D:/Game-Engine%20Projects/Blazing7Test/assets/Scripts/UI/PopUp/MaxWinToasterPopUp.ts from cce:/internal/x/prerequisite-imports as file:///D:/Game-Engine%20Projects/Blazing7Test/assets/Scripts/UI/PopUp/MaxWinToasterPopUp.ts.
16:42:35.691 debug: Resolve file:///D:/Game-Engine%20Projects/Blazing7Test/assets/Scripts/UI/PopUp/WinPopUp.ts from cce:/internal/x/prerequisite-imports as file:///D:/Game-Engine%20Projects/Blazing7Test/assets/Scripts/UI/PopUp/WinPopUp.ts.
16:42:35.691 debug: Resolve file:///D:/Game-Engine%20Projects/Blazing7Test/assets/Scripts/UI/PopUp/WinnerBroadcastPopUp.ts from cce:/internal/x/prerequisite-imports as file:///D:/Game-Engine%20Projects/Blazing7Test/assets/Scripts/UI/PopUp/WinnerBroadcastPopUp.ts.
16:42:35.692 debug: Resolve file:///D:/Game-Engine%20Projects/Blazing7Test/assets/Scripts/UI/Scenes/Game/ScrollingBackground.ts from cce:/internal/x/prerequisite-imports as file:///D:/Game-Engine%20Projects/Blazing7Test/assets/Scripts/UI/Scenes/Game/ScrollingBackground.ts.
16:42:35.692 debug: Resolve file:///D:/Game-Engine%20Projects/Blazing7Test/assets/Scripts/UI/Scenes/Loading/LoadingBar.ts from cce:/internal/x/prerequisite-imports as file:///D:/Game-Engine%20Projects/Blazing7Test/assets/Scripts/UI/Scenes/Loading/LoadingBar.ts.
16:42:35.692 debug: Resolve file:///D:/Game-Engine%20Projects/Blazing7Test/assets/Scripts/UI/Scenes/Loading/LoadingScene.ts from cce:/internal/x/prerequisite-imports as file:///D:/Game-Engine%20Projects/Blazing7Test/assets/Scripts/UI/Scenes/Loading/LoadingScene.ts.
16:42:35.693 debug: Resolve file:///D:/Game-Engine%20Projects/Blazing7Test/assets/Scripts/UI/Scenes/NewPlayerGuide.ts from cce:/internal/x/prerequisite-imports as file:///D:/Game-Engine%20Projects/Blazing7Test/assets/Scripts/UI/Scenes/NewPlayerGuide.ts.
16:42:35.693 debug: Resolve file:///D:/Game-Engine%20Projects/Blazing7Test/assets/Scripts/UI/UIRoot.ts from cce:/internal/x/prerequisite-imports as file:///D:/Game-Engine%20Projects/Blazing7Test/assets/Scripts/UI/UIRoot.ts.
16:42:35.693 debug: Resolve file:///D:/Game-Engine%20Projects/Blazing7Test/assets/Scripts/UI/VisualFx/DragonBreathing.ts from cce:/internal/x/prerequisite-imports as file:///D:/Game-Engine%20Projects/Blazing7Test/assets/Scripts/UI/VisualFx/DragonBreathing.ts.
16:42:35.693 debug: Resolve file:///D:/Game-Engine%20Projects/Blazing7Test/assets/Scripts/UI/VisualFx/HelpView.ts from cce:/internal/x/prerequisite-imports as file:///D:/Game-Engine%20Projects/Blazing7Test/assets/Scripts/UI/VisualFx/HelpView.ts.
16:42:35.694 debug: Resolve file:///D:/Game-Engine%20Projects/Blazing7Test/assets/Scripts/UI/VisualFx/NodeMovement.ts from cce:/internal/x/prerequisite-imports as file:///D:/Game-Engine%20Projects/Blazing7Test/assets/Scripts/UI/VisualFx/NodeMovement.ts.
16:42:35.694 debug: Resolve file:///D:/Game-Engine%20Projects/Blazing7Test/assets/Scripts/utils/NumberFormatter.ts from cce:/internal/x/prerequisite-imports as file:///D:/Game-Engine%20Projects/Blazing7Test/assets/Scripts/utils/NumberFormatter.ts.
16:42:35.694 debug: Detected change: file:///D:/Game-Engine%20Projects/Blazing7Test/assets/Scripts/utils/NumberFormatter.ts. Last mtime: Thu May 14 2026 16:03:08 GMT+0800 (Philippine Standard Time)@73e54186-e599-483e-8076-9dedcd12848b, Current mtime: Thu May 14 2026 16:42:33 GMT+0800 (Philippine Standard Time)@73e54186-e599-483e-8076-9dedcd12848b
16:42:35.694 debug: Inspect file:///D:/Game-Engine%20Projects/Blazing7Test/assets/Scripts/utils/NumberFormatter.ts
16:42:35.749 debug: transform url: 'file:///D:/Game-Engine%20Projects/Blazing7Test/assets/Scripts/utils/NumberFormatter.ts' costs: 54.50 ms
16:42:35.749 debug: Resolve file:///D:/Game-Engine%20Projects/Blazing7Test/assets/Scripts/utils/logger.ts from cce:/internal/x/prerequisite-imports as file:///D:/Game-Engine%20Projects/Blazing7Test/assets/Scripts/utils/logger.ts.
16:42:35.750 debug: Resolve file:///D:/Game-Engine%20Projects/Blazing7Test/assets/menu-bundle/BANANACRAZE/script/BundleBonusItem.ts from cce:/internal/x/prerequisite-imports as file:///D:/Game-Engine%20Projects/Blazing7Test/assets/menu-bundle/BANANACRAZE/script/BundleBonusItem.ts.
16:42:35.750 debug: Resolve file:///D:/Game-Engine%20Projects/Blazing7Test/assets/menu-bundle/BANANACRAZE/script/BundleBonusTrajectory.ts from cce:/internal/x/prerequisite-imports as file:///D:/Game-Engine%20Projects/Blazing7Test/assets/menu-bundle/BANANACRAZE/script/BundleBonusTrajectory.ts.
16:42:35.750 debug: Resolve file:///D:/Game-Engine%20Projects/Blazing7Test/assets/menu-bundle/BANANACRAZE/script/BundleCardTrajectory.ts from cce:/internal/x/prerequisite-imports as file:///D:/Game-Engine%20Projects/Blazing7Test/assets/menu-bundle/BANANACRAZE/script/BundleCardTrajectory.ts.
16:42:35.750 debug: Resolve file:///D:/Game-Engine%20Projects/Blazing7Test/assets/menu-bundle/BANANACRAZE/script/BundleLeafItem.ts from cce:/internal/x/prerequisite-imports as file:///D:/Game-Engine%20Projects/Blazing7Test/assets/menu-bundle/BANANACRAZE/script/BundleLeafItem.ts.
16:42:35.750 debug: Resolve file:///D:/Game-Engine%20Projects/Blazing7Test/assets/menu-bundle/BANANACRAZE/script/BundleLeafManagerTrajectory.ts from cce:/internal/x/prerequisite-imports as file:///D:/Game-Engine%20Projects/Blazing7Test/assets/menu-bundle/BANANACRAZE/script/BundleLeafManagerTrajectory.ts.
16:42:35.750 debug: Resolve file:///D:/Game-Engine%20Projects/Blazing7Test/assets/menu-bundle/BANANACRAZE/script/BundleTrajectory.ts from cce:/internal/x/prerequisite-imports as file:///D:/Game-Engine%20Projects/Blazing7Test/assets/menu-bundle/BANANACRAZE/script/BundleTrajectory.ts.
16:42:35.751 debug: Resolve file:///D:/Game-Engine%20Projects/Blazing7Test/assets/menu-bundle/BANANACRAZE/script/BundleYourNumberItem.ts from cce:/internal/x/prerequisite-imports as file:///D:/Game-Engine%20Projects/Blazing7Test/assets/menu-bundle/BANANACRAZE/script/BundleYourNumberItem.ts.
16:42:35.751 debug: Resolve file:///D:/Game-Engine%20Projects/Blazing7Test/assets/menu-bundle/BANANACRAZE/script/BundleYourNumbersTrajectory.ts from cce:/internal/x/prerequisite-imports as file:///D:/Game-Engine%20Projects/Blazing7Test/assets/menu-bundle/BANANACRAZE/script/BundleYourNumbersTrajectory.ts.
16:42:35.751 debug: Resolve file:///D:/Game-Engine%20Projects/Blazing7Test/assets/menu-bundle/BINGO2/script/BingoAudio.ts from cce:/internal/x/prerequisite-imports as file:///D:/Game-Engine%20Projects/Blazing7Test/assets/menu-bundle/BINGO2/script/BingoAudio.ts.
16:42:35.751 debug: Resolve file:///D:/Game-Engine%20Projects/Blazing7Test/assets/menu-bundle/BINGO2/script/BingoBalls.ts from cce:/internal/x/prerequisite-imports as file:///D:/Game-Engine%20Projects/Blazing7Test/assets/menu-bundle/BINGO2/script/BingoBalls.ts.
16:42:35.751 debug: Resolve file:///D:/Game-Engine%20Projects/Blazing7Test/assets/menu-bundle/BINGO2/script/BingoBallsScratch.ts from cce:/internal/x/prerequisite-imports as file:///D:/Game-Engine%20Projects/Blazing7Test/assets/menu-bundle/BINGO2/script/BingoBallsScratch.ts.
16:42:35.751 debug: Resolve file:///D:/Game-Engine%20Projects/Blazing7Test/assets/menu-bundle/BINGO2/script/BingoCard.ts from cce:/internal/x/prerequisite-imports as file:///D:/Game-Engine%20Projects/Blazing7Test/assets/menu-bundle/BINGO2/script/BingoCard.ts.
16:42:35.751 debug: Resolve file:///D:/Game-Engine%20Projects/Blazing7Test/assets/menu-bundle/BINGO2/script/BingoCardDetails.ts from cce:/internal/x/prerequisite-imports as file:///D:/Game-Engine%20Projects/Blazing7Test/assets/menu-bundle/BINGO2/script/BingoCardDetails.ts.
16:42:35.751 debug: Resolve file:///D:/Game-Engine%20Projects/Blazing7Test/assets/menu-bundle/BINGO2/script/BingoConfig.ts from cce:/internal/x/prerequisite-imports as file:///D:/Game-Engine%20Projects/Blazing7Test/assets/menu-bundle/BINGO2/script/BingoConfig.ts.
16:42:35.752 debug: Resolve file:///D:/Game-Engine%20Projects/Blazing7Test/assets/menu-bundle/BINGO2/script/BingoExtraball.ts from cce:/internal/x/prerequisite-imports as file:///D:/Game-Engine%20Projects/Blazing7Test/assets/menu-bundle/BINGO2/script/BingoExtraball.ts.
16:42:35.752 debug: Resolve file:///D:/Game-Engine%20Projects/Blazing7Test/assets/menu-bundle/BINGO2/script/BingoNumber.ts from cce:/internal/x/prerequisite-imports as file:///D:/Game-Engine%20Projects/Blazing7Test/assets/menu-bundle/BINGO2/script/BingoNumber.ts.
16:42:35.752 debug: Resolve file:///D:/Game-Engine%20Projects/Blazing7Test/assets/menu-bundle/BINGO2/script/BingoRuleItem.ts from cce:/internal/x/prerequisite-imports as file:///D:/Game-Engine%20Projects/Blazing7Test/assets/menu-bundle/BINGO2/script/BingoRuleItem.ts.
16:42:35.752 debug: Resolve file:///D:/Game-Engine%20Projects/Blazing7Test/assets/menu-bundle/BINGO2/script/BingoRuleSlider.ts from cce:/internal/x/prerequisite-imports as file:///D:/Game-Engine%20Projects/Blazing7Test/assets/menu-bundle/BINGO2/script/BingoRuleSlider.ts.
16:42:35.752 debug: Resolve file:///D:/Game-Engine%20Projects/Blazing7Test/assets/menu-bundle/BINGO2/script/BingoWinAlert.ts from cce:/internal/x/prerequisite-imports as file:///D:/Game-Engine%20Projects/Blazing7Test/assets/menu-bundle/BINGO2/script/BingoWinAlert.ts.
16:42:35.752 debug: Resolve file:///D:/Game-Engine%20Projects/Blazing7Test/assets/menu-bundle/BINGO2/script/BingoWinLine.ts from cce:/internal/x/prerequisite-imports as file:///D:/Game-Engine%20Projects/Blazing7Test/assets/menu-bundle/BINGO2/script/BingoWinLine.ts.
16:42:35.752 debug: Resolve file:///D:/Game-Engine%20Projects/Blazing7Test/assets/menu-bundle/BINGO2/script/BingoWinRule.ts from cce:/internal/x/prerequisite-imports as file:///D:/Game-Engine%20Projects/Blazing7Test/assets/menu-bundle/BINGO2/script/BingoWinRule.ts.
16:42:35.753 debug: Resolve file:///D:/Game-Engine%20Projects/Blazing7Test/assets/menu-bundle/BLAZING_7S_SCRATCH/script/BundleTrajectory7s.ts from cce:/internal/x/prerequisite-imports as file:///D:/Game-Engine%20Projects/Blazing7Test/assets/menu-bundle/BLAZING_7S_SCRATCH/script/BundleTrajectory7s.ts.
16:42:35.753 debug: Resolve file:///D:/Game-Engine%20Projects/Blazing7Test/assets/menu-bundle/BLAZING_7S_SCRATCH/script/CardFragmentView.ts from cce:/internal/x/prerequisite-imports as file:///D:/Game-Engine%20Projects/Blazing7Test/assets/menu-bundle/BLAZING_7S_SCRATCH/script/CardFragmentView.ts.
16:42:35.753 debug: Resolve file:///D:/Game-Engine%20Projects/Blazing7Test/assets/menu-bundle/BLAZING_7S_SCRATCH/script/CardReview7s.ts from cce:/internal/x/prerequisite-imports as file:///D:/Game-Engine%20Projects/Blazing7Test/assets/menu-bundle/BLAZING_7S_SCRATCH/script/CardReview7s.ts.
16:42:35.753 debug: Resolve file:///D:/Game-Engine%20Projects/Blazing7Test/assets/menu-bundle/BLAZING_7S_SCRATCH/script/CardReviewMask.ts from cce:/internal/x/prerequisite-imports as file:///D:/Game-Engine%20Projects/Blazing7Test/assets/menu-bundle/BLAZING_7S_SCRATCH/script/CardReviewMask.ts.
16:42:35.753 debug: Resolve file:///D:/Game-Engine%20Projects/Blazing7Test/assets/menu-bundle/BLAZING_7S_SCRATCH/script/CardReviewRenderer.ts from cce:/internal/x/prerequisite-imports as file:///D:/Game-Engine%20Projects/Blazing7Test/assets/menu-bundle/BLAZING_7S_SCRATCH/script/CardReviewRenderer.ts.
16:42:35.753 debug: Resolve file:///D:/Game-Engine%20Projects/Blazing7Test/assets/menu-bundle/BLAZING_7S_SCRATCH/script/CardReviewSystemBlazing.ts from cce:/internal/x/prerequisite-imports as file:///D:/Game-Engine%20Projects/Blazing7Test/assets/menu-bundle/BLAZING_7S_SCRATCH/script/CardReviewSystemBlazing.ts.
16:42:35.754 debug: Resolve file:///D:/Game-Engine%20Projects/Blazing7Test/assets/menu-bundle/BLAZING_7S_SCRATCH/script/CardTypes.ts from cce:/internal/x/prerequisite-imports as file:///D:/Game-Engine%20Projects/Blazing7Test/assets/menu-bundle/BLAZING_7S_SCRATCH/script/CardTypes.ts.
16:42:35.754 debug: Resolve file:///D:/Game-Engine%20Projects/Blazing7Test/assets/menu-bundle/BLAZING_7S_SCRATCH/script/FragmentView.ts from cce:/internal/x/prerequisite-imports as file:///D:/Game-Engine%20Projects/Blazing7Test/assets/menu-bundle/BLAZING_7S_SCRATCH/script/FragmentView.ts.
16:42:35.754 debug: Resolve file:///D:/Game-Engine%20Projects/Blazing7Test/assets/menu-bundle/BLAZING_7S_SCRATCH/script/ScratchAutoPlayer.ts from cce:/internal/x/prerequisite-imports as file:///D:/Game-Engine%20Projects/Blazing7Test/assets/menu-bundle/BLAZING_7S_SCRATCH/script/ScratchAutoPlayer.ts.
16:42:35.754 debug: Resolve file:///D:/Game-Engine%20Projects/Blazing7Test/assets/menu-bundle/BLAZING_7S_SCRATCH/script/ScratchMask.ts from cce:/internal/x/prerequisite-imports as file:///D:/Game-Engine%20Projects/Blazing7Test/assets/menu-bundle/BLAZING_7S_SCRATCH/script/ScratchMask.ts.
16:42:35.754 debug: Resolve file:///D:/Game-Engine%20Projects/Blazing7Test/assets/menu-bundle/BLAZING_7S_SCRATCH/script/ScratchNumber.ts from cce:/internal/x/prerequisite-imports as file:///D:/Game-Engine%20Projects/Blazing7Test/assets/menu-bundle/BLAZING_7S_SCRATCH/script/ScratchNumber.ts.
16:42:35.754 debug: Resolve file:///D:/Game-Engine%20Projects/Blazing7Test/assets/menu-bundle/BLAZING_7S_SCRATCH/script/ScratchRenderer.ts from cce:/internal/x/prerequisite-imports as file:///D:/Game-Engine%20Projects/Blazing7Test/assets/menu-bundle/BLAZING_7S_SCRATCH/script/ScratchRenderer.ts.
16:42:35.754 debug: Resolve file:///D:/Game-Engine%20Projects/Blazing7Test/assets/menu-bundle/BLAZING_7S_SCRATCH/script/ScratchSound.ts from cce:/internal/x/prerequisite-imports as file:///D:/Game-Engine%20Projects/Blazing7Test/assets/menu-bundle/BLAZING_7S_SCRATCH/script/ScratchSound.ts.
16:42:35.755 debug: Resolve file:///D:/Game-Engine%20Projects/Blazing7Test/assets/menu-bundle/BLAZING_7S_SCRATCH/script/ScratchSystem.ts from cce:/internal/x/prerequisite-imports as file:///D:/Game-Engine%20Projects/Blazing7Test/assets/menu-bundle/BLAZING_7S_SCRATCH/script/ScratchSystem.ts.
16:42:35.755 debug: Resolve file:///D:/Game-Engine%20Projects/Blazing7Test/assets/menu-bundle/BLAZING_7S_SCRATCH/script/ScratchTrajectory.ts from cce:/internal/x/prerequisite-imports as file:///D:/Game-Engine%20Projects/Blazing7Test/assets/menu-bundle/BLAZING_7S_SCRATCH/script/ScratchTrajectory.ts.
16:42:35.755 debug: Resolve file:///D:/Game-Engine%20Projects/Blazing7Test/assets/menu-bundle/BLAZING_7S_SCRATCH/script/ScratchTypes.ts from cce:/internal/x/prerequisite-imports as file:///D:/Game-Engine%20Projects/Blazing7Test/assets/menu-bundle/BLAZING_7S_SCRATCH/script/ScratchTypes.ts.
16:42:35.755 debug: Resolve file:///D:/Game-Engine%20Projects/Blazing7Test/assets/menu-bundle/BLAZING_7S_SCRATCH/script/Trajectory.ts from cce:/internal/x/prerequisite-imports as file:///D:/Game-Engine%20Projects/Blazing7Test/assets/menu-bundle/BLAZING_7S_SCRATCH/script/Trajectory.ts.
16:42:35.755 debug: Resolve file:///D:/Game-Engine%20Projects/Blazing7Test/assets/menu-bundle/DEEP_SEA/script/DeepBonusShells.ts from cce:/internal/x/prerequisite-imports as file:///D:/Game-Engine%20Projects/Blazing7Test/assets/menu-bundle/DEEP_SEA/script/DeepBonusShells.ts.
16:42:35.755 debug: Resolve file:///D:/Game-Engine%20Projects/Blazing7Test/assets/menu-bundle/DEEP_SEA/script/DeepSeaBG.ts from cce:/internal/x/prerequisite-imports as file:///D:/Game-Engine%20Projects/Blazing7Test/assets/menu-bundle/DEEP_SEA/script/DeepSeaBG.ts.
16:42:35.756 debug: Resolve file:///D:/Game-Engine%20Projects/Blazing7Test/assets/menu-bundle/DEEP_SEA/script/DeepSeaBaseUI.ts from cce:/internal/x/prerequisite-imports as file:///D:/Game-Engine%20Projects/Blazing7Test/assets/menu-bundle/DEEP_SEA/script/DeepSeaBaseUI.ts.
16:42:35.756 debug: Resolve file:///D:/Game-Engine%20Projects/Blazing7Test/assets/menu-bundle/DEEP_SEA/script/DeepSeaBonus.ts from cce:/internal/x/prerequisite-imports as file:///D:/Game-Engine%20Projects/Blazing7Test/assets/menu-bundle/DEEP_SEA/script/DeepSeaBonus.ts.
16:42:35.756 debug: Resolve file:///D:/Game-Engine%20Projects/Blazing7Test/assets/menu-bundle/DEEP_SEA/script/DeepSeaBonusGame.ts from cce:/internal/x/prerequisite-imports as file:///D:/Game-Engine%20Projects/Blazing7Test/assets/menu-bundle/DEEP_SEA/script/DeepSeaBonusGame.ts.
16:42:35.756 debug: Resolve file:///D:/Game-Engine%20Projects/Blazing7Test/assets/menu-bundle/DEEP_SEA/script/DeepSeaBonusInfo.ts from cce:/internal/x/prerequisite-imports as file:///D:/Game-Engine%20Projects/Blazing7Test/assets/menu-bundle/DEEP_SEA/script/DeepSeaBonusInfo.ts.
16:42:35.757 debug: Resolve file:///D:/Game-Engine%20Projects/Blazing7Test/assets/menu-bundle/DEEP_SEA/script/DeepSeaBonusJackpot.ts from cce:/internal/x/prerequisite-imports as file:///D:/Game-Engine%20Projects/Blazing7Test/assets/menu-bundle/DEEP_SEA/script/DeepSeaBonusJackpot.ts.
16:42:35.757 debug: Resolve file:///D:/Game-Engine%20Projects/Blazing7Test/assets/menu-bundle/DEEP_SEA/script/DeepSeaBonusShellItem.ts from cce:/internal/x/prerequisite-imports as file:///D:/Game-Engine%20Projects/Blazing7Test/assets/menu-bundle/DEEP_SEA/script/DeepSeaBonusShellItem.ts.
16:42:35.757 debug: Resolve file:///D:/Game-Engine%20Projects/Blazing7Test/assets/menu-bundle/DEEP_SEA/script/DeepSeaBonusStone.ts from cce:/internal/x/prerequisite-imports as file:///D:/Game-Engine%20Projects/Blazing7Test/assets/menu-bundle/DEEP_SEA/script/DeepSeaBonusStone.ts.
16:42:35.757 debug: Resolve file:///D:/Game-Engine%20Projects/Blazing7Test/assets/menu-bundle/DEEP_SEA/script/DeepSeaBonusWin.ts from cce:/internal/x/prerequisite-imports as file:///D:/Game-Engine%20Projects/Blazing7Test/assets/menu-bundle/DEEP_SEA/script/DeepSeaBonusWin.ts.
16:42:35.757 debug: Resolve file:///D:/Game-Engine%20Projects/Blazing7Test/assets/menu-bundle/DEEP_SEA/script/DeepSeaBonusWinItem.ts from cce:/internal/x/prerequisite-imports as file:///D:/Game-Engine%20Projects/Blazing7Test/assets/menu-bundle/DEEP_SEA/script/DeepSeaBonusWinItem.ts.
16:42:35.757 debug: Resolve file:///D:/Game-Engine%20Projects/Blazing7Test/assets/menu-bundle/DEEP_SEA/script/DeepSeaBubbleNumItem.ts from cce:/internal/x/prerequisite-imports as file:///D:/Game-Engine%20Projects/Blazing7Test/assets/menu-bundle/DEEP_SEA/script/DeepSeaBubbleNumItem.ts.
16:42:35.758 debug: Resolve file:///D:/Game-Engine%20Projects/Blazing7Test/assets/menu-bundle/DEEP_SEA/script/DeepSeaBubbleScene.ts from cce:/internal/x/prerequisite-imports as file:///D:/Game-Engine%20Projects/Blazing7Test/assets/menu-bundle/DEEP_SEA/script/DeepSeaBubbleScene.ts.
16:42:35.758 debug: Resolve file:///D:/Game-Engine%20Projects/Blazing7Test/assets/menu-bundle/DEEP_SEA/script/DeepSeaBubbles.ts from cce:/internal/x/prerequisite-imports as file:///D:/Game-Engine%20Projects/Blazing7Test/assets/menu-bundle/DEEP_SEA/script/DeepSeaBubbles.ts.
16:42:35.758 debug: Resolve file:///D:/Game-Engine%20Projects/Blazing7Test/assets/menu-bundle/DEEP_SEA/script/DeepSeaCard.ts from cce:/internal/x/prerequisite-imports as file:///D:/Game-Engine%20Projects/Blazing7Test/assets/menu-bundle/DEEP_SEA/script/DeepSeaCard.ts.
16:42:35.758 debug: Resolve file:///D:/Game-Engine%20Projects/Blazing7Test/assets/menu-bundle/DEEP_SEA/script/DeepSeaCardDetails.ts from cce:/internal/x/prerequisite-imports as file:///D:/Game-Engine%20Projects/Blazing7Test/assets/menu-bundle/DEEP_SEA/script/DeepSeaCardDetails.ts.
16:42:35.758 debug: Resolve file:///D:/Game-Engine%20Projects/Blazing7Test/assets/menu-bundle/DEEP_SEA/script/DeepSeaCloudFloat.ts from cce:/internal/x/prerequisite-imports as file:///D:/Game-Engine%20Projects/Blazing7Test/assets/menu-bundle/DEEP_SEA/script/DeepSeaCloudFloat.ts.
16:42:35.758 debug: Resolve file:///D:/Game-Engine%20Projects/Blazing7Test/assets/menu-bundle/DEEP_SEA/script/DeepSeaFish.ts from cce:/internal/x/prerequisite-imports as file:///D:/Game-Engine%20Projects/Blazing7Test/assets/menu-bundle/DEEP_SEA/script/DeepSeaFish.ts.
16:42:35.759 debug: Resolve file:///D:/Game-Engine%20Projects/Blazing7Test/assets/menu-bundle/DEEP_SEA/script/DeepSeaGameRecord.ts from cce:/internal/x/prerequisite-imports as file:///D:/Game-Engine%20Projects/Blazing7Test/assets/menu-bundle/DEEP_SEA/script/DeepSeaGameRecord.ts.
16:42:35.759 debug: Resolve file:///D:/Game-Engine%20Projects/Blazing7Test/assets/menu-bundle/DEEP_SEA/script/DeepSeaMainGame.ts from cce:/internal/x/prerequisite-imports as file:///D:/Game-Engine%20Projects/Blazing7Test/assets/menu-bundle/DEEP_SEA/script/DeepSeaMainGame.ts.
16:42:35.760 debug: Resolve file:///D:/Game-Engine%20Projects/Blazing7Test/assets/menu-bundle/DEEP_SEA/script/DeepSeaMyNumber.ts from cce:/internal/x/prerequisite-imports as file:///D:/Game-Engine%20Projects/Blazing7Test/assets/menu-bundle/DEEP_SEA/script/DeepSeaMyNumber.ts.
16:42:35.760 debug: Resolve file:///D:/Game-Engine%20Projects/Blazing7Test/assets/menu-bundle/DEEP_SEA/script/DeepSeaReview.ts from cce:/internal/x/prerequisite-imports as file:///D:/Game-Engine%20Projects/Blazing7Test/assets/menu-bundle/DEEP_SEA/script/DeepSeaReview.ts.
16:42:35.760 debug: Resolve file:///D:/Game-Engine%20Projects/Blazing7Test/assets/menu-bundle/DEEP_SEA/script/DeepSeaSceneTranstion.ts from cce:/internal/x/prerequisite-imports as file:///D:/Game-Engine%20Projects/Blazing7Test/assets/menu-bundle/DEEP_SEA/script/DeepSeaSceneTranstion.ts.
16:42:35.760 debug: Resolve file:///D:/Game-Engine%20Projects/Blazing7Test/assets/menu-bundle/DEEP_SEA/script/DeepSeaSuperBonus.ts from cce:/internal/x/prerequisite-imports as file:///D:/Game-Engine%20Projects/Blazing7Test/assets/menu-bundle/DEEP_SEA/script/DeepSeaSuperBonus.ts.
16:42:35.760 debug: Resolve file:///D:/Game-Engine%20Projects/Blazing7Test/assets/menu-bundle/DEEP_SEA/script/DeepSeaSuperBonusGame.ts from cce:/internal/x/prerequisite-imports as file:///D:/Game-Engine%20Projects/Blazing7Test/assets/menu-bundle/DEEP_SEA/script/DeepSeaSuperBonusGame.ts.
16:42:35.760 debug: Resolve file:///D:/Game-Engine%20Projects/Blazing7Test/assets/menu-bundle/DEEP_SEA/script/DeepSeaWater.ts from cce:/internal/x/prerequisite-imports as file:///D:/Game-Engine%20Projects/Blazing7Test/assets/menu-bundle/DEEP_SEA/script/DeepSeaWater.ts.
16:42:35.760 debug: Resolve file:///D:/Game-Engine%20Projects/Blazing7Test/assets/menu-bundle/DEEP_SEA/script/DeepSeaWinNum.ts from cce:/internal/x/prerequisite-imports as file:///D:/Game-Engine%20Projects/Blazing7Test/assets/menu-bundle/DEEP_SEA/script/DeepSeaWinNum.ts.
16:42:35.761 debug: Resolve file:///D:/Game-Engine%20Projects/Blazing7Test/assets/menu-bundle/DEEP_SEA/script/data/DeepSeaAudio.ts from cce:/internal/x/prerequisite-imports as file:///D:/Game-Engine%20Projects/Blazing7Test/assets/menu-bundle/DEEP_SEA/script/data/DeepSeaAudio.ts.
16:42:35.761 debug: Resolve file:///D:/Game-Engine%20Projects/Blazing7Test/assets/menu-bundle/DEEP_SEA/script/data/DeepSeaCardData.ts from cce:/internal/x/prerequisite-imports as file:///D:/Game-Engine%20Projects/Blazing7Test/assets/menu-bundle/DEEP_SEA/script/data/DeepSeaCardData.ts.
16:42:35.761 debug: Resolve file:///D:/Game-Engine%20Projects/Blazing7Test/assets/menu-bundle/DEEP_SEA/script/data/DeepSeaEvent.ts from cce:/internal/x/prerequisite-imports as file:///D:/Game-Engine%20Projects/Blazing7Test/assets/menu-bundle/DEEP_SEA/script/data/DeepSeaEvent.ts.
16:42:35.761 debug: Resolve file:///D:/Game-Engine%20Projects/Blazing7Test/assets/menu-bundle/DEEP_SEA/script/data/DeepSeaRes.ts from cce:/internal/x/prerequisite-imports as file:///D:/Game-Engine%20Projects/Blazing7Test/assets/menu-bundle/DEEP_SEA/script/data/DeepSeaRes.ts.
16:42:35.761 debug: Resolve file:///D:/Game-Engine%20Projects/Blazing7Test/assets/menu-bundle/GINTO_MATCH/script/BundleTrajectoryGinto.ts from cce:/internal/x/prerequisite-imports as file:///D:/Game-Engine%20Projects/Blazing7Test/assets/menu-bundle/GINTO_MATCH/script/BundleTrajectoryGinto.ts.
16:42:35.761 debug: Resolve file:///D:/Game-Engine%20Projects/Blazing7Test/assets/menu-bundle/GINTO_MATCH/script/CardFragmentView.ts from cce:/internal/x/prerequisite-imports as file:///D:/Game-Engine%20Projects/Blazing7Test/assets/menu-bundle/GINTO_MATCH/script/CardFragmentView.ts.
16:42:35.761 debug: Resolve file:///D:/Game-Engine%20Projects/Blazing7Test/assets/menu-bundle/GINTO_MATCH/script/CardReviewGinto.ts from cce:/internal/x/prerequisite-imports as file:///D:/Game-Engine%20Projects/Blazing7Test/assets/menu-bundle/GINTO_MATCH/script/CardReviewGinto.ts.
16:42:35.762 debug: Resolve file:///D:/Game-Engine%20Projects/Blazing7Test/assets/menu-bundle/GINTO_MATCH/script/CardReviewMask.ts from cce:/internal/x/prerequisite-imports as file:///D:/Game-Engine%20Projects/Blazing7Test/assets/menu-bundle/GINTO_MATCH/script/CardReviewMask.ts.
16:42:35.762 debug: Resolve file:///D:/Game-Engine%20Projects/Blazing7Test/assets/menu-bundle/GINTO_MATCH/script/CardReviewRenderer.ts from cce:/internal/x/prerequisite-imports as file:///D:/Game-Engine%20Projects/Blazing7Test/assets/menu-bundle/GINTO_MATCH/script/CardReviewRenderer.ts.
16:42:35.762 debug: Resolve file:///D:/Game-Engine%20Projects/Blazing7Test/assets/menu-bundle/GINTO_MATCH/script/CardReviewSystem.ts from cce:/internal/x/prerequisite-imports as file:///D:/Game-Engine%20Projects/Blazing7Test/assets/menu-bundle/GINTO_MATCH/script/CardReviewSystem.ts.
16:42:35.762 debug: Resolve file:///D:/Game-Engine%20Projects/Blazing7Test/assets/menu-bundle/GINTO_MATCH/script/CardTypes.ts from cce:/internal/x/prerequisite-imports as file:///D:/Game-Engine%20Projects/Blazing7Test/assets/menu-bundle/GINTO_MATCH/script/CardTypes.ts.
16:42:35.762 debug: Resolve file:///D:/Game-Engine%20Projects/Blazing7Test/assets/menu-bundle/GINTO_MATCH/script/FragmentView.ts from cce:/internal/x/prerequisite-imports as file:///D:/Game-Engine%20Projects/Blazing7Test/assets/menu-bundle/GINTO_MATCH/script/FragmentView.ts.
16:42:35.762 debug: Resolve file:///D:/Game-Engine%20Projects/Blazing7Test/assets/menu-bundle/GINTO_MATCH/script/ScratchAutoPlayer.ts from cce:/internal/x/prerequisite-imports as file:///D:/Game-Engine%20Projects/Blazing7Test/assets/menu-bundle/GINTO_MATCH/script/ScratchAutoPlayer.ts.
16:42:35.762 debug: Resolve file:///D:/Game-Engine%20Projects/Blazing7Test/assets/menu-bundle/GINTO_MATCH/script/ScratchMask.ts from cce:/internal/x/prerequisite-imports as file:///D:/Game-Engine%20Projects/Blazing7Test/assets/menu-bundle/GINTO_MATCH/script/ScratchMask.ts.
16:42:35.763 debug: Resolve file:///D:/Game-Engine%20Projects/Blazing7Test/assets/menu-bundle/GINTO_MATCH/script/ScratchRenderer.ts from cce:/internal/x/prerequisite-imports as file:///D:/Game-Engine%20Projects/Blazing7Test/assets/menu-bundle/GINTO_MATCH/script/ScratchRenderer.ts.
16:42:35.763 debug: Resolve file:///D:/Game-Engine%20Projects/Blazing7Test/assets/menu-bundle/GINTO_MATCH/script/ScratchSound.ts from cce:/internal/x/prerequisite-imports as file:///D:/Game-Engine%20Projects/Blazing7Test/assets/menu-bundle/GINTO_MATCH/script/ScratchSound.ts.
16:42:35.763 debug: Resolve file:///D:/Game-Engine%20Projects/Blazing7Test/assets/menu-bundle/GINTO_MATCH/script/ScratchSystem.ts from cce:/internal/x/prerequisite-imports as file:///D:/Game-Engine%20Projects/Blazing7Test/assets/menu-bundle/GINTO_MATCH/script/ScratchSystem.ts.
16:42:35.763 debug: Resolve file:///D:/Game-Engine%20Projects/Blazing7Test/assets/menu-bundle/GINTO_MATCH/script/ScratchTrajectory.ts from cce:/internal/x/prerequisite-imports as file:///D:/Game-Engine%20Projects/Blazing7Test/assets/menu-bundle/GINTO_MATCH/script/ScratchTrajectory.ts.
16:42:35.763 debug: Resolve file:///D:/Game-Engine%20Projects/Blazing7Test/assets/menu-bundle/GINTO_MATCH/script/ScratchTypes.ts from cce:/internal/x/prerequisite-imports as file:///D:/Game-Engine%20Projects/Blazing7Test/assets/menu-bundle/GINTO_MATCH/script/ScratchTypes.ts.
16:42:35.763 debug: Resolve file:///D:/Game-Engine%20Projects/Blazing7Test/assets/menu-bundle/LUCKY_COLORS2/script/LuckyColor_CCFlopCard.ts from cce:/internal/x/prerequisite-imports as file:///D:/Game-Engine%20Projects/Blazing7Test/assets/menu-bundle/LUCKY_COLORS2/script/LuckyColor_CCFlopCard.ts.
16:42:35.763 debug: Resolve file:///D:/Game-Engine%20Projects/Blazing7Test/assets/menu-bundle/LUCKY_COLORS2/script/LuckyColor_Card.ts from cce:/internal/x/prerequisite-imports as file:///D:/Game-Engine%20Projects/Blazing7Test/assets/menu-bundle/LUCKY_COLORS2/script/LuckyColor_Card.ts.
16:42:35.764 debug: Resolve file:///D:/Game-Engine%20Projects/Blazing7Test/assets/menu-bundle/LUCKY_COLORS2/script/LuckyColor_CardItemColor.ts from cce:/internal/x/prerequisite-imports as file:///D:/Game-Engine%20Projects/Blazing7Test/assets/menu-bundle/LUCKY_COLORS2/script/LuckyColor_CardItemColor.ts.
16:42:35.764 debug: Resolve file:///D:/Game-Engine%20Projects/Blazing7Test/assets/menu-bundle/LUCKY_COLORS2/script/LuckyColor_CardReview.ts from cce:/internal/x/prerequisite-imports as file:///D:/Game-Engine%20Projects/Blazing7Test/assets/menu-bundle/LUCKY_COLORS2/script/LuckyColor_CardReview.ts.
16:42:35.764 debug: Resolve file:///D:/Game-Engine%20Projects/Blazing7Test/assets/menu-bundle/LUCKY_COLORS2/script/LuckyColor_Color_Win.ts from cce:/internal/x/prerequisite-imports as file:///D:/Game-Engine%20Projects/Blazing7Test/assets/menu-bundle/LUCKY_COLORS2/script/LuckyColor_Color_Win.ts.
16:42:35.764 debug: Resolve file:///D:/Game-Engine%20Projects/Blazing7Test/assets/menu-bundle/LUCKY_COLORS2/script/LuckyColor_Default_Card.ts from cce:/internal/x/prerequisite-imports as file:///D:/Game-Engine%20Projects/Blazing7Test/assets/menu-bundle/LUCKY_COLORS2/script/LuckyColor_Default_Card.ts.
16:42:35.764 debug: Resolve file:///D:/Game-Engine%20Projects/Blazing7Test/assets/menu-bundle/LUCKY_COLORS2/script/LuckyColor_HelpView.ts from cce:/internal/x/prerequisite-imports as file:///D:/Game-Engine%20Projects/Blazing7Test/assets/menu-bundle/LUCKY_COLORS2/script/LuckyColor_HelpView.ts.
16:42:35.764 debug: Resolve file:///D:/Game-Engine%20Projects/Blazing7Test/assets/menu-bundle/LUCKY_COLORS2/script/LuckyColor_ScratchBonus.ts from cce:/internal/x/prerequisite-imports as file:///D:/Game-Engine%20Projects/Blazing7Test/assets/menu-bundle/LUCKY_COLORS2/script/LuckyColor_ScratchBonus.ts.
16:42:35.764 debug: Resolve file:///D:/Game-Engine%20Projects/Blazing7Test/assets/menu-bundle/PIKA2/script/BundleCardDetailFoodItem.ts from cce:/internal/x/prerequisite-imports as file:///D:/Game-Engine%20Projects/Blazing7Test/assets/menu-bundle/PIKA2/script/BundleCardDetailFoodItem.ts.
16:42:35.765 debug: Resolve file:///D:/Game-Engine%20Projects/Blazing7Test/assets/menu-bundle/PIKA2/script/BundleLeafItem.ts from cce:/internal/x/prerequisite-imports as file:///D:/Game-Engine%20Projects/Blazing7Test/assets/menu-bundle/PIKA2/script/BundleLeafItem.ts.
16:42:35.765 debug: Resolve file:///D:/Game-Engine%20Projects/Blazing7Test/assets/menu-bundle/PIKA2/script/BundleLeafManager.ts from cce:/internal/x/prerequisite-imports as file:///D:/Game-Engine%20Projects/Blazing7Test/assets/menu-bundle/PIKA2/script/BundleLeafManager.ts.
16:42:35.765 debug: Resolve file:///D:/Game-Engine%20Projects/Blazing7Test/assets/menu-bundle/PIKA2/script/BundlePikaCardTrajectoryComponent.ts from cce:/internal/x/prerequisite-imports as file:///D:/Game-Engine%20Projects/Blazing7Test/assets/menu-bundle/PIKA2/script/BundlePikaCardTrajectoryComponent.ts.
16:42:35.765 debug: Resolve file:///D:/Game-Engine%20Projects/Blazing7Test/assets/menu-bundle/PIKA2/script/BundleTrajectory.ts from cce:/internal/x/prerequisite-imports as file:///D:/Game-Engine%20Projects/Blazing7Test/assets/menu-bundle/PIKA2/script/BundleTrajectory.ts.
16:42:35.765 debug: Resolve file:///D:/Game-Engine%20Projects/Blazing7Test/assets/menu-bundle/script/api/GameApi.ts from cce:/internal/x/prerequisite-imports as file:///D:/Game-Engine%20Projects/Blazing7Test/assets/menu-bundle/script/api/GameApi.ts.
16:42:35.765 debug: Resolve file:///D:/Game-Engine%20Projects/Blazing7Test/assets/menu-bundle/script/base/BundleBasePanel.ts from cce:/internal/x/prerequisite-imports as file:///D:/Game-Engine%20Projects/Blazing7Test/assets/menu-bundle/script/base/BundleBasePanel.ts.
16:42:35.765 debug: Resolve file:///D:/Game-Engine%20Projects/Blazing7Test/assets/menu-bundle/script/base/BundleBaseUI.ts from cce:/internal/x/prerequisite-imports as file:///D:/Game-Engine%20Projects/Blazing7Test/assets/menu-bundle/script/base/BundleBaseUI.ts.
16:42:35.766 debug: Resolve file:///D:/Game-Engine%20Projects/Blazing7Test/assets/menu-bundle/script/base/BundleSingleButton.ts from cce:/internal/x/prerequisite-imports as file:///D:/Game-Engine%20Projects/Blazing7Test/assets/menu-bundle/script/base/BundleSingleButton.ts.
16:42:35.766 debug: Resolve file:///D:/Game-Engine%20Projects/Blazing7Test/assets/menu-bundle/script/eui/BundleUIKeys.ts from cce:/internal/x/prerequisite-imports as file:///D:/Game-Engine%20Projects/Blazing7Test/assets/menu-bundle/script/eui/BundleUIKeys.ts.
16:42:35.766 debug: Resolve file:///D:/Game-Engine%20Projects/Blazing7Test/assets/menu-bundle/script/interfaces/IMenuDependencies.ts from cce:/internal/x/prerequisite-imports as file:///D:/Game-Engine%20Projects/Blazing7Test/assets/menu-bundle/script/interfaces/IMenuDependencies.ts.
16:42:35.766 debug: Resolve file:///D:/Game-Engine%20Projects/Blazing7Test/assets/menu-bundle/script/manager/MessageFlag.ts from cce:/internal/x/prerequisite-imports as file:///D:/Game-Engine%20Projects/Blazing7Test/assets/menu-bundle/script/manager/MessageFlag.ts.
16:42:35.766 debug: Resolve file:///D:/Game-Engine%20Projects/Blazing7Test/assets/menu-bundle/script/types/AniType.ts from cce:/internal/x/prerequisite-imports as file:///D:/Game-Engine%20Projects/Blazing7Test/assets/menu-bundle/script/types/AniType.ts.
16:42:35.766 debug: Resolve file:///D:/Game-Engine%20Projects/Blazing7Test/assets/menu-bundle/script/utils/BundleGameUtils.ts from cce:/internal/x/prerequisite-imports as file:///D:/Game-Engine%20Projects/Blazing7Test/assets/menu-bundle/script/utils/BundleGameUtils.ts.
16:42:35.766 debug: Resolve file:///D:/Game-Engine%20Projects/Blazing7Test/assets/menu-bundle/script/utils/analytics_bridge.ts from cce:/internal/x/prerequisite-imports as file:///D:/Game-Engine%20Projects/Blazing7Test/assets/menu-bundle/script/utils/analytics_bridge.ts.
16:42:35.767 debug: Resolve file:///D:/Game-Engine%20Projects/Blazing7Test/assets/menu-bundle/script/utils/logger.ts from cce:/internal/x/prerequisite-imports as file:///D:/Game-Engine%20Projects/Blazing7Test/assets/menu-bundle/script/utils/logger.ts.
16:42:35.767 debug: Resolve file:///D:/Game-Engine%20Projects/Blazing7Test/assets/menu-bundle/script/view/BundleBigWin.ts from cce:/internal/x/prerequisite-imports as file:///D:/Game-Engine%20Projects/Blazing7Test/assets/menu-bundle/script/view/BundleBigWin.ts.
16:42:35.767 debug: Resolve file:///D:/Game-Engine%20Projects/Blazing7Test/assets/menu-bundle/script/view/BundleBigWinItem.ts from cce:/internal/x/prerequisite-imports as file:///D:/Game-Engine%20Projects/Blazing7Test/assets/menu-bundle/script/view/BundleBigWinItem.ts.
16:42:35.767 debug: Resolve file:///D:/Game-Engine%20Projects/Blazing7Test/assets/menu-bundle/script/view/BundleCardDetail.ts from cce:/internal/x/prerequisite-imports as file:///D:/Game-Engine%20Projects/Blazing7Test/assets/menu-bundle/script/view/BundleCardDetail.ts.
16:42:35.767 debug: Resolve file:///D:/Game-Engine%20Projects/Blazing7Test/assets/menu-bundle/script/view/BundleCardInfoItem.ts from cce:/internal/x/prerequisite-imports as file:///D:/Game-Engine%20Projects/Blazing7Test/assets/menu-bundle/script/view/BundleCardInfoItem.ts.
16:42:35.768 debug: Resolve file:///D:/Game-Engine%20Projects/Blazing7Test/assets/menu-bundle/script/view/BundleCardSale.ts from cce:/internal/x/prerequisite-imports as file:///D:/Game-Engine%20Projects/Blazing7Test/assets/menu-bundle/script/view/BundleCardSale.ts.
16:42:35.768 debug: Resolve file:///D:/Game-Engine%20Projects/Blazing7Test/assets/menu-bundle/script/view/BundleCardSaleItem.ts from cce:/internal/x/prerequisite-imports as file:///D:/Game-Engine%20Projects/Blazing7Test/assets/menu-bundle/script/view/BundleCardSaleItem.ts.
16:42:35.813 debug: Resolve file:///D:/Game-Engine%20Projects/Blazing7Test/assets/menu-bundle/script/view/BundleFiltter.ts from cce:/internal/x/prerequisite-imports as file:///D:/Game-Engine%20Projects/Blazing7Test/assets/menu-bundle/script/view/BundleFiltter.ts.
16:42:35.813 debug: Resolve file:///D:/Game-Engine%20Projects/Blazing7Test/assets/menu-bundle/script/view/BundleGameItem.ts from cce:/internal/x/prerequisite-imports as file:///D:/Game-Engine%20Projects/Blazing7Test/assets/menu-bundle/script/view/BundleGameItem.ts.
16:42:35.813 debug: Resolve file:///D:/Game-Engine%20Projects/Blazing7Test/assets/menu-bundle/script/view/BundleGameRecords.ts from cce:/internal/x/prerequisite-imports as file:///D:/Game-Engine%20Projects/Blazing7Test/assets/menu-bundle/script/view/BundleGameRecords.ts.
16:42:35.813 debug: Resolve file:///D:/Game-Engine%20Projects/Blazing7Test/assets/menu-bundle/script/view/BundleGameRules.ts from cce:/internal/x/prerequisite-imports as file:///D:/Game-Engine%20Projects/Blazing7Test/assets/menu-bundle/script/view/BundleGameRules.ts.
16:42:35.813 debug: Resolve file:///D:/Game-Engine%20Projects/Blazing7Test/assets/menu-bundle/script/view/BundleGrandPirzeItem.ts from cce:/internal/x/prerequisite-imports as file:///D:/Game-Engine%20Projects/Blazing7Test/assets/menu-bundle/script/view/BundleGrandPirzeItem.ts.
16:42:35.813 debug: Resolve file:///D:/Game-Engine%20Projects/Blazing7Test/assets/menu-bundle/script/view/BundleGrandPrize.ts from cce:/internal/x/prerequisite-imports as file:///D:/Game-Engine%20Projects/Blazing7Test/assets/menu-bundle/script/view/BundleGrandPrize.ts.
16:42:35.813 debug: Resolve file:///D:/Game-Engine%20Projects/Blazing7Test/assets/menu-bundle/script/view/BundleHonorBoard.ts from cce:/internal/x/prerequisite-imports as file:///D:/Game-Engine%20Projects/Blazing7Test/assets/menu-bundle/script/view/BundleHonorBoard.ts.
16:42:35.813 debug: Resolve file:///D:/Game-Engine%20Projects/Blazing7Test/assets/menu-bundle/script/view/BundleMenu.ts from cce:/internal/x/prerequisite-imports as file:///D:/Game-Engine%20Projects/Blazing7Test/assets/menu-bundle/script/view/BundleMenu.ts.
16:42:35.813 debug: Resolve file:///D:/Game-Engine%20Projects/Blazing7Test/assets/menu-bundle/script/view/BundleOtherGames.ts from cce:/internal/x/prerequisite-imports as file:///D:/Game-Engine%20Projects/Blazing7Test/assets/menu-bundle/script/view/BundleOtherGames.ts.
16:42:35.813 debug: Resolve file:///D:/Game-Engine%20Projects/Blazing7Test/assets/menu-bundle/script/view/BundleRecordItem.ts from cce:/internal/x/prerequisite-imports as file:///D:/Game-Engine%20Projects/Blazing7Test/assets/menu-bundle/script/view/BundleRecordItem.ts.
16:42:35.813 debug: Resolve file:///D:/Game-Engine%20Projects/Blazing7Test/assets/menu-bundle/script/view/BundleTopItem.ts from cce:/internal/x/prerequisite-imports as file:///D:/Game-Engine%20Projects/Blazing7Test/assets/menu-bundle/script/view/BundleTopItem.ts.
16:42:35.813 debug: Resolve file:///D:/Game-Engine%20Projects/Blazing7Test/assets/menu-bundle/script/view/BundleTopItemCardSale.ts from cce:/internal/x/prerequisite-imports as file:///D:/Game-Engine%20Projects/Blazing7Test/assets/menu-bundle/script/view/BundleTopItemCardSale.ts.
16:42:35.813 debug: Resolve file:///D:/Game-Engine%20Projects/Blazing7Test/assets/menu-bundle/script/view/PopupCardDetail.ts from cce:/internal/x/prerequisite-imports as file:///D:/Game-Engine%20Projects/Blazing7Test/assets/menu-bundle/script/view/PopupCardDetail.ts.
16:42:35.813 debug: Resolve cce:/internal/code-quality/cr.mjs from file:///D:/Game-Engine%20Projects/Blazing7Test/assets/Scripts/Game/Game.ts as cce:/internal/code-quality/cr.mjs.
16:42:35.813 debug: Resolve cc from file:///D:/Game-Engine%20Projects/Blazing7Test/assets/Scripts/Game/Game.ts as cce:/internal/x/cc.
16:42:35.813 debug: Resolve cc from file:///D:/Game-Engine%20Projects/Blazing7Test/assets/Scripts/Game/Game.ts as cce:/internal/x/cc.
16:42:35.813 debug: Resolve cc from file:///D:/Game-Engine%20Projects/Blazing7Test/assets/Scripts/Game/Game.ts as cce:/internal/x/cc.
16:42:35.813 debug: Resolve ../Managers/AudioManager from file:///D:/Game-Engine%20Projects/Blazing7Test/assets/Scripts/Game/Game.ts as file:///D:/Game-Engine%20Projects/Blazing7Test/assets/Scripts/Managers/AudioManager.ts.
16:42:35.813 debug: Resolve ../Managers/Services from file:///D:/Game-Engine%20Projects/Blazing7Test/assets/Scripts/Game/Game.ts as file:///D:/Game-Engine%20Projects/Blazing7Test/assets/Scripts/Managers/Services.ts.
16:42:35.813 debug: Resolve ../Managers/PopUpManager from file:///D:/Game-Engine%20Projects/Blazing7Test/assets/Scripts/Game/Game.ts as file:///D:/Game-Engine%20Projects/Blazing7Test/assets/Scripts/Managers/PopUpManager.ts.
16:42:35.813 debug: Resolve ../utils/NumberFormatter from file:///D:/Game-Engine%20Projects/Blazing7Test/assets/Scripts/Game/Game.ts as file:///D:/Game-Engine%20Projects/Blazing7Test/assets/Scripts/utils/NumberFormatter.ts.
16:42:35.813 debug: Resolve cc from file:///D:/Game-Engine%20Projects/Blazing7Test/assets/Scripts/utils/NumberFormatter.ts as cce:/internal/x/cc.
16:42:35.813 debug: Resolve cc from file:///D:/Game-Engine%20Projects/Blazing7Test/assets/Scripts/utils/NumberFormatter.ts as cce:/internal/x/cc.
16:42:35.813 debug: Resolve cc from file:///D:/Game-Engine%20Projects/Blazing7Test/assets/Scripts/utils/NumberFormatter.ts as cce:/internal/x/cc.
16:42:35.817 debug: Target(preview) ends with cost 278.64779999999155ms.
16:44:18.271 debug: Dispatch build request for time accumulated 1 asset changes.
16:44:18.272 debug: Build iteration starts.
Number of accumulated asset changes: 1
Feature changed: false
16:44:18.273 debug: Target(editor) build started.
16:44:18.274 debug: Detected change: cce:/internal/x/prerequisite-imports. Last mtime: Thu Jan 01 1970 08:01:29 GMT+0800 (Philippine Standard Time), Current mtime: Thu Jan 01 1970 08:03:12 GMT+0800 (Philippine Standard Time)
16:44:18.274 debug: Inspect cce:/internal/x/prerequisite-imports
16:44:18.302 debug: transform url: 'cce:/internal/x/prerequisite-imports' costs: 28.10 ms
16:44:18.304 debug: Resolve file:///C:/ProgramData/cocos/editors/Creator/3.8.5/resources/resources/3d/engine/editor/assets/default_renderpipeline/builtin-dof-pass.ts from cce:/internal/x/prerequisite-imports as file:///C:/ProgramData/cocos/editors/Creator/3.8.5/resources/resources/3d/engine/editor/assets/default_renderpipeline/builtin-dof-pass.ts.
16:44:18.305 debug: Resolve file:///C:/ProgramData/cocos/editors/Creator/3.8.5/resources/resources/3d/engine/editor/assets/default_renderpipeline/builtin-pipeline-pass.ts from cce:/internal/x/prerequisite-imports as file:///C:/ProgramData/cocos/editors/Creator/3.8.5/resources/resources/3d/engine/editor/assets/default_renderpipeline/builtin-pipeline-pass.ts.
16:44:18.305 debug: Resolve file:///C:/ProgramData/cocos/editors/Creator/3.8.5/resources/resources/3d/engine/editor/assets/default_renderpipeline/builtin-pipeline-settings.ts from cce:/internal/x/prerequisite-imports as file:///C:/ProgramData/cocos/editors/Creator/3.8.5/resources/resources/3d/engine/editor/assets/default_renderpipeline/builtin-pipeline-settings.ts.
16:44:18.306 debug: Resolve file:///C:/ProgramData/cocos/editors/Creator/3.8.5/resources/resources/3d/engine/editor/assets/default_renderpipeline/builtin-pipeline-types.ts from cce:/internal/x/prerequisite-imports as file:///C:/ProgramData/cocos/editors/Creator/3.8.5/resources/resources/3d/engine/editor/assets/default_renderpipeline/builtin-pipeline-types.ts.
16:44:18.306 debug: Resolve file:///C:/ProgramData/cocos/editors/Creator/3.8.5/resources/resources/3d/engine/editor/assets/default_renderpipeline/builtin-pipeline.ts from cce:/internal/x/prerequisite-imports as file:///C:/ProgramData/cocos/editors/Creator/3.8.5/resources/resources/3d/engine/editor/assets/default_renderpipeline/builtin-pipeline.ts.
16:44:18.307 debug: Resolve file:///C:/ProgramData/cocos/editors/Creator/3.8.5/resources/resources/3d/engine/editor/assets/tools/debug-view-runtime-control.ts from cce:/internal/x/prerequisite-imports as file:///C:/ProgramData/cocos/editors/Creator/3.8.5/resources/resources/3d/engine/editor/assets/tools/debug-view-runtime-control.ts.
16:44:18.307 debug: Resolve file:///D:/Game-Engine%20Projects/Blazing7Test/assets/Scripts/Api/ApiCore.ts from cce:/internal/x/prerequisite-imports as file:///D:/Game-Engine%20Projects/Blazing7Test/assets/Scripts/Api/ApiCore.ts.
16:44:18.307 debug: Resolve file:///D:/Game-Engine%20Projects/Blazing7Test/assets/Scripts/Api/ApiError.ts from cce:/internal/x/prerequisite-imports as file:///D:/Game-Engine%20Projects/Blazing7Test/assets/Scripts/Api/ApiError.ts.
16:44:18.307 debug: Resolve file:///D:/Game-Engine%20Projects/Blazing7Test/assets/Scripts/Api/ApiManager.ts from cce:/internal/x/prerequisite-imports as file:///D:/Game-Engine%20Projects/Blazing7Test/assets/Scripts/Api/ApiManager.ts.
16:44:18.308 debug: Resolve file:///D:/Game-Engine%20Projects/Blazing7Test/assets/Scripts/Api/GameApi.ts from cce:/internal/x/prerequisite-imports as file:///D:/Game-Engine%20Projects/Blazing7Test/assets/Scripts/Api/GameApi.ts.
16:44:18.308 debug: Resolve file:///D:/Game-Engine%20Projects/Blazing7Test/assets/Scripts/Card/NumberCardView.ts from cce:/internal/x/prerequisite-imports as file:///D:/Game-Engine%20Projects/Blazing7Test/assets/Scripts/Card/NumberCardView.ts.
16:44:18.308 debug: Resolve file:///D:/Game-Engine%20Projects/Blazing7Test/assets/Scripts/Card/ScratchCard.ts from cce:/internal/x/prerequisite-imports as file:///D:/Game-Engine%20Projects/Blazing7Test/assets/Scripts/Card/ScratchCard.ts.
16:44:18.308 debug: Resolve file:///D:/Game-Engine%20Projects/Blazing7Test/assets/Scripts/Card/ScratchCardView.ts from cce:/internal/x/prerequisite-imports as file:///D:/Game-Engine%20Projects/Blazing7Test/assets/Scripts/Card/ScratchCardView.ts.
16:44:18.308 debug: Resolve file:///D:/Game-Engine%20Projects/Blazing7Test/assets/Scripts/Data/GameData.ts from cce:/internal/x/prerequisite-imports as file:///D:/Game-Engine%20Projects/Blazing7Test/assets/Scripts/Data/GameData.ts.
16:44:18.309 debug: Resolve file:///D:/Game-Engine%20Projects/Blazing7Test/assets/Scripts/Data/GameUserInfo.ts from cce:/internal/x/prerequisite-imports as file:///D:/Game-Engine%20Projects/Blazing7Test/assets/Scripts/Data/GameUserInfo.ts.
16:44:18.309 debug: Resolve file:///D:/Game-Engine%20Projects/Blazing7Test/assets/Scripts/Data/TicketData.ts from cce:/internal/x/prerequisite-imports as file:///D:/Game-Engine%20Projects/Blazing7Test/assets/Scripts/Data/TicketData.ts.
16:44:18.309 debug: Resolve file:///D:/Game-Engine%20Projects/Blazing7Test/assets/Scripts/Data/TicketItem.ts from cce:/internal/x/prerequisite-imports as file:///D:/Game-Engine%20Projects/Blazing7Test/assets/Scripts/Data/TicketItem.ts.
16:44:18.309 debug: Resolve file:///D:/Game-Engine%20Projects/Blazing7Test/assets/Scripts/EventListener/BaseEventListener.ts from cce:/internal/x/prerequisite-imports as file:///D:/Game-Engine%20Projects/Blazing7Test/assets/Scripts/EventListener/BaseEventListener.ts.
16:44:18.309 debug: Resolve file:///D:/Game-Engine%20Projects/Blazing7Test/assets/Scripts/Game/DragonsEyeIntro.ts from cce:/internal/x/prerequisite-imports as file:///D:/Game-Engine%20Projects/Blazing7Test/assets/Scripts/Game/DragonsEyeIntro.ts.
16:44:18.309 debug: Resolve file:///D:/Game-Engine%20Projects/Blazing7Test/assets/Scripts/Game/Game.ts from cce:/internal/x/prerequisite-imports as file:///D:/Game-Engine%20Projects/Blazing7Test/assets/Scripts/Game/Game.ts.
16:44:18.309 debug: Detected change: file:///D:/Game-Engine%20Projects/Blazing7Test/assets/Scripts/Game/Game.ts. Last mtime: Thu May 14 2026 16:42:34 GMT+0800 (Philippine Standard Time)@e6f142da-2203-4097-b483-6c047c4bf6da, Current mtime: Thu May 14 2026 16:44:15 GMT+0800 (Philippine Standard Time)@e6f142da-2203-4097-b483-6c047c4bf6da
16:44:18.309 debug: Inspect file:///D:/Game-Engine%20Projects/Blazing7Test/assets/Scripts/Game/Game.ts
16:44:18.406 debug: transform url: 'file:///D:/Game-Engine%20Projects/Blazing7Test/assets/Scripts/Game/Game.ts' costs: 96.10 ms
16:44:18.407 debug: Resolve file:///D:/Game-Engine%20Projects/Blazing7Test/assets/Scripts/Game/GameOptions.ts from cce:/internal/x/prerequisite-imports as file:///D:/Game-Engine%20Projects/Blazing7Test/assets/Scripts/Game/GameOptions.ts.
16:44:18.407 debug: Resolve file:///D:/Game-Engine%20Projects/Blazing7Test/assets/Scripts/Game/PricePopUpOptions.ts from cce:/internal/x/prerequisite-imports as file:///D:/Game-Engine%20Projects/Blazing7Test/assets/Scripts/Game/PricePopUpOptions.ts.
16:44:18.407 debug: Resolve file:///D:/Game-Engine%20Projects/Blazing7Test/assets/Scripts/Managers/AudioManager.ts from cce:/internal/x/prerequisite-imports as file:///D:/Game-Engine%20Projects/Blazing7Test/assets/Scripts/Managers/AudioManager.ts.
16:44:18.408 debug: Resolve file:///D:/Game-Engine%20Projects/Blazing7Test/assets/Scripts/Managers/GameManager.ts from cce:/internal/x/prerequisite-imports as file:///D:/Game-Engine%20Projects/Blazing7Test/assets/Scripts/Managers/GameManager.ts.
16:44:18.408 debug: Resolve file:///D:/Game-Engine%20Projects/Blazing7Test/assets/Scripts/Managers/PopUpManager.ts from cce:/internal/x/prerequisite-imports as file:///D:/Game-Engine%20Projects/Blazing7Test/assets/Scripts/Managers/PopUpManager.ts.
16:44:18.408 debug: Resolve file:///D:/Game-Engine%20Projects/Blazing7Test/assets/Scripts/Managers/ResourceManager.ts from cce:/internal/x/prerequisite-imports as file:///D:/Game-Engine%20Projects/Blazing7Test/assets/Scripts/Managers/ResourceManager.ts.
16:44:18.408 debug: Resolve file:///D:/Game-Engine%20Projects/Blazing7Test/assets/Scripts/Managers/SceneManager.ts from cce:/internal/x/prerequisite-imports as file:///D:/Game-Engine%20Projects/Blazing7Test/assets/Scripts/Managers/SceneManager.ts.
16:44:18.408 debug: Resolve file:///D:/Game-Engine%20Projects/Blazing7Test/assets/Scripts/Managers/Services.ts from cce:/internal/x/prerequisite-imports as file:///D:/Game-Engine%20Projects/Blazing7Test/assets/Scripts/Managers/Services.ts.
16:44:18.408 debug: Resolve file:///D:/Game-Engine%20Projects/Blazing7Test/assets/Scripts/Managers/WebsocketManager.ts from cce:/internal/x/prerequisite-imports as file:///D:/Game-Engine%20Projects/Blazing7Test/assets/Scripts/Managers/WebsocketManager.ts.
16:44:18.408 debug: Resolve file:///D:/Game-Engine%20Projects/Blazing7Test/assets/Scripts/Managers/WinBroadcastManager.ts from cce:/internal/x/prerequisite-imports as file:///D:/Game-Engine%20Projects/Blazing7Test/assets/Scripts/Managers/WinBroadcastManager.ts.
16:44:18.409 debug: Resolve file:///D:/Game-Engine%20Projects/Blazing7Test/assets/Scripts/Managers/WsConfig.ts from cce:/internal/x/prerequisite-imports as file:///D:/Game-Engine%20Projects/Blazing7Test/assets/Scripts/Managers/WsConfig.ts.
16:44:18.409 debug: Resolve file:///D:/Game-Engine%20Projects/Blazing7Test/assets/Scripts/Scratch/FragmentView.ts from cce:/internal/x/prerequisite-imports as file:///D:/Game-Engine%20Projects/Blazing7Test/assets/Scripts/Scratch/FragmentView.ts.
16:44:18.409 debug: Resolve file:///D:/Game-Engine%20Projects/Blazing7Test/assets/Scripts/Scratch/ScratchMask.ts from cce:/internal/x/prerequisite-imports as file:///D:/Game-Engine%20Projects/Blazing7Test/assets/Scripts/Scratch/ScratchMask.ts.
16:44:18.409 debug: Resolve file:///D:/Game-Engine%20Projects/Blazing7Test/assets/Scripts/Scratch/ScratchRenderer.ts from cce:/internal/x/prerequisite-imports as file:///D:/Game-Engine%20Projects/Blazing7Test/assets/Scripts/Scratch/ScratchRenderer.ts.
16:44:18.409 debug: Resolve file:///D:/Game-Engine%20Projects/Blazing7Test/assets/Scripts/Scratch/ScratchSystem.ts from cce:/internal/x/prerequisite-imports as file:///D:/Game-Engine%20Projects/Blazing7Test/assets/Scripts/Scratch/ScratchSystem.ts.
16:44:18.409 debug: Resolve file:///D:/Game-Engine%20Projects/Blazing7Test/assets/Scripts/Scratch/ScratchTrajectory.ts from cce:/internal/x/prerequisite-imports as file:///D:/Game-Engine%20Projects/Blazing7Test/assets/Scripts/Scratch/ScratchTrajectory.ts.
16:44:18.410 debug: Resolve file:///D:/Game-Engine%20Projects/Blazing7Test/assets/Scripts/Scratch/ScratchTypes.ts from cce:/internal/x/prerequisite-imports as file:///D:/Game-Engine%20Projects/Blazing7Test/assets/Scripts/Scratch/ScratchTypes.ts.
16:44:18.410 debug: Resolve file:///D:/Game-Engine%20Projects/Blazing7Test/assets/Scripts/Types/announcement.types.ts from cce:/internal/x/prerequisite-imports as file:///D:/Game-Engine%20Projects/Blazing7Test/assets/Scripts/Types/announcement.types.ts.
16:44:18.410 debug: Resolve file:///D:/Game-Engine%20Projects/Blazing7Test/assets/Scripts/Types/api.types.ts from cce:/internal/x/prerequisite-imports as file:///D:/Game-Engine%20Projects/Blazing7Test/assets/Scripts/Types/api.types.ts.
16:44:18.410 debug: Resolve file:///D:/Game-Engine%20Projects/Blazing7Test/assets/Scripts/Types/card.types.ts from cce:/internal/x/prerequisite-imports as file:///D:/Game-Engine%20Projects/Blazing7Test/assets/Scripts/Types/card.types.ts.
16:44:18.410 debug: Resolve file:///D:/Game-Engine%20Projects/Blazing7Test/assets/Scripts/Types/game.types.ts from cce:/internal/x/prerequisite-imports as file:///D:/Game-Engine%20Projects/Blazing7Test/assets/Scripts/Types/game.types.ts.
16:44:18.410 debug: Resolve file:///D:/Game-Engine%20Projects/Blazing7Test/assets/Scripts/Types/index.ts from cce:/internal/x/prerequisite-imports as file:///D:/Game-Engine%20Projects/Blazing7Test/assets/Scripts/Types/index.ts.
16:44:18.410 debug: Resolve file:///D:/Game-Engine%20Projects/Blazing7Test/assets/Scripts/Types/ranking.types.ts from cce:/internal/x/prerequisite-imports as file:///D:/Game-Engine%20Projects/Blazing7Test/assets/Scripts/Types/ranking.types.ts.
16:44:18.411 debug: Resolve file:///D:/Game-Engine%20Projects/Blazing7Test/assets/Scripts/Types/ticket.types.ts from cce:/internal/x/prerequisite-imports as file:///D:/Game-Engine%20Projects/Blazing7Test/assets/Scripts/Types/ticket.types.ts.
16:44:18.411 debug: Resolve file:///D:/Game-Engine%20Projects/Blazing7Test/assets/Scripts/Types/ui.types.ts from cce:/internal/x/prerequisite-imports as file:///D:/Game-Engine%20Projects/Blazing7Test/assets/Scripts/Types/ui.types.ts.
16:44:18.411 debug: Resolve file:///D:/Game-Engine%20Projects/Blazing7Test/assets/Scripts/Types/user.types.ts from cce:/internal/x/prerequisite-imports as file:///D:/Game-Engine%20Projects/Blazing7Test/assets/Scripts/Types/user.types.ts.
16:44:18.411 debug: Resolve file:///D:/Game-Engine%20Projects/Blazing7Test/assets/Scripts/UI/InteractableUIs/SingleButton.ts from cce:/internal/x/prerequisite-imports as file:///D:/Game-Engine%20Projects/Blazing7Test/assets/Scripts/UI/InteractableUIs/SingleButton.ts.
16:44:18.411 debug: Resolve file:///D:/Game-Engine%20Projects/Blazing7Test/assets/Scripts/UI/LastWin.ts from cce:/internal/x/prerequisite-imports as file:///D:/Game-Engine%20Projects/Blazing7Test/assets/Scripts/UI/LastWin.ts.
16:44:18.411 debug: Resolve file:///D:/Game-Engine%20Projects/Blazing7Test/assets/Scripts/UI/PopUp/MaxWinToasterPopUp.ts from cce:/internal/x/prerequisite-imports as file:///D:/Game-Engine%20Projects/Blazing7Test/assets/Scripts/UI/PopUp/MaxWinToasterPopUp.ts.
16:44:18.411 debug: Resolve file:///D:/Game-Engine%20Projects/Blazing7Test/assets/Scripts/UI/PopUp/WinPopUp.ts from cce:/internal/x/prerequisite-imports as file:///D:/Game-Engine%20Projects/Blazing7Test/assets/Scripts/UI/PopUp/WinPopUp.ts.
16:44:18.411 debug: Resolve file:///D:/Game-Engine%20Projects/Blazing7Test/assets/Scripts/UI/PopUp/WinnerBroadcastPopUp.ts from cce:/internal/x/prerequisite-imports as file:///D:/Game-Engine%20Projects/Blazing7Test/assets/Scripts/UI/PopUp/WinnerBroadcastPopUp.ts.
16:44:18.412 debug: Resolve file:///D:/Game-Engine%20Projects/Blazing7Test/assets/Scripts/UI/Scenes/Game/ScrollingBackground.ts from cce:/internal/x/prerequisite-imports as file:///D:/Game-Engine%20Projects/Blazing7Test/assets/Scripts/UI/Scenes/Game/ScrollingBackground.ts.
16:44:18.412 debug: Resolve file:///D:/Game-Engine%20Projects/Blazing7Test/assets/Scripts/UI/Scenes/Loading/LoadingBar.ts from cce:/internal/x/prerequisite-imports as file:///D:/Game-Engine%20Projects/Blazing7Test/assets/Scripts/UI/Scenes/Loading/LoadingBar.ts.
16:44:18.412 debug: Resolve file:///D:/Game-Engine%20Projects/Blazing7Test/assets/Scripts/UI/Scenes/Loading/LoadingScene.ts from cce:/internal/x/prerequisite-imports as file:///D:/Game-Engine%20Projects/Blazing7Test/assets/Scripts/UI/Scenes/Loading/LoadingScene.ts.
16:44:18.412 debug: Resolve file:///D:/Game-Engine%20Projects/Blazing7Test/assets/Scripts/UI/Scenes/NewPlayerGuide.ts from cce:/internal/x/prerequisite-imports as file:///D:/Game-Engine%20Projects/Blazing7Test/assets/Scripts/UI/Scenes/NewPlayerGuide.ts.
16:44:18.412 debug: Resolve file:///D:/Game-Engine%20Projects/Blazing7Test/assets/Scripts/UI/UIRoot.ts from cce:/internal/x/prerequisite-imports as file:///D:/Game-Engine%20Projects/Blazing7Test/assets/Scripts/UI/UIRoot.ts.
16:44:18.412 debug: Resolve file:///D:/Game-Engine%20Projects/Blazing7Test/assets/Scripts/UI/VisualFx/DragonBreathing.ts from cce:/internal/x/prerequisite-imports as file:///D:/Game-Engine%20Projects/Blazing7Test/assets/Scripts/UI/VisualFx/DragonBreathing.ts.
16:44:18.412 debug: Resolve file:///D:/Game-Engine%20Projects/Blazing7Test/assets/Scripts/UI/VisualFx/HelpView.ts from cce:/internal/x/prerequisite-imports as file:///D:/Game-Engine%20Projects/Blazing7Test/assets/Scripts/UI/VisualFx/HelpView.ts.
16:44:18.413 debug: Resolve file:///D:/Game-Engine%20Projects/Blazing7Test/assets/Scripts/UI/VisualFx/NodeMovement.ts from cce:/internal/x/prerequisite-imports as file:///D:/Game-Engine%20Projects/Blazing7Test/assets/Scripts/UI/VisualFx/NodeMovement.ts.
16:44:18.413 debug: Resolve file:///D:/Game-Engine%20Projects/Blazing7Test/assets/Scripts/utils/NumberFormatter.ts from cce:/internal/x/prerequisite-imports as file:///D:/Game-Engine%20Projects/Blazing7Test/assets/Scripts/utils/NumberFormatter.ts.
16:44:18.413 debug: Resolve file:///D:/Game-Engine%20Projects/Blazing7Test/assets/Scripts/utils/logger.ts from cce:/internal/x/prerequisite-imports as file:///D:/Game-Engine%20Projects/Blazing7Test/assets/Scripts/utils/logger.ts.
16:44:18.413 debug: Resolve file:///D:/Game-Engine%20Projects/Blazing7Test/assets/menu-bundle/BANANACRAZE/script/BundleBonusItem.ts from cce:/internal/x/prerequisite-imports as file:///D:/Game-Engine%20Projects/Blazing7Test/assets/menu-bundle/BANANACRAZE/script/BundleBonusItem.ts.
16:44:18.413 debug: Resolve file:///D:/Game-Engine%20Projects/Blazing7Test/assets/menu-bundle/BANANACRAZE/script/BundleBonusTrajectory.ts from cce:/internal/x/prerequisite-imports as file:///D:/Game-Engine%20Projects/Blazing7Test/assets/menu-bundle/BANANACRAZE/script/BundleBonusTrajectory.ts.
16:44:18.414 debug: Resolve file:///D:/Game-Engine%20Projects/Blazing7Test/assets/menu-bundle/BANANACRAZE/script/BundleCardTrajectory.ts from cce:/internal/x/prerequisite-imports as file:///D:/Game-Engine%20Projects/Blazing7Test/assets/menu-bundle/BANANACRAZE/script/BundleCardTrajectory.ts.
16:44:18.414 debug: Resolve file:///D:/Game-Engine%20Projects/Blazing7Test/assets/menu-bundle/BANANACRAZE/script/BundleLeafItem.ts from cce:/internal/x/prerequisite-imports as file:///D:/Game-Engine%20Projects/Blazing7Test/assets/menu-bundle/BANANACRAZE/script/BundleLeafItem.ts.
16:44:18.414 debug: Resolve file:///D:/Game-Engine%20Projects/Blazing7Test/assets/menu-bundle/BANANACRAZE/script/BundleLeafManagerTrajectory.ts from cce:/internal/x/prerequisite-imports as file:///D:/Game-Engine%20Projects/Blazing7Test/assets/menu-bundle/BANANACRAZE/script/BundleLeafManagerTrajectory.ts.
16:44:18.414 debug: Resolve file:///D:/Game-Engine%20Projects/Blazing7Test/assets/menu-bundle/BANANACRAZE/script/BundleTrajectory.ts from cce:/internal/x/prerequisite-imports as file:///D:/Game-Engine%20Projects/Blazing7Test/assets/menu-bundle/BANANACRAZE/script/BundleTrajectory.ts.
16:44:18.414 debug: Resolve file:///D:/Game-Engine%20Projects/Blazing7Test/assets/menu-bundle/BANANACRAZE/script/BundleYourNumberItem.ts from cce:/internal/x/prerequisite-imports as file:///D:/Game-Engine%20Projects/Blazing7Test/assets/menu-bundle/BANANACRAZE/script/BundleYourNumberItem.ts.
16:44:18.414 debug: Resolve file:///D:/Game-Engine%20Projects/Blazing7Test/assets/menu-bundle/BANANACRAZE/script/BundleYourNumbersTrajectory.ts from cce:/internal/x/prerequisite-imports as file:///D:/Game-Engine%20Projects/Blazing7Test/assets/menu-bundle/BANANACRAZE/script/BundleYourNumbersTrajectory.ts.
16:44:18.414 debug: Resolve file:///D:/Game-Engine%20Projects/Blazing7Test/assets/menu-bundle/BINGO2/script/BingoAudio.ts from cce:/internal/x/prerequisite-imports as file:///D:/Game-Engine%20Projects/Blazing7Test/assets/menu-bundle/BINGO2/script/BingoAudio.ts.
16:44:18.415 debug: Resolve file:///D:/Game-Engine%20Projects/Blazing7Test/assets/menu-bundle/BINGO2/script/BingoBalls.ts from cce:/internal/x/prerequisite-imports as file:///D:/Game-Engine%20Projects/Blazing7Test/assets/menu-bundle/BINGO2/script/BingoBalls.ts.
16:44:18.415 debug: Resolve file:///D:/Game-Engine%20Projects/Blazing7Test/assets/menu-bundle/BINGO2/script/BingoBallsScratch.ts from cce:/internal/x/prerequisite-imports as file:///D:/Game-Engine%20Projects/Blazing7Test/assets/menu-bundle/BINGO2/script/BingoBallsScratch.ts.
16:44:18.415 debug: Resolve file:///D:/Game-Engine%20Projects/Blazing7Test/assets/menu-bundle/BINGO2/script/BingoCard.ts from cce:/internal/x/prerequisite-imports as file:///D:/Game-Engine%20Projects/Blazing7Test/assets/menu-bundle/BINGO2/script/BingoCard.ts.
16:44:18.415 debug: Resolve file:///D:/Game-Engine%20Projects/Blazing7Test/assets/menu-bundle/BINGO2/script/BingoCardDetails.ts from cce:/internal/x/prerequisite-imports as file:///D:/Game-Engine%20Projects/Blazing7Test/assets/menu-bundle/BINGO2/script/BingoCardDetails.ts.
16:44:18.415 debug: Resolve file:///D:/Game-Engine%20Projects/Blazing7Test/assets/menu-bundle/BINGO2/script/BingoConfig.ts from cce:/internal/x/prerequisite-imports as file:///D:/Game-Engine%20Projects/Blazing7Test/assets/menu-bundle/BINGO2/script/BingoConfig.ts.
16:44:18.415 debug: Resolve file:///D:/Game-Engine%20Projects/Blazing7Test/assets/menu-bundle/BINGO2/script/BingoExtraball.ts from cce:/internal/x/prerequisite-imports as file:///D:/Game-Engine%20Projects/Blazing7Test/assets/menu-bundle/BINGO2/script/BingoExtraball.ts.
16:44:18.415 debug: Resolve file:///D:/Game-Engine%20Projects/Blazing7Test/assets/menu-bundle/BINGO2/script/BingoNumber.ts from cce:/internal/x/prerequisite-imports as file:///D:/Game-Engine%20Projects/Blazing7Test/assets/menu-bundle/BINGO2/script/BingoNumber.ts.
16:44:18.416 debug: Resolve file:///D:/Game-Engine%20Projects/Blazing7Test/assets/menu-bundle/BINGO2/script/BingoRuleItem.ts from cce:/internal/x/prerequisite-imports as file:///D:/Game-Engine%20Projects/Blazing7Test/assets/menu-bundle/BINGO2/script/BingoRuleItem.ts.
16:44:18.416 debug: Resolve file:///D:/Game-Engine%20Projects/Blazing7Test/assets/menu-bundle/BINGO2/script/BingoRuleSlider.ts from cce:/internal/x/prerequisite-imports as file:///D:/Game-Engine%20Projects/Blazing7Test/assets/menu-bundle/BINGO2/script/BingoRuleSlider.ts.
16:44:18.416 debug: Resolve file:///D:/Game-Engine%20Projects/Blazing7Test/assets/menu-bundle/BINGO2/script/BingoWinAlert.ts from cce:/internal/x/prerequisite-imports as file:///D:/Game-Engine%20Projects/Blazing7Test/assets/menu-bundle/BINGO2/script/BingoWinAlert.ts.
16:44:18.416 debug: Resolve file:///D:/Game-Engine%20Projects/Blazing7Test/assets/menu-bundle/BINGO2/script/BingoWinLine.ts from cce:/internal/x/prerequisite-imports as file:///D:/Game-Engine%20Projects/Blazing7Test/assets/menu-bundle/BINGO2/script/BingoWinLine.ts.
16:44:18.416 debug: Resolve file:///D:/Game-Engine%20Projects/Blazing7Test/assets/menu-bundle/BINGO2/script/BingoWinRule.ts from cce:/internal/x/prerequisite-imports as file:///D:/Game-Engine%20Projects/Blazing7Test/assets/menu-bundle/BINGO2/script/BingoWinRule.ts.
16:44:18.416 debug: Resolve file:///D:/Game-Engine%20Projects/Blazing7Test/assets/menu-bundle/BLAZING_7S_SCRATCH/script/BundleTrajectory7s.ts from cce:/internal/x/prerequisite-imports as file:///D:/Game-Engine%20Projects/Blazing7Test/assets/menu-bundle/BLAZING_7S_SCRATCH/script/BundleTrajectory7s.ts.
16:44:18.416 debug: Resolve file:///D:/Game-Engine%20Projects/Blazing7Test/assets/menu-bundle/BLAZING_7S_SCRATCH/script/CardFragmentView.ts from cce:/internal/x/prerequisite-imports as file:///D:/Game-Engine%20Projects/Blazing7Test/assets/menu-bundle/BLAZING_7S_SCRATCH/script/CardFragmentView.ts.
16:44:18.417 debug: Resolve file:///D:/Game-Engine%20Projects/Blazing7Test/assets/menu-bundle/BLAZING_7S_SCRATCH/script/CardReview7s.ts from cce:/internal/x/prerequisite-imports as file:///D:/Game-Engine%20Projects/Blazing7Test/assets/menu-bundle/BLAZING_7S_SCRATCH/script/CardReview7s.ts.
16:44:18.417 debug: Resolve file:///D:/Game-Engine%20Projects/Blazing7Test/assets/menu-bundle/BLAZING_7S_SCRATCH/script/CardReviewMask.ts from cce:/internal/x/prerequisite-imports as file:///D:/Game-Engine%20Projects/Blazing7Test/assets/menu-bundle/BLAZING_7S_SCRATCH/script/CardReviewMask.ts.
16:44:18.417 debug: Resolve file:///D:/Game-Engine%20Projects/Blazing7Test/assets/menu-bundle/BLAZING_7S_SCRATCH/script/CardReviewRenderer.ts from cce:/internal/x/prerequisite-imports as file:///D:/Game-Engine%20Projects/Blazing7Test/assets/menu-bundle/BLAZING_7S_SCRATCH/script/CardReviewRenderer.ts.
16:44:18.418 debug: Resolve file:///D:/Game-Engine%20Projects/Blazing7Test/assets/menu-bundle/BLAZING_7S_SCRATCH/script/CardReviewSystemBlazing.ts from cce:/internal/x/prerequisite-imports as file:///D:/Game-Engine%20Projects/Blazing7Test/assets/menu-bundle/BLAZING_7S_SCRATCH/script/CardReviewSystemBlazing.ts.
16:44:18.418 debug: Resolve file:///D:/Game-Engine%20Projects/Blazing7Test/assets/menu-bundle/BLAZING_7S_SCRATCH/script/CardTypes.ts from cce:/internal/x/prerequisite-imports as file:///D:/Game-Engine%20Projects/Blazing7Test/assets/menu-bundle/BLAZING_7S_SCRATCH/script/CardTypes.ts.
16:44:18.418 debug: Resolve file:///D:/Game-Engine%20Projects/Blazing7Test/assets/menu-bundle/BLAZING_7S_SCRATCH/script/FragmentView.ts from cce:/internal/x/prerequisite-imports as file:///D:/Game-Engine%20Projects/Blazing7Test/assets/menu-bundle/BLAZING_7S_SCRATCH/script/FragmentView.ts.
16:44:18.418 debug: Resolve file:///D:/Game-Engine%20Projects/Blazing7Test/assets/menu-bundle/BLAZING_7S_SCRATCH/script/ScratchAutoPlayer.ts from cce:/internal/x/prerequisite-imports as file:///D:/Game-Engine%20Projects/Blazing7Test/assets/menu-bundle/BLAZING_7S_SCRATCH/script/ScratchAutoPlayer.ts.
16:44:18.418 debug: Resolve file:///D:/Game-Engine%20Projects/Blazing7Test/assets/menu-bundle/BLAZING_7S_SCRATCH/script/ScratchMask.ts from cce:/internal/x/prerequisite-imports as file:///D:/Game-Engine%20Projects/Blazing7Test/assets/menu-bundle/BLAZING_7S_SCRATCH/script/ScratchMask.ts.
16:44:18.418 debug: Resolve file:///D:/Game-Engine%20Projects/Blazing7Test/assets/menu-bundle/BLAZING_7S_SCRATCH/script/ScratchNumber.ts from cce:/internal/x/prerequisite-imports as file:///D:/Game-Engine%20Projects/Blazing7Test/assets/menu-bundle/BLAZING_7S_SCRATCH/script/ScratchNumber.ts.
16:44:18.418 debug: Resolve file:///D:/Game-Engine%20Projects/Blazing7Test/assets/menu-bundle/BLAZING_7S_SCRATCH/script/ScratchRenderer.ts from cce:/internal/x/prerequisite-imports as file:///D:/Game-Engine%20Projects/Blazing7Test/assets/menu-bundle/BLAZING_7S_SCRATCH/script/ScratchRenderer.ts.
16:44:18.419 debug: Resolve file:///D:/Game-Engine%20Projects/Blazing7Test/assets/menu-bundle/BLAZING_7S_SCRATCH/script/ScratchSound.ts from cce:/internal/x/prerequisite-imports as file:///D:/Game-Engine%20Projects/Blazing7Test/assets/menu-bundle/BLAZING_7S_SCRATCH/script/ScratchSound.ts.
16:44:18.419 debug: Resolve file:///D:/Game-Engine%20Projects/Blazing7Test/assets/menu-bundle/BLAZING_7S_SCRATCH/script/ScratchSystem.ts from cce:/internal/x/prerequisite-imports as file:///D:/Game-Engine%20Projects/Blazing7Test/assets/menu-bundle/BLAZING_7S_SCRATCH/script/ScratchSystem.ts.
16:44:18.419 debug: Resolve file:///D:/Game-Engine%20Projects/Blazing7Test/assets/menu-bundle/BLAZING_7S_SCRATCH/script/ScratchTrajectory.ts from cce:/internal/x/prerequisite-imports as file:///D:/Game-Engine%20Projects/Blazing7Test/assets/menu-bundle/BLAZING_7S_SCRATCH/script/ScratchTrajectory.ts.
16:44:18.419 debug: Resolve file:///D:/Game-Engine%20Projects/Blazing7Test/assets/menu-bundle/BLAZING_7S_SCRATCH/script/ScratchTypes.ts from cce:/internal/x/prerequisite-imports as file:///D:/Game-Engine%20Projects/Blazing7Test/assets/menu-bundle/BLAZING_7S_SCRATCH/script/ScratchTypes.ts.
16:44:18.419 debug: Resolve file:///D:/Game-Engine%20Projects/Blazing7Test/assets/menu-bundle/BLAZING_7S_SCRATCH/script/Trajectory.ts from cce:/internal/x/prerequisite-imports as file:///D:/Game-Engine%20Projects/Blazing7Test/assets/menu-bundle/BLAZING_7S_SCRATCH/script/Trajectory.ts.
16:44:18.419 debug: Resolve file:///D:/Game-Engine%20Projects/Blazing7Test/assets/menu-bundle/DEEP_SEA/script/DeepBonusShells.ts from cce:/internal/x/prerequisite-imports as file:///D:/Game-Engine%20Projects/Blazing7Test/assets/menu-bundle/DEEP_SEA/script/DeepBonusShells.ts.
16:44:18.419 debug: Resolve file:///D:/Game-Engine%20Projects/Blazing7Test/assets/menu-bundle/DEEP_SEA/script/DeepSeaBG.ts from cce:/internal/x/prerequisite-imports as file:///D:/Game-Engine%20Projects/Blazing7Test/assets/menu-bundle/DEEP_SEA/script/DeepSeaBG.ts.
16:44:18.419 debug: Resolve file:///D:/Game-Engine%20Projects/Blazing7Test/assets/menu-bundle/DEEP_SEA/script/DeepSeaBaseUI.ts from cce:/internal/x/prerequisite-imports as file:///D:/Game-Engine%20Projects/Blazing7Test/assets/menu-bundle/DEEP_SEA/script/DeepSeaBaseUI.ts.
16:44:18.420 debug: Resolve file:///D:/Game-Engine%20Projects/Blazing7Test/assets/menu-bundle/DEEP_SEA/script/DeepSeaBonus.ts from cce:/internal/x/prerequisite-imports as file:///D:/Game-Engine%20Projects/Blazing7Test/assets/menu-bundle/DEEP_SEA/script/DeepSeaBonus.ts.
16:44:18.420 debug: Resolve file:///D:/Game-Engine%20Projects/Blazing7Test/assets/menu-bundle/DEEP_SEA/script/DeepSeaBonusGame.ts from cce:/internal/x/prerequisite-imports as file:///D:/Game-Engine%20Projects/Blazing7Test/assets/menu-bundle/DEEP_SEA/script/DeepSeaBonusGame.ts.
16:44:18.420 debug: Resolve file:///D:/Game-Engine%20Projects/Blazing7Test/assets/menu-bundle/DEEP_SEA/script/DeepSeaBonusInfo.ts from cce:/internal/x/prerequisite-imports as file:///D:/Game-Engine%20Projects/Blazing7Test/assets/menu-bundle/DEEP_SEA/script/DeepSeaBonusInfo.ts.
16:44:18.420 debug: Resolve file:///D:/Game-Engine%20Projects/Blazing7Test/assets/menu-bundle/DEEP_SEA/script/DeepSeaBonusJackpot.ts from cce:/internal/x/prerequisite-imports as file:///D:/Game-Engine%20Projects/Blazing7Test/assets/menu-bundle/DEEP_SEA/script/DeepSeaBonusJackpot.ts.
16:44:18.420 debug: Resolve file:///D:/Game-Engine%20Projects/Blazing7Test/assets/menu-bundle/DEEP_SEA/script/DeepSeaBonusShellItem.ts from cce:/internal/x/prerequisite-imports as file:///D:/Game-Engine%20Projects/Blazing7Test/assets/menu-bundle/DEEP_SEA/script/DeepSeaBonusShellItem.ts.
16:44:18.420 debug: Resolve file:///D:/Game-Engine%20Projects/Blazing7Test/assets/menu-bundle/DEEP_SEA/script/DeepSeaBonusStone.ts from cce:/internal/x/prerequisite-imports as file:///D:/Game-Engine%20Projects/Blazing7Test/assets/menu-bundle/DEEP_SEA/script/DeepSeaBonusStone.ts.
16:44:18.420 debug: Resolve file:///D:/Game-Engine%20Projects/Blazing7Test/assets/menu-bundle/DEEP_SEA/script/DeepSeaBonusWin.ts from cce:/internal/x/prerequisite-imports as file:///D:/Game-Engine%20Projects/Blazing7Test/assets/menu-bundle/DEEP_SEA/script/DeepSeaBonusWin.ts.
16:44:18.420 debug: Resolve file:///D:/Game-Engine%20Projects/Blazing7Test/assets/menu-bundle/DEEP_SEA/script/DeepSeaBonusWinItem.ts from cce:/internal/x/prerequisite-imports as file:///D:/Game-Engine%20Projects/Blazing7Test/assets/menu-bundle/DEEP_SEA/script/DeepSeaBonusWinItem.ts.
16:44:18.421 debug: Resolve file:///D:/Game-Engine%20Projects/Blazing7Test/assets/menu-bundle/DEEP_SEA/script/DeepSeaBubbleNumItem.ts from cce:/internal/x/prerequisite-imports as file:///D:/Game-Engine%20Projects/Blazing7Test/assets/menu-bundle/DEEP_SEA/script/DeepSeaBubbleNumItem.ts.
16:44:18.421 debug: Resolve file:///D:/Game-Engine%20Projects/Blazing7Test/assets/menu-bundle/DEEP_SEA/script/DeepSeaBubbleScene.ts from cce:/internal/x/prerequisite-imports as file:///D:/Game-Engine%20Projects/Blazing7Test/assets/menu-bundle/DEEP_SEA/script/DeepSeaBubbleScene.ts.
16:44:18.421 debug: Resolve file:///D:/Game-Engine%20Projects/Blazing7Test/assets/menu-bundle/DEEP_SEA/script/DeepSeaBubbles.ts from cce:/internal/x/prerequisite-imports as file:///D:/Game-Engine%20Projects/Blazing7Test/assets/menu-bundle/DEEP_SEA/script/DeepSeaBubbles.ts.
16:44:18.421 debug: Resolve file:///D:/Game-Engine%20Projects/Blazing7Test/assets/menu-bundle/DEEP_SEA/script/DeepSeaCard.ts from cce:/internal/x/prerequisite-imports as file:///D:/Game-Engine%20Projects/Blazing7Test/assets/menu-bundle/DEEP_SEA/script/DeepSeaCard.ts.
16:44:18.421 debug: Resolve file:///D:/Game-Engine%20Projects/Blazing7Test/assets/menu-bundle/DEEP_SEA/script/DeepSeaCardDetails.ts from cce:/internal/x/prerequisite-imports as file:///D:/Game-Engine%20Projects/Blazing7Test/assets/menu-bundle/DEEP_SEA/script/DeepSeaCardDetails.ts.
16:44:18.421 debug: Resolve file:///D:/Game-Engine%20Projects/Blazing7Test/assets/menu-bundle/DEEP_SEA/script/DeepSeaCloudFloat.ts from cce:/internal/x/prerequisite-imports as file:///D:/Game-Engine%20Projects/Blazing7Test/assets/menu-bundle/DEEP_SEA/script/DeepSeaCloudFloat.ts.
16:44:18.421 debug: Resolve file:///D:/Game-Engine%20Projects/Blazing7Test/assets/menu-bundle/DEEP_SEA/script/DeepSeaFish.ts from cce:/internal/x/prerequisite-imports as file:///D:/Game-Engine%20Projects/Blazing7Test/assets/menu-bundle/DEEP_SEA/script/DeepSeaFish.ts.
16:44:18.421 debug: Resolve file:///D:/Game-Engine%20Projects/Blazing7Test/assets/menu-bundle/DEEP_SEA/script/DeepSeaGameRecord.ts from cce:/internal/x/prerequisite-imports as file:///D:/Game-Engine%20Projects/Blazing7Test/assets/menu-bundle/DEEP_SEA/script/DeepSeaGameRecord.ts.
16:44:18.422 debug: Resolve file:///D:/Game-Engine%20Projects/Blazing7Test/assets/menu-bundle/DEEP_SEA/script/DeepSeaMainGame.ts from cce:/internal/x/prerequisite-imports as file:///D:/Game-Engine%20Projects/Blazing7Test/assets/menu-bundle/DEEP_SEA/script/DeepSeaMainGame.ts.
16:44:18.422 debug: Resolve file:///D:/Game-Engine%20Projects/Blazing7Test/assets/menu-bundle/DEEP_SEA/script/DeepSeaMyNumber.ts from cce:/internal/x/prerequisite-imports as file:///D:/Game-Engine%20Projects/Blazing7Test/assets/menu-bundle/DEEP_SEA/script/DeepSeaMyNumber.ts.
16:44:18.422 debug: Resolve file:///D:/Game-Engine%20Projects/Blazing7Test/assets/menu-bundle/DEEP_SEA/script/DeepSeaReview.ts from cce:/internal/x/prerequisite-imports as file:///D:/Game-Engine%20Projects/Blazing7Test/assets/menu-bundle/DEEP_SEA/script/DeepSeaReview.ts.
16:44:18.422 debug: Resolve file:///D:/Game-Engine%20Projects/Blazing7Test/assets/menu-bundle/DEEP_SEA/script/DeepSeaSceneTranstion.ts from cce:/internal/x/prerequisite-imports as file:///D:/Game-Engine%20Projects/Blazing7Test/assets/menu-bundle/DEEP_SEA/script/DeepSeaSceneTranstion.ts.
16:44:18.423 debug: Resolve file:///D:/Game-Engine%20Projects/Blazing7Test/assets/menu-bundle/DEEP_SEA/script/DeepSeaSuperBonus.ts from cce:/internal/x/prerequisite-imports as file:///D:/Game-Engine%20Projects/Blazing7Test/assets/menu-bundle/DEEP_SEA/script/DeepSeaSuperBonus.ts.
16:44:18.423 debug: Resolve file:///D:/Game-Engine%20Projects/Blazing7Test/assets/menu-bundle/DEEP_SEA/script/DeepSeaSuperBonusGame.ts from cce:/internal/x/prerequisite-imports as file:///D:/Game-Engine%20Projects/Blazing7Test/assets/menu-bundle/DEEP_SEA/script/DeepSeaSuperBonusGame.ts.
16:44:18.423 debug: Resolve file:///D:/Game-Engine%20Projects/Blazing7Test/assets/menu-bundle/DEEP_SEA/script/DeepSeaWater.ts from cce:/internal/x/prerequisite-imports as file:///D:/Game-Engine%20Projects/Blazing7Test/assets/menu-bundle/DEEP_SEA/script/DeepSeaWater.ts.
16:44:18.423 debug: Resolve file:///D:/Game-Engine%20Projects/Blazing7Test/assets/menu-bundle/DEEP_SEA/script/DeepSeaWinNum.ts from cce:/internal/x/prerequisite-imports as file:///D:/Game-Engine%20Projects/Blazing7Test/assets/menu-bundle/DEEP_SEA/script/DeepSeaWinNum.ts.
16:44:18.424 debug: Resolve file:///D:/Game-Engine%20Projects/Blazing7Test/assets/menu-bundle/DEEP_SEA/script/data/DeepSeaAudio.ts from cce:/internal/x/prerequisite-imports as file:///D:/Game-Engine%20Projects/Blazing7Test/assets/menu-bundle/DEEP_SEA/script/data/DeepSeaAudio.ts.
16:44:18.424 debug: Resolve file:///D:/Game-Engine%20Projects/Blazing7Test/assets/menu-bundle/DEEP_SEA/script/data/DeepSeaCardData.ts from cce:/internal/x/prerequisite-imports as file:///D:/Game-Engine%20Projects/Blazing7Test/assets/menu-bundle/DEEP_SEA/script/data/DeepSeaCardData.ts.
16:44:18.424 debug: Resolve file:///D:/Game-Engine%20Projects/Blazing7Test/assets/menu-bundle/DEEP_SEA/script/data/DeepSeaEvent.ts from cce:/internal/x/prerequisite-imports as file:///D:/Game-Engine%20Projects/Blazing7Test/assets/menu-bundle/DEEP_SEA/script/data/DeepSeaEvent.ts.
16:44:18.424 debug: Resolve file:///D:/Game-Engine%20Projects/Blazing7Test/assets/menu-bundle/DEEP_SEA/script/data/DeepSeaRes.ts from cce:/internal/x/prerequisite-imports as file:///D:/Game-Engine%20Projects/Blazing7Test/assets/menu-bundle/DEEP_SEA/script/data/DeepSeaRes.ts.
16:44:18.425 debug: Resolve file:///D:/Game-Engine%20Projects/Blazing7Test/assets/menu-bundle/GINTO_MATCH/script/BundleTrajectoryGinto.ts from cce:/internal/x/prerequisite-imports as file:///D:/Game-Engine%20Projects/Blazing7Test/assets/menu-bundle/GINTO_MATCH/script/BundleTrajectoryGinto.ts.
16:44:18.425 debug: Resolve file:///D:/Game-Engine%20Projects/Blazing7Test/assets/menu-bundle/GINTO_MATCH/script/CardFragmentView.ts from cce:/internal/x/prerequisite-imports as file:///D:/Game-Engine%20Projects/Blazing7Test/assets/menu-bundle/GINTO_MATCH/script/CardFragmentView.ts.
16:44:18.425 debug: Resolve file:///D:/Game-Engine%20Projects/Blazing7Test/assets/menu-bundle/GINTO_MATCH/script/CardReviewGinto.ts from cce:/internal/x/prerequisite-imports as file:///D:/Game-Engine%20Projects/Blazing7Test/assets/menu-bundle/GINTO_MATCH/script/CardReviewGinto.ts.
16:44:18.425 debug: Resolve file:///D:/Game-Engine%20Projects/Blazing7Test/assets/menu-bundle/GINTO_MATCH/script/CardReviewMask.ts from cce:/internal/x/prerequisite-imports as file:///D:/Game-Engine%20Projects/Blazing7Test/assets/menu-bundle/GINTO_MATCH/script/CardReviewMask.ts.
16:44:18.425 debug: Resolve file:///D:/Game-Engine%20Projects/Blazing7Test/assets/menu-bundle/GINTO_MATCH/script/CardReviewRenderer.ts from cce:/internal/x/prerequisite-imports as file:///D:/Game-Engine%20Projects/Blazing7Test/assets/menu-bundle/GINTO_MATCH/script/CardReviewRenderer.ts.
16:44:18.426 debug: Resolve file:///D:/Game-Engine%20Projects/Blazing7Test/assets/menu-bundle/GINTO_MATCH/script/CardReviewSystem.ts from cce:/internal/x/prerequisite-imports as file:///D:/Game-Engine%20Projects/Blazing7Test/assets/menu-bundle/GINTO_MATCH/script/CardReviewSystem.ts.
16:44:18.426 debug: Resolve file:///D:/Game-Engine%20Projects/Blazing7Test/assets/menu-bundle/GINTO_MATCH/script/CardTypes.ts from cce:/internal/x/prerequisite-imports as file:///D:/Game-Engine%20Projects/Blazing7Test/assets/menu-bundle/GINTO_MATCH/script/CardTypes.ts.
16:44:18.426 debug: Resolve file:///D:/Game-Engine%20Projects/Blazing7Test/assets/menu-bundle/GINTO_MATCH/script/FragmentView.ts from cce:/internal/x/prerequisite-imports as file:///D:/Game-Engine%20Projects/Blazing7Test/assets/menu-bundle/GINTO_MATCH/script/FragmentView.ts.
16:44:18.426 debug: Resolve file:///D:/Game-Engine%20Projects/Blazing7Test/assets/menu-bundle/GINTO_MATCH/script/ScratchAutoPlayer.ts from cce:/internal/x/prerequisite-imports as file:///D:/Game-Engine%20Projects/Blazing7Test/assets/menu-bundle/GINTO_MATCH/script/ScratchAutoPlayer.ts.
16:44:18.426 debug: Resolve file:///D:/Game-Engine%20Projects/Blazing7Test/assets/menu-bundle/GINTO_MATCH/script/ScratchMask.ts from cce:/internal/x/prerequisite-imports as file:///D:/Game-Engine%20Projects/Blazing7Test/assets/menu-bundle/GINTO_MATCH/script/ScratchMask.ts.
16:44:18.426 debug: Resolve file:///D:/Game-Engine%20Projects/Blazing7Test/assets/menu-bundle/GINTO_MATCH/script/ScratchRenderer.ts from cce:/internal/x/prerequisite-imports as file:///D:/Game-Engine%20Projects/Blazing7Test/assets/menu-bundle/GINTO_MATCH/script/ScratchRenderer.ts.
16:44:18.427 debug: Resolve file:///D:/Game-Engine%20Projects/Blazing7Test/assets/menu-bundle/GINTO_MATCH/script/ScratchSound.ts from cce:/internal/x/prerequisite-imports as file:///D:/Game-Engine%20Projects/Blazing7Test/assets/menu-bundle/GINTO_MATCH/script/ScratchSound.ts.
16:44:18.427 debug: Resolve file:///D:/Game-Engine%20Projects/Blazing7Test/assets/menu-bundle/GINTO_MATCH/script/ScratchSystem.ts from cce:/internal/x/prerequisite-imports as file:///D:/Game-Engine%20Projects/Blazing7Test/assets/menu-bundle/GINTO_MATCH/script/ScratchSystem.ts.
16:44:18.427 debug: Resolve file:///D:/Game-Engine%20Projects/Blazing7Test/assets/menu-bundle/GINTO_MATCH/script/ScratchTrajectory.ts from cce:/internal/x/prerequisite-imports as file:///D:/Game-Engine%20Projects/Blazing7Test/assets/menu-bundle/GINTO_MATCH/script/ScratchTrajectory.ts.
16:44:18.427 debug: Resolve file:///D:/Game-Engine%20Projects/Blazing7Test/assets/menu-bundle/GINTO_MATCH/script/ScratchTypes.ts from cce:/internal/x/prerequisite-imports as file:///D:/Game-Engine%20Projects/Blazing7Test/assets/menu-bundle/GINTO_MATCH/script/ScratchTypes.ts.
16:44:18.427 debug: Resolve file:///D:/Game-Engine%20Projects/Blazing7Test/assets/menu-bundle/LUCKY_COLORS2/script/LuckyColor_CCFlopCard.ts from cce:/internal/x/prerequisite-imports as file:///D:/Game-Engine%20Projects/Blazing7Test/assets/menu-bundle/LUCKY_COLORS2/script/LuckyColor_CCFlopCard.ts.
16:44:18.427 debug: Resolve file:///D:/Game-Engine%20Projects/Blazing7Test/assets/menu-bundle/LUCKY_COLORS2/script/LuckyColor_Card.ts from cce:/internal/x/prerequisite-imports as file:///D:/Game-Engine%20Projects/Blazing7Test/assets/menu-bundle/LUCKY_COLORS2/script/LuckyColor_Card.ts.
16:44:18.427 debug: Resolve file:///D:/Game-Engine%20Projects/Blazing7Test/assets/menu-bundle/LUCKY_COLORS2/script/LuckyColor_CardItemColor.ts from cce:/internal/x/prerequisite-imports as file:///D:/Game-Engine%20Projects/Blazing7Test/assets/menu-bundle/LUCKY_COLORS2/script/LuckyColor_CardItemColor.ts.
16:44:18.428 debug: Resolve file:///D:/Game-Engine%20Projects/Blazing7Test/assets/menu-bundle/LUCKY_COLORS2/script/LuckyColor_CardReview.ts from cce:/internal/x/prerequisite-imports as file:///D:/Game-Engine%20Projects/Blazing7Test/assets/menu-bundle/LUCKY_COLORS2/script/LuckyColor_CardReview.ts.
16:44:18.428 debug: Resolve file:///D:/Game-Engine%20Projects/Blazing7Test/assets/menu-bundle/LUCKY_COLORS2/script/LuckyColor_Color_Win.ts from cce:/internal/x/prerequisite-imports as file:///D:/Game-Engine%20Projects/Blazing7Test/assets/menu-bundle/LUCKY_COLORS2/script/LuckyColor_Color_Win.ts.
16:44:18.428 debug: Resolve file:///D:/Game-Engine%20Projects/Blazing7Test/assets/menu-bundle/LUCKY_COLORS2/script/LuckyColor_Default_Card.ts from cce:/internal/x/prerequisite-imports as file:///D:/Game-Engine%20Projects/Blazing7Test/assets/menu-bundle/LUCKY_COLORS2/script/LuckyColor_Default_Card.ts.
16:44:18.428 debug: Resolve file:///D:/Game-Engine%20Projects/Blazing7Test/assets/menu-bundle/LUCKY_COLORS2/script/LuckyColor_HelpView.ts from cce:/internal/x/prerequisite-imports as file:///D:/Game-Engine%20Projects/Blazing7Test/assets/menu-bundle/LUCKY_COLORS2/script/LuckyColor_HelpView.ts.
16:44:18.428 debug: Resolve file:///D:/Game-Engine%20Projects/Blazing7Test/assets/menu-bundle/LUCKY_COLORS2/script/LuckyColor_ScratchBonus.ts from cce:/internal/x/prerequisite-imports as file:///D:/Game-Engine%20Projects/Blazing7Test/assets/menu-bundle/LUCKY_COLORS2/script/LuckyColor_ScratchBonus.ts.
16:44:18.428 debug: Resolve file:///D:/Game-Engine%20Projects/Blazing7Test/assets/menu-bundle/PIKA2/script/BundleCardDetailFoodItem.ts from cce:/internal/x/prerequisite-imports as file:///D:/Game-Engine%20Projects/Blazing7Test/assets/menu-bundle/PIKA2/script/BundleCardDetailFoodItem.ts.
16:44:18.428 debug: Resolve file:///D:/Game-Engine%20Projects/Blazing7Test/assets/menu-bundle/PIKA2/script/BundleLeafItem.ts from cce:/internal/x/prerequisite-imports as file:///D:/Game-Engine%20Projects/Blazing7Test/assets/menu-bundle/PIKA2/script/BundleLeafItem.ts.
16:44:18.428 debug: Resolve file:///D:/Game-Engine%20Projects/Blazing7Test/assets/menu-bundle/PIKA2/script/BundleLeafManager.ts from cce:/internal/x/prerequisite-imports as file:///D:/Game-Engine%20Projects/Blazing7Test/assets/menu-bundle/PIKA2/script/BundleLeafManager.ts.
16:44:18.429 debug: Resolve file:///D:/Game-Engine%20Projects/Blazing7Test/assets/menu-bundle/PIKA2/script/BundlePikaCardTrajectoryComponent.ts from cce:/internal/x/prerequisite-imports as file:///D:/Game-Engine%20Projects/Blazing7Test/assets/menu-bundle/PIKA2/script/BundlePikaCardTrajectoryComponent.ts.
16:44:18.429 debug: Resolve file:///D:/Game-Engine%20Projects/Blazing7Test/assets/menu-bundle/PIKA2/script/BundleTrajectory.ts from cce:/internal/x/prerequisite-imports as file:///D:/Game-Engine%20Projects/Blazing7Test/assets/menu-bundle/PIKA2/script/BundleTrajectory.ts.
16:44:18.429 debug: Resolve file:///D:/Game-Engine%20Projects/Blazing7Test/assets/menu-bundle/script/api/GameApi.ts from cce:/internal/x/prerequisite-imports as file:///D:/Game-Engine%20Projects/Blazing7Test/assets/menu-bundle/script/api/GameApi.ts.
16:44:18.429 debug: Resolve file:///D:/Game-Engine%20Projects/Blazing7Test/assets/menu-bundle/script/base/BundleBasePanel.ts from cce:/internal/x/prerequisite-imports as file:///D:/Game-Engine%20Projects/Blazing7Test/assets/menu-bundle/script/base/BundleBasePanel.ts.
16:44:18.429 debug: Resolve file:///D:/Game-Engine%20Projects/Blazing7Test/assets/menu-bundle/script/base/BundleBaseUI.ts from cce:/internal/x/prerequisite-imports as file:///D:/Game-Engine%20Projects/Blazing7Test/assets/menu-bundle/script/base/BundleBaseUI.ts.
16:44:18.429 debug: Resolve file:///D:/Game-Engine%20Projects/Blazing7Test/assets/menu-bundle/script/base/BundleSingleButton.ts from cce:/internal/x/prerequisite-imports as file:///D:/Game-Engine%20Projects/Blazing7Test/assets/menu-bundle/script/base/BundleSingleButton.ts.
16:44:18.429 debug: Resolve file:///D:/Game-Engine%20Projects/Blazing7Test/assets/menu-bundle/script/eui/BundleUIKeys.ts from cce:/internal/x/prerequisite-imports as file:///D:/Game-Engine%20Projects/Blazing7Test/assets/menu-bundle/script/eui/BundleUIKeys.ts.
16:44:18.430 debug: Resolve file:///D:/Game-Engine%20Projects/Blazing7Test/assets/menu-bundle/script/interfaces/IMenuDependencies.ts from cce:/internal/x/prerequisite-imports as file:///D:/Game-Engine%20Projects/Blazing7Test/assets/menu-bundle/script/interfaces/IMenuDependencies.ts.
16:44:18.430 debug: Resolve file:///D:/Game-Engine%20Projects/Blazing7Test/assets/menu-bundle/script/manager/MessageFlag.ts from cce:/internal/x/prerequisite-imports as file:///D:/Game-Engine%20Projects/Blazing7Test/assets/menu-bundle/script/manager/MessageFlag.ts.
16:44:18.430 debug: Resolve file:///D:/Game-Engine%20Projects/Blazing7Test/assets/menu-bundle/script/types/AniType.ts from cce:/internal/x/prerequisite-imports as file:///D:/Game-Engine%20Projects/Blazing7Test/assets/menu-bundle/script/types/AniType.ts.
16:44:18.430 debug: Resolve file:///D:/Game-Engine%20Projects/Blazing7Test/assets/menu-bundle/script/utils/BundleGameUtils.ts from cce:/internal/x/prerequisite-imports as file:///D:/Game-Engine%20Projects/Blazing7Test/assets/menu-bundle/script/utils/BundleGameUtils.ts.
16:44:18.430 debug: Resolve file:///D:/Game-Engine%20Projects/Blazing7Test/assets/menu-bundle/script/utils/analytics_bridge.ts from cce:/internal/x/prerequisite-imports as file:///D:/Game-Engine%20Projects/Blazing7Test/assets/menu-bundle/script/utils/analytics_bridge.ts.
16:44:18.430 debug: Resolve file:///D:/Game-Engine%20Projects/Blazing7Test/assets/menu-bundle/script/utils/logger.ts from cce:/internal/x/prerequisite-imports as file:///D:/Game-Engine%20Projects/Blazing7Test/assets/menu-bundle/script/utils/logger.ts.
16:44:18.430 debug: Resolve file:///D:/Game-Engine%20Projects/Blazing7Test/assets/menu-bundle/script/view/BundleBigWin.ts from cce:/internal/x/prerequisite-imports as file:///D:/Game-Engine%20Projects/Blazing7Test/assets/menu-bundle/script/view/BundleBigWin.ts.
16:44:18.431 debug: Resolve file:///D:/Game-Engine%20Projects/Blazing7Test/assets/menu-bundle/script/view/BundleBigWinItem.ts from cce:/internal/x/prerequisite-imports as file:///D:/Game-Engine%20Projects/Blazing7Test/assets/menu-bundle/script/view/BundleBigWinItem.ts.
16:44:18.431 debug: Resolve file:///D:/Game-Engine%20Projects/Blazing7Test/assets/menu-bundle/script/view/BundleCardDetail.ts from cce:/internal/x/prerequisite-imports as file:///D:/Game-Engine%20Projects/Blazing7Test/assets/menu-bundle/script/view/BundleCardDetail.ts.
16:44:18.431 debug: Resolve file:///D:/Game-Engine%20Projects/Blazing7Test/assets/menu-bundle/script/view/BundleCardInfoItem.ts from cce:/internal/x/prerequisite-imports as file:///D:/Game-Engine%20Projects/Blazing7Test/assets/menu-bundle/script/view/BundleCardInfoItem.ts.
16:44:18.431 debug: Resolve file:///D:/Game-Engine%20Projects/Blazing7Test/assets/menu-bundle/script/view/BundleCardSale.ts from cce:/internal/x/prerequisite-imports as file:///D:/Game-Engine%20Projects/Blazing7Test/assets/menu-bundle/script/view/BundleCardSale.ts.
16:44:18.431 debug: Resolve file:///D:/Game-Engine%20Projects/Blazing7Test/assets/menu-bundle/script/view/BundleCardSaleItem.ts from cce:/internal/x/prerequisite-imports as file:///D:/Game-Engine%20Projects/Blazing7Test/assets/menu-bundle/script/view/BundleCardSaleItem.ts.
16:44:18.431 debug: Resolve file:///D:/Game-Engine%20Projects/Blazing7Test/assets/menu-bundle/script/view/BundleFiltter.ts from cce:/internal/x/prerequisite-imports as file:///D:/Game-Engine%20Projects/Blazing7Test/assets/menu-bundle/script/view/BundleFiltter.ts.
16:44:18.431 debug: Resolve file:///D:/Game-Engine%20Projects/Blazing7Test/assets/menu-bundle/script/view/BundleGameItem.ts from cce:/internal/x/prerequisite-imports as file:///D:/Game-Engine%20Projects/Blazing7Test/assets/menu-bundle/script/view/BundleGameItem.ts.
16:44:18.432 debug: Resolve file:///D:/Game-Engine%20Projects/Blazing7Test/assets/menu-bundle/script/view/BundleGameRecords.ts from cce:/internal/x/prerequisite-imports as file:///D:/Game-Engine%20Projects/Blazing7Test/assets/menu-bundle/script/view/BundleGameRecords.ts.
16:44:18.465 debug: Resolve file:///D:/Game-Engine%20Projects/Blazing7Test/assets/menu-bundle/script/view/BundleGameRules.ts from cce:/internal/x/prerequisite-imports as file:///D:/Game-Engine%20Projects/Blazing7Test/assets/menu-bundle/script/view/BundleGameRules.ts.
16:44:18.465 debug: Resolve file:///D:/Game-Engine%20Projects/Blazing7Test/assets/menu-bundle/script/view/BundleGrandPirzeItem.ts from cce:/internal/x/prerequisite-imports as file:///D:/Game-Engine%20Projects/Blazing7Test/assets/menu-bundle/script/view/BundleGrandPirzeItem.ts.
16:44:18.465 debug: Resolve file:///D:/Game-Engine%20Projects/Blazing7Test/assets/menu-bundle/script/view/BundleGrandPrize.ts from cce:/internal/x/prerequisite-imports as file:///D:/Game-Engine%20Projects/Blazing7Test/assets/menu-bundle/script/view/BundleGrandPrize.ts.
16:44:18.465 debug: Resolve file:///D:/Game-Engine%20Projects/Blazing7Test/assets/menu-bundle/script/view/BundleHonorBoard.ts from cce:/internal/x/prerequisite-imports as file:///D:/Game-Engine%20Projects/Blazing7Test/assets/menu-bundle/script/view/BundleHonorBoard.ts.
16:44:18.465 debug: Resolve file:///D:/Game-Engine%20Projects/Blazing7Test/assets/menu-bundle/script/view/BundleMenu.ts from cce:/internal/x/prerequisite-imports as file:///D:/Game-Engine%20Projects/Blazing7Test/assets/menu-bundle/script/view/BundleMenu.ts.
16:44:18.465 debug: Resolve file:///D:/Game-Engine%20Projects/Blazing7Test/assets/menu-bundle/script/view/BundleOtherGames.ts from cce:/internal/x/prerequisite-imports as file:///D:/Game-Engine%20Projects/Blazing7Test/assets/menu-bundle/script/view/BundleOtherGames.ts.
16:44:18.465 debug: Resolve file:///D:/Game-Engine%20Projects/Blazing7Test/assets/menu-bundle/script/view/BundleRecordItem.ts from cce:/internal/x/prerequisite-imports as file:///D:/Game-Engine%20Projects/Blazing7Test/assets/menu-bundle/script/view/BundleRecordItem.ts.
16:44:18.465 debug: Resolve file:///D:/Game-Engine%20Projects/Blazing7Test/assets/menu-bundle/script/view/BundleTopItem.ts from cce:/internal/x/prerequisite-imports as file:///D:/Game-Engine%20Projects/Blazing7Test/assets/menu-bundle/script/view/BundleTopItem.ts.
16:44:18.465 debug: Resolve file:///D:/Game-Engine%20Projects/Blazing7Test/assets/menu-bundle/script/view/BundleTopItemCardSale.ts from cce:/internal/x/prerequisite-imports as file:///D:/Game-Engine%20Projects/Blazing7Test/assets/menu-bundle/script/view/BundleTopItemCardSale.ts.
16:44:18.465 debug: Resolve file:///D:/Game-Engine%20Projects/Blazing7Test/assets/menu-bundle/script/view/PopupCardDetail.ts from cce:/internal/x/prerequisite-imports as file:///D:/Game-Engine%20Projects/Blazing7Test/assets/menu-bundle/script/view/PopupCardDetail.ts.
16:44:18.465 debug: Resolve cce:/internal/code-quality/cr.mjs from file:///D:/Game-Engine%20Projects/Blazing7Test/assets/Scripts/Game/Game.ts as cce:/internal/code-quality/cr.mjs.
16:44:18.465 debug: Resolve cc from file:///D:/Game-Engine%20Projects/Blazing7Test/assets/Scripts/Game/Game.ts as cce:/internal/x/cc.
16:44:18.465 debug: Resolve cc from file:///D:/Game-Engine%20Projects/Blazing7Test/assets/Scripts/Game/Game.ts as cce:/internal/x/cc.
16:44:18.465 debug: Resolve cc from file:///D:/Game-Engine%20Projects/Blazing7Test/assets/Scripts/Game/Game.ts as cce:/internal/x/cc.
16:44:18.465 debug: Resolve ./GameOptions from file:///D:/Game-Engine%20Projects/Blazing7Test/assets/Scripts/Game/Game.ts as file:///D:/Game-Engine%20Projects/Blazing7Test/assets/Scripts/Game/GameOptions.ts.
16:44:18.465 debug: Resolve ../Card/ScratchCardView from file:///D:/Game-Engine%20Projects/Blazing7Test/assets/Scripts/Game/Game.ts as file:///D:/Game-Engine%20Projects/Blazing7Test/assets/Scripts/Card/ScratchCardView.ts.
16:44:18.465 debug: Resolve ../Scratch/ScratchSystem from file:///D:/Game-Engine%20Projects/Blazing7Test/assets/Scripts/Game/Game.ts as file:///D:/Game-Engine%20Projects/Blazing7Test/assets/Scripts/Scratch/ScratchSystem.ts.
16:44:18.465 debug: Resolve ../Managers/GameManager from file:///D:/Game-Engine%20Projects/Blazing7Test/assets/Scripts/Game/Game.ts as file:///D:/Game-Engine%20Projects/Blazing7Test/assets/Scripts/Managers/GameManager.ts.
16:44:18.465 debug: Resolve ../Managers/Services from file:///D:/Game-Engine%20Projects/Blazing7Test/assets/Scripts/Game/Game.ts as file:///D:/Game-Engine%20Projects/Blazing7Test/assets/Scripts/Managers/Services.ts.
16:44:18.465 debug: Resolve ../Managers/PopUpManager from file:///D:/Game-Engine%20Projects/Blazing7Test/assets/Scripts/Game/Game.ts as file:///D:/Game-Engine%20Projects/Blazing7Test/assets/Scripts/Managers/PopUpManager.ts.
16:44:18.465 debug: Resolve ../UI/PopUp/WinPopUp from file:///D:/Game-Engine%20Projects/Blazing7Test/assets/Scripts/Game/Game.ts as file:///D:/Game-Engine%20Projects/Blazing7Test/assets/Scripts/UI/PopUp/WinPopUp.ts.
16:44:18.465 debug: Resolve ./PricePopUpOptions from file:///D:/Game-Engine%20Projects/Blazing7Test/assets/Scripts/Game/Game.ts as file:///D:/Game-Engine%20Projects/Blazing7Test/assets/Scripts/Game/PricePopUpOptions.ts.
16:44:18.465 debug: Resolve ../Managers/AudioManager from file:///D:/Game-Engine%20Projects/Blazing7Test/assets/Scripts/Game/Game.ts as file:///D:/Game-Engine%20Projects/Blazing7Test/assets/Scripts/Managers/AudioManager.ts.
16:44:18.465 debug: Resolve ../UI/VisualFx/HelpView from file:///D:/Game-Engine%20Projects/Blazing7Test/assets/Scripts/Game/Game.ts as file:///D:/Game-Engine%20Projects/Blazing7Test/assets/Scripts/UI/VisualFx/HelpView.ts.
16:44:18.465 debug: Resolve ../UI/LastWin from file:///D:/Game-Engine%20Projects/Blazing7Test/assets/Scripts/Game/Game.ts as file:///D:/Game-Engine%20Projects/Blazing7Test/assets/Scripts/UI/LastWin.ts.
16:44:18.465 debug: Resolve ../UI/VisualFx/NodeMovement from file:///D:/Game-Engine%20Projects/Blazing7Test/assets/Scripts/Game/Game.ts as file:///D:/Game-Engine%20Projects/Blazing7Test/assets/Scripts/UI/VisualFx/NodeMovement.ts.
16:44:18.465 debug: Resolve ../utils/NumberFormatter from file:///D:/Game-Engine%20Projects/Blazing7Test/assets/Scripts/Game/Game.ts as file:///D:/Game-Engine%20Projects/Blazing7Test/assets/Scripts/utils/NumberFormatter.ts.
16:44:18.465 debug: Resolve ../UI/PopUp/MaxWinToasterPopUp from file:///D:/Game-Engine%20Projects/Blazing7Test/assets/Scripts/Game/Game.ts as file:///D:/Game-Engine%20Projects/Blazing7Test/assets/Scripts/UI/PopUp/MaxWinToasterPopUp.ts.
16:44:18.467 debug: Target(editor) ends with cost 193.77549999998882ms.
16:44:18.467 debug: Target(preview) build started.
16:44:18.468 debug: Detected change: cce:/internal/x/prerequisite-imports. Last mtime: Thu Jan 01 1970 08:01:30 GMT+0800 (Philippine Standard Time), Current mtime: Thu Jan 01 1970 08:03:12 GMT+0800 (Philippine Standard Time)
16:44:18.468 debug: Inspect cce:/internal/x/prerequisite-imports
16:44:18.496 debug: transform url: 'cce:/internal/x/prerequisite-imports' costs: 27.50 ms
16:44:18.497 debug: Resolve file:///C:/ProgramData/cocos/editors/Creator/3.8.5/resources/resources/3d/engine/editor/assets/default_renderpipeline/builtin-dof-pass.ts from cce:/internal/x/prerequisite-imports as file:///C:/ProgramData/cocos/editors/Creator/3.8.5/resources/resources/3d/engine/editor/assets/default_renderpipeline/builtin-dof-pass.ts.
16:44:18.497 debug: Resolve file:///C:/ProgramData/cocos/editors/Creator/3.8.5/resources/resources/3d/engine/editor/assets/default_renderpipeline/builtin-pipeline-pass.ts from cce:/internal/x/prerequisite-imports as file:///C:/ProgramData/cocos/editors/Creator/3.8.5/resources/resources/3d/engine/editor/assets/default_renderpipeline/builtin-pipeline-pass.ts.
16:44:18.498 debug: Resolve file:///C:/ProgramData/cocos/editors/Creator/3.8.5/resources/resources/3d/engine/editor/assets/default_renderpipeline/builtin-pipeline-settings.ts from cce:/internal/x/prerequisite-imports as file:///C:/ProgramData/cocos/editors/Creator/3.8.5/resources/resources/3d/engine/editor/assets/default_renderpipeline/builtin-pipeline-settings.ts.
16:44:18.498 debug: Resolve file:///C:/ProgramData/cocos/editors/Creator/3.8.5/resources/resources/3d/engine/editor/assets/default_renderpipeline/builtin-pipeline-types.ts from cce:/internal/x/prerequisite-imports as file:///C:/ProgramData/cocos/editors/Creator/3.8.5/resources/resources/3d/engine/editor/assets/default_renderpipeline/builtin-pipeline-types.ts.
16:44:18.498 debug: Resolve file:///C:/ProgramData/cocos/editors/Creator/3.8.5/resources/resources/3d/engine/editor/assets/default_renderpipeline/builtin-pipeline.ts from cce:/internal/x/prerequisite-imports as file:///C:/ProgramData/cocos/editors/Creator/3.8.5/resources/resources/3d/engine/editor/assets/default_renderpipeline/builtin-pipeline.ts.
16:44:18.499 debug: Resolve file:///C:/ProgramData/cocos/editors/Creator/3.8.5/resources/resources/3d/engine/editor/assets/tools/debug-view-runtime-control.ts from cce:/internal/x/prerequisite-imports as file:///C:/ProgramData/cocos/editors/Creator/3.8.5/resources/resources/3d/engine/editor/assets/tools/debug-view-runtime-control.ts.
16:44:18.499 debug: Resolve file:///D:/Game-Engine%20Projects/Blazing7Test/assets/Scripts/Api/ApiCore.ts from cce:/internal/x/prerequisite-imports as file:///D:/Game-Engine%20Projects/Blazing7Test/assets/Scripts/Api/ApiCore.ts.
16:44:18.499 debug: Resolve file:///D:/Game-Engine%20Projects/Blazing7Test/assets/Scripts/Api/ApiError.ts from cce:/internal/x/prerequisite-imports as file:///D:/Game-Engine%20Projects/Blazing7Test/assets/Scripts/Api/ApiError.ts.
16:44:18.499 debug: Resolve file:///D:/Game-Engine%20Projects/Blazing7Test/assets/Scripts/Api/ApiManager.ts from cce:/internal/x/prerequisite-imports as file:///D:/Game-Engine%20Projects/Blazing7Test/assets/Scripts/Api/ApiManager.ts.
16:44:18.499 debug: Resolve file:///D:/Game-Engine%20Projects/Blazing7Test/assets/Scripts/Api/GameApi.ts from cce:/internal/x/prerequisite-imports as file:///D:/Game-Engine%20Projects/Blazing7Test/assets/Scripts/Api/GameApi.ts.
16:44:18.499 debug: Resolve file:///D:/Game-Engine%20Projects/Blazing7Test/assets/Scripts/Card/NumberCardView.ts from cce:/internal/x/prerequisite-imports as file:///D:/Game-Engine%20Projects/Blazing7Test/assets/Scripts/Card/NumberCardView.ts.
16:44:18.499 debug: Resolve file:///D:/Game-Engine%20Projects/Blazing7Test/assets/Scripts/Card/ScratchCard.ts from cce:/internal/x/prerequisite-imports as file:///D:/Game-Engine%20Projects/Blazing7Test/assets/Scripts/Card/ScratchCard.ts.
16:44:18.500 debug: Resolve file:///D:/Game-Engine%20Projects/Blazing7Test/assets/Scripts/Card/ScratchCardView.ts from cce:/internal/x/prerequisite-imports as file:///D:/Game-Engine%20Projects/Blazing7Test/assets/Scripts/Card/ScratchCardView.ts.
16:44:18.500 debug: Resolve file:///D:/Game-Engine%20Projects/Blazing7Test/assets/Scripts/Data/GameData.ts from cce:/internal/x/prerequisite-imports as file:///D:/Game-Engine%20Projects/Blazing7Test/assets/Scripts/Data/GameData.ts.
16:44:18.500 debug: Resolve file:///D:/Game-Engine%20Projects/Blazing7Test/assets/Scripts/Data/GameUserInfo.ts from cce:/internal/x/prerequisite-imports as file:///D:/Game-Engine%20Projects/Blazing7Test/assets/Scripts/Data/GameUserInfo.ts.
16:44:18.500 debug: Resolve file:///D:/Game-Engine%20Projects/Blazing7Test/assets/Scripts/Data/TicketData.ts from cce:/internal/x/prerequisite-imports as file:///D:/Game-Engine%20Projects/Blazing7Test/assets/Scripts/Data/TicketData.ts.
16:44:18.500 debug: Resolve file:///D:/Game-Engine%20Projects/Blazing7Test/assets/Scripts/Data/TicketItem.ts from cce:/internal/x/prerequisite-imports as file:///D:/Game-Engine%20Projects/Blazing7Test/assets/Scripts/Data/TicketItem.ts.
16:44:18.500 debug: Resolve file:///D:/Game-Engine%20Projects/Blazing7Test/assets/Scripts/EventListener/BaseEventListener.ts from cce:/internal/x/prerequisite-imports as file:///D:/Game-Engine%20Projects/Blazing7Test/assets/Scripts/EventListener/BaseEventListener.ts.
16:44:18.500 debug: Resolve file:///D:/Game-Engine%20Projects/Blazing7Test/assets/Scripts/Game/DragonsEyeIntro.ts from cce:/internal/x/prerequisite-imports as file:///D:/Game-Engine%20Projects/Blazing7Test/assets/Scripts/Game/DragonsEyeIntro.ts.
16:44:18.501 debug: Resolve file:///D:/Game-Engine%20Projects/Blazing7Test/assets/Scripts/Game/Game.ts from cce:/internal/x/prerequisite-imports as file:///D:/Game-Engine%20Projects/Blazing7Test/assets/Scripts/Game/Game.ts.
16:44:18.501 debug: Detected change: file:///D:/Game-Engine%20Projects/Blazing7Test/assets/Scripts/Game/Game.ts. Last mtime: Thu May 14 2026 16:42:34 GMT+0800 (Philippine Standard Time)@e6f142da-2203-4097-b483-6c047c4bf6da, Current mtime: Thu May 14 2026 16:44:15 GMT+0800 (Philippine Standard Time)@e6f142da-2203-4097-b483-6c047c4bf6da
16:44:18.501 debug: Inspect file:///D:/Game-Engine%20Projects/Blazing7Test/assets/Scripts/Game/Game.ts
16:44:18.680 debug: transform url: 'file:///D:/Game-Engine%20Projects/Blazing7Test/assets/Scripts/Game/Game.ts' costs: 178.80 ms
16:44:18.681 debug: Resolve file:///D:/Game-Engine%20Projects/Blazing7Test/assets/Scripts/Game/GameOptions.ts from cce:/internal/x/prerequisite-imports as file:///D:/Game-Engine%20Projects/Blazing7Test/assets/Scripts/Game/GameOptions.ts.
16:44:18.681 debug: Resolve file:///D:/Game-Engine%20Projects/Blazing7Test/assets/Scripts/Game/PricePopUpOptions.ts from cce:/internal/x/prerequisite-imports as file:///D:/Game-Engine%20Projects/Blazing7Test/assets/Scripts/Game/PricePopUpOptions.ts.
16:44:18.681 debug: Resolve file:///D:/Game-Engine%20Projects/Blazing7Test/assets/Scripts/Managers/AudioManager.ts from cce:/internal/x/prerequisite-imports as file:///D:/Game-Engine%20Projects/Blazing7Test/assets/Scripts/Managers/AudioManager.ts.
16:44:18.681 debug: Resolve file:///D:/Game-Engine%20Projects/Blazing7Test/assets/Scripts/Managers/GameManager.ts from cce:/internal/x/prerequisite-imports as file:///D:/Game-Engine%20Projects/Blazing7Test/assets/Scripts/Managers/GameManager.ts.
16:44:18.681 debug: Resolve file:///D:/Game-Engine%20Projects/Blazing7Test/assets/Scripts/Managers/PopUpManager.ts from cce:/internal/x/prerequisite-imports as file:///D:/Game-Engine%20Projects/Blazing7Test/assets/Scripts/Managers/PopUpManager.ts.
16:44:18.681 debug: Resolve file:///D:/Game-Engine%20Projects/Blazing7Test/assets/Scripts/Managers/ResourceManager.ts from cce:/internal/x/prerequisite-imports as file:///D:/Game-Engine%20Projects/Blazing7Test/assets/Scripts/Managers/ResourceManager.ts.
16:44:18.681 debug: Resolve file:///D:/Game-Engine%20Projects/Blazing7Test/assets/Scripts/Managers/SceneManager.ts from cce:/internal/x/prerequisite-imports as file:///D:/Game-Engine%20Projects/Blazing7Test/assets/Scripts/Managers/SceneManager.ts.
16:44:18.682 debug: Resolve file:///D:/Game-Engine%20Projects/Blazing7Test/assets/Scripts/Managers/Services.ts from cce:/internal/x/prerequisite-imports as file:///D:/Game-Engine%20Projects/Blazing7Test/assets/Scripts/Managers/Services.ts.
16:44:18.682 debug: Resolve file:///D:/Game-Engine%20Projects/Blazing7Test/assets/Scripts/Managers/WebsocketManager.ts from cce:/internal/x/prerequisite-imports as file:///D:/Game-Engine%20Projects/Blazing7Test/assets/Scripts/Managers/WebsocketManager.ts.
16:44:18.682 debug: Resolve file:///D:/Game-Engine%20Projects/Blazing7Test/assets/Scripts/Managers/WinBroadcastManager.ts from cce:/internal/x/prerequisite-imports as file:///D:/Game-Engine%20Projects/Blazing7Test/assets/Scripts/Managers/WinBroadcastManager.ts.
16:44:18.682 debug: Resolve file:///D:/Game-Engine%20Projects/Blazing7Test/assets/Scripts/Managers/WsConfig.ts from cce:/internal/x/prerequisite-imports as file:///D:/Game-Engine%20Projects/Blazing7Test/assets/Scripts/Managers/WsConfig.ts.
16:44:18.682 debug: Resolve file:///D:/Game-Engine%20Projects/Blazing7Test/assets/Scripts/Scratch/FragmentView.ts from cce:/internal/x/prerequisite-imports as file:///D:/Game-Engine%20Projects/Blazing7Test/assets/Scripts/Scratch/FragmentView.ts.
16:44:18.682 debug: Resolve file:///D:/Game-Engine%20Projects/Blazing7Test/assets/Scripts/Scratch/ScratchMask.ts from cce:/internal/x/prerequisite-imports as file:///D:/Game-Engine%20Projects/Blazing7Test/assets/Scripts/Scratch/ScratchMask.ts.
16:44:18.682 debug: Resolve file:///D:/Game-Engine%20Projects/Blazing7Test/assets/Scripts/Scratch/ScratchRenderer.ts from cce:/internal/x/prerequisite-imports as file:///D:/Game-Engine%20Projects/Blazing7Test/assets/Scripts/Scratch/ScratchRenderer.ts.
16:44:18.682 debug: Resolve file:///D:/Game-Engine%20Projects/Blazing7Test/assets/Scripts/Scratch/ScratchSystem.ts from cce:/internal/x/prerequisite-imports as file:///D:/Game-Engine%20Projects/Blazing7Test/assets/Scripts/Scratch/ScratchSystem.ts.
16:44:18.683 debug: Resolve file:///D:/Game-Engine%20Projects/Blazing7Test/assets/Scripts/Scratch/ScratchTrajectory.ts from cce:/internal/x/prerequisite-imports as file:///D:/Game-Engine%20Projects/Blazing7Test/assets/Scripts/Scratch/ScratchTrajectory.ts.
16:44:18.683 debug: Resolve file:///D:/Game-Engine%20Projects/Blazing7Test/assets/Scripts/Scratch/ScratchTypes.ts from cce:/internal/x/prerequisite-imports as file:///D:/Game-Engine%20Projects/Blazing7Test/assets/Scripts/Scratch/ScratchTypes.ts.
16:44:18.683 debug: Resolve file:///D:/Game-Engine%20Projects/Blazing7Test/assets/Scripts/Types/announcement.types.ts from cce:/internal/x/prerequisite-imports as file:///D:/Game-Engine%20Projects/Blazing7Test/assets/Scripts/Types/announcement.types.ts.
16:44:18.683 debug: Resolve file:///D:/Game-Engine%20Projects/Blazing7Test/assets/Scripts/Types/api.types.ts from cce:/internal/x/prerequisite-imports as file:///D:/Game-Engine%20Projects/Blazing7Test/assets/Scripts/Types/api.types.ts.
16:44:18.683 debug: Resolve file:///D:/Game-Engine%20Projects/Blazing7Test/assets/Scripts/Types/card.types.ts from cce:/internal/x/prerequisite-imports as file:///D:/Game-Engine%20Projects/Blazing7Test/assets/Scripts/Types/card.types.ts.
16:44:18.683 debug: Resolve file:///D:/Game-Engine%20Projects/Blazing7Test/assets/Scripts/Types/game.types.ts from cce:/internal/x/prerequisite-imports as file:///D:/Game-Engine%20Projects/Blazing7Test/assets/Scripts/Types/game.types.ts.
16:44:18.683 debug: Resolve file:///D:/Game-Engine%20Projects/Blazing7Test/assets/Scripts/Types/index.ts from cce:/internal/x/prerequisite-imports as file:///D:/Game-Engine%20Projects/Blazing7Test/assets/Scripts/Types/index.ts.
16:44:18.683 debug: Resolve file:///D:/Game-Engine%20Projects/Blazing7Test/assets/Scripts/Types/ranking.types.ts from cce:/internal/x/prerequisite-imports as file:///D:/Game-Engine%20Projects/Blazing7Test/assets/Scripts/Types/ranking.types.ts.
16:44:18.683 debug: Resolve file:///D:/Game-Engine%20Projects/Blazing7Test/assets/Scripts/Types/ticket.types.ts from cce:/internal/x/prerequisite-imports as file:///D:/Game-Engine%20Projects/Blazing7Test/assets/Scripts/Types/ticket.types.ts.
16:44:18.684 debug: Resolve file:///D:/Game-Engine%20Projects/Blazing7Test/assets/Scripts/Types/ui.types.ts from cce:/internal/x/prerequisite-imports as file:///D:/Game-Engine%20Projects/Blazing7Test/assets/Scripts/Types/ui.types.ts.
16:44:18.684 debug: Resolve file:///D:/Game-Engine%20Projects/Blazing7Test/assets/Scripts/Types/user.types.ts from cce:/internal/x/prerequisite-imports as file:///D:/Game-Engine%20Projects/Blazing7Test/assets/Scripts/Types/user.types.ts.
16:44:18.684 debug: Resolve file:///D:/Game-Engine%20Projects/Blazing7Test/assets/Scripts/UI/InteractableUIs/SingleButton.ts from cce:/internal/x/prerequisite-imports as file:///D:/Game-Engine%20Projects/Blazing7Test/assets/Scripts/UI/InteractableUIs/SingleButton.ts.
16:44:18.684 debug: Resolve file:///D:/Game-Engine%20Projects/Blazing7Test/assets/Scripts/UI/LastWin.ts from cce:/internal/x/prerequisite-imports as file:///D:/Game-Engine%20Projects/Blazing7Test/assets/Scripts/UI/LastWin.ts.
16:44:18.684 debug: Resolve file:///D:/Game-Engine%20Projects/Blazing7Test/assets/Scripts/UI/PopUp/MaxWinToasterPopUp.ts from cce:/internal/x/prerequisite-imports as file:///D:/Game-Engine%20Projects/Blazing7Test/assets/Scripts/UI/PopUp/MaxWinToasterPopUp.ts.
16:44:18.684 debug: Resolve file:///D:/Game-Engine%20Projects/Blazing7Test/assets/Scripts/UI/PopUp/WinPopUp.ts from cce:/internal/x/prerequisite-imports as file:///D:/Game-Engine%20Projects/Blazing7Test/assets/Scripts/UI/PopUp/WinPopUp.ts.
16:44:18.684 debug: Resolve file:///D:/Game-Engine%20Projects/Blazing7Test/assets/Scripts/UI/PopUp/WinnerBroadcastPopUp.ts from cce:/internal/x/prerequisite-imports as file:///D:/Game-Engine%20Projects/Blazing7Test/assets/Scripts/UI/PopUp/WinnerBroadcastPopUp.ts.
16:44:18.685 debug: Resolve file:///D:/Game-Engine%20Projects/Blazing7Test/assets/Scripts/UI/Scenes/Game/ScrollingBackground.ts from cce:/internal/x/prerequisite-imports as file:///D:/Game-Engine%20Projects/Blazing7Test/assets/Scripts/UI/Scenes/Game/ScrollingBackground.ts.
16:44:18.685 debug: Resolve file:///D:/Game-Engine%20Projects/Blazing7Test/assets/Scripts/UI/Scenes/Loading/LoadingBar.ts from cce:/internal/x/prerequisite-imports as file:///D:/Game-Engine%20Projects/Blazing7Test/assets/Scripts/UI/Scenes/Loading/LoadingBar.ts.
16:44:18.685 debug: Resolve file:///D:/Game-Engine%20Projects/Blazing7Test/assets/Scripts/UI/Scenes/Loading/LoadingScene.ts from cce:/internal/x/prerequisite-imports as file:///D:/Game-Engine%20Projects/Blazing7Test/assets/Scripts/UI/Scenes/Loading/LoadingScene.ts.
16:44:18.685 debug: Resolve file:///D:/Game-Engine%20Projects/Blazing7Test/assets/Scripts/UI/Scenes/NewPlayerGuide.ts from cce:/internal/x/prerequisite-imports as file:///D:/Game-Engine%20Projects/Blazing7Test/assets/Scripts/UI/Scenes/NewPlayerGuide.ts.
16:44:18.685 debug: Resolve file:///D:/Game-Engine%20Projects/Blazing7Test/assets/Scripts/UI/UIRoot.ts from cce:/internal/x/prerequisite-imports as file:///D:/Game-Engine%20Projects/Blazing7Test/assets/Scripts/UI/UIRoot.ts.
16:44:18.685 debug: Resolve file:///D:/Game-Engine%20Projects/Blazing7Test/assets/Scripts/UI/VisualFx/DragonBreathing.ts from cce:/internal/x/prerequisite-imports as file:///D:/Game-Engine%20Projects/Blazing7Test/assets/Scripts/UI/VisualFx/DragonBreathing.ts.
16:44:18.685 debug: Resolve file:///D:/Game-Engine%20Projects/Blazing7Test/assets/Scripts/UI/VisualFx/HelpView.ts from cce:/internal/x/prerequisite-imports as file:///D:/Game-Engine%20Projects/Blazing7Test/assets/Scripts/UI/VisualFx/HelpView.ts.
16:44:18.686 debug: Resolve file:///D:/Game-Engine%20Projects/Blazing7Test/assets/Scripts/UI/VisualFx/NodeMovement.ts from cce:/internal/x/prerequisite-imports as file:///D:/Game-Engine%20Projects/Blazing7Test/assets/Scripts/UI/VisualFx/NodeMovement.ts.
16:44:18.686 debug: Resolve file:///D:/Game-Engine%20Projects/Blazing7Test/assets/Scripts/utils/NumberFormatter.ts from cce:/internal/x/prerequisite-imports as file:///D:/Game-Engine%20Projects/Blazing7Test/assets/Scripts/utils/NumberFormatter.ts.
16:44:18.686 debug: Resolve file:///D:/Game-Engine%20Projects/Blazing7Test/assets/Scripts/utils/logger.ts from cce:/internal/x/prerequisite-imports as file:///D:/Game-Engine%20Projects/Blazing7Test/assets/Scripts/utils/logger.ts.
16:44:18.686 debug: Resolve file:///D:/Game-Engine%20Projects/Blazing7Test/assets/menu-bundle/BANANACRAZE/script/BundleBonusItem.ts from cce:/internal/x/prerequisite-imports as file:///D:/Game-Engine%20Projects/Blazing7Test/assets/menu-bundle/BANANACRAZE/script/BundleBonusItem.ts.
16:44:18.686 debug: Resolve file:///D:/Game-Engine%20Projects/Blazing7Test/assets/menu-bundle/BANANACRAZE/script/BundleBonusTrajectory.ts from cce:/internal/x/prerequisite-imports as file:///D:/Game-Engine%20Projects/Blazing7Test/assets/menu-bundle/BANANACRAZE/script/BundleBonusTrajectory.ts.
16:44:18.686 debug: Resolve file:///D:/Game-Engine%20Projects/Blazing7Test/assets/menu-bundle/BANANACRAZE/script/BundleCardTrajectory.ts from cce:/internal/x/prerequisite-imports as file:///D:/Game-Engine%20Projects/Blazing7Test/assets/menu-bundle/BANANACRAZE/script/BundleCardTrajectory.ts.
16:44:18.686 debug: Resolve file:///D:/Game-Engine%20Projects/Blazing7Test/assets/menu-bundle/BANANACRAZE/script/BundleLeafItem.ts from cce:/internal/x/prerequisite-imports as file:///D:/Game-Engine%20Projects/Blazing7Test/assets/menu-bundle/BANANACRAZE/script/BundleLeafItem.ts.
16:44:18.686 debug: Resolve file:///D:/Game-Engine%20Projects/Blazing7Test/assets/menu-bundle/BANANACRAZE/script/BundleLeafManagerTrajectory.ts from cce:/internal/x/prerequisite-imports as file:///D:/Game-Engine%20Projects/Blazing7Test/assets/menu-bundle/BANANACRAZE/script/BundleLeafManagerTrajectory.ts.
16:44:18.687 debug: Resolve file:///D:/Game-Engine%20Projects/Blazing7Test/assets/menu-bundle/BANANACRAZE/script/BundleTrajectory.ts from cce:/internal/x/prerequisite-imports as file:///D:/Game-Engine%20Projects/Blazing7Test/assets/menu-bundle/BANANACRAZE/script/BundleTrajectory.ts.
16:44:18.687 debug: Resolve file:///D:/Game-Engine%20Projects/Blazing7Test/assets/menu-bundle/BANANACRAZE/script/BundleYourNumberItem.ts from cce:/internal/x/prerequisite-imports as file:///D:/Game-Engine%20Projects/Blazing7Test/assets/menu-bundle/BANANACRAZE/script/BundleYourNumberItem.ts.
16:44:18.687 debug: Resolve file:///D:/Game-Engine%20Projects/Blazing7Test/assets/menu-bundle/BANANACRAZE/script/BundleYourNumbersTrajectory.ts from cce:/internal/x/prerequisite-imports as file:///D:/Game-Engine%20Projects/Blazing7Test/assets/menu-bundle/BANANACRAZE/script/BundleYourNumbersTrajectory.ts.
16:44:18.687 debug: Resolve file:///D:/Game-Engine%20Projects/Blazing7Test/assets/menu-bundle/BINGO2/script/BingoAudio.ts from cce:/internal/x/prerequisite-imports as file:///D:/Game-Engine%20Projects/Blazing7Test/assets/menu-bundle/BINGO2/script/BingoAudio.ts.
16:44:18.687 debug: Resolve file:///D:/Game-Engine%20Projects/Blazing7Test/assets/menu-bundle/BINGO2/script/BingoBalls.ts from cce:/internal/x/prerequisite-imports as file:///D:/Game-Engine%20Projects/Blazing7Test/assets/menu-bundle/BINGO2/script/BingoBalls.ts.
16:44:18.687 debug: Resolve file:///D:/Game-Engine%20Projects/Blazing7Test/assets/menu-bundle/BINGO2/script/BingoBallsScratch.ts from cce:/internal/x/prerequisite-imports as file:///D:/Game-Engine%20Projects/Blazing7Test/assets/menu-bundle/BINGO2/script/BingoBallsScratch.ts.
16:44:18.687 debug: Resolve file:///D:/Game-Engine%20Projects/Blazing7Test/assets/menu-bundle/BINGO2/script/BingoCard.ts from cce:/internal/x/prerequisite-imports as file:///D:/Game-Engine%20Projects/Blazing7Test/assets/menu-bundle/BINGO2/script/BingoCard.ts.
16:44:18.688 debug: Resolve file:///D:/Game-Engine%20Projects/Blazing7Test/assets/menu-bundle/BINGO2/script/BingoCardDetails.ts from cce:/internal/x/prerequisite-imports as file:///D:/Game-Engine%20Projects/Blazing7Test/assets/menu-bundle/BINGO2/script/BingoCardDetails.ts.
16:44:18.688 debug: Resolve file:///D:/Game-Engine%20Projects/Blazing7Test/assets/menu-bundle/BINGO2/script/BingoConfig.ts from cce:/internal/x/prerequisite-imports as file:///D:/Game-Engine%20Projects/Blazing7Test/assets/menu-bundle/BINGO2/script/BingoConfig.ts.
16:44:18.688 debug: Resolve file:///D:/Game-Engine%20Projects/Blazing7Test/assets/menu-bundle/BINGO2/script/BingoExtraball.ts from cce:/internal/x/prerequisite-imports as file:///D:/Game-Engine%20Projects/Blazing7Test/assets/menu-bundle/BINGO2/script/BingoExtraball.ts.
16:44:18.688 debug: Resolve file:///D:/Game-Engine%20Projects/Blazing7Test/assets/menu-bundle/BINGO2/script/BingoNumber.ts from cce:/internal/x/prerequisite-imports as file:///D:/Game-Engine%20Projects/Blazing7Test/assets/menu-bundle/BINGO2/script/BingoNumber.ts.
16:44:18.688 debug: Resolve file:///D:/Game-Engine%20Projects/Blazing7Test/assets/menu-bundle/BINGO2/script/BingoRuleItem.ts from cce:/internal/x/prerequisite-imports as file:///D:/Game-Engine%20Projects/Blazing7Test/assets/menu-bundle/BINGO2/script/BingoRuleItem.ts.
16:44:18.688 debug: Resolve file:///D:/Game-Engine%20Projects/Blazing7Test/assets/menu-bundle/BINGO2/script/BingoRuleSlider.ts from cce:/internal/x/prerequisite-imports as file:///D:/Game-Engine%20Projects/Blazing7Test/assets/menu-bundle/BINGO2/script/BingoRuleSlider.ts.
16:44:18.688 debug: Resolve file:///D:/Game-Engine%20Projects/Blazing7Test/assets/menu-bundle/BINGO2/script/BingoWinAlert.ts from cce:/internal/x/prerequisite-imports as file:///D:/Game-Engine%20Projects/Blazing7Test/assets/menu-bundle/BINGO2/script/BingoWinAlert.ts.
16:44:18.689 debug: Resolve file:///D:/Game-Engine%20Projects/Blazing7Test/assets/menu-bundle/BINGO2/script/BingoWinLine.ts from cce:/internal/x/prerequisite-imports as file:///D:/Game-Engine%20Projects/Blazing7Test/assets/menu-bundle/BINGO2/script/BingoWinLine.ts.
16:44:18.689 debug: Resolve file:///D:/Game-Engine%20Projects/Blazing7Test/assets/menu-bundle/BINGO2/script/BingoWinRule.ts from cce:/internal/x/prerequisite-imports as file:///D:/Game-Engine%20Projects/Blazing7Test/assets/menu-bundle/BINGO2/script/BingoWinRule.ts.
16:44:18.689 debug: Resolve file:///D:/Game-Engine%20Projects/Blazing7Test/assets/menu-bundle/BLAZING_7S_SCRATCH/script/BundleTrajectory7s.ts from cce:/internal/x/prerequisite-imports as file:///D:/Game-Engine%20Projects/Blazing7Test/assets/menu-bundle/BLAZING_7S_SCRATCH/script/BundleTrajectory7s.ts.
16:44:18.689 debug: Resolve file:///D:/Game-Engine%20Projects/Blazing7Test/assets/menu-bundle/BLAZING_7S_SCRATCH/script/CardFragmentView.ts from cce:/internal/x/prerequisite-imports as file:///D:/Game-Engine%20Projects/Blazing7Test/assets/menu-bundle/BLAZING_7S_SCRATCH/script/CardFragmentView.ts.
16:44:18.689 debug: Resolve file:///D:/Game-Engine%20Projects/Blazing7Test/assets/menu-bundle/BLAZING_7S_SCRATCH/script/CardReview7s.ts from cce:/internal/x/prerequisite-imports as file:///D:/Game-Engine%20Projects/Blazing7Test/assets/menu-bundle/BLAZING_7S_SCRATCH/script/CardReview7s.ts.
16:44:18.690 debug: Resolve file:///D:/Game-Engine%20Projects/Blazing7Test/assets/menu-bundle/BLAZING_7S_SCRATCH/script/CardReviewMask.ts from cce:/internal/x/prerequisite-imports as file:///D:/Game-Engine%20Projects/Blazing7Test/assets/menu-bundle/BLAZING_7S_SCRATCH/script/CardReviewMask.ts.
16:44:18.690 debug: Resolve file:///D:/Game-Engine%20Projects/Blazing7Test/assets/menu-bundle/BLAZING_7S_SCRATCH/script/CardReviewRenderer.ts from cce:/internal/x/prerequisite-imports as file:///D:/Game-Engine%20Projects/Blazing7Test/assets/menu-bundle/BLAZING_7S_SCRATCH/script/CardReviewRenderer.ts.
16:44:18.690 debug: Resolve file:///D:/Game-Engine%20Projects/Blazing7Test/assets/menu-bundle/BLAZING_7S_SCRATCH/script/CardReviewSystemBlazing.ts from cce:/internal/x/prerequisite-imports as file:///D:/Game-Engine%20Projects/Blazing7Test/assets/menu-bundle/BLAZING_7S_SCRATCH/script/CardReviewSystemBlazing.ts.
16:44:18.690 debug: Resolve file:///D:/Game-Engine%20Projects/Blazing7Test/assets/menu-bundle/BLAZING_7S_SCRATCH/script/CardTypes.ts from cce:/internal/x/prerequisite-imports as file:///D:/Game-Engine%20Projects/Blazing7Test/assets/menu-bundle/BLAZING_7S_SCRATCH/script/CardTypes.ts.
16:44:18.690 debug: Resolve file:///D:/Game-Engine%20Projects/Blazing7Test/assets/menu-bundle/BLAZING_7S_SCRATCH/script/FragmentView.ts from cce:/internal/x/prerequisite-imports as file:///D:/Game-Engine%20Projects/Blazing7Test/assets/menu-bundle/BLAZING_7S_SCRATCH/script/FragmentView.ts.
16:44:18.691 debug: Resolve file:///D:/Game-Engine%20Projects/Blazing7Test/assets/menu-bundle/BLAZING_7S_SCRATCH/script/ScratchAutoPlayer.ts from cce:/internal/x/prerequisite-imports as file:///D:/Game-Engine%20Projects/Blazing7Test/assets/menu-bundle/BLAZING_7S_SCRATCH/script/ScratchAutoPlayer.ts.
16:44:18.691 debug: Resolve file:///D:/Game-Engine%20Projects/Blazing7Test/assets/menu-bundle/BLAZING_7S_SCRATCH/script/ScratchMask.ts from cce:/internal/x/prerequisite-imports as file:///D:/Game-Engine%20Projects/Blazing7Test/assets/menu-bundle/BLAZING_7S_SCRATCH/script/ScratchMask.ts.
16:44:18.691 debug: Resolve file:///D:/Game-Engine%20Projects/Blazing7Test/assets/menu-bundle/BLAZING_7S_SCRATCH/script/ScratchNumber.ts from cce:/internal/x/prerequisite-imports as file:///D:/Game-Engine%20Projects/Blazing7Test/assets/menu-bundle/BLAZING_7S_SCRATCH/script/ScratchNumber.ts.
16:44:18.692 debug: Resolve file:///D:/Game-Engine%20Projects/Blazing7Test/assets/menu-bundle/BLAZING_7S_SCRATCH/script/ScratchRenderer.ts from cce:/internal/x/prerequisite-imports as file:///D:/Game-Engine%20Projects/Blazing7Test/assets/menu-bundle/BLAZING_7S_SCRATCH/script/ScratchRenderer.ts.
16:44:18.692 debug: Resolve file:///D:/Game-Engine%20Projects/Blazing7Test/assets/menu-bundle/BLAZING_7S_SCRATCH/script/ScratchSound.ts from cce:/internal/x/prerequisite-imports as file:///D:/Game-Engine%20Projects/Blazing7Test/assets/menu-bundle/BLAZING_7S_SCRATCH/script/ScratchSound.ts.
16:44:18.692 debug: Resolve file:///D:/Game-Engine%20Projects/Blazing7Test/assets/menu-bundle/BLAZING_7S_SCRATCH/script/ScratchSystem.ts from cce:/internal/x/prerequisite-imports as file:///D:/Game-Engine%20Projects/Blazing7Test/assets/menu-bundle/BLAZING_7S_SCRATCH/script/ScratchSystem.ts.
16:44:18.693 debug: Resolve file:///D:/Game-Engine%20Projects/Blazing7Test/assets/menu-bundle/BLAZING_7S_SCRATCH/script/ScratchTrajectory.ts from cce:/internal/x/prerequisite-imports as file:///D:/Game-Engine%20Projects/Blazing7Test/assets/menu-bundle/BLAZING_7S_SCRATCH/script/ScratchTrajectory.ts.
16:44:18.693 debug: Resolve file:///D:/Game-Engine%20Projects/Blazing7Test/assets/menu-bundle/BLAZING_7S_SCRATCH/script/ScratchTypes.ts from cce:/internal/x/prerequisite-imports as file:///D:/Game-Engine%20Projects/Blazing7Test/assets/menu-bundle/BLAZING_7S_SCRATCH/script/ScratchTypes.ts.
16:44:18.693 debug: Resolve file:///D:/Game-Engine%20Projects/Blazing7Test/assets/menu-bundle/BLAZING_7S_SCRATCH/script/Trajectory.ts from cce:/internal/x/prerequisite-imports as file:///D:/Game-Engine%20Projects/Blazing7Test/assets/menu-bundle/BLAZING_7S_SCRATCH/script/Trajectory.ts.
16:44:18.693 debug: Resolve file:///D:/Game-Engine%20Projects/Blazing7Test/assets/menu-bundle/DEEP_SEA/script/DeepBonusShells.ts from cce:/internal/x/prerequisite-imports as file:///D:/Game-Engine%20Projects/Blazing7Test/assets/menu-bundle/DEEP_SEA/script/DeepBonusShells.ts.
16:44:18.693 debug: Resolve file:///D:/Game-Engine%20Projects/Blazing7Test/assets/menu-bundle/DEEP_SEA/script/DeepSeaBG.ts from cce:/internal/x/prerequisite-imports as file:///D:/Game-Engine%20Projects/Blazing7Test/assets/menu-bundle/DEEP_SEA/script/DeepSeaBG.ts.
16:44:18.693 debug: Resolve file:///D:/Game-Engine%20Projects/Blazing7Test/assets/menu-bundle/DEEP_SEA/script/DeepSeaBaseUI.ts from cce:/internal/x/prerequisite-imports as file:///D:/Game-Engine%20Projects/Blazing7Test/assets/menu-bundle/DEEP_SEA/script/DeepSeaBaseUI.ts.
16:44:18.693 debug: Resolve file:///D:/Game-Engine%20Projects/Blazing7Test/assets/menu-bundle/DEEP_SEA/script/DeepSeaBonus.ts from cce:/internal/x/prerequisite-imports as file:///D:/Game-Engine%20Projects/Blazing7Test/assets/menu-bundle/DEEP_SEA/script/DeepSeaBonus.ts.
16:44:18.693 debug: Resolve file:///D:/Game-Engine%20Projects/Blazing7Test/assets/menu-bundle/DEEP_SEA/script/DeepSeaBonusGame.ts from cce:/internal/x/prerequisite-imports as file:///D:/Game-Engine%20Projects/Blazing7Test/assets/menu-bundle/DEEP_SEA/script/DeepSeaBonusGame.ts.
16:44:18.694 debug: Resolve file:///D:/Game-Engine%20Projects/Blazing7Test/assets/menu-bundle/DEEP_SEA/script/DeepSeaBonusInfo.ts from cce:/internal/x/prerequisite-imports as file:///D:/Game-Engine%20Projects/Blazing7Test/assets/menu-bundle/DEEP_SEA/script/DeepSeaBonusInfo.ts.
16:44:18.694 debug: Resolve file:///D:/Game-Engine%20Projects/Blazing7Test/assets/menu-bundle/DEEP_SEA/script/DeepSeaBonusJackpot.ts from cce:/internal/x/prerequisite-imports as file:///D:/Game-Engine%20Projects/Blazing7Test/assets/menu-bundle/DEEP_SEA/script/DeepSeaBonusJackpot.ts.
16:44:18.694 debug: Resolve file:///D:/Game-Engine%20Projects/Blazing7Test/assets/menu-bundle/DEEP_SEA/script/DeepSeaBonusShellItem.ts from cce:/internal/x/prerequisite-imports as file:///D:/Game-Engine%20Projects/Blazing7Test/assets/menu-bundle/DEEP_SEA/script/DeepSeaBonusShellItem.ts.
16:44:18.694 debug: Resolve file:///D:/Game-Engine%20Projects/Blazing7Test/assets/menu-bundle/DEEP_SEA/script/DeepSeaBonusStone.ts from cce:/internal/x/prerequisite-imports as file:///D:/Game-Engine%20Projects/Blazing7Test/assets/menu-bundle/DEEP_SEA/script/DeepSeaBonusStone.ts.
16:44:18.694 debug: Resolve file:///D:/Game-Engine%20Projects/Blazing7Test/assets/menu-bundle/DEEP_SEA/script/DeepSeaBonusWin.ts from cce:/internal/x/prerequisite-imports as file:///D:/Game-Engine%20Projects/Blazing7Test/assets/menu-bundle/DEEP_SEA/script/DeepSeaBonusWin.ts.
16:44:18.694 debug: Resolve file:///D:/Game-Engine%20Projects/Blazing7Test/assets/menu-bundle/DEEP_SEA/script/DeepSeaBonusWinItem.ts from cce:/internal/x/prerequisite-imports as file:///D:/Game-Engine%20Projects/Blazing7Test/assets/menu-bundle/DEEP_SEA/script/DeepSeaBonusWinItem.ts.
16:44:18.694 debug: Resolve file:///D:/Game-Engine%20Projects/Blazing7Test/assets/menu-bundle/DEEP_SEA/script/DeepSeaBubbleNumItem.ts from cce:/internal/x/prerequisite-imports as file:///D:/Game-Engine%20Projects/Blazing7Test/assets/menu-bundle/DEEP_SEA/script/DeepSeaBubbleNumItem.ts.
16:44:18.694 debug: Resolve file:///D:/Game-Engine%20Projects/Blazing7Test/assets/menu-bundle/DEEP_SEA/script/DeepSeaBubbleScene.ts from cce:/internal/x/prerequisite-imports as file:///D:/Game-Engine%20Projects/Blazing7Test/assets/menu-bundle/DEEP_SEA/script/DeepSeaBubbleScene.ts.
16:44:18.695 debug: Resolve file:///D:/Game-Engine%20Projects/Blazing7Test/assets/menu-bundle/DEEP_SEA/script/DeepSeaBubbles.ts from cce:/internal/x/prerequisite-imports as file:///D:/Game-Engine%20Projects/Blazing7Test/assets/menu-bundle/DEEP_SEA/script/DeepSeaBubbles.ts.
16:44:18.695 debug: Resolve file:///D:/Game-Engine%20Projects/Blazing7Test/assets/menu-bundle/DEEP_SEA/script/DeepSeaCard.ts from cce:/internal/x/prerequisite-imports as file:///D:/Game-Engine%20Projects/Blazing7Test/assets/menu-bundle/DEEP_SEA/script/DeepSeaCard.ts.
16:44:18.695 debug: Resolve file:///D:/Game-Engine%20Projects/Blazing7Test/assets/menu-bundle/DEEP_SEA/script/DeepSeaCardDetails.ts from cce:/internal/x/prerequisite-imports as file:///D:/Game-Engine%20Projects/Blazing7Test/assets/menu-bundle/DEEP_SEA/script/DeepSeaCardDetails.ts.
16:44:18.695 debug: Resolve file:///D:/Game-Engine%20Projects/Blazing7Test/assets/menu-bundle/DEEP_SEA/script/DeepSeaCloudFloat.ts from cce:/internal/x/prerequisite-imports as file:///D:/Game-Engine%20Projects/Blazing7Test/assets/menu-bundle/DEEP_SEA/script/DeepSeaCloudFloat.ts.
16:44:18.695 debug: Resolve file:///D:/Game-Engine%20Projects/Blazing7Test/assets/menu-bundle/DEEP_SEA/script/DeepSeaFish.ts from cce:/internal/x/prerequisite-imports as file:///D:/Game-Engine%20Projects/Blazing7Test/assets/menu-bundle/DEEP_SEA/script/DeepSeaFish.ts.
16:44:18.695 debug: Resolve file:///D:/Game-Engine%20Projects/Blazing7Test/assets/menu-bundle/DEEP_SEA/script/DeepSeaGameRecord.ts from cce:/internal/x/prerequisite-imports as file:///D:/Game-Engine%20Projects/Blazing7Test/assets/menu-bundle/DEEP_SEA/script/DeepSeaGameRecord.ts.
16:44:18.695 debug: Resolve file:///D:/Game-Engine%20Projects/Blazing7Test/assets/menu-bundle/DEEP_SEA/script/DeepSeaMainGame.ts from cce:/internal/x/prerequisite-imports as file:///D:/Game-Engine%20Projects/Blazing7Test/assets/menu-bundle/DEEP_SEA/script/DeepSeaMainGame.ts.
16:44:18.696 debug: Resolve file:///D:/Game-Engine%20Projects/Blazing7Test/assets/menu-bundle/DEEP_SEA/script/DeepSeaMyNumber.ts from cce:/internal/x/prerequisite-imports as file:///D:/Game-Engine%20Projects/Blazing7Test/assets/menu-bundle/DEEP_SEA/script/DeepSeaMyNumber.ts.
16:44:18.696 debug: Resolve file:///D:/Game-Engine%20Projects/Blazing7Test/assets/menu-bundle/DEEP_SEA/script/DeepSeaReview.ts from cce:/internal/x/prerequisite-imports as file:///D:/Game-Engine%20Projects/Blazing7Test/assets/menu-bundle/DEEP_SEA/script/DeepSeaReview.ts.
16:44:18.696 debug: Resolve file:///D:/Game-Engine%20Projects/Blazing7Test/assets/menu-bundle/DEEP_SEA/script/DeepSeaSceneTranstion.ts from cce:/internal/x/prerequisite-imports as file:///D:/Game-Engine%20Projects/Blazing7Test/assets/menu-bundle/DEEP_SEA/script/DeepSeaSceneTranstion.ts.
16:44:18.696 debug: Resolve file:///D:/Game-Engine%20Projects/Blazing7Test/assets/menu-bundle/DEEP_SEA/script/DeepSeaSuperBonus.ts from cce:/internal/x/prerequisite-imports as file:///D:/Game-Engine%20Projects/Blazing7Test/assets/menu-bundle/DEEP_SEA/script/DeepSeaSuperBonus.ts.
16:44:18.696 debug: Resolve file:///D:/Game-Engine%20Projects/Blazing7Test/assets/menu-bundle/DEEP_SEA/script/DeepSeaSuperBonusGame.ts from cce:/internal/x/prerequisite-imports as file:///D:/Game-Engine%20Projects/Blazing7Test/assets/menu-bundle/DEEP_SEA/script/DeepSeaSuperBonusGame.ts.
16:44:18.696 debug: Resolve file:///D:/Game-Engine%20Projects/Blazing7Test/assets/menu-bundle/DEEP_SEA/script/DeepSeaWater.ts from cce:/internal/x/prerequisite-imports as file:///D:/Game-Engine%20Projects/Blazing7Test/assets/menu-bundle/DEEP_SEA/script/DeepSeaWater.ts.
16:44:18.697 debug: Resolve file:///D:/Game-Engine%20Projects/Blazing7Test/assets/menu-bundle/DEEP_SEA/script/DeepSeaWinNum.ts from cce:/internal/x/prerequisite-imports as file:///D:/Game-Engine%20Projects/Blazing7Test/assets/menu-bundle/DEEP_SEA/script/DeepSeaWinNum.ts.
16:44:18.697 debug: Resolve file:///D:/Game-Engine%20Projects/Blazing7Test/assets/menu-bundle/DEEP_SEA/script/data/DeepSeaAudio.ts from cce:/internal/x/prerequisite-imports as file:///D:/Game-Engine%20Projects/Blazing7Test/assets/menu-bundle/DEEP_SEA/script/data/DeepSeaAudio.ts.
16:44:18.697 debug: Resolve file:///D:/Game-Engine%20Projects/Blazing7Test/assets/menu-bundle/DEEP_SEA/script/data/DeepSeaCardData.ts from cce:/internal/x/prerequisite-imports as file:///D:/Game-Engine%20Projects/Blazing7Test/assets/menu-bundle/DEEP_SEA/script/data/DeepSeaCardData.ts.
16:44:18.697 debug: Resolve file:///D:/Game-Engine%20Projects/Blazing7Test/assets/menu-bundle/DEEP_SEA/script/data/DeepSeaEvent.ts from cce:/internal/x/prerequisite-imports as file:///D:/Game-Engine%20Projects/Blazing7Test/assets/menu-bundle/DEEP_SEA/script/data/DeepSeaEvent.ts.
16:44:18.697 debug: Resolve file:///D:/Game-Engine%20Projects/Blazing7Test/assets/menu-bundle/DEEP_SEA/script/data/DeepSeaRes.ts from cce:/internal/x/prerequisite-imports as file:///D:/Game-Engine%20Projects/Blazing7Test/assets/menu-bundle/DEEP_SEA/script/data/DeepSeaRes.ts.
16:44:18.697 debug: Resolve file:///D:/Game-Engine%20Projects/Blazing7Test/assets/menu-bundle/GINTO_MATCH/script/BundleTrajectoryGinto.ts from cce:/internal/x/prerequisite-imports as file:///D:/Game-Engine%20Projects/Blazing7Test/assets/menu-bundle/GINTO_MATCH/script/BundleTrajectoryGinto.ts.
16:44:18.697 debug: Resolve file:///D:/Game-Engine%20Projects/Blazing7Test/assets/menu-bundle/GINTO_MATCH/script/CardFragmentView.ts from cce:/internal/x/prerequisite-imports as file:///D:/Game-Engine%20Projects/Blazing7Test/assets/menu-bundle/GINTO_MATCH/script/CardFragmentView.ts.
16:44:18.698 debug: Resolve file:///D:/Game-Engine%20Projects/Blazing7Test/assets/menu-bundle/GINTO_MATCH/script/CardReviewGinto.ts from cce:/internal/x/prerequisite-imports as file:///D:/Game-Engine%20Projects/Blazing7Test/assets/menu-bundle/GINTO_MATCH/script/CardReviewGinto.ts.
16:44:18.698 debug: Resolve file:///D:/Game-Engine%20Projects/Blazing7Test/assets/menu-bundle/GINTO_MATCH/script/CardReviewMask.ts from cce:/internal/x/prerequisite-imports as file:///D:/Game-Engine%20Projects/Blazing7Test/assets/menu-bundle/GINTO_MATCH/script/CardReviewMask.ts.
16:44:18.698 debug: Resolve file:///D:/Game-Engine%20Projects/Blazing7Test/assets/menu-bundle/GINTO_MATCH/script/CardReviewRenderer.ts from cce:/internal/x/prerequisite-imports as file:///D:/Game-Engine%20Projects/Blazing7Test/assets/menu-bundle/GINTO_MATCH/script/CardReviewRenderer.ts.
16:44:18.698 debug: Resolve file:///D:/Game-Engine%20Projects/Blazing7Test/assets/menu-bundle/GINTO_MATCH/script/CardReviewSystem.ts from cce:/internal/x/prerequisite-imports as file:///D:/Game-Engine%20Projects/Blazing7Test/assets/menu-bundle/GINTO_MATCH/script/CardReviewSystem.ts.
16:44:18.698 debug: Resolve file:///D:/Game-Engine%20Projects/Blazing7Test/assets/menu-bundle/GINTO_MATCH/script/CardTypes.ts from cce:/internal/x/prerequisite-imports as file:///D:/Game-Engine%20Projects/Blazing7Test/assets/menu-bundle/GINTO_MATCH/script/CardTypes.ts.
16:44:18.698 debug: Resolve file:///D:/Game-Engine%20Projects/Blazing7Test/assets/menu-bundle/GINTO_MATCH/script/FragmentView.ts from cce:/internal/x/prerequisite-imports as file:///D:/Game-Engine%20Projects/Blazing7Test/assets/menu-bundle/GINTO_MATCH/script/FragmentView.ts.
16:44:18.698 debug: Resolve file:///D:/Game-Engine%20Projects/Blazing7Test/assets/menu-bundle/GINTO_MATCH/script/ScratchAutoPlayer.ts from cce:/internal/x/prerequisite-imports as file:///D:/Game-Engine%20Projects/Blazing7Test/assets/menu-bundle/GINTO_MATCH/script/ScratchAutoPlayer.ts.
16:44:18.698 debug: Resolve file:///D:/Game-Engine%20Projects/Blazing7Test/assets/menu-bundle/GINTO_MATCH/script/ScratchMask.ts from cce:/internal/x/prerequisite-imports as file:///D:/Game-Engine%20Projects/Blazing7Test/assets/menu-bundle/GINTO_MATCH/script/ScratchMask.ts.
16:44:18.699 debug: Resolve file:///D:/Game-Engine%20Projects/Blazing7Test/assets/menu-bundle/GINTO_MATCH/script/ScratchRenderer.ts from cce:/internal/x/prerequisite-imports as file:///D:/Game-Engine%20Projects/Blazing7Test/assets/menu-bundle/GINTO_MATCH/script/ScratchRenderer.ts.
16:44:18.699 debug: Resolve file:///D:/Game-Engine%20Projects/Blazing7Test/assets/menu-bundle/GINTO_MATCH/script/ScratchSound.ts from cce:/internal/x/prerequisite-imports as file:///D:/Game-Engine%20Projects/Blazing7Test/assets/menu-bundle/GINTO_MATCH/script/ScratchSound.ts.
16:44:18.699 debug: Resolve file:///D:/Game-Engine%20Projects/Blazing7Test/assets/menu-bundle/GINTO_MATCH/script/ScratchSystem.ts from cce:/internal/x/prerequisite-imports as file:///D:/Game-Engine%20Projects/Blazing7Test/assets/menu-bundle/GINTO_MATCH/script/ScratchSystem.ts.
16:44:18.699 debug: Resolve file:///D:/Game-Engine%20Projects/Blazing7Test/assets/menu-bundle/GINTO_MATCH/script/ScratchTrajectory.ts from cce:/internal/x/prerequisite-imports as file:///D:/Game-Engine%20Projects/Blazing7Test/assets/menu-bundle/GINTO_MATCH/script/ScratchTrajectory.ts.
16:44:18.699 debug: Resolve file:///D:/Game-Engine%20Projects/Blazing7Test/assets/menu-bundle/GINTO_MATCH/script/ScratchTypes.ts from cce:/internal/x/prerequisite-imports as file:///D:/Game-Engine%20Projects/Blazing7Test/assets/menu-bundle/GINTO_MATCH/script/ScratchTypes.ts.
16:44:18.699 debug: Resolve file:///D:/Game-Engine%20Projects/Blazing7Test/assets/menu-bundle/LUCKY_COLORS2/script/LuckyColor_CCFlopCard.ts from cce:/internal/x/prerequisite-imports as file:///D:/Game-Engine%20Projects/Blazing7Test/assets/menu-bundle/LUCKY_COLORS2/script/LuckyColor_CCFlopCard.ts.
16:44:18.699 debug: Resolve file:///D:/Game-Engine%20Projects/Blazing7Test/assets/menu-bundle/LUCKY_COLORS2/script/LuckyColor_Card.ts from cce:/internal/x/prerequisite-imports as file:///D:/Game-Engine%20Projects/Blazing7Test/assets/menu-bundle/LUCKY_COLORS2/script/LuckyColor_Card.ts.
16:44:18.699 debug: Resolve file:///D:/Game-Engine%20Projects/Blazing7Test/assets/menu-bundle/LUCKY_COLORS2/script/LuckyColor_CardItemColor.ts from cce:/internal/x/prerequisite-imports as file:///D:/Game-Engine%20Projects/Blazing7Test/assets/menu-bundle/LUCKY_COLORS2/script/LuckyColor_CardItemColor.ts.
16:44:18.700 debug: Resolve file:///D:/Game-Engine%20Projects/Blazing7Test/assets/menu-bundle/LUCKY_COLORS2/script/LuckyColor_CardReview.ts from cce:/internal/x/prerequisite-imports as file:///D:/Game-Engine%20Projects/Blazing7Test/assets/menu-bundle/LUCKY_COLORS2/script/LuckyColor_CardReview.ts.
16:44:18.700 debug: Resolve file:///D:/Game-Engine%20Projects/Blazing7Test/assets/menu-bundle/LUCKY_COLORS2/script/LuckyColor_Color_Win.ts from cce:/internal/x/prerequisite-imports as file:///D:/Game-Engine%20Projects/Blazing7Test/assets/menu-bundle/LUCKY_COLORS2/script/LuckyColor_Color_Win.ts.
16:44:18.700 debug: Resolve file:///D:/Game-Engine%20Projects/Blazing7Test/assets/menu-bundle/LUCKY_COLORS2/script/LuckyColor_Default_Card.ts from cce:/internal/x/prerequisite-imports as file:///D:/Game-Engine%20Projects/Blazing7Test/assets/menu-bundle/LUCKY_COLORS2/script/LuckyColor_Default_Card.ts.
16:44:18.700 debug: Resolve file:///D:/Game-Engine%20Projects/Blazing7Test/assets/menu-bundle/LUCKY_COLORS2/script/LuckyColor_HelpView.ts from cce:/internal/x/prerequisite-imports as file:///D:/Game-Engine%20Projects/Blazing7Test/assets/menu-bundle/LUCKY_COLORS2/script/LuckyColor_HelpView.ts.
16:44:18.700 debug: Resolve file:///D:/Game-Engine%20Projects/Blazing7Test/assets/menu-bundle/LUCKY_COLORS2/script/LuckyColor_ScratchBonus.ts from cce:/internal/x/prerequisite-imports as file:///D:/Game-Engine%20Projects/Blazing7Test/assets/menu-bundle/LUCKY_COLORS2/script/LuckyColor_ScratchBonus.ts.
16:44:18.700 debug: Resolve file:///D:/Game-Engine%20Projects/Blazing7Test/assets/menu-bundle/PIKA2/script/BundleCardDetailFoodItem.ts from cce:/internal/x/prerequisite-imports as file:///D:/Game-Engine%20Projects/Blazing7Test/assets/menu-bundle/PIKA2/script/BundleCardDetailFoodItem.ts.
16:44:18.700 debug: Resolve file:///D:/Game-Engine%20Projects/Blazing7Test/assets/menu-bundle/PIKA2/script/BundleLeafItem.ts from cce:/internal/x/prerequisite-imports as file:///D:/Game-Engine%20Projects/Blazing7Test/assets/menu-bundle/PIKA2/script/BundleLeafItem.ts.
16:44:18.701 debug: Resolve file:///D:/Game-Engine%20Projects/Blazing7Test/assets/menu-bundle/PIKA2/script/BundleLeafManager.ts from cce:/internal/x/prerequisite-imports as file:///D:/Game-Engine%20Projects/Blazing7Test/assets/menu-bundle/PIKA2/script/BundleLeafManager.ts.
16:44:18.701 debug: Resolve file:///D:/Game-Engine%20Projects/Blazing7Test/assets/menu-bundle/PIKA2/script/BundlePikaCardTrajectoryComponent.ts from cce:/internal/x/prerequisite-imports as file:///D:/Game-Engine%20Projects/Blazing7Test/assets/menu-bundle/PIKA2/script/BundlePikaCardTrajectoryComponent.ts.
16:44:18.701 debug: Resolve file:///D:/Game-Engine%20Projects/Blazing7Test/assets/menu-bundle/PIKA2/script/BundleTrajectory.ts from cce:/internal/x/prerequisite-imports as file:///D:/Game-Engine%20Projects/Blazing7Test/assets/menu-bundle/PIKA2/script/BundleTrajectory.ts.
16:44:18.701 debug: Resolve file:///D:/Game-Engine%20Projects/Blazing7Test/assets/menu-bundle/script/api/GameApi.ts from cce:/internal/x/prerequisite-imports as file:///D:/Game-Engine%20Projects/Blazing7Test/assets/menu-bundle/script/api/GameApi.ts.
16:44:18.701 debug: Resolve file:///D:/Game-Engine%20Projects/Blazing7Test/assets/menu-bundle/script/base/BundleBasePanel.ts from cce:/internal/x/prerequisite-imports as file:///D:/Game-Engine%20Projects/Blazing7Test/assets/menu-bundle/script/base/BundleBasePanel.ts.
16:44:18.701 debug: Resolve file:///D:/Game-Engine%20Projects/Blazing7Test/assets/menu-bundle/script/base/BundleBaseUI.ts from cce:/internal/x/prerequisite-imports as file:///D:/Game-Engine%20Projects/Blazing7Test/assets/menu-bundle/script/base/BundleBaseUI.ts.
16:44:18.701 debug: Resolve file:///D:/Game-Engine%20Projects/Blazing7Test/assets/menu-bundle/script/base/BundleSingleButton.ts from cce:/internal/x/prerequisite-imports as file:///D:/Game-Engine%20Projects/Blazing7Test/assets/menu-bundle/script/base/BundleSingleButton.ts.
16:44:18.701 debug: Resolve file:///D:/Game-Engine%20Projects/Blazing7Test/assets/menu-bundle/script/eui/BundleUIKeys.ts from cce:/internal/x/prerequisite-imports as file:///D:/Game-Engine%20Projects/Blazing7Test/assets/menu-bundle/script/eui/BundleUIKeys.ts.
16:44:18.702 debug: Resolve file:///D:/Game-Engine%20Projects/Blazing7Test/assets/menu-bundle/script/interfaces/IMenuDependencies.ts from cce:/internal/x/prerequisite-imports as file:///D:/Game-Engine%20Projects/Blazing7Test/assets/menu-bundle/script/interfaces/IMenuDependencies.ts.
16:44:18.702 debug: Resolve file:///D:/Game-Engine%20Projects/Blazing7Test/assets/menu-bundle/script/manager/MessageFlag.ts from cce:/internal/x/prerequisite-imports as file:///D:/Game-Engine%20Projects/Blazing7Test/assets/menu-bundle/script/manager/MessageFlag.ts.
16:44:18.702 debug: Resolve file:///D:/Game-Engine%20Projects/Blazing7Test/assets/menu-bundle/script/types/AniType.ts from cce:/internal/x/prerequisite-imports as file:///D:/Game-Engine%20Projects/Blazing7Test/assets/menu-bundle/script/types/AniType.ts.
16:44:18.702 debug: Resolve file:///D:/Game-Engine%20Projects/Blazing7Test/assets/menu-bundle/script/utils/BundleGameUtils.ts from cce:/internal/x/prerequisite-imports as file:///D:/Game-Engine%20Projects/Blazing7Test/assets/menu-bundle/script/utils/BundleGameUtils.ts.
16:44:18.702 debug: Resolve file:///D:/Game-Engine%20Projects/Blazing7Test/assets/menu-bundle/script/utils/analytics_bridge.ts from cce:/internal/x/prerequisite-imports as file:///D:/Game-Engine%20Projects/Blazing7Test/assets/menu-bundle/script/utils/analytics_bridge.ts.
16:44:18.702 debug: Resolve file:///D:/Game-Engine%20Projects/Blazing7Test/assets/menu-bundle/script/utils/logger.ts from cce:/internal/x/prerequisite-imports as file:///D:/Game-Engine%20Projects/Blazing7Test/assets/menu-bundle/script/utils/logger.ts.
16:44:18.702 debug: Resolve file:///D:/Game-Engine%20Projects/Blazing7Test/assets/menu-bundle/script/view/BundleBigWin.ts from cce:/internal/x/prerequisite-imports as file:///D:/Game-Engine%20Projects/Blazing7Test/assets/menu-bundle/script/view/BundleBigWin.ts.
16:44:18.702 debug: Resolve file:///D:/Game-Engine%20Projects/Blazing7Test/assets/menu-bundle/script/view/BundleBigWinItem.ts from cce:/internal/x/prerequisite-imports as file:///D:/Game-Engine%20Projects/Blazing7Test/assets/menu-bundle/script/view/BundleBigWinItem.ts.
16:44:18.703 debug: Resolve file:///D:/Game-Engine%20Projects/Blazing7Test/assets/menu-bundle/script/view/BundleCardDetail.ts from cce:/internal/x/prerequisite-imports as file:///D:/Game-Engine%20Projects/Blazing7Test/assets/menu-bundle/script/view/BundleCardDetail.ts.
16:44:18.703 debug: Resolve file:///D:/Game-Engine%20Projects/Blazing7Test/assets/menu-bundle/script/view/BundleCardInfoItem.ts from cce:/internal/x/prerequisite-imports as file:///D:/Game-Engine%20Projects/Blazing7Test/assets/menu-bundle/script/view/BundleCardInfoItem.ts.
16:44:18.703 debug: Resolve file:///D:/Game-Engine%20Projects/Blazing7Test/assets/menu-bundle/script/view/BundleCardSale.ts from cce:/internal/x/prerequisite-imports as file:///D:/Game-Engine%20Projects/Blazing7Test/assets/menu-bundle/script/view/BundleCardSale.ts.
16:44:18.703 debug: Resolve file:///D:/Game-Engine%20Projects/Blazing7Test/assets/menu-bundle/script/view/BundleCardSaleItem.ts from cce:/internal/x/prerequisite-imports as file:///D:/Game-Engine%20Projects/Blazing7Test/assets/menu-bundle/script/view/BundleCardSaleItem.ts.
16:44:18.703 debug: Resolve file:///D:/Game-Engine%20Projects/Blazing7Test/assets/menu-bundle/script/view/BundleFiltter.ts from cce:/internal/x/prerequisite-imports as file:///D:/Game-Engine%20Projects/Blazing7Test/assets/menu-bundle/script/view/BundleFiltter.ts.
16:44:18.703 debug: Resolve file:///D:/Game-Engine%20Projects/Blazing7Test/assets/menu-bundle/script/view/BundleGameItem.ts from cce:/internal/x/prerequisite-imports as file:///D:/Game-Engine%20Projects/Blazing7Test/assets/menu-bundle/script/view/BundleGameItem.ts.
16:44:18.703 debug: Resolve file:///D:/Game-Engine%20Projects/Blazing7Test/assets/menu-bundle/script/view/BundleGameRecords.ts from cce:/internal/x/prerequisite-imports as file:///D:/Game-Engine%20Projects/Blazing7Test/assets/menu-bundle/script/view/BundleGameRecords.ts.
16:44:18.736 debug: Resolve file:///D:/Game-Engine%20Projects/Blazing7Test/assets/menu-bundle/script/view/BundleGameRules.ts from cce:/internal/x/prerequisite-imports as file:///D:/Game-Engine%20Projects/Blazing7Test/assets/menu-bundle/script/view/BundleGameRules.ts.
16:44:18.736 debug: Resolve file:///D:/Game-Engine%20Projects/Blazing7Test/assets/menu-bundle/script/view/BundleGrandPirzeItem.ts from cce:/internal/x/prerequisite-imports as file:///D:/Game-Engine%20Projects/Blazing7Test/assets/menu-bundle/script/view/BundleGrandPirzeItem.ts.
16:44:18.736 debug: Resolve file:///D:/Game-Engine%20Projects/Blazing7Test/assets/menu-bundle/script/view/BundleGrandPrize.ts from cce:/internal/x/prerequisite-imports as file:///D:/Game-Engine%20Projects/Blazing7Test/assets/menu-bundle/script/view/BundleGrandPrize.ts.
16:44:18.736 debug: Resolve file:///D:/Game-Engine%20Projects/Blazing7Test/assets/menu-bundle/script/view/BundleHonorBoard.ts from cce:/internal/x/prerequisite-imports as file:///D:/Game-Engine%20Projects/Blazing7Test/assets/menu-bundle/script/view/BundleHonorBoard.ts.
16:44:18.736 debug: Resolve file:///D:/Game-Engine%20Projects/Blazing7Test/assets/menu-bundle/script/view/BundleMenu.ts from cce:/internal/x/prerequisite-imports as file:///D:/Game-Engine%20Projects/Blazing7Test/assets/menu-bundle/script/view/BundleMenu.ts.
16:44:18.736 debug: Resolve file:///D:/Game-Engine%20Projects/Blazing7Test/assets/menu-bundle/script/view/BundleOtherGames.ts from cce:/internal/x/prerequisite-imports as file:///D:/Game-Engine%20Projects/Blazing7Test/assets/menu-bundle/script/view/BundleOtherGames.ts.
16:44:18.736 debug: Resolve file:///D:/Game-Engine%20Projects/Blazing7Test/assets/menu-bundle/script/view/BundleRecordItem.ts from cce:/internal/x/prerequisite-imports as file:///D:/Game-Engine%20Projects/Blazing7Test/assets/menu-bundle/script/view/BundleRecordItem.ts.
16:44:18.736 debug: Resolve file:///D:/Game-Engine%20Projects/Blazing7Test/assets/menu-bundle/script/view/BundleTopItem.ts from cce:/internal/x/prerequisite-imports as file:///D:/Game-Engine%20Projects/Blazing7Test/assets/menu-bundle/script/view/BundleTopItem.ts.
16:44:18.736 debug: Resolve file:///D:/Game-Engine%20Projects/Blazing7Test/assets/menu-bundle/script/view/BundleTopItemCardSale.ts from cce:/internal/x/prerequisite-imports as file:///D:/Game-Engine%20Projects/Blazing7Test/assets/menu-bundle/script/view/BundleTopItemCardSale.ts.
16:44:18.736 debug: Resolve file:///D:/Game-Engine%20Projects/Blazing7Test/assets/menu-bundle/script/view/PopupCardDetail.ts from cce:/internal/x/prerequisite-imports as file:///D:/Game-Engine%20Projects/Blazing7Test/assets/menu-bundle/script/view/PopupCardDetail.ts.
16:44:18.736 debug: Resolve cce:/internal/code-quality/cr.mjs from file:///D:/Game-Engine%20Projects/Blazing7Test/assets/Scripts/Game/Game.ts as cce:/internal/code-quality/cr.mjs.
16:44:18.736 debug: Resolve cc from file:///D:/Game-Engine%20Projects/Blazing7Test/assets/Scripts/Game/Game.ts as cce:/internal/x/cc.
16:44:18.736 debug: Resolve cc from file:///D:/Game-Engine%20Projects/Blazing7Test/assets/Scripts/Game/Game.ts as cce:/internal/x/cc.
16:44:18.736 debug: Resolve cc from file:///D:/Game-Engine%20Projects/Blazing7Test/assets/Scripts/Game/Game.ts as cce:/internal/x/cc.
16:44:18.736 debug: Resolve ./GameOptions from file:///D:/Game-Engine%20Projects/Blazing7Test/assets/Scripts/Game/Game.ts as file:///D:/Game-Engine%20Projects/Blazing7Test/assets/Scripts/Game/GameOptions.ts.
16:44:18.736 debug: Resolve ../Card/ScratchCardView from file:///D:/Game-Engine%20Projects/Blazing7Test/assets/Scripts/Game/Game.ts as file:///D:/Game-Engine%20Projects/Blazing7Test/assets/Scripts/Card/ScratchCardView.ts.
16:44:18.736 debug: Resolve ../Scratch/ScratchSystem from file:///D:/Game-Engine%20Projects/Blazing7Test/assets/Scripts/Game/Game.ts as file:///D:/Game-Engine%20Projects/Blazing7Test/assets/Scripts/Scratch/ScratchSystem.ts.
16:44:18.736 debug: Resolve ../Managers/GameManager from file:///D:/Game-Engine%20Projects/Blazing7Test/assets/Scripts/Game/Game.ts as file:///D:/Game-Engine%20Projects/Blazing7Test/assets/Scripts/Managers/GameManager.ts.
16:44:18.736 debug: Resolve ../Managers/Services from file:///D:/Game-Engine%20Projects/Blazing7Test/assets/Scripts/Game/Game.ts as file:///D:/Game-Engine%20Projects/Blazing7Test/assets/Scripts/Managers/Services.ts.
16:44:18.736 debug: Resolve ../Managers/PopUpManager from file:///D:/Game-Engine%20Projects/Blazing7Test/assets/Scripts/Game/Game.ts as file:///D:/Game-Engine%20Projects/Blazing7Test/assets/Scripts/Managers/PopUpManager.ts.
16:44:18.736 debug: Resolve ../UI/PopUp/WinPopUp from file:///D:/Game-Engine%20Projects/Blazing7Test/assets/Scripts/Game/Game.ts as file:///D:/Game-Engine%20Projects/Blazing7Test/assets/Scripts/UI/PopUp/WinPopUp.ts.
16:44:18.736 debug: Resolve ./PricePopUpOptions from file:///D:/Game-Engine%20Projects/Blazing7Test/assets/Scripts/Game/Game.ts as file:///D:/Game-Engine%20Projects/Blazing7Test/assets/Scripts/Game/PricePopUpOptions.ts.
16:44:18.736 debug: Resolve ../Managers/AudioManager from file:///D:/Game-Engine%20Projects/Blazing7Test/assets/Scripts/Game/Game.ts as file:///D:/Game-Engine%20Projects/Blazing7Test/assets/Scripts/Managers/AudioManager.ts.
16:44:18.736 debug: Resolve ../UI/VisualFx/HelpView from file:///D:/Game-Engine%20Projects/Blazing7Test/assets/Scripts/Game/Game.ts as file:///D:/Game-Engine%20Projects/Blazing7Test/assets/Scripts/UI/VisualFx/HelpView.ts.
16:44:18.736 debug: Resolve ../UI/LastWin from file:///D:/Game-Engine%20Projects/Blazing7Test/assets/Scripts/Game/Game.ts as file:///D:/Game-Engine%20Projects/Blazing7Test/assets/Scripts/UI/LastWin.ts.
16:44:18.736 debug: Resolve ../UI/VisualFx/NodeMovement from file:///D:/Game-Engine%20Projects/Blazing7Test/assets/Scripts/Game/Game.ts as file:///D:/Game-Engine%20Projects/Blazing7Test/assets/Scripts/UI/VisualFx/NodeMovement.ts.
16:44:18.736 debug: Resolve ../utils/NumberFormatter from file:///D:/Game-Engine%20Projects/Blazing7Test/assets/Scripts/Game/Game.ts as file:///D:/Game-Engine%20Projects/Blazing7Test/assets/Scripts/utils/NumberFormatter.ts.
16:44:18.736 debug: Resolve ../UI/PopUp/MaxWinToasterPopUp from file:///D:/Game-Engine%20Projects/Blazing7Test/assets/Scripts/Game/Game.ts as file:///D:/Game-Engine%20Projects/Blazing7Test/assets/Scripts/UI/PopUp/MaxWinToasterPopUp.ts.
16:44:18.740 debug: Target(preview) ends with cost 272.58660000000964ms.
16:45:09.682 debug: Dispatch build request for time accumulated 1 asset changes.
16:45:09.685 debug: Build iteration starts.
Number of accumulated asset changes: 1
Feature changed: false
16:45:09.685 debug: Target(editor) build started.
16:45:09.687 debug: Detected change: cce:/internal/x/prerequisite-imports. Last mtime: Thu Jan 01 1970 08:03:12 GMT+0800 (Philippine Standard Time), Current mtime: Thu Jan 01 1970 08:04:04 GMT+0800 (Philippine Standard Time)
16:45:09.687 debug: Inspect cce:/internal/x/prerequisite-imports
16:45:09.742 debug: transform url: 'cce:/internal/x/prerequisite-imports' costs: 55.00 ms
16:45:09.744 debug: Resolve file:///C:/ProgramData/cocos/editors/Creator/3.8.5/resources/resources/3d/engine/editor/assets/default_renderpipeline/builtin-dof-pass.ts from cce:/internal/x/prerequisite-imports as file:///C:/ProgramData/cocos/editors/Creator/3.8.5/resources/resources/3d/engine/editor/assets/default_renderpipeline/builtin-dof-pass.ts.
16:45:09.745 debug: Resolve file:///C:/ProgramData/cocos/editors/Creator/3.8.5/resources/resources/3d/engine/editor/assets/default_renderpipeline/builtin-pipeline-pass.ts from cce:/internal/x/prerequisite-imports as file:///C:/ProgramData/cocos/editors/Creator/3.8.5/resources/resources/3d/engine/editor/assets/default_renderpipeline/builtin-pipeline-pass.ts.
16:45:09.746 debug: Resolve file:///C:/ProgramData/cocos/editors/Creator/3.8.5/resources/resources/3d/engine/editor/assets/default_renderpipeline/builtin-pipeline-settings.ts from cce:/internal/x/prerequisite-imports as file:///C:/ProgramData/cocos/editors/Creator/3.8.5/resources/resources/3d/engine/editor/assets/default_renderpipeline/builtin-pipeline-settings.ts.
16:45:09.746 debug: Resolve file:///C:/ProgramData/cocos/editors/Creator/3.8.5/resources/resources/3d/engine/editor/assets/default_renderpipeline/builtin-pipeline-types.ts from cce:/internal/x/prerequisite-imports as file:///C:/ProgramData/cocos/editors/Creator/3.8.5/resources/resources/3d/engine/editor/assets/default_renderpipeline/builtin-pipeline-types.ts.
16:45:09.746 debug: Resolve file:///C:/ProgramData/cocos/editors/Creator/3.8.5/resources/resources/3d/engine/editor/assets/default_renderpipeline/builtin-pipeline.ts from cce:/internal/x/prerequisite-imports as file:///C:/ProgramData/cocos/editors/Creator/3.8.5/resources/resources/3d/engine/editor/assets/default_renderpipeline/builtin-pipeline.ts.
16:45:09.747 debug: Resolve file:///C:/ProgramData/cocos/editors/Creator/3.8.5/resources/resources/3d/engine/editor/assets/tools/debug-view-runtime-control.ts from cce:/internal/x/prerequisite-imports as file:///C:/ProgramData/cocos/editors/Creator/3.8.5/resources/resources/3d/engine/editor/assets/tools/debug-view-runtime-control.ts.
16:45:09.747 debug: Resolve file:///D:/Game-Engine%20Projects/Blazing7Test/assets/Scripts/Api/ApiCore.ts from cce:/internal/x/prerequisite-imports as file:///D:/Game-Engine%20Projects/Blazing7Test/assets/Scripts/Api/ApiCore.ts.
16:45:09.747 debug: Resolve file:///D:/Game-Engine%20Projects/Blazing7Test/assets/Scripts/Api/ApiError.ts from cce:/internal/x/prerequisite-imports as file:///D:/Game-Engine%20Projects/Blazing7Test/assets/Scripts/Api/ApiError.ts.
16:45:09.747 debug: Resolve file:///D:/Game-Engine%20Projects/Blazing7Test/assets/Scripts/Api/ApiManager.ts from cce:/internal/x/prerequisite-imports as file:///D:/Game-Engine%20Projects/Blazing7Test/assets/Scripts/Api/ApiManager.ts.
16:45:09.747 debug: Resolve file:///D:/Game-Engine%20Projects/Blazing7Test/assets/Scripts/Api/GameApi.ts from cce:/internal/x/prerequisite-imports as file:///D:/Game-Engine%20Projects/Blazing7Test/assets/Scripts/Api/GameApi.ts.
16:45:09.748 debug: Resolve file:///D:/Game-Engine%20Projects/Blazing7Test/assets/Scripts/Card/NumberCardView.ts from cce:/internal/x/prerequisite-imports as file:///D:/Game-Engine%20Projects/Blazing7Test/assets/Scripts/Card/NumberCardView.ts.
16:45:09.748 debug: Resolve file:///D:/Game-Engine%20Projects/Blazing7Test/assets/Scripts/Card/ScratchCard.ts from cce:/internal/x/prerequisite-imports as file:///D:/Game-Engine%20Projects/Blazing7Test/assets/Scripts/Card/ScratchCard.ts.
16:45:09.748 debug: Resolve file:///D:/Game-Engine%20Projects/Blazing7Test/assets/Scripts/Card/ScratchCardView.ts from cce:/internal/x/prerequisite-imports as file:///D:/Game-Engine%20Projects/Blazing7Test/assets/Scripts/Card/ScratchCardView.ts.
16:45:09.748 debug: Resolve file:///D:/Game-Engine%20Projects/Blazing7Test/assets/Scripts/Data/GameData.ts from cce:/internal/x/prerequisite-imports as file:///D:/Game-Engine%20Projects/Blazing7Test/assets/Scripts/Data/GameData.ts.
16:45:09.748 debug: Resolve file:///D:/Game-Engine%20Projects/Blazing7Test/assets/Scripts/Data/GameUserInfo.ts from cce:/internal/x/prerequisite-imports as file:///D:/Game-Engine%20Projects/Blazing7Test/assets/Scripts/Data/GameUserInfo.ts.
16:45:09.748 debug: Resolve file:///D:/Game-Engine%20Projects/Blazing7Test/assets/Scripts/Data/TicketData.ts from cce:/internal/x/prerequisite-imports as file:///D:/Game-Engine%20Projects/Blazing7Test/assets/Scripts/Data/TicketData.ts.
16:45:09.748 debug: Resolve file:///D:/Game-Engine%20Projects/Blazing7Test/assets/Scripts/Data/TicketItem.ts from cce:/internal/x/prerequisite-imports as file:///D:/Game-Engine%20Projects/Blazing7Test/assets/Scripts/Data/TicketItem.ts.
16:45:09.749 debug: Resolve file:///D:/Game-Engine%20Projects/Blazing7Test/assets/Scripts/EventListener/BaseEventListener.ts from cce:/internal/x/prerequisite-imports as file:///D:/Game-Engine%20Projects/Blazing7Test/assets/Scripts/EventListener/BaseEventListener.ts.
16:45:09.749 debug: Resolve file:///D:/Game-Engine%20Projects/Blazing7Test/assets/Scripts/Game/DragonsEyeIntro.ts from cce:/internal/x/prerequisite-imports as file:///D:/Game-Engine%20Projects/Blazing7Test/assets/Scripts/Game/DragonsEyeIntro.ts.
16:45:09.749 debug: Resolve file:///D:/Game-Engine%20Projects/Blazing7Test/assets/Scripts/Game/Game.ts from cce:/internal/x/prerequisite-imports as file:///D:/Game-Engine%20Projects/Blazing7Test/assets/Scripts/Game/Game.ts.
16:45:09.749 debug: Resolve file:///D:/Game-Engine%20Projects/Blazing7Test/assets/Scripts/Game/GameOptions.ts from cce:/internal/x/prerequisite-imports as file:///D:/Game-Engine%20Projects/Blazing7Test/assets/Scripts/Game/GameOptions.ts.
16:45:09.749 debug: Resolve file:///D:/Game-Engine%20Projects/Blazing7Test/assets/Scripts/Game/PricePopUpOptions.ts from cce:/internal/x/prerequisite-imports as file:///D:/Game-Engine%20Projects/Blazing7Test/assets/Scripts/Game/PricePopUpOptions.ts.
16:45:09.749 debug: Resolve file:///D:/Game-Engine%20Projects/Blazing7Test/assets/Scripts/Managers/AudioManager.ts from cce:/internal/x/prerequisite-imports as file:///D:/Game-Engine%20Projects/Blazing7Test/assets/Scripts/Managers/AudioManager.ts.
16:45:09.749 debug: Resolve file:///D:/Game-Engine%20Projects/Blazing7Test/assets/Scripts/Managers/GameManager.ts from cce:/internal/x/prerequisite-imports as file:///D:/Game-Engine%20Projects/Blazing7Test/assets/Scripts/Managers/GameManager.ts.
16:45:09.750 debug: Resolve file:///D:/Game-Engine%20Projects/Blazing7Test/assets/Scripts/Managers/PopUpManager.ts from cce:/internal/x/prerequisite-imports as file:///D:/Game-Engine%20Projects/Blazing7Test/assets/Scripts/Managers/PopUpManager.ts.
16:45:09.750 debug: Resolve file:///D:/Game-Engine%20Projects/Blazing7Test/assets/Scripts/Managers/ResourceManager.ts from cce:/internal/x/prerequisite-imports as file:///D:/Game-Engine%20Projects/Blazing7Test/assets/Scripts/Managers/ResourceManager.ts.
16:45:09.750 debug: Resolve file:///D:/Game-Engine%20Projects/Blazing7Test/assets/Scripts/Managers/SceneManager.ts from cce:/internal/x/prerequisite-imports as file:///D:/Game-Engine%20Projects/Blazing7Test/assets/Scripts/Managers/SceneManager.ts.
16:45:09.750 debug: Resolve file:///D:/Game-Engine%20Projects/Blazing7Test/assets/Scripts/Managers/Services.ts from cce:/internal/x/prerequisite-imports as file:///D:/Game-Engine%20Projects/Blazing7Test/assets/Scripts/Managers/Services.ts.
16:45:09.750 debug: Resolve file:///D:/Game-Engine%20Projects/Blazing7Test/assets/Scripts/Managers/WebsocketManager.ts from cce:/internal/x/prerequisite-imports as file:///D:/Game-Engine%20Projects/Blazing7Test/assets/Scripts/Managers/WebsocketManager.ts.
16:45:09.750 debug: Resolve file:///D:/Game-Engine%20Projects/Blazing7Test/assets/Scripts/Managers/WinBroadcastManager.ts from cce:/internal/x/prerequisite-imports as file:///D:/Game-Engine%20Projects/Blazing7Test/assets/Scripts/Managers/WinBroadcastManager.ts.
16:45:09.750 debug: Resolve file:///D:/Game-Engine%20Projects/Blazing7Test/assets/Scripts/Managers/WsConfig.ts from cce:/internal/x/prerequisite-imports as file:///D:/Game-Engine%20Projects/Blazing7Test/assets/Scripts/Managers/WsConfig.ts.
16:45:09.750 debug: Resolve file:///D:/Game-Engine%20Projects/Blazing7Test/assets/Scripts/Scratch/FragmentView.ts from cce:/internal/x/prerequisite-imports as file:///D:/Game-Engine%20Projects/Blazing7Test/assets/Scripts/Scratch/FragmentView.ts.
16:45:09.751 debug: Resolve file:///D:/Game-Engine%20Projects/Blazing7Test/assets/Scripts/Scratch/ScratchMask.ts from cce:/internal/x/prerequisite-imports as file:///D:/Game-Engine%20Projects/Blazing7Test/assets/Scripts/Scratch/ScratchMask.ts.
16:45:09.751 debug: Resolve file:///D:/Game-Engine%20Projects/Blazing7Test/assets/Scripts/Scratch/ScratchRenderer.ts from cce:/internal/x/prerequisite-imports as file:///D:/Game-Engine%20Projects/Blazing7Test/assets/Scripts/Scratch/ScratchRenderer.ts.
16:45:09.751 debug: Resolve file:///D:/Game-Engine%20Projects/Blazing7Test/assets/Scripts/Scratch/ScratchSystem.ts from cce:/internal/x/prerequisite-imports as file:///D:/Game-Engine%20Projects/Blazing7Test/assets/Scripts/Scratch/ScratchSystem.ts.
16:45:09.751 debug: Resolve file:///D:/Game-Engine%20Projects/Blazing7Test/assets/Scripts/Scratch/ScratchTrajectory.ts from cce:/internal/x/prerequisite-imports as file:///D:/Game-Engine%20Projects/Blazing7Test/assets/Scripts/Scratch/ScratchTrajectory.ts.
16:45:09.751 debug: Resolve file:///D:/Game-Engine%20Projects/Blazing7Test/assets/Scripts/Scratch/ScratchTypes.ts from cce:/internal/x/prerequisite-imports as file:///D:/Game-Engine%20Projects/Blazing7Test/assets/Scripts/Scratch/ScratchTypes.ts.
16:45:09.751 debug: Resolve file:///D:/Game-Engine%20Projects/Blazing7Test/assets/Scripts/Types/announcement.types.ts from cce:/internal/x/prerequisite-imports as file:///D:/Game-Engine%20Projects/Blazing7Test/assets/Scripts/Types/announcement.types.ts.
16:45:09.751 debug: Resolve file:///D:/Game-Engine%20Projects/Blazing7Test/assets/Scripts/Types/api.types.ts from cce:/internal/x/prerequisite-imports as file:///D:/Game-Engine%20Projects/Blazing7Test/assets/Scripts/Types/api.types.ts.
16:45:09.751 debug: Resolve file:///D:/Game-Engine%20Projects/Blazing7Test/assets/Scripts/Types/card.types.ts from cce:/internal/x/prerequisite-imports as file:///D:/Game-Engine%20Projects/Blazing7Test/assets/Scripts/Types/card.types.ts.
16:45:09.751 debug: Resolve file:///D:/Game-Engine%20Projects/Blazing7Test/assets/Scripts/Types/game.types.ts from cce:/internal/x/prerequisite-imports as file:///D:/Game-Engine%20Projects/Blazing7Test/assets/Scripts/Types/game.types.ts.
16:45:09.752 debug: Resolve file:///D:/Game-Engine%20Projects/Blazing7Test/assets/Scripts/Types/index.ts from cce:/internal/x/prerequisite-imports as file:///D:/Game-Engine%20Projects/Blazing7Test/assets/Scripts/Types/index.ts.
16:45:09.752 debug: Resolve file:///D:/Game-Engine%20Projects/Blazing7Test/assets/Scripts/Types/ranking.types.ts from cce:/internal/x/prerequisite-imports as file:///D:/Game-Engine%20Projects/Blazing7Test/assets/Scripts/Types/ranking.types.ts.
16:45:09.752 debug: Resolve file:///D:/Game-Engine%20Projects/Blazing7Test/assets/Scripts/Types/ticket.types.ts from cce:/internal/x/prerequisite-imports as file:///D:/Game-Engine%20Projects/Blazing7Test/assets/Scripts/Types/ticket.types.ts.
16:45:09.752 debug: Resolve file:///D:/Game-Engine%20Projects/Blazing7Test/assets/Scripts/Types/ui.types.ts from cce:/internal/x/prerequisite-imports as file:///D:/Game-Engine%20Projects/Blazing7Test/assets/Scripts/Types/ui.types.ts.
16:45:09.752 debug: Resolve file:///D:/Game-Engine%20Projects/Blazing7Test/assets/Scripts/Types/user.types.ts from cce:/internal/x/prerequisite-imports as file:///D:/Game-Engine%20Projects/Blazing7Test/assets/Scripts/Types/user.types.ts.
16:45:09.752 debug: Resolve file:///D:/Game-Engine%20Projects/Blazing7Test/assets/Scripts/UI/InteractableUIs/SingleButton.ts from cce:/internal/x/prerequisite-imports as file:///D:/Game-Engine%20Projects/Blazing7Test/assets/Scripts/UI/InteractableUIs/SingleButton.ts.
16:45:09.752 debug: Resolve file:///D:/Game-Engine%20Projects/Blazing7Test/assets/Scripts/UI/LastWin.ts from cce:/internal/x/prerequisite-imports as file:///D:/Game-Engine%20Projects/Blazing7Test/assets/Scripts/UI/LastWin.ts.
16:45:09.752 debug: Resolve file:///D:/Game-Engine%20Projects/Blazing7Test/assets/Scripts/UI/PopUp/MaxWinToasterPopUp.ts from cce:/internal/x/prerequisite-imports as file:///D:/Game-Engine%20Projects/Blazing7Test/assets/Scripts/UI/PopUp/MaxWinToasterPopUp.ts.
16:45:09.753 debug: Resolve file:///D:/Game-Engine%20Projects/Blazing7Test/assets/Scripts/UI/PopUp/WinPopUp.ts from cce:/internal/x/prerequisite-imports as file:///D:/Game-Engine%20Projects/Blazing7Test/assets/Scripts/UI/PopUp/WinPopUp.ts.
16:45:09.753 debug: Detected change: file:///D:/Game-Engine%20Projects/Blazing7Test/assets/Scripts/UI/PopUp/WinPopUp.ts. Last mtime: Thu May 14 2026 16:04:30 GMT+0800 (Philippine Standard Time)@466bd5ad-b1a1-4ee1-b5f2-11344d7989de, Current mtime: Thu May 14 2026 16:45:08 GMT+0800 (Philippine Standard Time)@466bd5ad-b1a1-4ee1-b5f2-11344d7989de
16:45:09.753 debug: Inspect file:///D:/Game-Engine%20Projects/Blazing7Test/assets/Scripts/UI/PopUp/WinPopUp.ts
16:45:09.828 debug: transform url: 'file:///D:/Game-Engine%20Projects/Blazing7Test/assets/Scripts/UI/PopUp/WinPopUp.ts' costs: 74.80 ms
16:45:09.828 debug: Resolve file:///D:/Game-Engine%20Projects/Blazing7Test/assets/Scripts/UI/PopUp/WinnerBroadcastPopUp.ts from cce:/internal/x/prerequisite-imports as file:///D:/Game-Engine%20Projects/Blazing7Test/assets/Scripts/UI/PopUp/WinnerBroadcastPopUp.ts.
16:45:09.829 debug: Resolve file:///D:/Game-Engine%20Projects/Blazing7Test/assets/Scripts/UI/Scenes/Game/ScrollingBackground.ts from cce:/internal/x/prerequisite-imports as file:///D:/Game-Engine%20Projects/Blazing7Test/assets/Scripts/UI/Scenes/Game/ScrollingBackground.ts.
16:45:09.829 debug: Resolve file:///D:/Game-Engine%20Projects/Blazing7Test/assets/Scripts/UI/Scenes/Loading/LoadingBar.ts from cce:/internal/x/prerequisite-imports as file:///D:/Game-Engine%20Projects/Blazing7Test/assets/Scripts/UI/Scenes/Loading/LoadingBar.ts.
16:45:09.829 debug: Resolve file:///D:/Game-Engine%20Projects/Blazing7Test/assets/Scripts/UI/Scenes/Loading/LoadingScene.ts from cce:/internal/x/prerequisite-imports as file:///D:/Game-Engine%20Projects/Blazing7Test/assets/Scripts/UI/Scenes/Loading/LoadingScene.ts.
16:45:09.829 debug: Resolve file:///D:/Game-Engine%20Projects/Blazing7Test/assets/Scripts/UI/Scenes/NewPlayerGuide.ts from cce:/internal/x/prerequisite-imports as file:///D:/Game-Engine%20Projects/Blazing7Test/assets/Scripts/UI/Scenes/NewPlayerGuide.ts.
16:45:09.829 debug: Resolve file:///D:/Game-Engine%20Projects/Blazing7Test/assets/Scripts/UI/UIRoot.ts from cce:/internal/x/prerequisite-imports as file:///D:/Game-Engine%20Projects/Blazing7Test/assets/Scripts/UI/UIRoot.ts.
16:45:09.829 debug: Resolve file:///D:/Game-Engine%20Projects/Blazing7Test/assets/Scripts/UI/VisualFx/DragonBreathing.ts from cce:/internal/x/prerequisite-imports as file:///D:/Game-Engine%20Projects/Blazing7Test/assets/Scripts/UI/VisualFx/DragonBreathing.ts.
16:45:09.830 debug: Resolve file:///D:/Game-Engine%20Projects/Blazing7Test/assets/Scripts/UI/VisualFx/HelpView.ts from cce:/internal/x/prerequisite-imports as file:///D:/Game-Engine%20Projects/Blazing7Test/assets/Scripts/UI/VisualFx/HelpView.ts.
16:45:09.830 debug: Resolve file:///D:/Game-Engine%20Projects/Blazing7Test/assets/Scripts/UI/VisualFx/NodeMovement.ts from cce:/internal/x/prerequisite-imports as file:///D:/Game-Engine%20Projects/Blazing7Test/assets/Scripts/UI/VisualFx/NodeMovement.ts.
16:45:09.830 debug: Resolve file:///D:/Game-Engine%20Projects/Blazing7Test/assets/Scripts/utils/NumberFormatter.ts from cce:/internal/x/prerequisite-imports as file:///D:/Game-Engine%20Projects/Blazing7Test/assets/Scripts/utils/NumberFormatter.ts.
16:45:09.830 debug: Resolve file:///D:/Game-Engine%20Projects/Blazing7Test/assets/Scripts/utils/logger.ts from cce:/internal/x/prerequisite-imports as file:///D:/Game-Engine%20Projects/Blazing7Test/assets/Scripts/utils/logger.ts.
16:45:09.830 debug: Resolve file:///D:/Game-Engine%20Projects/Blazing7Test/assets/menu-bundle/BANANACRAZE/script/BundleBonusItem.ts from cce:/internal/x/prerequisite-imports as file:///D:/Game-Engine%20Projects/Blazing7Test/assets/menu-bundle/BANANACRAZE/script/BundleBonusItem.ts.
16:45:09.830 debug: Resolve file:///D:/Game-Engine%20Projects/Blazing7Test/assets/menu-bundle/BANANACRAZE/script/BundleBonusTrajectory.ts from cce:/internal/x/prerequisite-imports as file:///D:/Game-Engine%20Projects/Blazing7Test/assets/menu-bundle/BANANACRAZE/script/BundleBonusTrajectory.ts.
16:45:09.830 debug: Resolve file:///D:/Game-Engine%20Projects/Blazing7Test/assets/menu-bundle/BANANACRAZE/script/BundleCardTrajectory.ts from cce:/internal/x/prerequisite-imports as file:///D:/Game-Engine%20Projects/Blazing7Test/assets/menu-bundle/BANANACRAZE/script/BundleCardTrajectory.ts.
16:45:09.831 debug: Resolve file:///D:/Game-Engine%20Projects/Blazing7Test/assets/menu-bundle/BANANACRAZE/script/BundleLeafItem.ts from cce:/internal/x/prerequisite-imports as file:///D:/Game-Engine%20Projects/Blazing7Test/assets/menu-bundle/BANANACRAZE/script/BundleLeafItem.ts.
16:45:09.831 debug: Resolve file:///D:/Game-Engine%20Projects/Blazing7Test/assets/menu-bundle/BANANACRAZE/script/BundleLeafManagerTrajectory.ts from cce:/internal/x/prerequisite-imports as file:///D:/Game-Engine%20Projects/Blazing7Test/assets/menu-bundle/BANANACRAZE/script/BundleLeafManagerTrajectory.ts.
16:45:09.831 debug: Resolve file:///D:/Game-Engine%20Projects/Blazing7Test/assets/menu-bundle/BANANACRAZE/script/BundleTrajectory.ts from cce:/internal/x/prerequisite-imports as file:///D:/Game-Engine%20Projects/Blazing7Test/assets/menu-bundle/BANANACRAZE/script/BundleTrajectory.ts.
16:45:09.831 debug: Resolve file:///D:/Game-Engine%20Projects/Blazing7Test/assets/menu-bundle/BANANACRAZE/script/BundleYourNumberItem.ts from cce:/internal/x/prerequisite-imports as file:///D:/Game-Engine%20Projects/Blazing7Test/assets/menu-bundle/BANANACRAZE/script/BundleYourNumberItem.ts.
16:45:09.831 debug: Resolve file:///D:/Game-Engine%20Projects/Blazing7Test/assets/menu-bundle/BANANACRAZE/script/BundleYourNumbersTrajectory.ts from cce:/internal/x/prerequisite-imports as file:///D:/Game-Engine%20Projects/Blazing7Test/assets/menu-bundle/BANANACRAZE/script/BundleYourNumbersTrajectory.ts.
16:45:09.831 debug: Resolve file:///D:/Game-Engine%20Projects/Blazing7Test/assets/menu-bundle/BINGO2/script/BingoAudio.ts from cce:/internal/x/prerequisite-imports as file:///D:/Game-Engine%20Projects/Blazing7Test/assets/menu-bundle/BINGO2/script/BingoAudio.ts.
16:45:09.831 debug: Resolve file:///D:/Game-Engine%20Projects/Blazing7Test/assets/menu-bundle/BINGO2/script/BingoBalls.ts from cce:/internal/x/prerequisite-imports as file:///D:/Game-Engine%20Projects/Blazing7Test/assets/menu-bundle/BINGO2/script/BingoBalls.ts.
16:45:09.832 debug: Resolve file:///D:/Game-Engine%20Projects/Blazing7Test/assets/menu-bundle/BINGO2/script/BingoBallsScratch.ts from cce:/internal/x/prerequisite-imports as file:///D:/Game-Engine%20Projects/Blazing7Test/assets/menu-bundle/BINGO2/script/BingoBallsScratch.ts.
16:45:09.832 debug: Resolve file:///D:/Game-Engine%20Projects/Blazing7Test/assets/menu-bundle/BINGO2/script/BingoCard.ts from cce:/internal/x/prerequisite-imports as file:///D:/Game-Engine%20Projects/Blazing7Test/assets/menu-bundle/BINGO2/script/BingoCard.ts.
16:45:09.832 debug: Resolve file:///D:/Game-Engine%20Projects/Blazing7Test/assets/menu-bundle/BINGO2/script/BingoCardDetails.ts from cce:/internal/x/prerequisite-imports as file:///D:/Game-Engine%20Projects/Blazing7Test/assets/menu-bundle/BINGO2/script/BingoCardDetails.ts.
16:45:09.832 debug: Resolve file:///D:/Game-Engine%20Projects/Blazing7Test/assets/menu-bundle/BINGO2/script/BingoConfig.ts from cce:/internal/x/prerequisite-imports as file:///D:/Game-Engine%20Projects/Blazing7Test/assets/menu-bundle/BINGO2/script/BingoConfig.ts.
16:45:09.832 debug: Resolve file:///D:/Game-Engine%20Projects/Blazing7Test/assets/menu-bundle/BINGO2/script/BingoExtraball.ts from cce:/internal/x/prerequisite-imports as file:///D:/Game-Engine%20Projects/Blazing7Test/assets/menu-bundle/BINGO2/script/BingoExtraball.ts.
16:45:09.832 debug: Resolve file:///D:/Game-Engine%20Projects/Blazing7Test/assets/menu-bundle/BINGO2/script/BingoNumber.ts from cce:/internal/x/prerequisite-imports as file:///D:/Game-Engine%20Projects/Blazing7Test/assets/menu-bundle/BINGO2/script/BingoNumber.ts.
16:45:09.832 debug: Resolve file:///D:/Game-Engine%20Projects/Blazing7Test/assets/menu-bundle/BINGO2/script/BingoRuleItem.ts from cce:/internal/x/prerequisite-imports as file:///D:/Game-Engine%20Projects/Blazing7Test/assets/menu-bundle/BINGO2/script/BingoRuleItem.ts.
16:45:09.833 debug: Resolve file:///D:/Game-Engine%20Projects/Blazing7Test/assets/menu-bundle/BINGO2/script/BingoRuleSlider.ts from cce:/internal/x/prerequisite-imports as file:///D:/Game-Engine%20Projects/Blazing7Test/assets/menu-bundle/BINGO2/script/BingoRuleSlider.ts.
16:45:09.833 debug: Resolve file:///D:/Game-Engine%20Projects/Blazing7Test/assets/menu-bundle/BINGO2/script/BingoWinAlert.ts from cce:/internal/x/prerequisite-imports as file:///D:/Game-Engine%20Projects/Blazing7Test/assets/menu-bundle/BINGO2/script/BingoWinAlert.ts.
16:45:09.833 debug: Resolve file:///D:/Game-Engine%20Projects/Blazing7Test/assets/menu-bundle/BINGO2/script/BingoWinLine.ts from cce:/internal/x/prerequisite-imports as file:///D:/Game-Engine%20Projects/Blazing7Test/assets/menu-bundle/BINGO2/script/BingoWinLine.ts.
16:45:09.833 debug: Resolve file:///D:/Game-Engine%20Projects/Blazing7Test/assets/menu-bundle/BINGO2/script/BingoWinRule.ts from cce:/internal/x/prerequisite-imports as file:///D:/Game-Engine%20Projects/Blazing7Test/assets/menu-bundle/BINGO2/script/BingoWinRule.ts.
16:45:09.833 debug: Resolve file:///D:/Game-Engine%20Projects/Blazing7Test/assets/menu-bundle/BLAZING_7S_SCRATCH/script/BundleTrajectory7s.ts from cce:/internal/x/prerequisite-imports as file:///D:/Game-Engine%20Projects/Blazing7Test/assets/menu-bundle/BLAZING_7S_SCRATCH/script/BundleTrajectory7s.ts.
16:45:09.833 debug: Resolve file:///D:/Game-Engine%20Projects/Blazing7Test/assets/menu-bundle/BLAZING_7S_SCRATCH/script/CardFragmentView.ts from cce:/internal/x/prerequisite-imports as file:///D:/Game-Engine%20Projects/Blazing7Test/assets/menu-bundle/BLAZING_7S_SCRATCH/script/CardFragmentView.ts.
16:45:09.833 debug: Resolve file:///D:/Game-Engine%20Projects/Blazing7Test/assets/menu-bundle/BLAZING_7S_SCRATCH/script/CardReview7s.ts from cce:/internal/x/prerequisite-imports as file:///D:/Game-Engine%20Projects/Blazing7Test/assets/menu-bundle/BLAZING_7S_SCRATCH/script/CardReview7s.ts.
16:45:09.833 debug: Resolve file:///D:/Game-Engine%20Projects/Blazing7Test/assets/menu-bundle/BLAZING_7S_SCRATCH/script/CardReviewMask.ts from cce:/internal/x/prerequisite-imports as file:///D:/Game-Engine%20Projects/Blazing7Test/assets/menu-bundle/BLAZING_7S_SCRATCH/script/CardReviewMask.ts.
16:45:09.834 debug: Resolve file:///D:/Game-Engine%20Projects/Blazing7Test/assets/menu-bundle/BLAZING_7S_SCRATCH/script/CardReviewRenderer.ts from cce:/internal/x/prerequisite-imports as file:///D:/Game-Engine%20Projects/Blazing7Test/assets/menu-bundle/BLAZING_7S_SCRATCH/script/CardReviewRenderer.ts.
16:45:09.834 debug: Resolve file:///D:/Game-Engine%20Projects/Blazing7Test/assets/menu-bundle/BLAZING_7S_SCRATCH/script/CardReviewSystemBlazing.ts from cce:/internal/x/prerequisite-imports as file:///D:/Game-Engine%20Projects/Blazing7Test/assets/menu-bundle/BLAZING_7S_SCRATCH/script/CardReviewSystemBlazing.ts.
16:45:09.834 debug: Resolve file:///D:/Game-Engine%20Projects/Blazing7Test/assets/menu-bundle/BLAZING_7S_SCRATCH/script/CardTypes.ts from cce:/internal/x/prerequisite-imports as file:///D:/Game-Engine%20Projects/Blazing7Test/assets/menu-bundle/BLAZING_7S_SCRATCH/script/CardTypes.ts.
16:45:09.834 debug: Resolve file:///D:/Game-Engine%20Projects/Blazing7Test/assets/menu-bundle/BLAZING_7S_SCRATCH/script/FragmentView.ts from cce:/internal/x/prerequisite-imports as file:///D:/Game-Engine%20Projects/Blazing7Test/assets/menu-bundle/BLAZING_7S_SCRATCH/script/FragmentView.ts.
16:45:09.834 debug: Resolve file:///D:/Game-Engine%20Projects/Blazing7Test/assets/menu-bundle/BLAZING_7S_SCRATCH/script/ScratchAutoPlayer.ts from cce:/internal/x/prerequisite-imports as file:///D:/Game-Engine%20Projects/Blazing7Test/assets/menu-bundle/BLAZING_7S_SCRATCH/script/ScratchAutoPlayer.ts.
16:45:09.834 debug: Resolve file:///D:/Game-Engine%20Projects/Blazing7Test/assets/menu-bundle/BLAZING_7S_SCRATCH/script/ScratchMask.ts from cce:/internal/x/prerequisite-imports as file:///D:/Game-Engine%20Projects/Blazing7Test/assets/menu-bundle/BLAZING_7S_SCRATCH/script/ScratchMask.ts.
16:45:09.834 debug: Resolve file:///D:/Game-Engine%20Projects/Blazing7Test/assets/menu-bundle/BLAZING_7S_SCRATCH/script/ScratchNumber.ts from cce:/internal/x/prerequisite-imports as file:///D:/Game-Engine%20Projects/Blazing7Test/assets/menu-bundle/BLAZING_7S_SCRATCH/script/ScratchNumber.ts.
16:45:09.835 debug: Resolve file:///D:/Game-Engine%20Projects/Blazing7Test/assets/menu-bundle/BLAZING_7S_SCRATCH/script/ScratchRenderer.ts from cce:/internal/x/prerequisite-imports as file:///D:/Game-Engine%20Projects/Blazing7Test/assets/menu-bundle/BLAZING_7S_SCRATCH/script/ScratchRenderer.ts.
16:45:09.835 debug: Resolve file:///D:/Game-Engine%20Projects/Blazing7Test/assets/menu-bundle/BLAZING_7S_SCRATCH/script/ScratchSound.ts from cce:/internal/x/prerequisite-imports as file:///D:/Game-Engine%20Projects/Blazing7Test/assets/menu-bundle/BLAZING_7S_SCRATCH/script/ScratchSound.ts.
16:45:09.835 debug: Resolve file:///D:/Game-Engine%20Projects/Blazing7Test/assets/menu-bundle/BLAZING_7S_SCRATCH/script/ScratchSystem.ts from cce:/internal/x/prerequisite-imports as file:///D:/Game-Engine%20Projects/Blazing7Test/assets/menu-bundle/BLAZING_7S_SCRATCH/script/ScratchSystem.ts.
16:45:09.835 debug: Resolve file:///D:/Game-Engine%20Projects/Blazing7Test/assets/menu-bundle/BLAZING_7S_SCRATCH/script/ScratchTrajectory.ts from cce:/internal/x/prerequisite-imports as file:///D:/Game-Engine%20Projects/Blazing7Test/assets/menu-bundle/BLAZING_7S_SCRATCH/script/ScratchTrajectory.ts.
16:45:09.835 debug: Resolve file:///D:/Game-Engine%20Projects/Blazing7Test/assets/menu-bundle/BLAZING_7S_SCRATCH/script/ScratchTypes.ts from cce:/internal/x/prerequisite-imports as file:///D:/Game-Engine%20Projects/Blazing7Test/assets/menu-bundle/BLAZING_7S_SCRATCH/script/ScratchTypes.ts.
16:45:09.835 debug: Resolve file:///D:/Game-Engine%20Projects/Blazing7Test/assets/menu-bundle/BLAZING_7S_SCRATCH/script/Trajectory.ts from cce:/internal/x/prerequisite-imports as file:///D:/Game-Engine%20Projects/Blazing7Test/assets/menu-bundle/BLAZING_7S_SCRATCH/script/Trajectory.ts.
16:45:09.835 debug: Resolve file:///D:/Game-Engine%20Projects/Blazing7Test/assets/menu-bundle/DEEP_SEA/script/DeepBonusShells.ts from cce:/internal/x/prerequisite-imports as file:///D:/Game-Engine%20Projects/Blazing7Test/assets/menu-bundle/DEEP_SEA/script/DeepBonusShells.ts.
16:45:09.836 debug: Resolve file:///D:/Game-Engine%20Projects/Blazing7Test/assets/menu-bundle/DEEP_SEA/script/DeepSeaBG.ts from cce:/internal/x/prerequisite-imports as file:///D:/Game-Engine%20Projects/Blazing7Test/assets/menu-bundle/DEEP_SEA/script/DeepSeaBG.ts.
16:45:09.836 debug: Resolve file:///D:/Game-Engine%20Projects/Blazing7Test/assets/menu-bundle/DEEP_SEA/script/DeepSeaBaseUI.ts from cce:/internal/x/prerequisite-imports as file:///D:/Game-Engine%20Projects/Blazing7Test/assets/menu-bundle/DEEP_SEA/script/DeepSeaBaseUI.ts.
16:45:09.836 debug: Resolve file:///D:/Game-Engine%20Projects/Blazing7Test/assets/menu-bundle/DEEP_SEA/script/DeepSeaBonus.ts from cce:/internal/x/prerequisite-imports as file:///D:/Game-Engine%20Projects/Blazing7Test/assets/menu-bundle/DEEP_SEA/script/DeepSeaBonus.ts.
16:45:09.836 debug: Resolve file:///D:/Game-Engine%20Projects/Blazing7Test/assets/menu-bundle/DEEP_SEA/script/DeepSeaBonusGame.ts from cce:/internal/x/prerequisite-imports as file:///D:/Game-Engine%20Projects/Blazing7Test/assets/menu-bundle/DEEP_SEA/script/DeepSeaBonusGame.ts.
16:45:09.836 debug: Resolve file:///D:/Game-Engine%20Projects/Blazing7Test/assets/menu-bundle/DEEP_SEA/script/DeepSeaBonusInfo.ts from cce:/internal/x/prerequisite-imports as file:///D:/Game-Engine%20Projects/Blazing7Test/assets/menu-bundle/DEEP_SEA/script/DeepSeaBonusInfo.ts.
16:45:09.836 debug: Resolve file:///D:/Game-Engine%20Projects/Blazing7Test/assets/menu-bundle/DEEP_SEA/script/DeepSeaBonusJackpot.ts from cce:/internal/x/prerequisite-imports as file:///D:/Game-Engine%20Projects/Blazing7Test/assets/menu-bundle/DEEP_SEA/script/DeepSeaBonusJackpot.ts.
16:45:09.836 debug: Resolve file:///D:/Game-Engine%20Projects/Blazing7Test/assets/menu-bundle/DEEP_SEA/script/DeepSeaBonusShellItem.ts from cce:/internal/x/prerequisite-imports as file:///D:/Game-Engine%20Projects/Blazing7Test/assets/menu-bundle/DEEP_SEA/script/DeepSeaBonusShellItem.ts.
16:45:09.837 debug: Resolve file:///D:/Game-Engine%20Projects/Blazing7Test/assets/menu-bundle/DEEP_SEA/script/DeepSeaBonusStone.ts from cce:/internal/x/prerequisite-imports as file:///D:/Game-Engine%20Projects/Blazing7Test/assets/menu-bundle/DEEP_SEA/script/DeepSeaBonusStone.ts.
16:45:09.837 debug: Resolve file:///D:/Game-Engine%20Projects/Blazing7Test/assets/menu-bundle/DEEP_SEA/script/DeepSeaBonusWin.ts from cce:/internal/x/prerequisite-imports as file:///D:/Game-Engine%20Projects/Blazing7Test/assets/menu-bundle/DEEP_SEA/script/DeepSeaBonusWin.ts.
16:45:09.837 debug: Resolve file:///D:/Game-Engine%20Projects/Blazing7Test/assets/menu-bundle/DEEP_SEA/script/DeepSeaBonusWinItem.ts from cce:/internal/x/prerequisite-imports as file:///D:/Game-Engine%20Projects/Blazing7Test/assets/menu-bundle/DEEP_SEA/script/DeepSeaBonusWinItem.ts.
16:45:09.837 debug: Resolve file:///D:/Game-Engine%20Projects/Blazing7Test/assets/menu-bundle/DEEP_SEA/script/DeepSeaBubbleNumItem.ts from cce:/internal/x/prerequisite-imports as file:///D:/Game-Engine%20Projects/Blazing7Test/assets/menu-bundle/DEEP_SEA/script/DeepSeaBubbleNumItem.ts.
16:45:09.837 debug: Resolve file:///D:/Game-Engine%20Projects/Blazing7Test/assets/menu-bundle/DEEP_SEA/script/DeepSeaBubbleScene.ts from cce:/internal/x/prerequisite-imports as file:///D:/Game-Engine%20Projects/Blazing7Test/assets/menu-bundle/DEEP_SEA/script/DeepSeaBubbleScene.ts.
16:45:09.837 debug: Resolve file:///D:/Game-Engine%20Projects/Blazing7Test/assets/menu-bundle/DEEP_SEA/script/DeepSeaBubbles.ts from cce:/internal/x/prerequisite-imports as file:///D:/Game-Engine%20Projects/Blazing7Test/assets/menu-bundle/DEEP_SEA/script/DeepSeaBubbles.ts.
16:45:09.838 debug: Resolve file:///D:/Game-Engine%20Projects/Blazing7Test/assets/menu-bundle/DEEP_SEA/script/DeepSeaCard.ts from cce:/internal/x/prerequisite-imports as file:///D:/Game-Engine%20Projects/Blazing7Test/assets/menu-bundle/DEEP_SEA/script/DeepSeaCard.ts.
16:45:09.838 debug: Resolve file:///D:/Game-Engine%20Projects/Blazing7Test/assets/menu-bundle/DEEP_SEA/script/DeepSeaCardDetails.ts from cce:/internal/x/prerequisite-imports as file:///D:/Game-Engine%20Projects/Blazing7Test/assets/menu-bundle/DEEP_SEA/script/DeepSeaCardDetails.ts.
16:45:09.838 debug: Resolve file:///D:/Game-Engine%20Projects/Blazing7Test/assets/menu-bundle/DEEP_SEA/script/DeepSeaCloudFloat.ts from cce:/internal/x/prerequisite-imports as file:///D:/Game-Engine%20Projects/Blazing7Test/assets/menu-bundle/DEEP_SEA/script/DeepSeaCloudFloat.ts.
16:45:09.838 debug: Resolve file:///D:/Game-Engine%20Projects/Blazing7Test/assets/menu-bundle/DEEP_SEA/script/DeepSeaFish.ts from cce:/internal/x/prerequisite-imports as file:///D:/Game-Engine%20Projects/Blazing7Test/assets/menu-bundle/DEEP_SEA/script/DeepSeaFish.ts.
16:45:09.838 debug: Resolve file:///D:/Game-Engine%20Projects/Blazing7Test/assets/menu-bundle/DEEP_SEA/script/DeepSeaGameRecord.ts from cce:/internal/x/prerequisite-imports as file:///D:/Game-Engine%20Projects/Blazing7Test/assets/menu-bundle/DEEP_SEA/script/DeepSeaGameRecord.ts.
16:45:09.838 debug: Resolve file:///D:/Game-Engine%20Projects/Blazing7Test/assets/menu-bundle/DEEP_SEA/script/DeepSeaMainGame.ts from cce:/internal/x/prerequisite-imports as file:///D:/Game-Engine%20Projects/Blazing7Test/assets/menu-bundle/DEEP_SEA/script/DeepSeaMainGame.ts.
16:45:09.838 debug: Resolve file:///D:/Game-Engine%20Projects/Blazing7Test/assets/menu-bundle/DEEP_SEA/script/DeepSeaMyNumber.ts from cce:/internal/x/prerequisite-imports as file:///D:/Game-Engine%20Projects/Blazing7Test/assets/menu-bundle/DEEP_SEA/script/DeepSeaMyNumber.ts.
16:45:09.839 debug: Resolve file:///D:/Game-Engine%20Projects/Blazing7Test/assets/menu-bundle/DEEP_SEA/script/DeepSeaReview.ts from cce:/internal/x/prerequisite-imports as file:///D:/Game-Engine%20Projects/Blazing7Test/assets/menu-bundle/DEEP_SEA/script/DeepSeaReview.ts.
16:45:09.839 debug: Resolve file:///D:/Game-Engine%20Projects/Blazing7Test/assets/menu-bundle/DEEP_SEA/script/DeepSeaSceneTranstion.ts from cce:/internal/x/prerequisite-imports as file:///D:/Game-Engine%20Projects/Blazing7Test/assets/menu-bundle/DEEP_SEA/script/DeepSeaSceneTranstion.ts.
16:45:09.839 debug: Resolve file:///D:/Game-Engine%20Projects/Blazing7Test/assets/menu-bundle/DEEP_SEA/script/DeepSeaSuperBonus.ts from cce:/internal/x/prerequisite-imports as file:///D:/Game-Engine%20Projects/Blazing7Test/assets/menu-bundle/DEEP_SEA/script/DeepSeaSuperBonus.ts.
16:45:09.839 debug: Resolve file:///D:/Game-Engine%20Projects/Blazing7Test/assets/menu-bundle/DEEP_SEA/script/DeepSeaSuperBonusGame.ts from cce:/internal/x/prerequisite-imports as file:///D:/Game-Engine%20Projects/Blazing7Test/assets/menu-bundle/DEEP_SEA/script/DeepSeaSuperBonusGame.ts.
16:45:09.839 debug: Resolve file:///D:/Game-Engine%20Projects/Blazing7Test/assets/menu-bundle/DEEP_SEA/script/DeepSeaWater.ts from cce:/internal/x/prerequisite-imports as file:///D:/Game-Engine%20Projects/Blazing7Test/assets/menu-bundle/DEEP_SEA/script/DeepSeaWater.ts.
16:45:09.840 debug: Resolve file:///D:/Game-Engine%20Projects/Blazing7Test/assets/menu-bundle/DEEP_SEA/script/DeepSeaWinNum.ts from cce:/internal/x/prerequisite-imports as file:///D:/Game-Engine%20Projects/Blazing7Test/assets/menu-bundle/DEEP_SEA/script/DeepSeaWinNum.ts.
16:45:09.840 debug: Resolve file:///D:/Game-Engine%20Projects/Blazing7Test/assets/menu-bundle/DEEP_SEA/script/data/DeepSeaAudio.ts from cce:/internal/x/prerequisite-imports as file:///D:/Game-Engine%20Projects/Blazing7Test/assets/menu-bundle/DEEP_SEA/script/data/DeepSeaAudio.ts.
16:45:09.840 debug: Resolve file:///D:/Game-Engine%20Projects/Blazing7Test/assets/menu-bundle/DEEP_SEA/script/data/DeepSeaCardData.ts from cce:/internal/x/prerequisite-imports as file:///D:/Game-Engine%20Projects/Blazing7Test/assets/menu-bundle/DEEP_SEA/script/data/DeepSeaCardData.ts.
16:45:09.840 debug: Resolve file:///D:/Game-Engine%20Projects/Blazing7Test/assets/menu-bundle/DEEP_SEA/script/data/DeepSeaEvent.ts from cce:/internal/x/prerequisite-imports as file:///D:/Game-Engine%20Projects/Blazing7Test/assets/menu-bundle/DEEP_SEA/script/data/DeepSeaEvent.ts.
16:45:09.840 debug: Resolve file:///D:/Game-Engine%20Projects/Blazing7Test/assets/menu-bundle/DEEP_SEA/script/data/DeepSeaRes.ts from cce:/internal/x/prerequisite-imports as file:///D:/Game-Engine%20Projects/Blazing7Test/assets/menu-bundle/DEEP_SEA/script/data/DeepSeaRes.ts.
16:45:09.841 debug: Resolve file:///D:/Game-Engine%20Projects/Blazing7Test/assets/menu-bundle/GINTO_MATCH/script/BundleTrajectoryGinto.ts from cce:/internal/x/prerequisite-imports as file:///D:/Game-Engine%20Projects/Blazing7Test/assets/menu-bundle/GINTO_MATCH/script/BundleTrajectoryGinto.ts.
16:45:09.841 debug: Resolve file:///D:/Game-Engine%20Projects/Blazing7Test/assets/menu-bundle/GINTO_MATCH/script/CardFragmentView.ts from cce:/internal/x/prerequisite-imports as file:///D:/Game-Engine%20Projects/Blazing7Test/assets/menu-bundle/GINTO_MATCH/script/CardFragmentView.ts.
16:45:09.841 debug: Resolve file:///D:/Game-Engine%20Projects/Blazing7Test/assets/menu-bundle/GINTO_MATCH/script/CardReviewGinto.ts from cce:/internal/x/prerequisite-imports as file:///D:/Game-Engine%20Projects/Blazing7Test/assets/menu-bundle/GINTO_MATCH/script/CardReviewGinto.ts.
16:45:09.841 debug: Resolve file:///D:/Game-Engine%20Projects/Blazing7Test/assets/menu-bundle/GINTO_MATCH/script/CardReviewMask.ts from cce:/internal/x/prerequisite-imports as file:///D:/Game-Engine%20Projects/Blazing7Test/assets/menu-bundle/GINTO_MATCH/script/CardReviewMask.ts.
16:45:09.841 debug: Resolve file:///D:/Game-Engine%20Projects/Blazing7Test/assets/menu-bundle/GINTO_MATCH/script/CardReviewRenderer.ts from cce:/internal/x/prerequisite-imports as file:///D:/Game-Engine%20Projects/Blazing7Test/assets/menu-bundle/GINTO_MATCH/script/CardReviewRenderer.ts.
16:45:09.841 debug: Resolve file:///D:/Game-Engine%20Projects/Blazing7Test/assets/menu-bundle/GINTO_MATCH/script/CardReviewSystem.ts from cce:/internal/x/prerequisite-imports as file:///D:/Game-Engine%20Projects/Blazing7Test/assets/menu-bundle/GINTO_MATCH/script/CardReviewSystem.ts.
16:45:09.841 debug: Resolve file:///D:/Game-Engine%20Projects/Blazing7Test/assets/menu-bundle/GINTO_MATCH/script/CardTypes.ts from cce:/internal/x/prerequisite-imports as file:///D:/Game-Engine%20Projects/Blazing7Test/assets/menu-bundle/GINTO_MATCH/script/CardTypes.ts.
16:45:09.842 debug: Resolve file:///D:/Game-Engine%20Projects/Blazing7Test/assets/menu-bundle/GINTO_MATCH/script/FragmentView.ts from cce:/internal/x/prerequisite-imports as file:///D:/Game-Engine%20Projects/Blazing7Test/assets/menu-bundle/GINTO_MATCH/script/FragmentView.ts.
16:45:09.842 debug: Resolve file:///D:/Game-Engine%20Projects/Blazing7Test/assets/menu-bundle/GINTO_MATCH/script/ScratchAutoPlayer.ts from cce:/internal/x/prerequisite-imports as file:///D:/Game-Engine%20Projects/Blazing7Test/assets/menu-bundle/GINTO_MATCH/script/ScratchAutoPlayer.ts.
16:45:09.842 debug: Resolve file:///D:/Game-Engine%20Projects/Blazing7Test/assets/menu-bundle/GINTO_MATCH/script/ScratchMask.ts from cce:/internal/x/prerequisite-imports as file:///D:/Game-Engine%20Projects/Blazing7Test/assets/menu-bundle/GINTO_MATCH/script/ScratchMask.ts.
16:45:09.842 debug: Resolve file:///D:/Game-Engine%20Projects/Blazing7Test/assets/menu-bundle/GINTO_MATCH/script/ScratchRenderer.ts from cce:/internal/x/prerequisite-imports as file:///D:/Game-Engine%20Projects/Blazing7Test/assets/menu-bundle/GINTO_MATCH/script/ScratchRenderer.ts.
16:45:09.842 debug: Resolve file:///D:/Game-Engine%20Projects/Blazing7Test/assets/menu-bundle/GINTO_MATCH/script/ScratchSound.ts from cce:/internal/x/prerequisite-imports as file:///D:/Game-Engine%20Projects/Blazing7Test/assets/menu-bundle/GINTO_MATCH/script/ScratchSound.ts.
16:45:09.843 debug: Resolve file:///D:/Game-Engine%20Projects/Blazing7Test/assets/menu-bundle/GINTO_MATCH/script/ScratchSystem.ts from cce:/internal/x/prerequisite-imports as file:///D:/Game-Engine%20Projects/Blazing7Test/assets/menu-bundle/GINTO_MATCH/script/ScratchSystem.ts.
16:45:09.843 debug: Resolve file:///D:/Game-Engine%20Projects/Blazing7Test/assets/menu-bundle/GINTO_MATCH/script/ScratchTrajectory.ts from cce:/internal/x/prerequisite-imports as file:///D:/Game-Engine%20Projects/Blazing7Test/assets/menu-bundle/GINTO_MATCH/script/ScratchTrajectory.ts.
16:45:09.843 debug: Resolve file:///D:/Game-Engine%20Projects/Blazing7Test/assets/menu-bundle/GINTO_MATCH/script/ScratchTypes.ts from cce:/internal/x/prerequisite-imports as file:///D:/Game-Engine%20Projects/Blazing7Test/assets/menu-bundle/GINTO_MATCH/script/ScratchTypes.ts.
16:45:09.843 debug: Resolve file:///D:/Game-Engine%20Projects/Blazing7Test/assets/menu-bundle/LUCKY_COLORS2/script/LuckyColor_CCFlopCard.ts from cce:/internal/x/prerequisite-imports as file:///D:/Game-Engine%20Projects/Blazing7Test/assets/menu-bundle/LUCKY_COLORS2/script/LuckyColor_CCFlopCard.ts.
16:45:09.843 debug: Resolve file:///D:/Game-Engine%20Projects/Blazing7Test/assets/menu-bundle/LUCKY_COLORS2/script/LuckyColor_Card.ts from cce:/internal/x/prerequisite-imports as file:///D:/Game-Engine%20Projects/Blazing7Test/assets/menu-bundle/LUCKY_COLORS2/script/LuckyColor_Card.ts.
16:45:09.843 debug: Resolve file:///D:/Game-Engine%20Projects/Blazing7Test/assets/menu-bundle/LUCKY_COLORS2/script/LuckyColor_CardItemColor.ts from cce:/internal/x/prerequisite-imports as file:///D:/Game-Engine%20Projects/Blazing7Test/assets/menu-bundle/LUCKY_COLORS2/script/LuckyColor_CardItemColor.ts.
16:45:09.843 debug: Resolve file:///D:/Game-Engine%20Projects/Blazing7Test/assets/menu-bundle/LUCKY_COLORS2/script/LuckyColor_CardReview.ts from cce:/internal/x/prerequisite-imports as file:///D:/Game-Engine%20Projects/Blazing7Test/assets/menu-bundle/LUCKY_COLORS2/script/LuckyColor_CardReview.ts.
16:45:09.844 debug: Resolve file:///D:/Game-Engine%20Projects/Blazing7Test/assets/menu-bundle/LUCKY_COLORS2/script/LuckyColor_Color_Win.ts from cce:/internal/x/prerequisite-imports as file:///D:/Game-Engine%20Projects/Blazing7Test/assets/menu-bundle/LUCKY_COLORS2/script/LuckyColor_Color_Win.ts.
16:45:09.844 debug: Resolve file:///D:/Game-Engine%20Projects/Blazing7Test/assets/menu-bundle/LUCKY_COLORS2/script/LuckyColor_Default_Card.ts from cce:/internal/x/prerequisite-imports as file:///D:/Game-Engine%20Projects/Blazing7Test/assets/menu-bundle/LUCKY_COLORS2/script/LuckyColor_Default_Card.ts.
16:45:09.844 debug: Resolve file:///D:/Game-Engine%20Projects/Blazing7Test/assets/menu-bundle/LUCKY_COLORS2/script/LuckyColor_HelpView.ts from cce:/internal/x/prerequisite-imports as file:///D:/Game-Engine%20Projects/Blazing7Test/assets/menu-bundle/LUCKY_COLORS2/script/LuckyColor_HelpView.ts.
16:45:09.844 debug: Resolve file:///D:/Game-Engine%20Projects/Blazing7Test/assets/menu-bundle/LUCKY_COLORS2/script/LuckyColor_ScratchBonus.ts from cce:/internal/x/prerequisite-imports as file:///D:/Game-Engine%20Projects/Blazing7Test/assets/menu-bundle/LUCKY_COLORS2/script/LuckyColor_ScratchBonus.ts.
16:45:09.844 debug: Resolve file:///D:/Game-Engine%20Projects/Blazing7Test/assets/menu-bundle/PIKA2/script/BundleCardDetailFoodItem.ts from cce:/internal/x/prerequisite-imports as file:///D:/Game-Engine%20Projects/Blazing7Test/assets/menu-bundle/PIKA2/script/BundleCardDetailFoodItem.ts.
16:45:09.844 debug: Resolve file:///D:/Game-Engine%20Projects/Blazing7Test/assets/menu-bundle/PIKA2/script/BundleLeafItem.ts from cce:/internal/x/prerequisite-imports as file:///D:/Game-Engine%20Projects/Blazing7Test/assets/menu-bundle/PIKA2/script/BundleLeafItem.ts.
16:45:09.844 debug: Resolve file:///D:/Game-Engine%20Projects/Blazing7Test/assets/menu-bundle/PIKA2/script/BundleLeafManager.ts from cce:/internal/x/prerequisite-imports as file:///D:/Game-Engine%20Projects/Blazing7Test/assets/menu-bundle/PIKA2/script/BundleLeafManager.ts.
16:45:09.844 debug: Resolve file:///D:/Game-Engine%20Projects/Blazing7Test/assets/menu-bundle/PIKA2/script/BundlePikaCardTrajectoryComponent.ts from cce:/internal/x/prerequisite-imports as file:///D:/Game-Engine%20Projects/Blazing7Test/assets/menu-bundle/PIKA2/script/BundlePikaCardTrajectoryComponent.ts.
16:45:09.845 debug: Resolve file:///D:/Game-Engine%20Projects/Blazing7Test/assets/menu-bundle/PIKA2/script/BundleTrajectory.ts from cce:/internal/x/prerequisite-imports as file:///D:/Game-Engine%20Projects/Blazing7Test/assets/menu-bundle/PIKA2/script/BundleTrajectory.ts.
16:45:09.845 debug: Resolve file:///D:/Game-Engine%20Projects/Blazing7Test/assets/menu-bundle/script/api/GameApi.ts from cce:/internal/x/prerequisite-imports as file:///D:/Game-Engine%20Projects/Blazing7Test/assets/menu-bundle/script/api/GameApi.ts.
16:45:09.845 debug: Resolve file:///D:/Game-Engine%20Projects/Blazing7Test/assets/menu-bundle/script/base/BundleBasePanel.ts from cce:/internal/x/prerequisite-imports as file:///D:/Game-Engine%20Projects/Blazing7Test/assets/menu-bundle/script/base/BundleBasePanel.ts.
16:45:09.845 debug: Resolve file:///D:/Game-Engine%20Projects/Blazing7Test/assets/menu-bundle/script/base/BundleBaseUI.ts from cce:/internal/x/prerequisite-imports as file:///D:/Game-Engine%20Projects/Blazing7Test/assets/menu-bundle/script/base/BundleBaseUI.ts.
16:45:09.845 debug: Resolve file:///D:/Game-Engine%20Projects/Blazing7Test/assets/menu-bundle/script/base/BundleSingleButton.ts from cce:/internal/x/prerequisite-imports as file:///D:/Game-Engine%20Projects/Blazing7Test/assets/menu-bundle/script/base/BundleSingleButton.ts.
16:45:09.845 debug: Resolve file:///D:/Game-Engine%20Projects/Blazing7Test/assets/menu-bundle/script/eui/BundleUIKeys.ts from cce:/internal/x/prerequisite-imports as file:///D:/Game-Engine%20Projects/Blazing7Test/assets/menu-bundle/script/eui/BundleUIKeys.ts.
16:45:09.845 debug: Resolve file:///D:/Game-Engine%20Projects/Blazing7Test/assets/menu-bundle/script/interfaces/IMenuDependencies.ts from cce:/internal/x/prerequisite-imports as file:///D:/Game-Engine%20Projects/Blazing7Test/assets/menu-bundle/script/interfaces/IMenuDependencies.ts.
16:45:09.846 debug: Resolve file:///D:/Game-Engine%20Projects/Blazing7Test/assets/menu-bundle/script/manager/MessageFlag.ts from cce:/internal/x/prerequisite-imports as file:///D:/Game-Engine%20Projects/Blazing7Test/assets/menu-bundle/script/manager/MessageFlag.ts.
16:45:09.846 debug: Resolve file:///D:/Game-Engine%20Projects/Blazing7Test/assets/menu-bundle/script/types/AniType.ts from cce:/internal/x/prerequisite-imports as file:///D:/Game-Engine%20Projects/Blazing7Test/assets/menu-bundle/script/types/AniType.ts.
16:45:09.846 debug: Resolve file:///D:/Game-Engine%20Projects/Blazing7Test/assets/menu-bundle/script/utils/BundleGameUtils.ts from cce:/internal/x/prerequisite-imports as file:///D:/Game-Engine%20Projects/Blazing7Test/assets/menu-bundle/script/utils/BundleGameUtils.ts.
16:45:09.846 debug: Resolve file:///D:/Game-Engine%20Projects/Blazing7Test/assets/menu-bundle/script/utils/analytics_bridge.ts from cce:/internal/x/prerequisite-imports as file:///D:/Game-Engine%20Projects/Blazing7Test/assets/menu-bundle/script/utils/analytics_bridge.ts.
16:45:09.846 debug: Resolve file:///D:/Game-Engine%20Projects/Blazing7Test/assets/menu-bundle/script/utils/logger.ts from cce:/internal/x/prerequisite-imports as file:///D:/Game-Engine%20Projects/Blazing7Test/assets/menu-bundle/script/utils/logger.ts.
16:45:09.846 debug: Resolve file:///D:/Game-Engine%20Projects/Blazing7Test/assets/menu-bundle/script/view/BundleBigWin.ts from cce:/internal/x/prerequisite-imports as file:///D:/Game-Engine%20Projects/Blazing7Test/assets/menu-bundle/script/view/BundleBigWin.ts.
16:45:09.846 debug: Resolve file:///D:/Game-Engine%20Projects/Blazing7Test/assets/menu-bundle/script/view/BundleBigWinItem.ts from cce:/internal/x/prerequisite-imports as file:///D:/Game-Engine%20Projects/Blazing7Test/assets/menu-bundle/script/view/BundleBigWinItem.ts.
16:45:09.846 debug: Resolve file:///D:/Game-Engine%20Projects/Blazing7Test/assets/menu-bundle/script/view/BundleCardDetail.ts from cce:/internal/x/prerequisite-imports as file:///D:/Game-Engine%20Projects/Blazing7Test/assets/menu-bundle/script/view/BundleCardDetail.ts.
16:45:09.847 debug: Resolve file:///D:/Game-Engine%20Projects/Blazing7Test/assets/menu-bundle/script/view/BundleCardInfoItem.ts from cce:/internal/x/prerequisite-imports as file:///D:/Game-Engine%20Projects/Blazing7Test/assets/menu-bundle/script/view/BundleCardInfoItem.ts.
16:45:09.847 debug: Resolve file:///D:/Game-Engine%20Projects/Blazing7Test/assets/menu-bundle/script/view/BundleCardSale.ts from cce:/internal/x/prerequisite-imports as file:///D:/Game-Engine%20Projects/Blazing7Test/assets/menu-bundle/script/view/BundleCardSale.ts.
16:45:09.847 debug: Resolve file:///D:/Game-Engine%20Projects/Blazing7Test/assets/menu-bundle/script/view/BundleCardSaleItem.ts from cce:/internal/x/prerequisite-imports as file:///D:/Game-Engine%20Projects/Blazing7Test/assets/menu-bundle/script/view/BundleCardSaleItem.ts.
16:45:09.847 debug: Resolve file:///D:/Game-Engine%20Projects/Blazing7Test/assets/menu-bundle/script/view/BundleFiltter.ts from cce:/internal/x/prerequisite-imports as file:///D:/Game-Engine%20Projects/Blazing7Test/assets/menu-bundle/script/view/BundleFiltter.ts.
16:45:09.847 debug: Resolve file:///D:/Game-Engine%20Projects/Blazing7Test/assets/menu-bundle/script/view/BundleGameItem.ts from cce:/internal/x/prerequisite-imports as file:///D:/Game-Engine%20Projects/Blazing7Test/assets/menu-bundle/script/view/BundleGameItem.ts.
16:45:09.847 debug: Resolve file:///D:/Game-Engine%20Projects/Blazing7Test/assets/menu-bundle/script/view/BundleGameRecords.ts from cce:/internal/x/prerequisite-imports as file:///D:/Game-Engine%20Projects/Blazing7Test/assets/menu-bundle/script/view/BundleGameRecords.ts.
16:45:09.892 debug: Resolve file:///D:/Game-Engine%20Projects/Blazing7Test/assets/menu-bundle/script/view/BundleGameRules.ts from cce:/internal/x/prerequisite-imports as file:///D:/Game-Engine%20Projects/Blazing7Test/assets/menu-bundle/script/view/BundleGameRules.ts.
16:45:09.892 debug: Resolve file:///D:/Game-Engine%20Projects/Blazing7Test/assets/menu-bundle/script/view/BundleGrandPirzeItem.ts from cce:/internal/x/prerequisite-imports as file:///D:/Game-Engine%20Projects/Blazing7Test/assets/menu-bundle/script/view/BundleGrandPirzeItem.ts.
16:45:09.892 debug: Resolve file:///D:/Game-Engine%20Projects/Blazing7Test/assets/menu-bundle/script/view/BundleGrandPrize.ts from cce:/internal/x/prerequisite-imports as file:///D:/Game-Engine%20Projects/Blazing7Test/assets/menu-bundle/script/view/BundleGrandPrize.ts.
16:45:09.892 debug: Resolve file:///D:/Game-Engine%20Projects/Blazing7Test/assets/menu-bundle/script/view/BundleHonorBoard.ts from cce:/internal/x/prerequisite-imports as file:///D:/Game-Engine%20Projects/Blazing7Test/assets/menu-bundle/script/view/BundleHonorBoard.ts.
16:45:09.892 debug: Resolve file:///D:/Game-Engine%20Projects/Blazing7Test/assets/menu-bundle/script/view/BundleMenu.ts from cce:/internal/x/prerequisite-imports as file:///D:/Game-Engine%20Projects/Blazing7Test/assets/menu-bundle/script/view/BundleMenu.ts.
16:45:09.892 debug: Resolve file:///D:/Game-Engine%20Projects/Blazing7Test/assets/menu-bundle/script/view/BundleOtherGames.ts from cce:/internal/x/prerequisite-imports as file:///D:/Game-Engine%20Projects/Blazing7Test/assets/menu-bundle/script/view/BundleOtherGames.ts.
16:45:09.892 debug: Resolve file:///D:/Game-Engine%20Projects/Blazing7Test/assets/menu-bundle/script/view/BundleRecordItem.ts from cce:/internal/x/prerequisite-imports as file:///D:/Game-Engine%20Projects/Blazing7Test/assets/menu-bundle/script/view/BundleRecordItem.ts.
16:45:09.892 debug: Resolve file:///D:/Game-Engine%20Projects/Blazing7Test/assets/menu-bundle/script/view/BundleTopItem.ts from cce:/internal/x/prerequisite-imports as file:///D:/Game-Engine%20Projects/Blazing7Test/assets/menu-bundle/script/view/BundleTopItem.ts.
16:45:09.892 debug: Resolve file:///D:/Game-Engine%20Projects/Blazing7Test/assets/menu-bundle/script/view/BundleTopItemCardSale.ts from cce:/internal/x/prerequisite-imports as file:///D:/Game-Engine%20Projects/Blazing7Test/assets/menu-bundle/script/view/BundleTopItemCardSale.ts.
16:45:09.892 debug: Resolve file:///D:/Game-Engine%20Projects/Blazing7Test/assets/menu-bundle/script/view/PopupCardDetail.ts from cce:/internal/x/prerequisite-imports as file:///D:/Game-Engine%20Projects/Blazing7Test/assets/menu-bundle/script/view/PopupCardDetail.ts.
16:45:09.892 debug: Resolve cce:/internal/code-quality/cr.mjs from file:///D:/Game-Engine%20Projects/Blazing7Test/assets/Scripts/UI/PopUp/WinPopUp.ts as cce:/internal/code-quality/cr.mjs.
16:45:09.892 debug: Resolve cc from file:///D:/Game-Engine%20Projects/Blazing7Test/assets/Scripts/UI/PopUp/WinPopUp.ts as cce:/internal/x/cc.
16:45:09.892 debug: Resolve cc from file:///D:/Game-Engine%20Projects/Blazing7Test/assets/Scripts/UI/PopUp/WinPopUp.ts as cce:/internal/x/cc.
16:45:09.892 debug: Resolve cc from file:///D:/Game-Engine%20Projects/Blazing7Test/assets/Scripts/UI/PopUp/WinPopUp.ts as cce:/internal/x/cc.
16:45:09.892 debug: Resolve ../../Managers/AudioManager from file:///D:/Game-Engine%20Projects/Blazing7Test/assets/Scripts/UI/PopUp/WinPopUp.ts as file:///D:/Game-Engine%20Projects/Blazing7Test/assets/Scripts/Managers/AudioManager.ts.
16:45:09.892 debug: Resolve ../../Managers/Services from file:///D:/Game-Engine%20Projects/Blazing7Test/assets/Scripts/UI/PopUp/WinPopUp.ts as file:///D:/Game-Engine%20Projects/Blazing7Test/assets/Scripts/Managers/Services.ts.
16:45:09.892 debug: Resolve ../../Managers/PopUpManager from file:///D:/Game-Engine%20Projects/Blazing7Test/assets/Scripts/UI/PopUp/WinPopUp.ts as file:///D:/Game-Engine%20Projects/Blazing7Test/assets/Scripts/Managers/PopUpManager.ts.
16:45:09.892 debug: Resolve ../../utils/NumberFormatter from file:///D:/Game-Engine%20Projects/Blazing7Test/assets/Scripts/UI/PopUp/WinPopUp.ts as file:///D:/Game-Engine%20Projects/Blazing7Test/assets/Scripts/utils/NumberFormatter.ts.
16:45:09.894 debug: Target(editor) ends with cost 208.39919999998529ms.
16:45:09.895 debug: Target(preview) build started.
16:45:09.896 debug: Detected change: cce:/internal/x/prerequisite-imports. Last mtime: Thu Jan 01 1970 08:03:12 GMT+0800 (Philippine Standard Time), Current mtime: Thu Jan 01 1970 08:04:04 GMT+0800 (Philippine Standard Time)
16:45:09.896 debug: Inspect cce:/internal/x/prerequisite-imports
16:45:09.931 debug: transform url: 'cce:/internal/x/prerequisite-imports' costs: 34.50 ms
16:45:09.932 debug: Resolve file:///C:/ProgramData/cocos/editors/Creator/3.8.5/resources/resources/3d/engine/editor/assets/default_renderpipeline/builtin-dof-pass.ts from cce:/internal/x/prerequisite-imports as file:///C:/ProgramData/cocos/editors/Creator/3.8.5/resources/resources/3d/engine/editor/assets/default_renderpipeline/builtin-dof-pass.ts.
16:45:09.933 debug: Resolve file:///C:/ProgramData/cocos/editors/Creator/3.8.5/resources/resources/3d/engine/editor/assets/default_renderpipeline/builtin-pipeline-pass.ts from cce:/internal/x/prerequisite-imports as file:///C:/ProgramData/cocos/editors/Creator/3.8.5/resources/resources/3d/engine/editor/assets/default_renderpipeline/builtin-pipeline-pass.ts.
16:45:09.934 debug: Resolve file:///C:/ProgramData/cocos/editors/Creator/3.8.5/resources/resources/3d/engine/editor/assets/default_renderpipeline/builtin-pipeline-settings.ts from cce:/internal/x/prerequisite-imports as file:///C:/ProgramData/cocos/editors/Creator/3.8.5/resources/resources/3d/engine/editor/assets/default_renderpipeline/builtin-pipeline-settings.ts.
16:45:09.934 debug: Resolve file:///C:/ProgramData/cocos/editors/Creator/3.8.5/resources/resources/3d/engine/editor/assets/default_renderpipeline/builtin-pipeline-types.ts from cce:/internal/x/prerequisite-imports as file:///C:/ProgramData/cocos/editors/Creator/3.8.5/resources/resources/3d/engine/editor/assets/default_renderpipeline/builtin-pipeline-types.ts.
16:45:09.935 debug: Resolve file:///C:/ProgramData/cocos/editors/Creator/3.8.5/resources/resources/3d/engine/editor/assets/default_renderpipeline/builtin-pipeline.ts from cce:/internal/x/prerequisite-imports as file:///C:/ProgramData/cocos/editors/Creator/3.8.5/resources/resources/3d/engine/editor/assets/default_renderpipeline/builtin-pipeline.ts.
16:45:09.935 debug: Resolve file:///C:/ProgramData/cocos/editors/Creator/3.8.5/resources/resources/3d/engine/editor/assets/tools/debug-view-runtime-control.ts from cce:/internal/x/prerequisite-imports as file:///C:/ProgramData/cocos/editors/Creator/3.8.5/resources/resources/3d/engine/editor/assets/tools/debug-view-runtime-control.ts.
16:45:09.935 debug: Resolve file:///D:/Game-Engine%20Projects/Blazing7Test/assets/Scripts/Api/ApiCore.ts from cce:/internal/x/prerequisite-imports as file:///D:/Game-Engine%20Projects/Blazing7Test/assets/Scripts/Api/ApiCore.ts.
16:45:09.936 debug: Resolve file:///D:/Game-Engine%20Projects/Blazing7Test/assets/Scripts/Api/ApiError.ts from cce:/internal/x/prerequisite-imports as file:///D:/Game-Engine%20Projects/Blazing7Test/assets/Scripts/Api/ApiError.ts.
16:45:09.936 debug: Resolve file:///D:/Game-Engine%20Projects/Blazing7Test/assets/Scripts/Api/ApiManager.ts from cce:/internal/x/prerequisite-imports as file:///D:/Game-Engine%20Projects/Blazing7Test/assets/Scripts/Api/ApiManager.ts.
16:45:09.936 debug: Resolve file:///D:/Game-Engine%20Projects/Blazing7Test/assets/Scripts/Api/GameApi.ts from cce:/internal/x/prerequisite-imports as file:///D:/Game-Engine%20Projects/Blazing7Test/assets/Scripts/Api/GameApi.ts.
16:45:09.936 debug: Resolve file:///D:/Game-Engine%20Projects/Blazing7Test/assets/Scripts/Card/NumberCardView.ts from cce:/internal/x/prerequisite-imports as file:///D:/Game-Engine%20Projects/Blazing7Test/assets/Scripts/Card/NumberCardView.ts.
16:45:09.937 debug: Resolve file:///D:/Game-Engine%20Projects/Blazing7Test/assets/Scripts/Card/ScratchCard.ts from cce:/internal/x/prerequisite-imports as file:///D:/Game-Engine%20Projects/Blazing7Test/assets/Scripts/Card/ScratchCard.ts.
16:45:09.937 debug: Resolve file:///D:/Game-Engine%20Projects/Blazing7Test/assets/Scripts/Card/ScratchCardView.ts from cce:/internal/x/prerequisite-imports as file:///D:/Game-Engine%20Projects/Blazing7Test/assets/Scripts/Card/ScratchCardView.ts.
16:45:09.937 debug: Resolve file:///D:/Game-Engine%20Projects/Blazing7Test/assets/Scripts/Data/GameData.ts from cce:/internal/x/prerequisite-imports as file:///D:/Game-Engine%20Projects/Blazing7Test/assets/Scripts/Data/GameData.ts.
16:45:09.937 debug: Resolve file:///D:/Game-Engine%20Projects/Blazing7Test/assets/Scripts/Data/GameUserInfo.ts from cce:/internal/x/prerequisite-imports as file:///D:/Game-Engine%20Projects/Blazing7Test/assets/Scripts/Data/GameUserInfo.ts.
16:45:09.938 debug: Resolve file:///D:/Game-Engine%20Projects/Blazing7Test/assets/Scripts/Data/TicketData.ts from cce:/internal/x/prerequisite-imports as file:///D:/Game-Engine%20Projects/Blazing7Test/assets/Scripts/Data/TicketData.ts.
16:45:09.938 debug: Resolve file:///D:/Game-Engine%20Projects/Blazing7Test/assets/Scripts/Data/TicketItem.ts from cce:/internal/x/prerequisite-imports as file:///D:/Game-Engine%20Projects/Blazing7Test/assets/Scripts/Data/TicketItem.ts.
16:45:09.938 debug: Resolve file:///D:/Game-Engine%20Projects/Blazing7Test/assets/Scripts/EventListener/BaseEventListener.ts from cce:/internal/x/prerequisite-imports as file:///D:/Game-Engine%20Projects/Blazing7Test/assets/Scripts/EventListener/BaseEventListener.ts.
16:45:09.938 debug: Resolve file:///D:/Game-Engine%20Projects/Blazing7Test/assets/Scripts/Game/DragonsEyeIntro.ts from cce:/internal/x/prerequisite-imports as file:///D:/Game-Engine%20Projects/Blazing7Test/assets/Scripts/Game/DragonsEyeIntro.ts.
16:45:09.939 debug: Resolve file:///D:/Game-Engine%20Projects/Blazing7Test/assets/Scripts/Game/Game.ts from cce:/internal/x/prerequisite-imports as file:///D:/Game-Engine%20Projects/Blazing7Test/assets/Scripts/Game/Game.ts.
16:45:09.939 debug: Resolve file:///D:/Game-Engine%20Projects/Blazing7Test/assets/Scripts/Game/GameOptions.ts from cce:/internal/x/prerequisite-imports as file:///D:/Game-Engine%20Projects/Blazing7Test/assets/Scripts/Game/GameOptions.ts.
16:45:09.939 debug: Resolve file:///D:/Game-Engine%20Projects/Blazing7Test/assets/Scripts/Game/PricePopUpOptions.ts from cce:/internal/x/prerequisite-imports as file:///D:/Game-Engine%20Projects/Blazing7Test/assets/Scripts/Game/PricePopUpOptions.ts.
16:45:09.939 debug: Resolve file:///D:/Game-Engine%20Projects/Blazing7Test/assets/Scripts/Managers/AudioManager.ts from cce:/internal/x/prerequisite-imports as file:///D:/Game-Engine%20Projects/Blazing7Test/assets/Scripts/Managers/AudioManager.ts.
16:45:09.940 debug: Resolve file:///D:/Game-Engine%20Projects/Blazing7Test/assets/Scripts/Managers/GameManager.ts from cce:/internal/x/prerequisite-imports as file:///D:/Game-Engine%20Projects/Blazing7Test/assets/Scripts/Managers/GameManager.ts.
16:45:09.940 debug: Resolve file:///D:/Game-Engine%20Projects/Blazing7Test/assets/Scripts/Managers/PopUpManager.ts from cce:/internal/x/prerequisite-imports as file:///D:/Game-Engine%20Projects/Blazing7Test/assets/Scripts/Managers/PopUpManager.ts.
16:45:09.940 debug: Resolve file:///D:/Game-Engine%20Projects/Blazing7Test/assets/Scripts/Managers/ResourceManager.ts from cce:/internal/x/prerequisite-imports as file:///D:/Game-Engine%20Projects/Blazing7Test/assets/Scripts/Managers/ResourceManager.ts.
16:45:09.941 debug: Resolve file:///D:/Game-Engine%20Projects/Blazing7Test/assets/Scripts/Managers/SceneManager.ts from cce:/internal/x/prerequisite-imports as file:///D:/Game-Engine%20Projects/Blazing7Test/assets/Scripts/Managers/SceneManager.ts.
16:45:09.941 debug: Resolve file:///D:/Game-Engine%20Projects/Blazing7Test/assets/Scripts/Managers/Services.ts from cce:/internal/x/prerequisite-imports as file:///D:/Game-Engine%20Projects/Blazing7Test/assets/Scripts/Managers/Services.ts.
16:45:09.941 debug: Resolve file:///D:/Game-Engine%20Projects/Blazing7Test/assets/Scripts/Managers/WebsocketManager.ts from cce:/internal/x/prerequisite-imports as file:///D:/Game-Engine%20Projects/Blazing7Test/assets/Scripts/Managers/WebsocketManager.ts.
16:45:09.941 debug: Resolve file:///D:/Game-Engine%20Projects/Blazing7Test/assets/Scripts/Managers/WinBroadcastManager.ts from cce:/internal/x/prerequisite-imports as file:///D:/Game-Engine%20Projects/Blazing7Test/assets/Scripts/Managers/WinBroadcastManager.ts.
16:45:09.941 debug: Resolve file:///D:/Game-Engine%20Projects/Blazing7Test/assets/Scripts/Managers/WsConfig.ts from cce:/internal/x/prerequisite-imports as file:///D:/Game-Engine%20Projects/Blazing7Test/assets/Scripts/Managers/WsConfig.ts.
16:45:09.941 debug: Resolve file:///D:/Game-Engine%20Projects/Blazing7Test/assets/Scripts/Scratch/FragmentView.ts from cce:/internal/x/prerequisite-imports as file:///D:/Game-Engine%20Projects/Blazing7Test/assets/Scripts/Scratch/FragmentView.ts.
16:45:09.942 debug: Resolve file:///D:/Game-Engine%20Projects/Blazing7Test/assets/Scripts/Scratch/ScratchMask.ts from cce:/internal/x/prerequisite-imports as file:///D:/Game-Engine%20Projects/Blazing7Test/assets/Scripts/Scratch/ScratchMask.ts.
16:45:09.942 debug: Resolve file:///D:/Game-Engine%20Projects/Blazing7Test/assets/Scripts/Scratch/ScratchRenderer.ts from cce:/internal/x/prerequisite-imports as file:///D:/Game-Engine%20Projects/Blazing7Test/assets/Scripts/Scratch/ScratchRenderer.ts.
16:45:09.942 debug: Resolve file:///D:/Game-Engine%20Projects/Blazing7Test/assets/Scripts/Scratch/ScratchSystem.ts from cce:/internal/x/prerequisite-imports as file:///D:/Game-Engine%20Projects/Blazing7Test/assets/Scripts/Scratch/ScratchSystem.ts.
16:45:09.942 debug: Resolve file:///D:/Game-Engine%20Projects/Blazing7Test/assets/Scripts/Scratch/ScratchTrajectory.ts from cce:/internal/x/prerequisite-imports as file:///D:/Game-Engine%20Projects/Blazing7Test/assets/Scripts/Scratch/ScratchTrajectory.ts.
16:45:09.943 debug: Resolve file:///D:/Game-Engine%20Projects/Blazing7Test/assets/Scripts/Scratch/ScratchTypes.ts from cce:/internal/x/prerequisite-imports as file:///D:/Game-Engine%20Projects/Blazing7Test/assets/Scripts/Scratch/ScratchTypes.ts.
16:45:09.943 debug: Resolve file:///D:/Game-Engine%20Projects/Blazing7Test/assets/Scripts/Types/announcement.types.ts from cce:/internal/x/prerequisite-imports as file:///D:/Game-Engine%20Projects/Blazing7Test/assets/Scripts/Types/announcement.types.ts.
16:45:09.943 debug: Resolve file:///D:/Game-Engine%20Projects/Blazing7Test/assets/Scripts/Types/api.types.ts from cce:/internal/x/prerequisite-imports as file:///D:/Game-Engine%20Projects/Blazing7Test/assets/Scripts/Types/api.types.ts.
16:45:09.943 debug: Resolve file:///D:/Game-Engine%20Projects/Blazing7Test/assets/Scripts/Types/card.types.ts from cce:/internal/x/prerequisite-imports as file:///D:/Game-Engine%20Projects/Blazing7Test/assets/Scripts/Types/card.types.ts.
16:45:09.943 debug: Resolve file:///D:/Game-Engine%20Projects/Blazing7Test/assets/Scripts/Types/game.types.ts from cce:/internal/x/prerequisite-imports as file:///D:/Game-Engine%20Projects/Blazing7Test/assets/Scripts/Types/game.types.ts.
16:45:09.944 debug: Resolve file:///D:/Game-Engine%20Projects/Blazing7Test/assets/Scripts/Types/index.ts from cce:/internal/x/prerequisite-imports as file:///D:/Game-Engine%20Projects/Blazing7Test/assets/Scripts/Types/index.ts.
16:45:09.944 debug: Resolve file:///D:/Game-Engine%20Projects/Blazing7Test/assets/Scripts/Types/ranking.types.ts from cce:/internal/x/prerequisite-imports as file:///D:/Game-Engine%20Projects/Blazing7Test/assets/Scripts/Types/ranking.types.ts.
16:45:09.944 debug: Resolve file:///D:/Game-Engine%20Projects/Blazing7Test/assets/Scripts/Types/ticket.types.ts from cce:/internal/x/prerequisite-imports as file:///D:/Game-Engine%20Projects/Blazing7Test/assets/Scripts/Types/ticket.types.ts.
16:45:09.944 debug: Resolve file:///D:/Game-Engine%20Projects/Blazing7Test/assets/Scripts/Types/ui.types.ts from cce:/internal/x/prerequisite-imports as file:///D:/Game-Engine%20Projects/Blazing7Test/assets/Scripts/Types/ui.types.ts.
16:45:09.944 debug: Resolve file:///D:/Game-Engine%20Projects/Blazing7Test/assets/Scripts/Types/user.types.ts from cce:/internal/x/prerequisite-imports as file:///D:/Game-Engine%20Projects/Blazing7Test/assets/Scripts/Types/user.types.ts.
16:45:09.944 debug: Resolve file:///D:/Game-Engine%20Projects/Blazing7Test/assets/Scripts/UI/InteractableUIs/SingleButton.ts from cce:/internal/x/prerequisite-imports as file:///D:/Game-Engine%20Projects/Blazing7Test/assets/Scripts/UI/InteractableUIs/SingleButton.ts.
16:45:09.945 debug: Resolve file:///D:/Game-Engine%20Projects/Blazing7Test/assets/Scripts/UI/LastWin.ts from cce:/internal/x/prerequisite-imports as file:///D:/Game-Engine%20Projects/Blazing7Test/assets/Scripts/UI/LastWin.ts.
16:45:09.945 debug: Resolve file:///D:/Game-Engine%20Projects/Blazing7Test/assets/Scripts/UI/PopUp/MaxWinToasterPopUp.ts from cce:/internal/x/prerequisite-imports as file:///D:/Game-Engine%20Projects/Blazing7Test/assets/Scripts/UI/PopUp/MaxWinToasterPopUp.ts.
16:45:09.945 debug: Resolve file:///D:/Game-Engine%20Projects/Blazing7Test/assets/Scripts/UI/PopUp/WinPopUp.ts from cce:/internal/x/prerequisite-imports as file:///D:/Game-Engine%20Projects/Blazing7Test/assets/Scripts/UI/PopUp/WinPopUp.ts.
16:45:09.945 debug: Detected change: file:///D:/Game-Engine%20Projects/Blazing7Test/assets/Scripts/UI/PopUp/WinPopUp.ts. Last mtime: Thu May 14 2026 16:04:30 GMT+0800 (Philippine Standard Time)@466bd5ad-b1a1-4ee1-b5f2-11344d7989de, Current mtime: Thu May 14 2026 16:45:08 GMT+0800 (Philippine Standard Time)@466bd5ad-b1a1-4ee1-b5f2-11344d7989de
16:45:09.945 debug: Inspect file:///D:/Game-Engine%20Projects/Blazing7Test/assets/Scripts/UI/PopUp/WinPopUp.ts
16:45:10.096 debug: transform url: 'file:///D:/Game-Engine%20Projects/Blazing7Test/assets/Scripts/UI/PopUp/WinPopUp.ts' costs: 151.20 ms
16:45:10.098 debug: Resolve file:///D:/Game-Engine%20Projects/Blazing7Test/assets/Scripts/UI/PopUp/WinnerBroadcastPopUp.ts from cce:/internal/x/prerequisite-imports as file:///D:/Game-Engine%20Projects/Blazing7Test/assets/Scripts/UI/PopUp/WinnerBroadcastPopUp.ts.
16:45:10.099 debug: Resolve file:///D:/Game-Engine%20Projects/Blazing7Test/assets/Scripts/UI/Scenes/Game/ScrollingBackground.ts from cce:/internal/x/prerequisite-imports as file:///D:/Game-Engine%20Projects/Blazing7Test/assets/Scripts/UI/Scenes/Game/ScrollingBackground.ts.
16:45:10.099 debug: Resolve file:///D:/Game-Engine%20Projects/Blazing7Test/assets/Scripts/UI/Scenes/Loading/LoadingBar.ts from cce:/internal/x/prerequisite-imports as file:///D:/Game-Engine%20Projects/Blazing7Test/assets/Scripts/UI/Scenes/Loading/LoadingBar.ts.
16:45:10.100 debug: Resolve file:///D:/Game-Engine%20Projects/Blazing7Test/assets/Scripts/UI/Scenes/Loading/LoadingScene.ts from cce:/internal/x/prerequisite-imports as file:///D:/Game-Engine%20Projects/Blazing7Test/assets/Scripts/UI/Scenes/Loading/LoadingScene.ts.
16:45:10.100 debug: Resolve file:///D:/Game-Engine%20Projects/Blazing7Test/assets/Scripts/UI/Scenes/NewPlayerGuide.ts from cce:/internal/x/prerequisite-imports as file:///D:/Game-Engine%20Projects/Blazing7Test/assets/Scripts/UI/Scenes/NewPlayerGuide.ts.
16:45:10.100 debug: Resolve file:///D:/Game-Engine%20Projects/Blazing7Test/assets/Scripts/UI/UIRoot.ts from cce:/internal/x/prerequisite-imports as file:///D:/Game-Engine%20Projects/Blazing7Test/assets/Scripts/UI/UIRoot.ts.
16:45:10.101 debug: Resolve file:///D:/Game-Engine%20Projects/Blazing7Test/assets/Scripts/UI/VisualFx/DragonBreathing.ts from cce:/internal/x/prerequisite-imports as file:///D:/Game-Engine%20Projects/Blazing7Test/assets/Scripts/UI/VisualFx/DragonBreathing.ts.
16:45:10.101 debug: Resolve file:///D:/Game-Engine%20Projects/Blazing7Test/assets/Scripts/UI/VisualFx/HelpView.ts from cce:/internal/x/prerequisite-imports as file:///D:/Game-Engine%20Projects/Blazing7Test/assets/Scripts/UI/VisualFx/HelpView.ts.
16:45:10.101 debug: Resolve file:///D:/Game-Engine%20Projects/Blazing7Test/assets/Scripts/UI/VisualFx/NodeMovement.ts from cce:/internal/x/prerequisite-imports as file:///D:/Game-Engine%20Projects/Blazing7Test/assets/Scripts/UI/VisualFx/NodeMovement.ts.
16:45:10.102 debug: Resolve file:///D:/Game-Engine%20Projects/Blazing7Test/assets/Scripts/utils/NumberFormatter.ts from cce:/internal/x/prerequisite-imports as file:///D:/Game-Engine%20Projects/Blazing7Test/assets/Scripts/utils/NumberFormatter.ts.
16:45:10.102 debug: Resolve file:///D:/Game-Engine%20Projects/Blazing7Test/assets/Scripts/utils/logger.ts from cce:/internal/x/prerequisite-imports as file:///D:/Game-Engine%20Projects/Blazing7Test/assets/Scripts/utils/logger.ts.
16:45:10.102 debug: Resolve file:///D:/Game-Engine%20Projects/Blazing7Test/assets/menu-bundle/BANANACRAZE/script/BundleBonusItem.ts from cce:/internal/x/prerequisite-imports as file:///D:/Game-Engine%20Projects/Blazing7Test/assets/menu-bundle/BANANACRAZE/script/BundleBonusItem.ts.
16:45:10.102 debug: Resolve file:///D:/Game-Engine%20Projects/Blazing7Test/assets/menu-bundle/BANANACRAZE/script/BundleBonusTrajectory.ts from cce:/internal/x/prerequisite-imports as file:///D:/Game-Engine%20Projects/Blazing7Test/assets/menu-bundle/BANANACRAZE/script/BundleBonusTrajectory.ts.
16:45:10.103 debug: Resolve file:///D:/Game-Engine%20Projects/Blazing7Test/assets/menu-bundle/BANANACRAZE/script/BundleCardTrajectory.ts from cce:/internal/x/prerequisite-imports as file:///D:/Game-Engine%20Projects/Blazing7Test/assets/menu-bundle/BANANACRAZE/script/BundleCardTrajectory.ts.
16:45:10.103 debug: Resolve file:///D:/Game-Engine%20Projects/Blazing7Test/assets/menu-bundle/BANANACRAZE/script/BundleLeafItem.ts from cce:/internal/x/prerequisite-imports as file:///D:/Game-Engine%20Projects/Blazing7Test/assets/menu-bundle/BANANACRAZE/script/BundleLeafItem.ts.
16:45:10.103 debug: Resolve file:///D:/Game-Engine%20Projects/Blazing7Test/assets/menu-bundle/BANANACRAZE/script/BundleLeafManagerTrajectory.ts from cce:/internal/x/prerequisite-imports as file:///D:/Game-Engine%20Projects/Blazing7Test/assets/menu-bundle/BANANACRAZE/script/BundleLeafManagerTrajectory.ts.
16:45:10.104 debug: Resolve file:///D:/Game-Engine%20Projects/Blazing7Test/assets/menu-bundle/BANANACRAZE/script/BundleTrajectory.ts from cce:/internal/x/prerequisite-imports as file:///D:/Game-Engine%20Projects/Blazing7Test/assets/menu-bundle/BANANACRAZE/script/BundleTrajectory.ts.
16:45:10.104 debug: Resolve file:///D:/Game-Engine%20Projects/Blazing7Test/assets/menu-bundle/BANANACRAZE/script/BundleYourNumberItem.ts from cce:/internal/x/prerequisite-imports as file:///D:/Game-Engine%20Projects/Blazing7Test/assets/menu-bundle/BANANACRAZE/script/BundleYourNumberItem.ts.
16:45:10.104 debug: Resolve file:///D:/Game-Engine%20Projects/Blazing7Test/assets/menu-bundle/BANANACRAZE/script/BundleYourNumbersTrajectory.ts from cce:/internal/x/prerequisite-imports as file:///D:/Game-Engine%20Projects/Blazing7Test/assets/menu-bundle/BANANACRAZE/script/BundleYourNumbersTrajectory.ts.
16:45:10.104 debug: Resolve file:///D:/Game-Engine%20Projects/Blazing7Test/assets/menu-bundle/BINGO2/script/BingoAudio.ts from cce:/internal/x/prerequisite-imports as file:///D:/Game-Engine%20Projects/Blazing7Test/assets/menu-bundle/BINGO2/script/BingoAudio.ts.
16:45:10.105 debug: Resolve file:///D:/Game-Engine%20Projects/Blazing7Test/assets/menu-bundle/BINGO2/script/BingoBalls.ts from cce:/internal/x/prerequisite-imports as file:///D:/Game-Engine%20Projects/Blazing7Test/assets/menu-bundle/BINGO2/script/BingoBalls.ts.
16:45:10.106 debug: Resolve file:///D:/Game-Engine%20Projects/Blazing7Test/assets/menu-bundle/BINGO2/script/BingoBallsScratch.ts from cce:/internal/x/prerequisite-imports as file:///D:/Game-Engine%20Projects/Blazing7Test/assets/menu-bundle/BINGO2/script/BingoBallsScratch.ts.
16:45:10.106 debug: Resolve file:///D:/Game-Engine%20Projects/Blazing7Test/assets/menu-bundle/BINGO2/script/BingoCard.ts from cce:/internal/x/prerequisite-imports as file:///D:/Game-Engine%20Projects/Blazing7Test/assets/menu-bundle/BINGO2/script/BingoCard.ts.
16:45:10.106 debug: Resolve file:///D:/Game-Engine%20Projects/Blazing7Test/assets/menu-bundle/BINGO2/script/BingoCardDetails.ts from cce:/internal/x/prerequisite-imports as file:///D:/Game-Engine%20Projects/Blazing7Test/assets/menu-bundle/BINGO2/script/BingoCardDetails.ts.
16:45:10.107 debug: Resolve file:///D:/Game-Engine%20Projects/Blazing7Test/assets/menu-bundle/BINGO2/script/BingoConfig.ts from cce:/internal/x/prerequisite-imports as file:///D:/Game-Engine%20Projects/Blazing7Test/assets/menu-bundle/BINGO2/script/BingoConfig.ts.
16:45:10.107 debug: Resolve file:///D:/Game-Engine%20Projects/Blazing7Test/assets/menu-bundle/BINGO2/script/BingoExtraball.ts from cce:/internal/x/prerequisite-imports as file:///D:/Game-Engine%20Projects/Blazing7Test/assets/menu-bundle/BINGO2/script/BingoExtraball.ts.
16:45:10.107 debug: Resolve file:///D:/Game-Engine%20Projects/Blazing7Test/assets/menu-bundle/BINGO2/script/BingoNumber.ts from cce:/internal/x/prerequisite-imports as file:///D:/Game-Engine%20Projects/Blazing7Test/assets/menu-bundle/BINGO2/script/BingoNumber.ts.
16:45:10.108 debug: Resolve file:///D:/Game-Engine%20Projects/Blazing7Test/assets/menu-bundle/BINGO2/script/BingoRuleItem.ts from cce:/internal/x/prerequisite-imports as file:///D:/Game-Engine%20Projects/Blazing7Test/assets/menu-bundle/BINGO2/script/BingoRuleItem.ts.
16:45:10.108 debug: Resolve file:///D:/Game-Engine%20Projects/Blazing7Test/assets/menu-bundle/BINGO2/script/BingoRuleSlider.ts from cce:/internal/x/prerequisite-imports as file:///D:/Game-Engine%20Projects/Blazing7Test/assets/menu-bundle/BINGO2/script/BingoRuleSlider.ts.
16:45:10.108 debug: Resolve file:///D:/Game-Engine%20Projects/Blazing7Test/assets/menu-bundle/BINGO2/script/BingoWinAlert.ts from cce:/internal/x/prerequisite-imports as file:///D:/Game-Engine%20Projects/Blazing7Test/assets/menu-bundle/BINGO2/script/BingoWinAlert.ts.
16:45:10.108 debug: Resolve file:///D:/Game-Engine%20Projects/Blazing7Test/assets/menu-bundle/BINGO2/script/BingoWinLine.ts from cce:/internal/x/prerequisite-imports as file:///D:/Game-Engine%20Projects/Blazing7Test/assets/menu-bundle/BINGO2/script/BingoWinLine.ts.
16:45:10.126 debug: Resolve file:///D:/Game-Engine%20Projects/Blazing7Test/assets/menu-bundle/BINGO2/script/BingoWinRule.ts from cce:/internal/x/prerequisite-imports as file:///D:/Game-Engine%20Projects/Blazing7Test/assets/menu-bundle/BINGO2/script/BingoWinRule.ts.
16:45:10.126 debug: Resolve file:///D:/Game-Engine%20Projects/Blazing7Test/assets/menu-bundle/BLAZING_7S_SCRATCH/script/BundleTrajectory7s.ts from cce:/internal/x/prerequisite-imports as file:///D:/Game-Engine%20Projects/Blazing7Test/assets/menu-bundle/BLAZING_7S_SCRATCH/script/BundleTrajectory7s.ts.
16:45:10.126 debug: Resolve file:///D:/Game-Engine%20Projects/Blazing7Test/assets/menu-bundle/BLAZING_7S_SCRATCH/script/CardFragmentView.ts from cce:/internal/x/prerequisite-imports as file:///D:/Game-Engine%20Projects/Blazing7Test/assets/menu-bundle/BLAZING_7S_SCRATCH/script/CardFragmentView.ts.
16:45:10.126 debug: Resolve file:///D:/Game-Engine%20Projects/Blazing7Test/assets/menu-bundle/BLAZING_7S_SCRATCH/script/CardReview7s.ts from cce:/internal/x/prerequisite-imports as file:///D:/Game-Engine%20Projects/Blazing7Test/assets/menu-bundle/BLAZING_7S_SCRATCH/script/CardReview7s.ts.
16:45:10.127 debug: Resolve file:///D:/Game-Engine%20Projects/Blazing7Test/assets/menu-bundle/BLAZING_7S_SCRATCH/script/CardReviewMask.ts from cce:/internal/x/prerequisite-imports as file:///D:/Game-Engine%20Projects/Blazing7Test/assets/menu-bundle/BLAZING_7S_SCRATCH/script/CardReviewMask.ts.
16:45:10.127 debug: Resolve file:///D:/Game-Engine%20Projects/Blazing7Test/assets/menu-bundle/BLAZING_7S_SCRATCH/script/CardReviewRenderer.ts from cce:/internal/x/prerequisite-imports as file:///D:/Game-Engine%20Projects/Blazing7Test/assets/menu-bundle/BLAZING_7S_SCRATCH/script/CardReviewRenderer.ts.
16:45:10.127 debug: Resolve file:///D:/Game-Engine%20Projects/Blazing7Test/assets/menu-bundle/BLAZING_7S_SCRATCH/script/CardReviewSystemBlazing.ts from cce:/internal/x/prerequisite-imports as file:///D:/Game-Engine%20Projects/Blazing7Test/assets/menu-bundle/BLAZING_7S_SCRATCH/script/CardReviewSystemBlazing.ts.
16:45:10.128 debug: Resolve file:///D:/Game-Engine%20Projects/Blazing7Test/assets/menu-bundle/BLAZING_7S_SCRATCH/script/CardTypes.ts from cce:/internal/x/prerequisite-imports as file:///D:/Game-Engine%20Projects/Blazing7Test/assets/menu-bundle/BLAZING_7S_SCRATCH/script/CardTypes.ts.
16:45:10.128 debug: Resolve file:///D:/Game-Engine%20Projects/Blazing7Test/assets/menu-bundle/BLAZING_7S_SCRATCH/script/FragmentView.ts from cce:/internal/x/prerequisite-imports as file:///D:/Game-Engine%20Projects/Blazing7Test/assets/menu-bundle/BLAZING_7S_SCRATCH/script/FragmentView.ts.
16:45:10.128 debug: Resolve file:///D:/Game-Engine%20Projects/Blazing7Test/assets/menu-bundle/BLAZING_7S_SCRATCH/script/ScratchAutoPlayer.ts from cce:/internal/x/prerequisite-imports as file:///D:/Game-Engine%20Projects/Blazing7Test/assets/menu-bundle/BLAZING_7S_SCRATCH/script/ScratchAutoPlayer.ts.
16:45:10.128 debug: Resolve file:///D:/Game-Engine%20Projects/Blazing7Test/assets/menu-bundle/BLAZING_7S_SCRATCH/script/ScratchMask.ts from cce:/internal/x/prerequisite-imports as file:///D:/Game-Engine%20Projects/Blazing7Test/assets/menu-bundle/BLAZING_7S_SCRATCH/script/ScratchMask.ts.
16:45:10.128 debug: Resolve file:///D:/Game-Engine%20Projects/Blazing7Test/assets/menu-bundle/BLAZING_7S_SCRATCH/script/ScratchNumber.ts from cce:/internal/x/prerequisite-imports as file:///D:/Game-Engine%20Projects/Blazing7Test/assets/menu-bundle/BLAZING_7S_SCRATCH/script/ScratchNumber.ts.
16:45:10.128 debug: Resolve file:///D:/Game-Engine%20Projects/Blazing7Test/assets/menu-bundle/BLAZING_7S_SCRATCH/script/ScratchRenderer.ts from cce:/internal/x/prerequisite-imports as file:///D:/Game-Engine%20Projects/Blazing7Test/assets/menu-bundle/BLAZING_7S_SCRATCH/script/ScratchRenderer.ts.
16:45:10.129 debug: Resolve file:///D:/Game-Engine%20Projects/Blazing7Test/assets/menu-bundle/BLAZING_7S_SCRATCH/script/ScratchSound.ts from cce:/internal/x/prerequisite-imports as file:///D:/Game-Engine%20Projects/Blazing7Test/assets/menu-bundle/BLAZING_7S_SCRATCH/script/ScratchSound.ts.
16:45:10.129 debug: Resolve file:///D:/Game-Engine%20Projects/Blazing7Test/assets/menu-bundle/BLAZING_7S_SCRATCH/script/ScratchSystem.ts from cce:/internal/x/prerequisite-imports as file:///D:/Game-Engine%20Projects/Blazing7Test/assets/menu-bundle/BLAZING_7S_SCRATCH/script/ScratchSystem.ts.
16:45:10.129 debug: Resolve file:///D:/Game-Engine%20Projects/Blazing7Test/assets/menu-bundle/BLAZING_7S_SCRATCH/script/ScratchTrajectory.ts from cce:/internal/x/prerequisite-imports as file:///D:/Game-Engine%20Projects/Blazing7Test/assets/menu-bundle/BLAZING_7S_SCRATCH/script/ScratchTrajectory.ts.
16:45:10.129 debug: Resolve file:///D:/Game-Engine%20Projects/Blazing7Test/assets/menu-bundle/BLAZING_7S_SCRATCH/script/ScratchTypes.ts from cce:/internal/x/prerequisite-imports as file:///D:/Game-Engine%20Projects/Blazing7Test/assets/menu-bundle/BLAZING_7S_SCRATCH/script/ScratchTypes.ts.
16:45:10.129 debug: Resolve file:///D:/Game-Engine%20Projects/Blazing7Test/assets/menu-bundle/BLAZING_7S_SCRATCH/script/Trajectory.ts from cce:/internal/x/prerequisite-imports as file:///D:/Game-Engine%20Projects/Blazing7Test/assets/menu-bundle/BLAZING_7S_SCRATCH/script/Trajectory.ts.
16:45:10.130 debug: Resolve file:///D:/Game-Engine%20Projects/Blazing7Test/assets/menu-bundle/DEEP_SEA/script/DeepBonusShells.ts from cce:/internal/x/prerequisite-imports as file:///D:/Game-Engine%20Projects/Blazing7Test/assets/menu-bundle/DEEP_SEA/script/DeepBonusShells.ts.
16:45:10.130 debug: Resolve file:///D:/Game-Engine%20Projects/Blazing7Test/assets/menu-bundle/DEEP_SEA/script/DeepSeaBG.ts from cce:/internal/x/prerequisite-imports as file:///D:/Game-Engine%20Projects/Blazing7Test/assets/menu-bundle/DEEP_SEA/script/DeepSeaBG.ts.
16:45:10.130 debug: Resolve file:///D:/Game-Engine%20Projects/Blazing7Test/assets/menu-bundle/DEEP_SEA/script/DeepSeaBaseUI.ts from cce:/internal/x/prerequisite-imports as file:///D:/Game-Engine%20Projects/Blazing7Test/assets/menu-bundle/DEEP_SEA/script/DeepSeaBaseUI.ts.
16:45:10.130 debug: Resolve file:///D:/Game-Engine%20Projects/Blazing7Test/assets/menu-bundle/DEEP_SEA/script/DeepSeaBonus.ts from cce:/internal/x/prerequisite-imports as file:///D:/Game-Engine%20Projects/Blazing7Test/assets/menu-bundle/DEEP_SEA/script/DeepSeaBonus.ts.
16:45:10.130 debug: Resolve file:///D:/Game-Engine%20Projects/Blazing7Test/assets/menu-bundle/DEEP_SEA/script/DeepSeaBonusGame.ts from cce:/internal/x/prerequisite-imports as file:///D:/Game-Engine%20Projects/Blazing7Test/assets/menu-bundle/DEEP_SEA/script/DeepSeaBonusGame.ts.
16:45:10.130 debug: Resolve file:///D:/Game-Engine%20Projects/Blazing7Test/assets/menu-bundle/DEEP_SEA/script/DeepSeaBonusInfo.ts from cce:/internal/x/prerequisite-imports as file:///D:/Game-Engine%20Projects/Blazing7Test/assets/menu-bundle/DEEP_SEA/script/DeepSeaBonusInfo.ts.
16:45:10.130 debug: Resolve file:///D:/Game-Engine%20Projects/Blazing7Test/assets/menu-bundle/DEEP_SEA/script/DeepSeaBonusJackpot.ts from cce:/internal/x/prerequisite-imports as file:///D:/Game-Engine%20Projects/Blazing7Test/assets/menu-bundle/DEEP_SEA/script/DeepSeaBonusJackpot.ts.
16:45:10.131 debug: Resolve file:///D:/Game-Engine%20Projects/Blazing7Test/assets/menu-bundle/DEEP_SEA/script/DeepSeaBonusShellItem.ts from cce:/internal/x/prerequisite-imports as file:///D:/Game-Engine%20Projects/Blazing7Test/assets/menu-bundle/DEEP_SEA/script/DeepSeaBonusShellItem.ts.
16:45:10.131 debug: Resolve file:///D:/Game-Engine%20Projects/Blazing7Test/assets/menu-bundle/DEEP_SEA/script/DeepSeaBonusStone.ts from cce:/internal/x/prerequisite-imports as file:///D:/Game-Engine%20Projects/Blazing7Test/assets/menu-bundle/DEEP_SEA/script/DeepSeaBonusStone.ts.
16:45:10.131 debug: Resolve file:///D:/Game-Engine%20Projects/Blazing7Test/assets/menu-bundle/DEEP_SEA/script/DeepSeaBonusWin.ts from cce:/internal/x/prerequisite-imports as file:///D:/Game-Engine%20Projects/Blazing7Test/assets/menu-bundle/DEEP_SEA/script/DeepSeaBonusWin.ts.
16:45:10.131 debug: Resolve file:///D:/Game-Engine%20Projects/Blazing7Test/assets/menu-bundle/DEEP_SEA/script/DeepSeaBonusWinItem.ts from cce:/internal/x/prerequisite-imports as file:///D:/Game-Engine%20Projects/Blazing7Test/assets/menu-bundle/DEEP_SEA/script/DeepSeaBonusWinItem.ts.
16:45:10.131 debug: Resolve file:///D:/Game-Engine%20Projects/Blazing7Test/assets/menu-bundle/DEEP_SEA/script/DeepSeaBubbleNumItem.ts from cce:/internal/x/prerequisite-imports as file:///D:/Game-Engine%20Projects/Blazing7Test/assets/menu-bundle/DEEP_SEA/script/DeepSeaBubbleNumItem.ts.
16:45:10.131 debug: Resolve file:///D:/Game-Engine%20Projects/Blazing7Test/assets/menu-bundle/DEEP_SEA/script/DeepSeaBubbleScene.ts from cce:/internal/x/prerequisite-imports as file:///D:/Game-Engine%20Projects/Blazing7Test/assets/menu-bundle/DEEP_SEA/script/DeepSeaBubbleScene.ts.
16:45:10.131 debug: Resolve file:///D:/Game-Engine%20Projects/Blazing7Test/assets/menu-bundle/DEEP_SEA/script/DeepSeaBubbles.ts from cce:/internal/x/prerequisite-imports as file:///D:/Game-Engine%20Projects/Blazing7Test/assets/menu-bundle/DEEP_SEA/script/DeepSeaBubbles.ts.
16:45:10.132 debug: Resolve file:///D:/Game-Engine%20Projects/Blazing7Test/assets/menu-bundle/DEEP_SEA/script/DeepSeaCard.ts from cce:/internal/x/prerequisite-imports as file:///D:/Game-Engine%20Projects/Blazing7Test/assets/menu-bundle/DEEP_SEA/script/DeepSeaCard.ts.
16:45:10.132 debug: Resolve file:///D:/Game-Engine%20Projects/Blazing7Test/assets/menu-bundle/DEEP_SEA/script/DeepSeaCardDetails.ts from cce:/internal/x/prerequisite-imports as file:///D:/Game-Engine%20Projects/Blazing7Test/assets/menu-bundle/DEEP_SEA/script/DeepSeaCardDetails.ts.
16:45:10.132 debug: Resolve file:///D:/Game-Engine%20Projects/Blazing7Test/assets/menu-bundle/DEEP_SEA/script/DeepSeaCloudFloat.ts from cce:/internal/x/prerequisite-imports as file:///D:/Game-Engine%20Projects/Blazing7Test/assets/menu-bundle/DEEP_SEA/script/DeepSeaCloudFloat.ts.
16:45:10.132 debug: Resolve file:///D:/Game-Engine%20Projects/Blazing7Test/assets/menu-bundle/DEEP_SEA/script/DeepSeaFish.ts from cce:/internal/x/prerequisite-imports as file:///D:/Game-Engine%20Projects/Blazing7Test/assets/menu-bundle/DEEP_SEA/script/DeepSeaFish.ts.
16:45:10.132 debug: Resolve file:///D:/Game-Engine%20Projects/Blazing7Test/assets/menu-bundle/DEEP_SEA/script/DeepSeaGameRecord.ts from cce:/internal/x/prerequisite-imports as file:///D:/Game-Engine%20Projects/Blazing7Test/assets/menu-bundle/DEEP_SEA/script/DeepSeaGameRecord.ts.
16:45:10.132 debug: Resolve file:///D:/Game-Engine%20Projects/Blazing7Test/assets/menu-bundle/DEEP_SEA/script/DeepSeaMainGame.ts from cce:/internal/x/prerequisite-imports as file:///D:/Game-Engine%20Projects/Blazing7Test/assets/menu-bundle/DEEP_SEA/script/DeepSeaMainGame.ts.
16:45:10.132 debug: Resolve file:///D:/Game-Engine%20Projects/Blazing7Test/assets/menu-bundle/DEEP_SEA/script/DeepSeaMyNumber.ts from cce:/internal/x/prerequisite-imports as file:///D:/Game-Engine%20Projects/Blazing7Test/assets/menu-bundle/DEEP_SEA/script/DeepSeaMyNumber.ts.
16:45:10.133 debug: Resolve file:///D:/Game-Engine%20Projects/Blazing7Test/assets/menu-bundle/DEEP_SEA/script/DeepSeaReview.ts from cce:/internal/x/prerequisite-imports as file:///D:/Game-Engine%20Projects/Blazing7Test/assets/menu-bundle/DEEP_SEA/script/DeepSeaReview.ts.
16:45:10.133 debug: Resolve file:///D:/Game-Engine%20Projects/Blazing7Test/assets/menu-bundle/DEEP_SEA/script/DeepSeaSceneTranstion.ts from cce:/internal/x/prerequisite-imports as file:///D:/Game-Engine%20Projects/Blazing7Test/assets/menu-bundle/DEEP_SEA/script/DeepSeaSceneTranstion.ts.
16:45:10.133 debug: Resolve file:///D:/Game-Engine%20Projects/Blazing7Test/assets/menu-bundle/DEEP_SEA/script/DeepSeaSuperBonus.ts from cce:/internal/x/prerequisite-imports as file:///D:/Game-Engine%20Projects/Blazing7Test/assets/menu-bundle/DEEP_SEA/script/DeepSeaSuperBonus.ts.
16:45:10.133 debug: Resolve file:///D:/Game-Engine%20Projects/Blazing7Test/assets/menu-bundle/DEEP_SEA/script/DeepSeaSuperBonusGame.ts from cce:/internal/x/prerequisite-imports as file:///D:/Game-Engine%20Projects/Blazing7Test/assets/menu-bundle/DEEP_SEA/script/DeepSeaSuperBonusGame.ts.
16:45:10.133 debug: Resolve file:///D:/Game-Engine%20Projects/Blazing7Test/assets/menu-bundle/DEEP_SEA/script/DeepSeaWater.ts from cce:/internal/x/prerequisite-imports as file:///D:/Game-Engine%20Projects/Blazing7Test/assets/menu-bundle/DEEP_SEA/script/DeepSeaWater.ts.
16:45:10.133 debug: Resolve file:///D:/Game-Engine%20Projects/Blazing7Test/assets/menu-bundle/DEEP_SEA/script/DeepSeaWinNum.ts from cce:/internal/x/prerequisite-imports as file:///D:/Game-Engine%20Projects/Blazing7Test/assets/menu-bundle/DEEP_SEA/script/DeepSeaWinNum.ts.
16:45:10.133 debug: Resolve file:///D:/Game-Engine%20Projects/Blazing7Test/assets/menu-bundle/DEEP_SEA/script/data/DeepSeaAudio.ts from cce:/internal/x/prerequisite-imports as file:///D:/Game-Engine%20Projects/Blazing7Test/assets/menu-bundle/DEEP_SEA/script/data/DeepSeaAudio.ts.
16:45:10.134 debug: Resolve file:///D:/Game-Engine%20Projects/Blazing7Test/assets/menu-bundle/DEEP_SEA/script/data/DeepSeaCardData.ts from cce:/internal/x/prerequisite-imports as file:///D:/Game-Engine%20Projects/Blazing7Test/assets/menu-bundle/DEEP_SEA/script/data/DeepSeaCardData.ts.
16:45:10.134 debug: Resolve file:///D:/Game-Engine%20Projects/Blazing7Test/assets/menu-bundle/DEEP_SEA/script/data/DeepSeaEvent.ts from cce:/internal/x/prerequisite-imports as file:///D:/Game-Engine%20Projects/Blazing7Test/assets/menu-bundle/DEEP_SEA/script/data/DeepSeaEvent.ts.
16:45:10.134 debug: Resolve file:///D:/Game-Engine%20Projects/Blazing7Test/assets/menu-bundle/DEEP_SEA/script/data/DeepSeaRes.ts from cce:/internal/x/prerequisite-imports as file:///D:/Game-Engine%20Projects/Blazing7Test/assets/menu-bundle/DEEP_SEA/script/data/DeepSeaRes.ts.
16:45:10.134 debug: Resolve file:///D:/Game-Engine%20Projects/Blazing7Test/assets/menu-bundle/GINTO_MATCH/script/BundleTrajectoryGinto.ts from cce:/internal/x/prerequisite-imports as file:///D:/Game-Engine%20Projects/Blazing7Test/assets/menu-bundle/GINTO_MATCH/script/BundleTrajectoryGinto.ts.
16:45:10.134 debug: Resolve file:///D:/Game-Engine%20Projects/Blazing7Test/assets/menu-bundle/GINTO_MATCH/script/CardFragmentView.ts from cce:/internal/x/prerequisite-imports as file:///D:/Game-Engine%20Projects/Blazing7Test/assets/menu-bundle/GINTO_MATCH/script/CardFragmentView.ts.
16:45:10.135 debug: Resolve file:///D:/Game-Engine%20Projects/Blazing7Test/assets/menu-bundle/GINTO_MATCH/script/CardReviewGinto.ts from cce:/internal/x/prerequisite-imports as file:///D:/Game-Engine%20Projects/Blazing7Test/assets/menu-bundle/GINTO_MATCH/script/CardReviewGinto.ts.
16:45:10.135 debug: Resolve file:///D:/Game-Engine%20Projects/Blazing7Test/assets/menu-bundle/GINTO_MATCH/script/CardReviewMask.ts from cce:/internal/x/prerequisite-imports as file:///D:/Game-Engine%20Projects/Blazing7Test/assets/menu-bundle/GINTO_MATCH/script/CardReviewMask.ts.
16:45:10.135 debug: Resolve file:///D:/Game-Engine%20Projects/Blazing7Test/assets/menu-bundle/GINTO_MATCH/script/CardReviewRenderer.ts from cce:/internal/x/prerequisite-imports as file:///D:/Game-Engine%20Projects/Blazing7Test/assets/menu-bundle/GINTO_MATCH/script/CardReviewRenderer.ts.
16:45:10.135 debug: Resolve file:///D:/Game-Engine%20Projects/Blazing7Test/assets/menu-bundle/GINTO_MATCH/script/CardReviewSystem.ts from cce:/internal/x/prerequisite-imports as file:///D:/Game-Engine%20Projects/Blazing7Test/assets/menu-bundle/GINTO_MATCH/script/CardReviewSystem.ts.
16:45:10.135 debug: Resolve file:///D:/Game-Engine%20Projects/Blazing7Test/assets/menu-bundle/GINTO_MATCH/script/CardTypes.ts from cce:/internal/x/prerequisite-imports as file:///D:/Game-Engine%20Projects/Blazing7Test/assets/menu-bundle/GINTO_MATCH/script/CardTypes.ts.
16:45:10.135 debug: Resolve file:///D:/Game-Engine%20Projects/Blazing7Test/assets/menu-bundle/GINTO_MATCH/script/FragmentView.ts from cce:/internal/x/prerequisite-imports as file:///D:/Game-Engine%20Projects/Blazing7Test/assets/menu-bundle/GINTO_MATCH/script/FragmentView.ts.
16:45:10.136 debug: Resolve file:///D:/Game-Engine%20Projects/Blazing7Test/assets/menu-bundle/GINTO_MATCH/script/ScratchAutoPlayer.ts from cce:/internal/x/prerequisite-imports as file:///D:/Game-Engine%20Projects/Blazing7Test/assets/menu-bundle/GINTO_MATCH/script/ScratchAutoPlayer.ts.
16:45:10.136 debug: Resolve file:///D:/Game-Engine%20Projects/Blazing7Test/assets/menu-bundle/GINTO_MATCH/script/ScratchMask.ts from cce:/internal/x/prerequisite-imports as file:///D:/Game-Engine%20Projects/Blazing7Test/assets/menu-bundle/GINTO_MATCH/script/ScratchMask.ts.
16:45:10.137 debug: Resolve file:///D:/Game-Engine%20Projects/Blazing7Test/assets/menu-bundle/GINTO_MATCH/script/ScratchRenderer.ts from cce:/internal/x/prerequisite-imports as file:///D:/Game-Engine%20Projects/Blazing7Test/assets/menu-bundle/GINTO_MATCH/script/ScratchRenderer.ts.
16:45:10.137 debug: Resolve file:///D:/Game-Engine%20Projects/Blazing7Test/assets/menu-bundle/GINTO_MATCH/script/ScratchSound.ts from cce:/internal/x/prerequisite-imports as file:///D:/Game-Engine%20Projects/Blazing7Test/assets/menu-bundle/GINTO_MATCH/script/ScratchSound.ts.
16:45:10.137 debug: Resolve file:///D:/Game-Engine%20Projects/Blazing7Test/assets/menu-bundle/GINTO_MATCH/script/ScratchSystem.ts from cce:/internal/x/prerequisite-imports as file:///D:/Game-Engine%20Projects/Blazing7Test/assets/menu-bundle/GINTO_MATCH/script/ScratchSystem.ts.
16:45:10.137 debug: Resolve file:///D:/Game-Engine%20Projects/Blazing7Test/assets/menu-bundle/GINTO_MATCH/script/ScratchTrajectory.ts from cce:/internal/x/prerequisite-imports as file:///D:/Game-Engine%20Projects/Blazing7Test/assets/menu-bundle/GINTO_MATCH/script/ScratchTrajectory.ts.
16:45:10.137 debug: Resolve file:///D:/Game-Engine%20Projects/Blazing7Test/assets/menu-bundle/GINTO_MATCH/script/ScratchTypes.ts from cce:/internal/x/prerequisite-imports as file:///D:/Game-Engine%20Projects/Blazing7Test/assets/menu-bundle/GINTO_MATCH/script/ScratchTypes.ts.
16:45:10.137 debug: Resolve file:///D:/Game-Engine%20Projects/Blazing7Test/assets/menu-bundle/LUCKY_COLORS2/script/LuckyColor_CCFlopCard.ts from cce:/internal/x/prerequisite-imports as file:///D:/Game-Engine%20Projects/Blazing7Test/assets/menu-bundle/LUCKY_COLORS2/script/LuckyColor_CCFlopCard.ts.
16:45:10.137 debug: Resolve file:///D:/Game-Engine%20Projects/Blazing7Test/assets/menu-bundle/LUCKY_COLORS2/script/LuckyColor_Card.ts from cce:/internal/x/prerequisite-imports as file:///D:/Game-Engine%20Projects/Blazing7Test/assets/menu-bundle/LUCKY_COLORS2/script/LuckyColor_Card.ts.
16:45:10.138 debug: Resolve file:///D:/Game-Engine%20Projects/Blazing7Test/assets/menu-bundle/LUCKY_COLORS2/script/LuckyColor_CardItemColor.ts from cce:/internal/x/prerequisite-imports as file:///D:/Game-Engine%20Projects/Blazing7Test/assets/menu-bundle/LUCKY_COLORS2/script/LuckyColor_CardItemColor.ts.
16:45:10.138 debug: Resolve file:///D:/Game-Engine%20Projects/Blazing7Test/assets/menu-bundle/LUCKY_COLORS2/script/LuckyColor_CardReview.ts from cce:/internal/x/prerequisite-imports as file:///D:/Game-Engine%20Projects/Blazing7Test/assets/menu-bundle/LUCKY_COLORS2/script/LuckyColor_CardReview.ts.
16:45:10.139 debug: Resolve file:///D:/Game-Engine%20Projects/Blazing7Test/assets/menu-bundle/LUCKY_COLORS2/script/LuckyColor_Color_Win.ts from cce:/internal/x/prerequisite-imports as file:///D:/Game-Engine%20Projects/Blazing7Test/assets/menu-bundle/LUCKY_COLORS2/script/LuckyColor_Color_Win.ts.
16:45:10.139 debug: Resolve file:///D:/Game-Engine%20Projects/Blazing7Test/assets/menu-bundle/LUCKY_COLORS2/script/LuckyColor_Default_Card.ts from cce:/internal/x/prerequisite-imports as file:///D:/Game-Engine%20Projects/Blazing7Test/assets/menu-bundle/LUCKY_COLORS2/script/LuckyColor_Default_Card.ts.
16:45:10.139 debug: Resolve file:///D:/Game-Engine%20Projects/Blazing7Test/assets/menu-bundle/LUCKY_COLORS2/script/LuckyColor_HelpView.ts from cce:/internal/x/prerequisite-imports as file:///D:/Game-Engine%20Projects/Blazing7Test/assets/menu-bundle/LUCKY_COLORS2/script/LuckyColor_HelpView.ts.
16:45:10.140 debug: Resolve file:///D:/Game-Engine%20Projects/Blazing7Test/assets/menu-bundle/LUCKY_COLORS2/script/LuckyColor_ScratchBonus.ts from cce:/internal/x/prerequisite-imports as file:///D:/Game-Engine%20Projects/Blazing7Test/assets/menu-bundle/LUCKY_COLORS2/script/LuckyColor_ScratchBonus.ts.
16:45:10.140 debug: Resolve file:///D:/Game-Engine%20Projects/Blazing7Test/assets/menu-bundle/PIKA2/script/BundleCardDetailFoodItem.ts from cce:/internal/x/prerequisite-imports as file:///D:/Game-Engine%20Projects/Blazing7Test/assets/menu-bundle/PIKA2/script/BundleCardDetailFoodItem.ts.
16:45:10.140 debug: Resolve file:///D:/Game-Engine%20Projects/Blazing7Test/assets/menu-bundle/PIKA2/script/BundleLeafItem.ts from cce:/internal/x/prerequisite-imports as file:///D:/Game-Engine%20Projects/Blazing7Test/assets/menu-bundle/PIKA2/script/BundleLeafItem.ts.
16:45:10.140 debug: Resolve file:///D:/Game-Engine%20Projects/Blazing7Test/assets/menu-bundle/PIKA2/script/BundleLeafManager.ts from cce:/internal/x/prerequisite-imports as file:///D:/Game-Engine%20Projects/Blazing7Test/assets/menu-bundle/PIKA2/script/BundleLeafManager.ts.
16:45:10.140 debug: Resolve file:///D:/Game-Engine%20Projects/Blazing7Test/assets/menu-bundle/PIKA2/script/BundlePikaCardTrajectoryComponent.ts from cce:/internal/x/prerequisite-imports as file:///D:/Game-Engine%20Projects/Blazing7Test/assets/menu-bundle/PIKA2/script/BundlePikaCardTrajectoryComponent.ts.
16:45:10.140 debug: Resolve file:///D:/Game-Engine%20Projects/Blazing7Test/assets/menu-bundle/PIKA2/script/BundleTrajectory.ts from cce:/internal/x/prerequisite-imports as file:///D:/Game-Engine%20Projects/Blazing7Test/assets/menu-bundle/PIKA2/script/BundleTrajectory.ts.
16:45:10.141 debug: Resolve file:///D:/Game-Engine%20Projects/Blazing7Test/assets/menu-bundle/script/api/GameApi.ts from cce:/internal/x/prerequisite-imports as file:///D:/Game-Engine%20Projects/Blazing7Test/assets/menu-bundle/script/api/GameApi.ts.
16:45:10.141 debug: Resolve file:///D:/Game-Engine%20Projects/Blazing7Test/assets/menu-bundle/script/base/BundleBasePanel.ts from cce:/internal/x/prerequisite-imports as file:///D:/Game-Engine%20Projects/Blazing7Test/assets/menu-bundle/script/base/BundleBasePanel.ts.
16:45:10.141 debug: Resolve file:///D:/Game-Engine%20Projects/Blazing7Test/assets/menu-bundle/script/base/BundleBaseUI.ts from cce:/internal/x/prerequisite-imports as file:///D:/Game-Engine%20Projects/Blazing7Test/assets/menu-bundle/script/base/BundleBaseUI.ts.
16:45:10.141 debug: Resolve file:///D:/Game-Engine%20Projects/Blazing7Test/assets/menu-bundle/script/base/BundleSingleButton.ts from cce:/internal/x/prerequisite-imports as file:///D:/Game-Engine%20Projects/Blazing7Test/assets/menu-bundle/script/base/BundleSingleButton.ts.
16:45:10.141 debug: Resolve file:///D:/Game-Engine%20Projects/Blazing7Test/assets/menu-bundle/script/eui/BundleUIKeys.ts from cce:/internal/x/prerequisite-imports as file:///D:/Game-Engine%20Projects/Blazing7Test/assets/menu-bundle/script/eui/BundleUIKeys.ts.
16:45:10.142 debug: Resolve file:///D:/Game-Engine%20Projects/Blazing7Test/assets/menu-bundle/script/interfaces/IMenuDependencies.ts from cce:/internal/x/prerequisite-imports as file:///D:/Game-Engine%20Projects/Blazing7Test/assets/menu-bundle/script/interfaces/IMenuDependencies.ts.
16:45:10.142 debug: Resolve file:///D:/Game-Engine%20Projects/Blazing7Test/assets/menu-bundle/script/manager/MessageFlag.ts from cce:/internal/x/prerequisite-imports as file:///D:/Game-Engine%20Projects/Blazing7Test/assets/menu-bundle/script/manager/MessageFlag.ts.
16:45:10.142 debug: Resolve file:///D:/Game-Engine%20Projects/Blazing7Test/assets/menu-bundle/script/types/AniType.ts from cce:/internal/x/prerequisite-imports as file:///D:/Game-Engine%20Projects/Blazing7Test/assets/menu-bundle/script/types/AniType.ts.
16:45:10.142 debug: Resolve file:///D:/Game-Engine%20Projects/Blazing7Test/assets/menu-bundle/script/utils/BundleGameUtils.ts from cce:/internal/x/prerequisite-imports as file:///D:/Game-Engine%20Projects/Blazing7Test/assets/menu-bundle/script/utils/BundleGameUtils.ts.
16:45:10.142 debug: Resolve file:///D:/Game-Engine%20Projects/Blazing7Test/assets/menu-bundle/script/utils/analytics_bridge.ts from cce:/internal/x/prerequisite-imports as file:///D:/Game-Engine%20Projects/Blazing7Test/assets/menu-bundle/script/utils/analytics_bridge.ts.
16:45:10.142 debug: Resolve file:///D:/Game-Engine%20Projects/Blazing7Test/assets/menu-bundle/script/utils/logger.ts from cce:/internal/x/prerequisite-imports as file:///D:/Game-Engine%20Projects/Blazing7Test/assets/menu-bundle/script/utils/logger.ts.
16:45:10.143 debug: Resolve file:///D:/Game-Engine%20Projects/Blazing7Test/assets/menu-bundle/script/view/BundleBigWin.ts from cce:/internal/x/prerequisite-imports as file:///D:/Game-Engine%20Projects/Blazing7Test/assets/menu-bundle/script/view/BundleBigWin.ts.
16:45:10.143 debug: Resolve file:///D:/Game-Engine%20Projects/Blazing7Test/assets/menu-bundle/script/view/BundleBigWinItem.ts from cce:/internal/x/prerequisite-imports as file:///D:/Game-Engine%20Projects/Blazing7Test/assets/menu-bundle/script/view/BundleBigWinItem.ts.
16:45:10.143 debug: Resolve file:///D:/Game-Engine%20Projects/Blazing7Test/assets/menu-bundle/script/view/BundleCardDetail.ts from cce:/internal/x/prerequisite-imports as file:///D:/Game-Engine%20Projects/Blazing7Test/assets/menu-bundle/script/view/BundleCardDetail.ts.
16:45:10.143 debug: Resolve file:///D:/Game-Engine%20Projects/Blazing7Test/assets/menu-bundle/script/view/BundleCardInfoItem.ts from cce:/internal/x/prerequisite-imports as file:///D:/Game-Engine%20Projects/Blazing7Test/assets/menu-bundle/script/view/BundleCardInfoItem.ts.
16:45:10.143 debug: Resolve file:///D:/Game-Engine%20Projects/Blazing7Test/assets/menu-bundle/script/view/BundleCardSale.ts from cce:/internal/x/prerequisite-imports as file:///D:/Game-Engine%20Projects/Blazing7Test/assets/menu-bundle/script/view/BundleCardSale.ts.
16:45:10.143 debug: Resolve file:///D:/Game-Engine%20Projects/Blazing7Test/assets/menu-bundle/script/view/BundleCardSaleItem.ts from cce:/internal/x/prerequisite-imports as file:///D:/Game-Engine%20Projects/Blazing7Test/assets/menu-bundle/script/view/BundleCardSaleItem.ts.
16:45:10.144 debug: Resolve file:///D:/Game-Engine%20Projects/Blazing7Test/assets/menu-bundle/script/view/BundleFiltter.ts from cce:/internal/x/prerequisite-imports as file:///D:/Game-Engine%20Projects/Blazing7Test/assets/menu-bundle/script/view/BundleFiltter.ts.
16:45:10.144 debug: Resolve file:///D:/Game-Engine%20Projects/Blazing7Test/assets/menu-bundle/script/view/BundleGameItem.ts from cce:/internal/x/prerequisite-imports as file:///D:/Game-Engine%20Projects/Blazing7Test/assets/menu-bundle/script/view/BundleGameItem.ts.
16:45:10.144 debug: Resolve file:///D:/Game-Engine%20Projects/Blazing7Test/assets/menu-bundle/script/view/BundleGameRecords.ts from cce:/internal/x/prerequisite-imports as file:///D:/Game-Engine%20Projects/Blazing7Test/assets/menu-bundle/script/view/BundleGameRecords.ts.
16:45:10.186 debug: Resolve file:///D:/Game-Engine%20Projects/Blazing7Test/assets/menu-bundle/script/view/BundleGameRules.ts from cce:/internal/x/prerequisite-imports as file:///D:/Game-Engine%20Projects/Blazing7Test/assets/menu-bundle/script/view/BundleGameRules.ts.
16:45:10.186 debug: Resolve file:///D:/Game-Engine%20Projects/Blazing7Test/assets/menu-bundle/script/view/BundleGrandPirzeItem.ts from cce:/internal/x/prerequisite-imports as file:///D:/Game-Engine%20Projects/Blazing7Test/assets/menu-bundle/script/view/BundleGrandPirzeItem.ts.
16:45:10.186 debug: Resolve file:///D:/Game-Engine%20Projects/Blazing7Test/assets/menu-bundle/script/view/BundleGrandPrize.ts from cce:/internal/x/prerequisite-imports as file:///D:/Game-Engine%20Projects/Blazing7Test/assets/menu-bundle/script/view/BundleGrandPrize.ts.
16:45:10.186 debug: Resolve file:///D:/Game-Engine%20Projects/Blazing7Test/assets/menu-bundle/script/view/BundleHonorBoard.ts from cce:/internal/x/prerequisite-imports as file:///D:/Game-Engine%20Projects/Blazing7Test/assets/menu-bundle/script/view/BundleHonorBoard.ts.
16:45:10.186 debug: Resolve file:///D:/Game-Engine%20Projects/Blazing7Test/assets/menu-bundle/script/view/BundleMenu.ts from cce:/internal/x/prerequisite-imports as file:///D:/Game-Engine%20Projects/Blazing7Test/assets/menu-bundle/script/view/BundleMenu.ts.
16:45:10.186 debug: Resolve file:///D:/Game-Engine%20Projects/Blazing7Test/assets/menu-bundle/script/view/BundleOtherGames.ts from cce:/internal/x/prerequisite-imports as file:///D:/Game-Engine%20Projects/Blazing7Test/assets/menu-bundle/script/view/BundleOtherGames.ts.
16:45:10.186 debug: Resolve file:///D:/Game-Engine%20Projects/Blazing7Test/assets/menu-bundle/script/view/BundleRecordItem.ts from cce:/internal/x/prerequisite-imports as file:///D:/Game-Engine%20Projects/Blazing7Test/assets/menu-bundle/script/view/BundleRecordItem.ts.
16:45:10.186 debug: Resolve file:///D:/Game-Engine%20Projects/Blazing7Test/assets/menu-bundle/script/view/BundleTopItem.ts from cce:/internal/x/prerequisite-imports as file:///D:/Game-Engine%20Projects/Blazing7Test/assets/menu-bundle/script/view/BundleTopItem.ts.
16:45:10.186 debug: Resolve file:///D:/Game-Engine%20Projects/Blazing7Test/assets/menu-bundle/script/view/BundleTopItemCardSale.ts from cce:/internal/x/prerequisite-imports as file:///D:/Game-Engine%20Projects/Blazing7Test/assets/menu-bundle/script/view/BundleTopItemCardSale.ts.
16:45:10.186 debug: Resolve file:///D:/Game-Engine%20Projects/Blazing7Test/assets/menu-bundle/script/view/PopupCardDetail.ts from cce:/internal/x/prerequisite-imports as file:///D:/Game-Engine%20Projects/Blazing7Test/assets/menu-bundle/script/view/PopupCardDetail.ts.
16:45:10.186 debug: Resolve cce:/internal/code-quality/cr.mjs from file:///D:/Game-Engine%20Projects/Blazing7Test/assets/Scripts/UI/PopUp/WinPopUp.ts as cce:/internal/code-quality/cr.mjs.
16:45:10.186 debug: Resolve cc from file:///D:/Game-Engine%20Projects/Blazing7Test/assets/Scripts/UI/PopUp/WinPopUp.ts as cce:/internal/x/cc.
16:45:10.186 debug: Resolve cc from file:///D:/Game-Engine%20Projects/Blazing7Test/assets/Scripts/UI/PopUp/WinPopUp.ts as cce:/internal/x/cc.
16:45:10.186 debug: Resolve cc from file:///D:/Game-Engine%20Projects/Blazing7Test/assets/Scripts/UI/PopUp/WinPopUp.ts as cce:/internal/x/cc.
16:45:10.186 debug: Resolve ../../Managers/AudioManager from file:///D:/Game-Engine%20Projects/Blazing7Test/assets/Scripts/UI/PopUp/WinPopUp.ts as file:///D:/Game-Engine%20Projects/Blazing7Test/assets/Scripts/Managers/AudioManager.ts.
16:45:10.186 debug: Resolve ../../Managers/Services from file:///D:/Game-Engine%20Projects/Blazing7Test/assets/Scripts/UI/PopUp/WinPopUp.ts as file:///D:/Game-Engine%20Projects/Blazing7Test/assets/Scripts/Managers/Services.ts.
16:45:10.186 debug: Resolve ../../Managers/PopUpManager from file:///D:/Game-Engine%20Projects/Blazing7Test/assets/Scripts/UI/PopUp/WinPopUp.ts as file:///D:/Game-Engine%20Projects/Blazing7Test/assets/Scripts/Managers/PopUpManager.ts.
16:45:10.186 debug: Resolve ../../utils/NumberFormatter from file:///D:/Game-Engine%20Projects/Blazing7Test/assets/Scripts/UI/PopUp/WinPopUp.ts as file:///D:/Game-Engine%20Projects/Blazing7Test/assets/Scripts/utils/NumberFormatter.ts.
16:45:10.189 debug: Target(preview) ends with cost 293.57829999999376ms.
