{
  "__type__": "cc.SpriteFrame",
  "content": {
    "name": "progresstog",
    "atlas": "",
    "rect": {
      "x": 1,
      "y": 4,
      "width": 24,
      "height": 60
    },
    "offset": {
      "x": 0,
      "y": 0
    },
    "originalSize": {
      "width": 26,
      "height": 68
    },
    "rotated": false,
    "capInsets": [
      0,
      0,
      0,
      0
    ],
    "vertices": {
      "rawPosition": [
        -12,
        -30,
        0,
        12,
        -30,
        0,
        -12,
        30,
        0,
        12,
        30,
        0
      ],
      "indexes": [
        0,
        1,
        2,
        2,
        1,
        3
      ],
      "uv": [
        1,
        64,
        25,
        64,
        1,
        4,
        25,
        4
      ],
      "nuv": [
        0.038461538461538464,
        0.058823529411764705,
        0.9615384615384616,
        0.058823529411764705,
        0.038461538461538464,
        0.9411764705882353,
        0.9615384615384616,
        0.9411764705882353
      ],
      "minPos": {
        "x": -12,
        "y": -30,
        "z": 0
      },
      "maxPos": {
        "x": 12,
        "y": 30,
        "z": 0
      }
    },
    "texture": "51393b37-b725-4f6e-a42a-2aeeabf9e8bb@6c48a",
    "packable": true,
    "pixelsToUnit": 100,
    "pivot": {
      "x": 0.5,
      "y": 0.5
    },
    "meshType": 0
  }
}