{
  "__type__": "cc.SpriteFrame",
  "content": {
    "name": "WinUpTo_Logo",
    "atlas": "",
    "rect": {
      "x": 11,
      "y": 12,
      "width": 392,
      "height": 225
    },
    "offset": {
      "x": 0,
      "y": -0.5
    },
    "originalSize": {
      "width": 414,
      "height": 248
    },
    "rotated": false,
    "capInsets": [
      0,
      0,
      0,
      0
    ],
    "vertices": {
      "rawPosition": [
        -196,
        -112.5,
        0,
        196,
        -112.5,
        0,
        -196,
        112.5,
        0,
        196,
        112.5,
        0
      ],
      "indexes": [
        0,
        1,
        2,
        2,
        1,
        3
      ],
      "uv": [
        11,
        236,
        403,
        236,
        11,
        11,
        403,
        11
      ],
      "nuv": [
        0.026570048309178744,
        0.04435483870967742,
        0.9734299516908212,
        0.04435483870967742,
        0.026570048309178744,
        0.9516129032258065,
        0.9734299516908212,
        0.9516129032258065
      ],
      "minPos": {
        "x": -196,
        "y": -112.5,
        "z": 0
      },
      "maxPos": {
        "x": 196,
        "y": 112.5,
        "z": 0
      }
    },
    "texture": "f862569d-a32a-4429-a5d3-c9316ab33733@6c48a",
    "packable": true,
    "pixelsToUnit": 100,
    "pivot": {
      "x": 0.5,
      "y": 0.5
    },
    "meshType": 0
  }
}