{
  "__type__": "cc.SpriteFrame",
  "content": {
    "name": "blazing7s-WinUpTo_skeleton",
    "atlas": "",
    "rect": {
      "x": 2,
      "y": 2,
      "width": 1884,
      "height": 1884
    },
    "offset": {
      "x": 0,
      "y": 0
    },
    "originalSize": {
      "width": 1888,
      "height": 1888
    },
    "rotated": false,
    "capInsets": [
      0,
      0,
      0,
      0
    ],
    "vertices": {
      "rawPosition": [
        -942,
        -942,
        0,
        942,
        -942,
        0,
        -942,
        942,
        0,
        942,
        942,
        0
      ],
      "indexes": [
        0,
        1,
        2,
        2,
        1,
        3
      ],
      "uv": [
        2,
        1886,
        1886,
        1886,
        2,
        2,
        1886,
        2
      ],
      "nuv": [
        0.001059322033898305,
        0.001059322033898305,
        0.9989406779661016,
        0.001059322033898305,
        0.001059322033898305,
        0.9989406779661016,
        0.9989406779661016,
        0.9989406779661016
      ],
      "minPos": {
        "x": -942,
        "y": -942,
        "z": 0
      },
      "maxPos": {
        "x": 942,
        "y": 942,
        "z": 0
      }
    },
    "texture": "6760b9d8-1464-4d8a-baae-9f9d5c54c45d@6c48a",
    "packable": true,
    "pixelsToUnit": 100,
    "pivot": {
      "x": 0.5,
      "y": 0.5
    },
    "meshType": 0
  }
}