{
  "__type__": "cc.SpriteFrame",
  "content": {
    "name": "gameLOGO",
    "atlas": "",
    "rect": {
      "x": 22,
      "y": 40,
      "width": 440,
      "height": 268
    },
    "offset": {
      "x": -1,
      "y": -20
    },
    "originalSize": {
      "width": 486,
      "height": 308
    },
    "rotated": false,
    "capInsets": [
      0,
      0,
      0,
      0
    ],
    "vertices": {
      "rawPosition": [
        -220,
        -134,
        0,
        220,
        -134,
        0,
        -220,
        134,
        0,
        220,
        134,
        0
      ],
      "indexes": [
        0,
        1,
        2,
        2,
        1,
        3
      ],
      "uv": [
        22,
        268,
        462,
        268,
        22,
        0,
        462,
        0
      ],
      "nuv": [
        0.04526748971193416,
        0,
        0.9506172839506173,
        0,
        0.04526748971193416,
        0.8701298701298701,
        0.9506172839506173,
        0.8701298701298701
      ],
      "minPos": {
        "x": -220,
        "y": -134,
        "z": 0
      },
      "maxPos": {
        "x": 220,
        "y": 134,
        "z": 0
      }
    },
    "texture": "12877b56-b179-498d-b42f-56ff44b4760c@6c48a",
    "packable": true,
    "pixelsToUnit": 100,
    "pivot": {
      "x": 0.5,
      "y": 0.5
    },
    "meshType": 0
  }
}